dataset_idx,genotype,fitness,selected_manifest_source,bucket_id,seed_rank,dataset_count_metadata,exact_dataset_max_metadata
0,RXLXRCXXX,0.030101043517874997,no,,,10893,2.2952309520191614
1,"(QX(LCX), X)",0.056212966305046824,no,,,10893,2.2952309520191614
2,"r(XMcqXcX, X)",0.12213755573246177,no,,,10893,2.2952309520191614
3,CCXRQXLX,0.0840780970858915,no,,,10893,2.2952309520191614
4,rCfX XX,-0.009999999999960964,no,,,10893,2.2952309520191614
5,"(qqX(RRQCX), X)",0.10348294103423222,no,,,10893,2.2952309520191614
6,"(lX, RXRCXX)",0.064847095779278,no,,,10893,2.2952309520191614
7,"(qqXmcLX, X)",0.134445792921684,no,,,10893,2.2952309520191614
8,"(QX(CX), QX)",0.050038269653786646,no,,,10893,2.2952309520191614
9,"(XqCqXXXX, X)",0.17466549214425894,no,,,10893,2.2952309520191614
10,"(RRCX(X), RX)",0.05566330668097014,no,,,10893,2.2952309520191614
11,"(rqCXQXX, X)",0.13522886813446233,no,,,10893,2.2952309520191614
12,"(X, rcXXmqX)",0.060698509654934375,no,,,10893,2.2952309520191614
13,"r(X, rcXXX)",0.11586745782032247,no,,,10893,2.2952309520191614
14,CXRXX,-0.0014303857987896715,no,,,10893,2.2952309520191614
15,XcmLclQXX,0.04512276567404672,no,,,10893,2.2952309520191614
16,MXmCXQXCX,0.04749387324515044,no,,,10893,2.2952309520191614
17,"C(rX(X), X)",0.02448919844661458,no,,,10893,2.2952309520191614
18,(fMClXrX X),-0.004864979427865138,no,,,10893,2.2952309520191614
19,XqcXXX,0.04523149379981636,no,,,10893,2.2952309520191614
20,X,-0.009999999999999724,no,,,10893,2.2952309520191614
21,XrcXFXX,0.027589808020579695,no,,,10893,2.2952309520191614
22,XCXFqqCXXX,0.16834998365554724,no,,,10893,2.2952309520191614
23,"(QCmfXXX, X)",0.07385811480605721,no,,,10893,2.2952309520191614
24,XrcXXX,0.027586250813241973,no,,,10893,2.2952309520191614
25,qcXcX,-0.009999999999999702,no,,,10893,2.2952309520191614
26,RMcQXX,-0.008766405488882996,no,,,10893,2.2952309520191614
27,"(qXCXX(CX), X)",0.13643850234989324,no,,,10893,2.2952309520191614
28,"Q(XmCfX(X), X)",0.08461045354646565,no,,,10893,2.2952309520191614
29,"C(RXMX, X)",0.025638699295524862,no,,,10893,2.2952309520191614
30,"m(fLX, QXccX)",0.08120738951775007,no,,,10893,2.2952309520191614
31,"(X, rLXCX)",0.10738926934455667,no,,,10893,2.2952309520191614
32,"qXq(cXX, , )",0.04599877234976088,no,,,10893,2.2952309520191614
33,"((X), rlXrlXCX)",0.08957315330248992,no,,,10893,2.2952309520191614
34,"(X, ,qqFcXcX)",0.1030493220426089,no,,,10893,2.2952309520191614
35,"q(X, XrCXX,)",0.17748295442285783,no,,,10893,2.2952309520191614
36,C(RRX mX),-0.00711695132773272,no,,,10893,2.2952309520191614
37,"(CXqqX(,X), X)",0.13295496714083757,no,,,10893,2.2952309520191614
38,"Q(RXrcX, mX)",0.12319417458026322,no,,,10893,2.2952309520191614
39,"C(XrqCFXXX, X)",0.19713614044957609,no,,,10893,2.2952309520191614
40,cLXRXFX,0.007967094286193608,no,,,10893,2.2952309520191614
41,"(RCCXX, X)",0.05794829054529919,no,,,10893,2.2952309520191614
42,"(mMmRcXX, cX)",0.0373239800466594,no,,,10893,2.2952309520191614
43,XqqcXX,0.044029793069568036,no,,,10893,2.2952309520191614
44,XrrCXcQcX,0.12271493710093175,no,,,10893,2.2952309520191614
45,"(RXXCX, X)",0.03898297702686244,no,,,10893,2.2952309520191614
46,XRcfXQXXX,0.07369241385812224,no,,,10893,2.2952309520191614
47,qXrcXXmX,0.07062509465358065,no,,,10893,2.2952309520191614
48,"(XmX, cQXFXQX,)",0.10637500101173557,no,,,10893,2.2952309520191614
49,"(qX(qCX, X), cX)",0.06526944606515732,no,,,10893,2.2952309520191614
50,"(X, rcccXXX)",0.10763099627752166,no,,,10893,2.2952309520191614
51,XCCqFfqXX,0.07972736180291558,no,,,10893,2.2952309520191614
52,"(RCXX, X)",0.031076763322511476,no,,,10893,2.2952309520191614
53,"(qqXCXX, X,)",0.21798758506703303,no,,,10893,2.2952309520191614
54,"(QCQX(,XX), X)",0.38637735001841084,no,,,10893,2.2952309520191614
55,"(rcFX(X), qX)",0.007303182940530756,no,,,10893,2.2952309520191614
56,"r(X, qXCX)",0.12319417458026309,no,,,10893,2.2952309520191614
57,"(rCX(cX,), X)",0.0936536944650261,no,,,10893,2.2952309520191614
58,"(X(CQCXCXXX), X)",0.3089281248527477,no,,,10893,2.2952309520191614
59,qXfqCXmXX,0.07126214346128157,no,,,10893,2.2952309520191614
60,"(QX(CQXXX), X)",0.1615046948804366,no,,,10893,2.2952309520191614
61,fXFcrLXX,0.0367253554968833,no,,,10893,2.2952309520191614
62,CMXQcXX,0.0016848617082375298,no,,,10893,2.2952309520191614
63,"(QXfcX(X), X,)",0.19523216333514778,no,,,10893,2.2952309520191614
64,cXRlXQX,-0.006539075995487598,no,,,10893,2.2952309520191614
65,XcMQXQQcXcXX,0.2978617986862612,no,,,10893,2.2952309520191614
66,"(RcCmX(,X), XcX)",0.06643131200610009,no,,,10893,2.2952309520191614
67,"(CqX(XX), LX)",0.11433899183099465,no,,,10893,2.2952309520191614
68,"R(X, clFXX)",0.018792071751337524,no,,,10893,2.2952309520191614
69,XRQMFcXFCX,0.0565568547178046,no,,,10893,2.2952309520191614
70,"(QXX(X, rX), X)",0.31076672870396604,no,,,10893,2.2952309520191614
71,"(MX, qqXcXX)",0.12216580225178109,no,,,10893,2.2952309520191614
72,XXrMcXCLXX,0.11729964188102812,no,,,10893,2.2952309520191614
73,"c(RXL(RX), rMX)",0.0521079072897071,no,,,10893,2.2952309520191614
74,"RL(mXcXX, X)",0.16195214719510145,no,,,10893,2.2952309520191614
75,RcXcX,-0.0099999999994771,no,,,10893,2.2952309520191614
76,"(X, rqcXcLXX)",0.24812173865606102,no,,,10893,2.2952309520191614
77,"(RQX(CX), X)",0.09347302529968735,no,,,10893,2.2952309520191614
78,XLqccXX,0.07089553568829017,no,,,10893,2.2952309520191614
79,rLqXCXX,0.00929452644213601,no,,,10893,2.2952309520191614
80,"C(RmQXX, X)",0.05552568418505248,no,,,10893,2.2952309520191614
81,"(X, cqXcXX)",0.15781270834742805,no,,,10893,2.2952309520191614
82,"(XCQXccfX(fqX), X)",0.2887452865061364,no,,,10893,2.2952309520191614
83,"cX(QQcXLX, X)",0.09530540279135857,no,,,10893,2.2952309520191614
84,XrcqXXXX,0.05652849984046511,no,,,10893,2.2952309520191614
85,XqXfXCX,-0.009999999999999629,no,,,10893,2.2952309520191614
86,"(LMQQXcX, cX)",0.12462382493220557,no,,,10893,2.2952309520191614
87,XcQmXX,0.019297009045451508,no,,,10893,2.2952309520191614
88,"((QXCXX, ), rX)",-0.00039100395324501505,no,,,10893,2.2952309520191614
89,QFcMXRXXX,0.03420093536737468,no,,,10893,2.2952309520191614
90,XcXrcqXfXrX,0.17764142858868132,no,,,10893,2.2952309520191614
91,XXRcQcXXXX,0.2702298958787297,no,,,10893,2.2952309520191614
92,"(XQXcRfX(X), X)",0.2318821420861536,no,,,10893,2.2952309520191614
93,"qc(X, rfcXX)",0.09257447201063478,no,,,10893,2.2952309520191614
94,"Q(XrcmX(X), X)",0.10107644276408653,no,,,10893,2.2952309520191614
95,"(qX(XX,), XX)",0.1566130956018938,no,,,10893,2.2952309520191614
96,"(X, rCXmX)",0.007626231494146724,no,,,10893,2.2952309520191614
97,MXcXqXX,0.0059438420969349206,no,,,10893,2.2952309520191614
98,XXcQQXXXX,0.13384481217456667,no,,,10893,2.2952309520191614
99,"(,RX(RLcXX), X)",0.2289880643048078,no,,,10893,2.2952309520191614
100,XrCXqXX,0.060960816117325956,no,,,10893,2.2952309520191614
101,XrfCqXCX,0.09343076018656966,no,,,10893,2.2952309520191614
102,"(rCXCX, X)",0.0879964249622595,no,,,10893,2.2952309520191614
103,XrCfqlXX,0.03220248493072709,no,,,10893,2.2952309520191614
104,"(RLFX(cqX), X)",0.10796005562562264,no,,,10893,2.2952309520191614
105,"(qX(X,mX), XlX)",0.10657352930762388,no,,,10893,2.2952309520191614
106,XcqccXXXX,0.17038719931952645,no,,,10893,2.2952309520191614
107,XCQXX,0.020467404571355315,no,,,10893,2.2952309520191614
108,CqXCXCX,0.035466256041114544,no,,,10893,2.2952309520191614
109,"Q(fX, RcXcX)",0.13676284553242427,no,,,10893,2.2952309520191614
110,"(RQCXX(,X), X)",0.17502111367621986,no,,,10893,2.2952309520191614
111,RLCqXXrCXXX,0.17699355302780842,no,,,10893,2.2952309520191614
112,cXRFcXX,0.038742725387699156,no,,,10893,2.2952309520191614
113,"(XQXM(, X))",-0.00999806702066599,no,,,10893,2.2952309520191614
114,"(XX, RXCCXFX)",0.1503767519967828,no,,,10893,2.2952309520191614
115,"(lX, qmXXcX)",0.0648590946703154,no,,,10893,2.2952309520191614
116,"(L(QXCXX), cX)",0.13889639420524885,no,,,10893,2.2952309520191614
117,"(rX(rCX), X)",0.0474196850163551,no,,,10893,2.2952309520191614
118,"F(FqXQ(, X),)",-0.009999999998784965,no,,,10893,2.2952309520191614
119,"c(, RX(cX, ), X)",0.10581947585296843,no,,,10893,2.2952309520191614
120,"c(RcMXX, LX)",0.09261921444923507,no,,,10893,2.2952309520191614
121,"(rCXMX(CX), XX)",0.16274771803716823,no,,,10893,2.2952309520191614
122,XQCQFQXX,0.051450343204960426,no,,,10893,2.2952309520191614
123,"(XX, rcXcXX)",0.15792348899835146,no,,,10893,2.2952309520191614
124,"(FqXfMqCXX, X)",0.11063706495415532,no,,,10893,2.2952309520191614
125,"(,XqccXX FXX)",0.12514410359258316,no,,,10893,2.2952309520191614
126,XcMqXCXX,0.1386316164450371,no,,,10893,2.2952309520191614
127,"(cQXcX, CcXX)",0.0972021639914196,no,,,10893,2.2952309520191614
128,XcXcqXXX,0.08935097753563079,no,,,10893,2.2952309520191614
129,"LM(qXcXX, X)",0.12244105932891641,no,,,10893,2.2952309520191614
130,XrcqcXrMXXX,0.17000460655995467,no,,,10893,2.2952309520191614
131,cQXfLQXXX,0.04288730766109885,no,,,10893,2.2952309520191614
132,"(X, RcQcXcX)",0.14067870481244546,no,,,10893,2.2952309520191614
133,"(RRCXXX, qX)",0.11586745782032258,no,,,10893,2.2952309520191614
134,"(RfCX(XX), X)",0.0607018424866016,no,,,10893,2.2952309520191614
135,"(QQQXCXCX, X)",0.18100689468821032,no,,,10893,2.2952309520191614
136,"(rqX(CX), X)",0.12319180611256914,no,,,10893,2.2952309520191614
137,"(X, RQXRCX)",0.09347434464767962,no,,,10893,2.2952309520191614
138,MXQcXRXcX,0.13326358565759477,no,,,10893,2.2952309520191614
139,FQFXmCMlXRX,-0.009078642037174697,no,,,10893,2.2952309520191614
140,"(CX, QXCMXX)",0.09065241846882756,no,,,10893,2.2952309520191614
141,CXMQXX,-0.0014259477144711859,no,,,10893,2.2952309520191614
142,"q(XlcXX, LX,)",0.12527844338496577,no,,,10893,2.2952309520191614
143,XRQCXXcX,0.064556506477785,no,,,10893,2.2952309520191614
144,LXCqqXX,0.053663485347312974,no,,,10893,2.2952309520191614
145,XLccqXFX,0.07089553568829017,no,,,10893,2.2952309520191614
146,"(LCqXXX, LfX)",0.12462743523824807,no,,,10893,2.2952309520191614
147,"(XX, QcXFXX)",0.0886012352617939,no,,,10893,2.2952309520191614
148,XcMLXRRXcXX,0.17954481116140128,no,,,10893,2.2952309520191614
149,CXqXCCqXRX,0.10684816873074823,no,,,10893,2.2952309520191614
150,"cm(XX, LQXXX)",0.08831984116214929,no,,,10893,2.2952309520191614
151,"q(CXX,QmX )",0.03310807069911386,no,,,10893,2.2952309520191614
152,"(CQXCXX, XLX)",0.192301458191016,no,,,10893,2.2952309520191614
153,qXcXrcLmXXX,0.24268018206742445,no,,,10893,2.2952309520191614
154,XXrCqXXX,0.10347098508306961,no,,,10893,2.2952309520191614
155,"Q(RMCCX(CLX), X)",0.20771785048604757,no,,,10893,2.2952309520191614
156,XqcXXrXcX,0.10091300800381359,no,,,10893,2.2952309520191614
157,"RL(FXcXX, rX)",0.1620981943542379,no,,,10893,2.2952309520191614
158,RXXXXMQcmX,-0.009999997093026977,no,,,10893,2.2952309520191614
159,XcMXrXCLXX,0.1250025969840426,no,,,10893,2.2952309520191614
160,XXccQXXXXX,0.21684429107342948,no,,,10893,2.2952309520191614
161,"(QX(lCX), rX)",0.030403814327522666,no,,,10893,2.2952309520191614
162,CqmLXXqXCXX,0.16682183080610113,no,,,10893,2.2952309520191614
163,XRLccqmqXX,0.018954234307389593,no,,,10893,2.2952309520191614
164,rCqXfX,-0.008766304781661119,no,,,10893,2.2952309520191614
165,"(QXXCXLX, mX)",0.1584607984926617,no,,,10893,2.2952309520191614
166,"(CqX,qqXCXX)",0.2151933490964831,no,,,10893,2.2952309520191614
167,RqcXXLX,-0.009379798452033778,no,,,10893,2.2952309520191614
168,"(QXcXfcX, cX)",0.27427512732940024,no,,,10893,2.2952309520191614
169,XCXQXcXrX,0.15041340619472013,no,,,10893,2.2952309520191614
170,LXrqCLXXX,0.11914500388265632,no,,,10893,2.2952309520191614
171,"X(RXcFXrFX, X)",0.14353480057961795,no,,,10893,2.2952309520191614
172,XRRCMXCX,0.12234033418528745,no,,,10893,2.2952309520191614
173,"Cq((XcX), XXXX)",0.16736784915566635,no,,,10893,2.2952309520191614
174,McXRXX,0.0011766671807670894,no,,,10893,2.2952309520191614
175,CXLMqXqXX,0.03967875988064331,no,,,10893,2.2952309520191614
176,(QXccLcQXFXX),0.17381810500269937,no,,,10893,2.2952309520191614
177,"(fqXcXX, X)",0.07830415070600608,no,,,10893,2.2952309520191614
178,"RXq(MX,)",-0.009999999999589101,no,,,10893,2.2952309520191614
179,"(qCfXXX, rffX)",0.07949925834956496,no,,,10893,2.2952309520191614
180,"R(fX, QXCLX,)",0.14526932990765373,no,,,10893,2.2952309520191614
181,"M(rLXcX, QX)",0.07808571196388858,no,,,10893,2.2952309520191614
182,QXQCXXX,0.06438027743406173,no,,,10893,2.2952309520191614
183,rrXmCLX,-0.00703724393557503,no,,,10893,2.2952309520191614
184,RCQXX,-0.005510693915944617,no,,,10893,2.2952309520191614
185,RXRRccXqfLX,0.1335571358888156,no,,,10893,2.2952309520191614
186,"R(XqccXrX, MX)",0.11329911226217469,no,,,10893,2.2952309520191614
187,XcQXRCCXXX,0.11154863897030882,no,,,10893,2.2952309520191614
188,XrlqcXqXLmX,0.07893802109571921,no,,,10893,2.2952309520191614
189,"(cqXQX, X)",0.007306360578651929,no,,,10893,2.2952309520191614
190,XXCQXX,0.014378741963090502,no,,,10893,2.2952309520191614
191,CXRLQCXLX,0.14386952033917555,no,,,10893,2.2952309520191614
192,"(XX, QXCXX)",0.1433829848983482,no,,,10893,2.2952309520191614
193,XfCXXCqXfXX,0.0939353787027929,no,,,10893,2.2952309520191614
194,XCCXqqXLXCX,0.2727836012645453,no,,,10893,2.2952309520191614
195,QXRfcXXX,0.07060437572102456,no,,,10893,2.2952309520191614
196,"(QFCXX, qX)",0.031082486805970012,no,,,10893,2.2952309520191614
197,"q(RlfqCXXX, X)",0.04623593084766305,no,,,10893,2.2952309520191614
198,"(CqX((X), X), LXCX)",0.22206063543673057,no,,,10893,2.2952309520191614
199,rcQQmXXXX,0.017157005845517125,no,,,10893,2.2952309520191614
200,XQCXXXCXX,0.1910184685639286,no,,,10893,2.2952309520191614
201,cQXlXX,-0.009998937074202215,no,,,10893,2.2952309520191614
202,"(RcX(QX), X,)",0.0412022844492551,no,,,10893,2.2952309520191614
203,"(QQXCmXXX, QX)",0.17406647996615301,no,,,10893,2.2952309520191614
204,"(XrcmX(X), X)",0.020844950464143874,no,,,10893,2.2952309520191614
205,"(MQX(CX), lX)",0.04002549411445564,no,,,10893,2.2952309520191614
206,lqfXcX,-0.00999999999976805,no,,,10893,2.2952309520191614
207,XXClQLCXXX,0.10202811675695313,no,,,10893,2.2952309520191614
208,QXCXXcXcX,0.11708358776033938,no,,,10893,2.2952309520191614
209,mQmXcXCX,0.0158460958093756,no,,,10893,2.2952309520191614
210,"(RX(cLX), X)",0.10266567403081031,no,,,10893,2.2952309520191614
211,QLcXRcXMXX,0.14156443082817846,no,,,10893,2.2952309520191614
212,XXXRXXcX,-0.009993239350122208,no,,,10893,2.2952309520191614
213,"(Q(XcmX), QX)",0.07606550293218593,no,,,10893,2.2952309520191614
214,"(QLfXcfX(X), X)",0.11273018696472661,no,,,10893,2.2952309520191614
215,"X(RcX(RXX), X)",0.07889641611008416,no,,,10893,2.2952309520191614
216,"(QLXmCFfXX, X)",0.10238405200502128,no,,,10893,2.2952309520191614
217,"q(XcX, X)",0.05928836196216552,no,,,10893,2.2952309520191614
218,FXQccQcXXX,0.24708815863089773,no,,,10893,2.2952309520191614
219,c(RX cX),-0.0099999999994771,no,,,10893,2.2952309520191614
220,QXRcXfX,0.04531738803011544,no,,,10893,2.2952309520191614
221,CXQXrQX,-0.0014259477144711694,no,,,10893,2.2952309520191614
222,XCXqXXX,0.031518764169139214,no,,,10893,2.2952309520191614
223,CXXrfXfMXCX,0.02384873180130255,no,,,10893,2.2952309520191614
224,"r(X, qfcXcXX)",0.22894204263186102,no,,,10893,2.2952309520191614
225,"(rCCXX, RFX)",0.06801043224784101,no,,,10893,2.2952309520191614
226,"(CqXrCLXX, RX)",0.17971631217359332,no,,,10893,2.2952309520191614
227,QcXXX,-0.00980130360905775,no,,,10893,2.2952309520191614
228,"(RLXQmcXX, X)",0.11970266659477662,no,,,10893,2.2952309520191614
229,(cXQRQXXX),0.045691020341798845,no,,,10893,2.2952309520191614
230,QcXQXRX,0.01081272913946736,no,,,10893,2.2952309520191614
231,rqFFcXrX,-0.005494303111380176,no,,,10893,2.2952309520191614
232,XQCQXRCXX,0.12335287776357029,no,,,10893,2.2952309520191614
233,LXQCXXX,0.06053477617170314,no,,,10893,2.2952309520191614
234,XqcXqXClX,0.03694510398911236,no,,,10893,2.2952309520191614
235,"(QXCXXX, QXQX)",0.1299353315826528,no,,,10893,2.2952309520191614
236,rXqClXQqXCqX,0.07811399154124224,no,,,10893,2.2952309520191614
237,"r(cXL(XXX),cXX)",0.1514453506526527,no,,,10893,2.2952309520191614
238,"L(rX(XCX), X)",0.07788380588728189,no,,,10893,2.2952309520191614
239,rqcXX,-0.005510693915944617,no,,,10893,2.2952309520191614
240,"(CX, RQXcXcQX)",0.26120431544879513,no,,,10893,2.2952309520191614
241,"(LX, RXCCX)",0.08745986582805802,no,,,10893,2.2952309520191614
242,"(QCXX(X), X)",0.07385086466464887,no,,,10893,2.2952309520191614
243,"(rqqX(CCXX), XX)",0.20834052381442067,no,,,10893,2.2952309520191614
244,qXrFfCXX,0.045277212762000946,no,,,10893,2.2952309520191614
245,"qc(XcX, cXX)",0.10714043933427857,no,,,10893,2.2952309520191614
246,LXRcXQXqX,0.09089817977544666,no,,,10893,2.2952309520191614
247,(qXcX CXX),0.046207944375178105,no,,,10893,2.2952309520191614
248,XRRLcXRX,0.08258108597460503,no,,,10893,2.2952309520191614
249,"r(qXcqXX, X)",0.08226113386132441,no,,,10893,2.2952309520191614
250,QcXXXXX,0.006345235158567561,no,,,10893,2.2952309520191614
251,XRcXXcrX,0.038837989325747245,no,,,10893,2.2952309520191614
252,rXCMXrXXX,0.0152614165644721,no,,,10893,2.2952309520191614
253,"(CqXXXX, XX)",0.15474135788584736,no,,,10893,2.2952309520191614
254,"Qc(,XXFX, X)",0.10757957158005178,no,,,10893,2.2952309520191614
255,qXrLCXX,0.08667090823181388,no,,,10893,2.2952309520191614
256,XXRfLcQXXXX,0.18011134645357282,no,,,10893,2.2952309520191614
257,"C(fLQLXqX, X)",0.048389942012944165,no,,,10893,2.2952309520191614
258,"RMX(RQFX, )",-0.009999999999572165,no,,,10893,2.2952309520191614
259,XrrcLFXcqX,0.15902557477532656,no,,,10893,2.2952309520191614
260,XQ(cX FXCX),0.0522922600281984,no,,,10893,2.2952309520191614
261,"X(qqCXXMQX, X)",0.13588168478308893,no,,,10893,2.2952309520191614
262,"(X, XcqXXcXXX)",0.38405843544455204,no,,,10893,2.2952309520191614
263,QXRcQMXqX,0.05663203522131983,no,,,10893,2.2952309520191614
264,MXCqXRX,0.01929700904545148,no,,,10893,2.2952309520191614
265,"(crmX(X), X)",0.007303494131280544,no,,,10893,2.2952309520191614
266,"(CX, RXcXX)",0.06584999495844722,no,,,10893,2.2952309520191614
267,"(qXrcXX, rXX)",0.14068348687389995,no,,,10893,2.2952309520191614
268,"(qXM(X,), X)",0.07813276826326514,no,,,10893,2.2952309520191614
269,LXcQfXXLX,0.0854171969485711,no,,,10893,2.2952309520191614
270,"(X, qXXLCQX)",0.17459896066424352,no,,,10893,2.2952309520191614
271,"(QFFXcX, QX)",0.0761408689114937,no,,,10893,2.2952309520191614
272,"Q(qQX, CXX)",0.007306360578651925,no,,,10893,2.2952309520191614
273,XRCXX,0.020458177080654092,no,,,10893,2.2952309520191614
274,cXqXcXcXXX,0.2027112499402003,no,,,10893,2.2952309520191614
275,"(RQX(, X),)",-0.00633707215133449,no,,,10893,2.2952309520191614
276,CXRCCQXCLX,0.21257086129455688,no,,,10893,2.2952309520191614
277,"R(RXRCXX, X)",0.14232789523184955,no,,,10893,2.2952309520191614
278,XqcrXLX,0.08533121785339995,no,,,10893,2.2952309520191614
279,rXcqccqXX,0.09591728055001546,no,,,10893,2.2952309520191614
280,"(X, RmcXqcX)",0.08799642496225941,no,,,10893,2.2952309520191614
281,"(RXrCXXX, )",0.030783556408536424,no,,,10893,2.2952309520191614
282,FlCXQCQXX,0.057691920828043405,no,,,10893,2.2952309520191614
283,rXCXL RlmXX,0.0045949950481920425,no,,,10893,2.2952309520191614
284,(QXcXXX),0.021417110374887874,no,,,10893,2.2952309520191614
285,"qc(qXcX, qX)",0.111991063151655,no,,,10893,2.2952309520191614
286,XCQmlXX,0.005470034769006549,no,,,10893,2.2952309520191614
287,XC(X XqCXCXX),0.20271051552000632,no,,,10893,2.2952309520191614
288,XXXcQcXXXX,0.19134211687370348,no,,,10893,2.2952309520191614
289,lQXcXcX,0.009376863511637365,no,,,10893,2.2952309520191614
290,"(qX(, X), mmQX)",0.0697408560601446,no,,,10893,2.2952309520191614
291,"(qXXXCFX, rX)",0.09453653901721681,no,,,10893,2.2952309520191614
292,"r(XrFX(, rX), cX)",0.1802350412961439,no,,,10893,2.2952309520191614
293,XXrrCCXXLX,0.21527385443483762,no,,,10893,2.2952309520191614
294,cXRRXXMX,0.03904502617091971,no,,,10893,2.2952309520191614
295,"(X, rXXXCX)",0.03260710909155664,no,,,10893,2.2952309520191614
296,XrqcXcX,0.12234157314696285,no,,,10893,2.2952309520191614
297,Xq(cXQCXmX),0.053531095280556655,no,,,10893,2.2952309520191614
298,XRRCXCXX,0.08788668347771629,no,,,10893,2.2952309520191614
299,"(,QXcXX, rX)",0.19548473179175627,no,,,10893,2.2952309520191614
300,"q(X,XcXXXlX)",0.1356984772150236,no,,,10893,2.2952309520191614
301,"(RRCCX(XXX), X)",0.21953655227632957,no,,,10893,2.2952309520191614
302,RcmXqXcX,0.022720586984462027,no,,,10893,2.2952309520191614
303,"Q(RfXCXLXX, X)",0.09685164330910842,no,,,10893,2.2952309520191614
304,"rc(XqcX, FX)",0.07797255963373996,no,,,10893,2.2952309520191614
305,"(RRXL(cQX), X)",0.1232110639201335,no,,,10893,2.2952309520191614
306,"((qCXCXQX), XqXX)",0.2023071899430985,no,,,10893,2.2952309520191614
307,MXRmmXXcMX,-0.009999999999729286,no,,,10893,2.2952309520191614
308,cXqXqXX,0.023559753383021815,no,,,10893,2.2952309520191614
309,"(QXCXX, XfqfX)",0.07763356699577768,no,,,10893,2.2952309520191614
310,"R(X, RcXcX)",0.13675708626691688,no,,,10893,2.2952309520191614
311,cFLXrmXX,0.007138157109856171,no,,,10893,2.2952309520191614
312,rQXCXXX,0.021261851760195037,no,,,10893,2.2952309520191614
313,cXrrcXrcMXX,0.3709041172388568,no,,,10893,2.2952309520191614
314,"C(rLCX(X), X)",0.08583549301269043,no,,,10893,2.2952309520191614
315,"L(RfcX(fX), QX)",0.025000329668671935,no,,,10893,2.2952309520191614
316,"(CqqXLXXX, X)",0.1631011040737368,no,,,10893,2.2952309520191614
317,"RC(QXX, CXX)",0.09911218480963237,no,,,10893,2.2952309520191614
318,XRCXRLXX,0.05966693961326207,no,,,10893,2.2952309520191614
319,XXQCQCmXXXX,0.1949814637748841,no,,,10893,2.2952309520191614
320,"(XX, RRcLXXX)",0.15838708422416795,no,,,10893,2.2952309520191614
321,"X(qqXCCX(X), X)",0.3842517682416404,no,,,10893,2.2952309520191614
322,"FMXq(,X(, X))",0.06811866273109314,no,,,10893,2.2952309520191614
323,XRFcXfXX,0.03048428528600822,no,,,10893,2.2952309520191614
324,"(LQX(X,), X)",0.1591619580263867,no,,,10893,2.2952309520191614
325,XRCmQXXX,0.08624770496691019,no,,,10893,2.2952309520191614
326,"qX(lqX, X)",-0.009999997784602895,no,,,10893,2.2952309520191614
327,M(CmXQX X),-0.0014259477144711859,no,,,10893,2.2952309520191614
328,"(XfLqCXXXCX, X)",0.24024757798550878,no,,,10893,2.2952309520191614
329,XcXqXcXLXX,0.20200438185645522,no,,,10893,2.2952309520191614
330,"R((X(, (cLX), ), X))",0.10266567403080626,no,,,10893,2.2952309520191614
331,XcrqlcXXX,0.11426740100104016,no,,,10893,2.2952309520191614
332,XrCXCX,0.04910714801089889,no,,,10893,2.2952309520191614
333,rXFXXXCQX,-0.009999992799749051,no,,,10893,2.2952309520191614
334,XCXqXqXCqX,0.16379106704407528,no,,,10893,2.2952309520191614
335,XCqXqXQX,0.06929200491721496,no,,,10893,2.2952309520191614
336,cXXcqqXXX,0.11840476013831679,no,,,10893,2.2952309520191614
337,"XQ(XcXXX, rX)",0.19436287994764956,no,,,10893,2.2952309520191614
338,"c(X, QXX(X,))",0.10556912682851739,no,,,10893,2.2952309520191614
339,"(RCX(fX), X)",0.031076763322511476,no,,,10893,2.2952309520191614
340,"(QfXcX, X)",0.07598398161900953,no,,,10893,2.2952309520191614
341,"(cX ,RcXXX)",0.044940962824493697,no,,,10893,2.2952309520191614
342,RCXRXMcX,0.06534373731354265,no,,,10893,2.2952309520191614
343,"Q(RXf(, X), X)",0.12278123692150503,no,,,10893,2.2952309520191614
344,"(qCXMCX, X)",0.08800875026244395,no,,,10893,2.2952309520191614
345,XRcXXXCqX,0.02513985794568619,no,,,10893,2.2952309520191614
346,"(lqXC(X), X)",0.028174269423597565,no,,,10893,2.2952309520191614
347,rcqXX,-0.005510693915944617,no,,,10893,2.2952309520191614
348,"(XX, RXRCXX)",0.1462008499778289,no,,,10893,2.2952309520191614
349,"rc(X, XXX,)",0.05510249763663259,no,,,10893,2.2952309520191614
350,"(rXcXXX, XLXX)",0.15266645195098738,no,,,10893,2.2952309520191614
351,CQLfXlX,-0.009999999684638728,no,,,10893,2.2952309520191614
352,XcqqqXX,0.05145034320495227,no,,,10893,2.2952309520191614
353,CXCRCLXCmX,0.10676279630155791,no,,,10893,2.2952309520191614
354,FcXrLqLXcX,0.16501145880710227,no,,,10893,2.2952309520191614
355,RFlLXCX,-0.009999999999999324,no,,,10893,2.2952309520191614
356,"(QXcX, LFX)",0.07739265016371696,no,,,10893,2.2952309520191614
357,cXrc rcXXX,0.14971049674351355,no,,,10893,2.2952309520191614
358,XRRCCXMmX,0.09251498068334699,no,,,10893,2.2952309520191614
359,XrqCXXX,0.07286245528801222,no,,,10893,2.2952309520191614
360,XcFQcFXX,0.04985673608547893,no,,,10893,2.2952309520191614
361,XccQXfXX,0.08575493766637922,no,,,10893,2.2952309520191614
362,"q(rXCXCX, X)",0.18270972322518422,no,,,10893,2.2952309520191614
363,"(RFX((X), ), QmX)",0.11692777270224704,no,,,10893,2.2952309520191614
364,XrMcXXX,0.027586250813241973,no,,,10893,2.2952309520191614
365,XcqqcXXXcX,0.21844818280110517,no,,,10893,2.2952309520191614
366,"(R(XcFXX), X)",0.0967891136601589,no,,,10893,2.2952309520191614
367,RRXfCqCXX,0.04971588268552699,no,,,10893,2.2952309520191614
368,"(XCCrLXXX, lX)",0.12359333019897263,no,,,10893,2.2952309520191614
369,XRQfCXXX,0.08624329251792934,no,,,10893,2.2952309520191614
370,LXCCqqXXXX,0.19259959379618213,no,,,10893,2.2952309520191614
371,"X(XcQXXXcXX, lX)",0.23606057218137438,no,,,10893,2.2952309520191614
372,"CQ(XX,QX,)",0.029765487960270627,no,,,10893,2.2952309520191614
373,lcQlXX,-0.009999999990679988,no,,,10893,2.2952309520191614
374,"r(CX, CXXX)",0.10051004914717676,no,,,10893,2.2952309520191614
375,CXRCQXfX,0.08061998866430811,no,,,10893,2.2952309520191614
376,qXCqXXX,0.07127779630387411,no,,,10893,2.2952309520191614
377,"Rc(X(XX), qQX)",0.10051004914717694,no,,,10893,2.2952309520191614
378,XCXr(Xl X),-0.002184521951822773,no,,,10893,2.2952309520191614
379,"(X, QX(, rX))",0.07813276826326522,no,,,10893,2.2952309520191614
380,"(QCXCX,XX, )",0.05727732527491792,no,,,10893,2.2952309520191614
381,"(RCRXXXX, qX)",0.11995167136975818,no,,,10893,2.2952309520191614
382,LXrrCXccX,0.14125896318844103,no,,,10893,2.2952309520191614
383,"(rXrcLXcX, XX)",0.24156559476950257,no,,,10893,2.2952309520191614
384,XrqcMMXFXcX,0.14365428336910208,no,,,10893,2.2952309520191614
385,"Q(QXcXX, QX)",0.10646006468307365,no,,,10893,2.2952309520191614
386,XFCCQQXXXX,0.18310605592762547,no,,,10893,2.2952309520191614
387,q(mCXXXmX),-0.0032431286617509735,no,,,10893,2.2952309520191614
388,"(rcXrX,, FX)",0.021176125886979928,no,,,10893,2.2952309520191614
389,"(MX, XrXCXX)",0.08666953883106676,no,,,10893,2.2952309520191614
390,rqCXX,-0.008766405488882986,no,,,10893,2.2952309520191614
391,"(CXrmmX(X, ))",0.03352731597364338,no,,,10893,2.2952309520191614
392,"(lqCXX(CqXX), X)",0.2691164418734054,no,,,10893,2.2952309520191614
393,CXqXlX,-0.002761337078757683,no,,,10893,2.2952309520191614
394,XrrcMXXX,0.07226520954713604,no,,,10893,2.2952309520191614
395,"(RX,XrqCXX QX)",0.18489823891110257,no,,,10893,2.2952309520191614
396,"M(,X,,qcXXX)",0.06568397743877684,no,,,10893,2.2952309520191614
397,"X(QXcCX,X)",0.012033539454038478,no,,,10893,2.2952309520191614
398,CXQXXCX,0.06757322204281324,no,,,10893,2.2952309520191614
399,(MQMX CXXmX),0.02127476730887003,no,,,10893,2.2952309520191614
400,"F((lX), rcXX)",0.029379264410922173,no,,,10893,2.2952309520191614
401,XXQFcXXX,0.05042959719877844,no,,,10893,2.2952309520191614
402,XRRccXX,0.09595072704982781,no,,,10893,2.2952309520191614
403,"(rqXCX, mX)",0.12319180611256914,no,,,10893,2.2952309520191614
404,"C(RX, qLXXX)",0.16358309183630285,no,,,10893,2.2952309520191614
405,"(qXrcXX, FXX)",0.14068310438581103,no,,,10893,2.2952309520191614
406,"L(RX(CX), X,)",0.0780950449687872,no,,,10893,2.2952309520191614
407,"X(rrMcXXX, X)",0.11576650581744306,no,,,10893,2.2952309520191614
408,"Q(RMX(, MX))",-0.006260319999868449,no,,,10893,2.2952309520191614
409,RRCffCXX,-0.006987610613442942,no,,,10893,2.2952309520191614
410,LCXrqCXXX,0.15362691349702148,no,,,10893,2.2952309520191614
411,XrccXX,0.05067391262150527,no,,,10893,2.2952309520191614
412,"(qXCX,r(X), )",0.06102356772640271,no,,,10893,2.2952309520191614
413,"(QmLX, QXCXX)",0.11853275025075648,no,,,10893,2.2952309520191614
414,"(QXRCXCCX, FX)",0.15255859106124536,no,,,10893,2.2952309520191614
415,XCCqXCX,0.07825265730191079,no,,,10893,2.2952309520191614
416,"(RCL(XXX), X)",0.07679284964107819,no,,,10893,2.2952309520191614
417,"(X, rcXLLcXMX)",0.14113018891958423,no,,,10893,2.2952309520191614
418,XCLXQXCXX,0.1275347221882545,no,,,10893,2.2952309520191614
419,LccXqXrXX,0.06685283294457794,no,,,10893,2.2952309520191614
420,"X(RXcXqX, X)",0.14353480057961793,no,,,10893,2.2952309520191614
421,XRQCXXX,0.08624770496691019,no,,,10893,2.2952309520191614
422,"(mLLX, QXCCX)",0.08805052283314985,no,,,10893,2.2952309520191614
423,XqqCXCLX X,0.12680166974729254,no,,,10893,2.2952309520191614
424,mqXfCqXXCX,0.12108887624877043,no,,,10893,2.2952309520191614
425,XrCXrrfXCX,0.1434234899984098,no,,,10893,2.2952309520191614
426,"(XqcqX(XcX), RX)",0.13410715360764427,no,,,10893,2.2952309520191614
427,XRCQXCFX,0.12234157314696285,no,,,10893,2.2952309520191614
428,XcqXcqXXFXX,0.24569446910880274,no,,,10893,2.2952309520191614
429,"(QXXCXX, X,)",0.1924598158865522,no,,,10893,2.2952309520191614
430,"(QX(CX), X)",0.05003826965378669,no,,,10893,2.2952309520191614
431,"L(QXcMXX, rX)",0.3110345458728821,no,,,10893,2.2952309520191614
432,XrrCCXqCXX,0.18905108213600716,no,,,10893,2.2952309520191614
433,XCQXXCXX,0.1468795111611927,no,,,10893,2.2952309520191614
434,"(QXL(FXcX), LX)",0.15258710449502375,no,,,10893,2.2952309520191614
435,"Q(XMf((X), ), X)",0.11688909236885438,no,,,10893,2.2952309520191614
436,"R(X, fXcX)",0.04741985833765348,no,,,10893,2.2952309520191614
437,rXRfCXCQXX,0.09703269203075837,no,,,10893,2.2952309520191614
438,XCRQXXX,0.08624770496691019,no,,,10893,2.2952309520191614
439,XcqXXrcMXX,0.16650318165111386,no,,,10893,2.2952309520191614
440,"(XqXCXXLX, XX)",0.19401705345083461,no,,,10893,2.2952309520191614
441,"(CX, rXCX)",0.05665663152258545,no,,,10893,2.2952309520191614
442,"c(qX(XLX), X)",0.0703999716845227,no,,,10893,2.2952309520191614
443,"r(CXrXX, X)",0.0921123970270136,no,,,10893,2.2952309520191614
444,XrcFXX,0.020459254355830646,no,,,10893,2.2952309520191614
445,cXqqXcXMX,0.08393409755864346,no,,,10893,2.2952309520191614
446,"(CQLXCQXCX, XrX)",0.2552532035932359,no,,,10893,2.2952309520191614
447,XRqcQMXXX,0.06185842902459201,no,,,10893,2.2952309520191614
448,XqcXcXqfXfX,0.13941169989982719,no,,,10893,2.2952309520191614
449,"X(rlX(CXqX), lX)",0.11294423000965448,no,,,10893,2.2952309520191614
450,"(qMX(fCX), X)",0.04742637726151098,no,,,10893,2.2952309520191614
451,"(rX, QCXX)",0.007306360578651951,no,,,10893,2.2952309520191614
452,XClQXXRX,0.0321161523655218,no,,,10893,2.2952309520191614
453,XcXrlqXqcXX,0.2053226021481777,no,,,10893,2.2952309520191614
454,CCfXRXRCXXX,0.16068029644356271,no,,,10893,2.2952309520191614
455,LXCCqXCXX,0.15230160291040046,no,,,10893,2.2952309520191614
456,XccQXcXX,0.10431934048771636,no,,,10893,2.2952309520191614
457,(cFX rrXqXLX),0.055039823178793156,no,,,10893,2.2952309520191614
458,"c(fQcX(X), X)",0.09106674215717815,no,,,10893,2.2952309520191614
459,RRCXX,-0.00711695132773272,no,,,10893,2.2952309520191614
460,(XcXrX CXXX),0.11395973066536094,no,,,10893,2.2952309520191614
461,XCqXCXLX,0.08432205645804086,no,,,10893,2.2952309520191614
462,"(rmqX (X,))",-0.006260319999868532,no,,,10893,2.2952309520191614
463,QXcXrrX,0.002490824897248827,no,,,10893,2.2952309520191614
464,XrXXrCXXCX,0.05143235805486244,no,,,10893,2.2952309520191614
465,XXqFC(qmXX),0.028320557231233518,no,,,10893,2.2952309520191614
466,c(rLXrXX),0.007132942505881289,no,,,10893,2.2952309520191614
467,"L(X, RcXXX)",0.09677800114984303,no,,,10893,2.2952309520191614
468,"q(qXC(, XrX))",0.03240581337440576,no,,,10893,2.2952309520191614
469,"r(X(rXRCX), X)",0.09111081742439818,no,,,10893,2.2952309520191614
470,"(CMqfXXX, X)",0.07949866658340556,no,,,10893,2.2952309520191614
471,"(qcXXXX, cXX)",0.12088024809860326,no,,,10893,2.2952309520191614
472,QfLXRCXX,0.060936820010159806,no,,,10893,2.2952309520191614
473,XXCqqCXXFX,0.15895068357935282,no,,,10893,2.2952309520191614
474,"(CQXCmX(RX), X)",0.15781270834742808,no,,,10893,2.2952309520191614
475,"c(cXX, QXQX)",0.01873825615921286,no,,,10893,2.2952309520191614
476,"(FqMCXX(X), X)",0.07971437898738212,no,,,10893,2.2952309520191614
477,rccXrqXX,0.05447462646013235,no,,,10893,2.2952309520191614
478,"(RCXXX, lFLX)",0.06624599863766595,no,,,10893,2.2952309520191614
479,FcXfqXX,-0.001426037251652282,no,,,10893,2.2952309520191614
480,(XrccXrLXXcX),0.22352213754266936,no,,,10893,2.2952309520191614
481,"F(QX(FcXcX), LX)",0.12877607769704133,no,,,10893,2.2952309520191614
482,XRCFmXCX,0.04642636774707601,no,,,10893,2.2952309520191614
483,"(L(rXCX), X)",0.07106204887405032,no,,,10893,2.2952309520191614
484,"(X, CQmcXX)",0.0006751271292659586,no,,,10893,2.2952309520191614
485,MXRCCXCCX,0.08633393075008564,no,,,10893,2.2952309520191614
486,"(QX(XcX), (QFX))",0.12230034905860625,no,,,10893,2.2952309520191614
487,"(RCQQXX, X)",0.048543897097780286,no,,,10893,2.2952309520191614
488,"(X, L(qXCXX))",0.11261448904526541,no,,,10893,2.2952309520191614
489,"(X,RXF(,XXX))",0.04461722316443588,no,,,10893,2.2952309520191614
490,QcXQcXX,0.057738759787361676,no,,,10893,2.2952309520191614
491,"((rX(, rX)), MX)",0.06972921696820203,no,,,10893,2.2952309520191614
492,qmFXcXX,0.00030892203968923014,no,,,10893,2.2952309520191614
493,XRcQXCCX,0.12271370726671743,no,,,10893,2.2952309520191614
494,"(rqCXL(X), ,cX)",0.07209827606801489,no,,,10893,2.2952309520191614
495,"(XRcX(X), X)",0.022587910375458757,no,,,10893,2.2952309520191614
496,llCQXQlCXXX,0.05478783900076589,no,,,10893,2.2952309520191614
497,"((CRXX), X)",0.031076763322511476,no,,,10893,2.2952309520191614
498,XrCqmXqXX,0.08507939701294019,no,,,10893,2.2952309520191614
499,"(X, LQcQXcXX)",0.3864448228784054,no,,,10893,2.2952309520191614
500,"(X, qXXCX)",0.1222996291975565,no,,,10893,2.2952309520191614
501,"(QXcX, rX)",0.07606550293218593,no,,,10893,2.2952309520191614
502,"r(CXQX, XCfX)",0.06402203198425699,no,,,10893,2.2952309520191614
503,cXrqmcXMX,0.08061998866430811,no,,,10893,2.2952309520191614
504,"(X, XRCXX)",0.020844950464143874,no,,,10893,2.2952309520191614
505,"(RcXX, X)",0.007626231494146594,no,,,10893,2.2952309520191614
506,XXQfCXXCXX,0.17015393348149407,no,,,10893,2.2952309520191614
507,"(XRX(mX, mlX), CX)",-0.001783888612624967,no,,,10893,2.2952309520191614
508,XL(RCXRcXX),0.1814233806093221,no,,,10893,2.2952309520191614
509,"r(CXX, cX)",0.03513729764388335,no,,,10893,2.2952309520191614
510,"(RCQX(MX), X)",0.055663184452613076,no,,,10893,2.2952309520191614
511,XmXccQXXXLX,0.2410931171600851,no,,,10893,2.2952309520191614
512,"QX(LMX, XX,)",-0.009999999993968934,no,,,10893,2.2952309520191614
513,XrrmcXXX,0.07226520954713604,no,,,10893,2.2952309520191614
514,XRRmcfXFX,0.05350943027085591,no,,,10893,2.2952309520191614
515,"(rlX, qXcX)",0.040025494114455586,no,,,10893,2.2952309520191614
516,CXflQXXCX,0.057148541376995536,no,,,10893,2.2952309520191614
517,XrLFqcXX,0.07733562360190965,no,,,10893,2.2952309520191614
518,RcqXfXXcX,0.033751665973880685,no,,,10893,2.2952309520191614
519,C(QXMXX),-0.009983362986083499,no,,,10893,2.2952309520191614
520,XqCXLmX,0.02486128661487289,no,,,10893,2.2952309520191614
521,"(X, ccqXXXX)",0.18213873774851727,no,,,10893,2.2952309520191614
522,"(QRXc(RX), X)",0.12319417458026315,no,,,10893,2.2952309520191614
523,"(qXcXXrX, XX)",0.19018746105750994,no,,,10893,2.2952309520191614
524,XcQXXX,0.04997912925646952,no,,,10893,2.2952309520191614
525,qfLXrcXXX,0.09501332529575662,no,,,10893,2.2952309520191614
526,"(X, XrcXfcXX)",0.13446747497907555,no,,,10893,2.2952309520191614
527,XqCXlXX,0.04537938967484854,no,,,10893,2.2952309520191614
528,"(X, QFXCMX)",0.05928836196216565,no,,,10893,2.2952309520191614
529,"r(CqLXlXX, X)",0.1540026629219437,no,,,10893,2.2952309520191614
530,"(CXX, QmQXcXX)",0.18731494907415555,no,,,10893,2.2952309520191614
531,"X(rX(CX), )",0.07532864180294171,no,,,10893,2.2952309520191614
532,"(XrCXCXX, XX)",0.1514343128621812,no,,,10893,2.2952309520191614
533,cfXXQXRX,-0.0061123241178366134,no,,,10893,2.2952309520191614
534,"X(rLcXX, MX)",0.033403567468923,no,,,10893,2.2952309520191614
535,"Q(XXrqccLX, X,)",0.27930143064676616,no,,,10893,2.2952309520191614
536,CFXRmXXX,0.006217371274044251,no,,,10893,2.2952309520191614
537,XrCXmXLX,0.033134391363520296,no,,,10893,2.2952309520191614
538,"(RRCMXCX, X)",0.12262399967401154,no,,,10893,2.2952309520191614
539,"r(XrcXX, QX)",0.09292429861693384,no,,,10893,2.2952309520191614
540,fXRRcXcX,0.0934293046020821,no,,,10893,2.2952309520191614
541,"F(XRMX(, rX))",-0.009998059406957376,no,,,10893,2.2952309520191614
542,"(X, qXcFXLXX)",0.13698025630864372,no,,,10893,2.2952309520191614
543,cXQXcXX,0.05032007638338776,no,,,10893,2.2952309520191614
544,"(X, cQQcXX)",0.09702503854378744,no,,,10893,2.2952309520191614
545,"q(X, MXCFX)",0.07614021939777334,no,,,10893,2.2952309520191614
546,"X(RXQ(X,X,), X,)",0.16082602206988303,no,,,10893,2.2952309520191614
547,XCqClmLfXX,0.07330549145557914,no,,,10893,2.2952309520191614
548,XcXMqXFCXX,0.15343429416547508,no,,,10893,2.2952309520191614
549,qqqlXrCXQX,0.047724757008933624,no,,,10893,2.2952309520191614
550,XXRcQXXcX,0.19685275801516974,no,,,10893,2.2952309520191614
551,XQCXCXfXX,0.1309282151733523,no,,,10893,2.2952309520191614
552,"(qCCCXX(X), X)",0.058920295930812064,no,,,10893,2.2952309520191614
553,"(QX(clcX), rX)",0.09006520596325802,no,,,10893,2.2952309520191614
554,"Q(RLXqCX, X)",0.12385672651520574,no,,,10893,2.2952309520191614
555,"rL(qXMmCX, X)",0.1402896414571306,no,,,10893,2.2952309520191614
556,cXcqXXX,0.07380402140965488,no,,,10893,2.2952309520191614
557,XMCqXX,0.019297009045451508,no,,,10893,2.2952309520191614
558,"(LQXcXX, XX)",0.24706494751384897,no,,,10893,2.2952309520191614
559,mcXRXRX,0.001176667180767109,no,,,10893,2.2952309520191614
560,XXRQcXRqXX,0.10204345358052955,no,,,10893,2.2952309520191614
561,LXcQXXX,0.07782992259185513,no,,,10893,2.2952309520191614
562,"(FQXXcX, RX)",0.12278198459849209,no,,,10893,2.2952309520191614
563,XcqXcLXXMX,0.15845885524428055,no,,,10893,2.2952309520191614
564,rqcXQX,-0.0055106939158998235,no,,,10893,2.2952309520191614
565,rLXrcXX,0.03133555307434816,no,,,10893,2.2952309520191614
566,"(RRX((, FqX)))",-0.0068163526797887595,no,,,10893,2.2952309520191614
567,"(qXcXLX, LX)",0.12322609375989013,no,,,10893,2.2952309520191614
568,rXqCXrFcX,0.034315181230094825,no,,,10893,2.2952309520191614
569,CXrqFXrcX,0.06869186474515199,no,,,10893,2.2952309520191614
570,RqXrCXqCX,0.09730629148123274,no,,,10893,2.2952309520191614
571,"q(rcX(X,), mX)",0.01656067215489932,no,,,10893,2.2952309520191614
572,"(QXCXXQX, X)",0.11875139645126097,no,,,10893,2.2952309520191614
573,XrrMcXCXX,0.06798991982942713,no,,,10893,2.2952309520191614
574,LcXCqXcMqX,0.05056129748187615,no,,,10893,2.2952309520191614
575,XQQCXXCX,0.1319349431796841,no,,,10893,2.2952309520191614
576,"(RcMXX, X)",0.007626231494146594,no,,,10893,2.2952309520191614
577,CXRXRcXX,0.03690103773784521,no,,,10893,2.2952309520191614
578,"Cq(X, FXXX)",0.12624093989921367,no,,,10893,2.2952309520191614
579,XXQcXcXX,0.12005355080415639,no,,,10893,2.2952309520191614
580,"(MCRX RCX,X)",0.07721935771901937,no,,,10893,2.2952309520191614
581,"(X, fXQXcXXX)",0.0725921303923115,no,,,10893,2.2952309520191614
582,"(QXCLXXrX, qX)",0.14635953205532926,no,,,10893,2.2952309520191614
583,"X(RXCXX,rcX)",0.11866719156824461,no,,,10893,2.2952309520191614
584,"((qXmCXCX), XX)",0.19215503026233116,no,,,10893,2.2952309520191614
585,LXRRmcXXX,0.10962834772183754,no,,,10893,2.2952309520191614
586,qXFCXXcMXXX,0.041012919576416965,no,,,10893,2.2952309520191614
587,FXCqCXX,0.049830762324678514,no,,,10893,2.2952309520191614
588,"(X, RfQcXXfX)",0.12575774224205444,no,,,10893,2.2952309520191614
589,QXQlCXXCX,0.09379521409515487,no,,,10893,2.2952309520191614
590,qXrfCCXXXX,0.15238158642272293,no,,,10893,2.2952309520191614
591,XXrLLcXXX,0.039764125479000885,no,,,10893,2.2952309520191614
592,"(XRclQXLX, X)",0.09583785405126498,no,,,10893,2.2952309520191614
593,"(X, RRXlCCX)",0.08323498873303602,no,,,10893,2.2952309520191614
594,QcXRlXX,0.006401179365979766,no,,,10893,2.2952309520191614
595,XCQXcXX,0.1386316164450373,no,,,10893,2.2952309520191614
596,"qC(XrXCXX, X)",0.25342742889939246,no,,,10893,2.2952309520191614
597,"((rrXMCX), X)",0.1231905735908502,no,,,10893,2.2952309520191614
598,"(X, rLcXcX)",0.10026894992050961,no,,,10893,2.2952309520191614
599,"(QCLmX(CX), X)",0.10028264585538885,no,,,10893,2.2952309520191614
600,"R(mX(, X))",-0.009999999999999714,no,,,10893,2.2952309520191614
601,XRQCLXRCCX,0.18207256359622206,no,,,10893,2.2952309520191614
602,qXcCqXX,0.0004186233263829249,no,,,10893,2.2952309520191614
603,c(RmXXX),-0.009999999999982937,no,,,10893,2.2952309520191614
604,"(QXFcXX, X)",0.09667891487401242,no,,,10893,2.2952309520191614
605,CXqmXX,0.0011805211573361232,no,,,10893,2.2952309520191614
606,"(XRmlMMX(, X), X)",0.041493206537177994,no,,,10893,2.2952309520191614
607,XrrcXXX,0.07226520954713604,no,,,10893,2.2952309520191614
608,cXqcXXMXXX,0.11971501385208844,no,,,10893,2.2952309520191614
609,XRcQQmXXX,0.11268069019493773,no,,,10893,2.2952309520191614
610,"(X(, (RLLXccX)))",0.12780835509423483,no,,,10893,2.2952309520191614
611,CXrqCXMXX,0.09854184345389327,no,,,10893,2.2952309520191614
612,"rC(qXMCX, rfX)",0.12336550254261129,no,,,10893,2.2952309520191614
613,"(RX(X, ))",-0.009999999999589101,no,,,10893,2.2952309520191614
614,"rF(XqmX(, CX), cX)",0.29525394840905167,no,,,10893,2.2952309520191614
615,"(rMLCX(fcX, ), X)",0.0921427182143114,no,,,10893,2.2952309520191614
616,"(XRccQX(cX), X)",0.1647418554429833,no,,,10893,2.2952309520191614
617,"(X, cLqXfCXCX)",0.2835829007804171,no,,,10893,2.2952309520191614
618,qX(ccXrXFXXFX),0.19234300913978922,no,,,10893,2.2952309520191614
619,"(rqXCX, cX)",0.09833496663477183,no,,,10893,2.2952309520191614
620,"C(qX(CXrFX), LX)",0.13474491097504182,no,,,10893,2.2952309520191614
621,FXrqcLXcX,0.1590265121125568,no,,,10893,2.2952309520191614
622,"(RCcfQX(CX), QX)",0.07532570797550261,no,,,10893,2.2952309520191614
623,rXRcXRFX,0.019333414766645574,no,,,10893,2.2952309520191614
624,"(X, RQX(, qX))",0.12278248639899994,no,,,10893,2.2952309520191614
625,"(rqXc(cX), X)",0.13368833570282387,no,,,10893,2.2952309520191614
626,"c(RMXQXCX, X)",0.06573453235454416,no,,,10893,2.2952309520191614
627,"((FQXCLXXX), X)",0.14635266096853322,no,,,10893,2.2952309520191614
628,"(X,RXm(, X))",0.07812188522764746,no,,,10893,2.2952309520191614
629,"q(LXQcX, X)",0.07809677095166084,no,,,10893,2.2952309520191614
630,CCXrrLCXX,0.13892374891407336,no,,,10893,2.2952309520191614
631,X(CXrrLXX QX),0.09365226174360101,no,,,10893,2.2952309520191614
632,"((qCqCXXX), X)",0.18213280131328566,no,,,10893,2.2952309520191614
633,QcLXmXQXqX,0.013179330578505094,no,,,10893,2.2952309520191614
634,"(LXrrLCX(XX), )",0.11157218864765689,no,,,10893,2.2952309520191614
635,"(rXccX, RX)",0.08459634123140884,no,,,10893,2.2952309520191614
636,"(QX(XQCXX), XX)",0.1702594696826436,no,,,10893,2.2952309520191614
637,"(rcqXX, cX)",0.05552652378456374,no,,,10893,2.2952309520191614
638,fXC(qXrCXCXX),0.2967693457412759,no,,,10893,2.2952309520191614
639,"(XCqXLXXX, XX)",0.14860417579051685,no,,,10893,2.2952309520191614
640,qLXCCXXXX,0.07283671001945544,no,,,10893,2.2952309520191614
641,"(FQQXCCXXX, X)",0.24782924669904305,no,,,10893,2.2952309520191614
642,cMXXqmXCXX,0.09915907678860143,no,,,10893,2.2952309520191614
643,CQXRXrX,0.020656185799544393,no,,,10893,2.2952309520191614
644,QCMXRCXX,0.07445884706046799,no,,,10893,2.2952309520191614
645,"r(rX CFX,X)",0.12319608839575305,no,,,10893,2.2952309520191614
646,"Q(X,cX X X)",0.07953985494218775,no,,,10893,2.2952309520191614
647,"f(RX(, ,X), X)",0.089728263826598,no,,,10893,2.2952309520191614
648,RCQlXX,-0.007746741177770254,no,,,10893,2.2952309520191614
649,"(qXX(rcXX), X)",0.208678526787919,no,,,10893,2.2952309520191614
650,LXrqCCXXX,0.16832794153779573,no,,,10893,2.2952309520191614
651,XQMQcXlXRX,0.07244810270471269,no,,,10893,2.2952309520191614
652,"(QCXXCFXX, X)",0.2597744427540611,no,,,10893,2.2952309520191614
653,"Q(CXX, X)",0.031082853650743886,no,,,10893,2.2952309520191614
654,"(RXL(RX, ), X)",0.15720173908016258,no,,,10893,2.2952309520191614
655,"C(X(qX), qXXXX)",0.16942179888985928,no,,,10893,2.2952309520191614
656,cXqcqXXcmX,0.15988111787824566,no,,,10893,2.2952309520191614
657,"(X, rrcXXXXCX)",0.11929438484714391,no,,,10893,2.2952309520191614
658,"(rrCXXX, X)",0.14335454330034691,no,,,10893,2.2952309520191614
659,rLXmcX,-0.009999999999999688,no,,,10893,2.2952309520191614
660,XrrcfXrXcX,0.09281179743052821,no,,,10893,2.2952309520191614
661,"(X, RRccXXXFX)",0.2192585735992569,no,,,10893,2.2952309520191614
662,RLXXrCLCXXX,0.12839108999488716,no,,,10893,2.2952309520191614
663,(XRQCX RLX),0.08533121785339998,no,,,10893,2.2952309520191614
664,XrrFCXX,0.05350943027085599,no,,,10893,2.2952309520191614
665,"(rLQX, rXCXX)",0.1435077220371397,no,,,10893,2.2952309520191614
666,"X(X, cqXXqXX)",0.13012745987663588,no,,,10893,2.2952309520191614
667,XrcFXQXXXcX,0.10695554432812086,no,,,10893,2.2952309520191614
668,"M(mQX(XX, ), LX)",0.17171191783180356,no,,,10893,2.2952309520191614
669,"(CX, rCXqXX)",0.12434918758370124,no,,,10893,2.2952309520191614
670,XFcqXrcLXX,0.12712765970623158,no,,,10893,2.2952309520191614
671,"rqC(XXX, mX)",0.09282057162359109,no,,,10893,2.2952309520191614
672,"lLQ(XcX, XCX)",0.10889856755101346,no,,,10893,2.2952309520191614
673,"(QXcXX, XX)",0.18281700651545613,no,,,10893,2.2952309520191614
674,"L(fX, FqXCX)",0.10980235869298174,no,,,10893,2.2952309520191614
675,XcQXQXLX,0.07860309596491603,no,,,10893,2.2952309520191614
676,"(FXC(LLqXXX), X)",0.11450475428542245,no,,,10893,2.2952309520191614
677,"(RQCXXXX, XfX)",0.12037481245945612,no,,,10893,2.2952309520191614
678,XcQQXcX,0.08025783061330204,no,,,10893,2.2952309520191614
679,XRLCCmXMXMX,0.07774809148398637,no,,,10893,2.2952309520191614
680,"(QCCXC(((FXX))), X)",0.18967914035374794,no,,,10893,2.2952309520191614
681,"(X, ccMqcXX)",0.06706723414924179,no,,,10893,2.2952309520191614
682,rcXcQQXXqcX,0.27630556056203953,no,,,10893,2.2952309520191614
683,rcXcX,-0.009999999999999702,no,,,10893,2.2952309520191614
684,XcQXcXXrX,0.10581708011690812,no,,,10893,2.2952309520191614
685,"CQ(QXQCXX, FcX)",0.2124866470301733,no,,,10893,2.2952309520191614
686,XRcXFQXX,0.06094545279989302,no,,,10893,2.2952309520191614
687,XrrlCXXX,0.06364463115709755,no,,,10893,2.2952309520191614
688,"(qqXCXX,, FcLX)",0.13515021915934042,no,,,10893,2.2952309520191614
689,XRCXCX,0.04642632182342665,no,,,10893,2.2952309520191614
690,"(rXCrCXX, MX)",0.12429203509844251,no,,,10893,2.2952309520191614
691,XrcqXcXcXX,0.1563452614684825,no,,,10893,2.2952309520191614
692,"(rQqX(qcQmX), X)",0.08579358899133181,no,,,10893,2.2952309520191614
693,"(RCXMCLX, X)",0.11998235991092565,no,,,10893,2.2952309520191614
694,XQQcXX,0.039975314289966236,no,,,10893,2.2952309520191614
695,"rq(XqCCX, X)",0.1336721640413483,no,,,10893,2.2952309520191614
696,"X(rXf(rCXX), X)",0.19453473049892567,no,,,10893,2.2952309520191614
697,XFCQ(QC XLX),0.0999149538102335,no,,,10893,2.2952309520191614
698,MXCMXqXCX,0.053593416979830326,no,,,10893,2.2952309520191614
699,(rXrcqFXFX),0.055289645199429006,no,,,10893,2.2952309520191614
700,"q(CXmX, X)",0.033108070699113916,no,,,10893,2.2952309520191614
701,"(rqCXX, X)",0.05651094886843349,no,,,10893,2.2952309520191614
702,"c(rXrlX(X), X)",0.075996965408706,no,,,10893,2.2952309520191614
703,"(lqX(CX), X)",0.028174269423597565,no,,,10893,2.2952309520191614
704,LXCqmXqXCX,0.16771870217130783,no,,,10893,2.2952309520191614
705,"LCQ(FX, RXCX)",0.15912229011373943,no,,,10893,2.2952309520191614
706,cXXRcXXX,0.066800106800614,no,,,10893,2.2952309520191614
707,"(RCX(FXqX), X)",0.06069735673433261,no,,,10893,2.2952309520191614
708,"r(, X(X, ))",-0.009999999999999714,no,,,10893,2.2952309520191614
709,"qC(,qXX, X)",0.04977315072563114,no,,,10893,2.2952309520191614
710,"(qcXXX,XX, X)",0.05989740464310878,no,,,10893,2.2952309520191614
711,"(rXC(X), X)",0.047419685016355136,no,,,10893,2.2952309520191614
712,"Cq(XX,X, )",0.030518416879792055,no,,,10893,2.2952309520191614
713,"R(XFCX, QX)",0.05002915287335382,no,,,10893,2.2952309520191614
714,rLXrCqXqX,0.14663109390514412,no,,,10893,2.2952309520191614
715,"R(fcX, CQXCX)",0.12152610818156089,no,,,10893,2.2952309520191614
716,mQCfXcXCXX,0.014235856349729292,no,,,10893,2.2952309520191614
717,"RX(cQXXX, X,)",0.13951528615590986,no,,,10893,2.2952309520191614
718,"L(X, rMLXXCX)",0.09426814961026549,no,,,10893,2.2952309520191614
719,qCXXXX,-0.0032431286617509735,no,,,10893,2.2952309520191614
720,XCXrXX,0.0034856781566534978,no,,,10893,2.2952309520191614
721,LXRRccXLX,0.14263379500929624,no,,,10893,2.2952309520191614
722,"(LXQX(cXX), mX)",0.11891912838086939,no,,,10893,2.2952309520191614
723,ccXqXrX,0.01981987566822584,no,,,10893,2.2952309520191614
724,"(,XQCXXCXX)",0.14687682828258694,no,,,10893,2.2952309520191614
725,XclqmX cX,0.029619016034456967,no,,,10893,2.2952309520191614
726,cqLMMXrXFXX,0.04954473213180914,no,,,10893,2.2952309520191614
727,"(RcX(QlX), X)",0.005937742961401306,no,,,10893,2.2952309520191614
728,"(,cQXXX, X)",0.13601032108161049,no,,,10893,2.2952309520191614
729,"q(,rfX, CXMX)",0.04121553751914225,no,,,10893,2.2952309520191614
730,"(,rqXCXlX, X)",0.17452486988684968,no,,,10893,2.2952309520191614
731,XrCXX,0.019291175276149465,no,,,10893,2.2952309520191614
732,"(qXXqCX, FX)",0.0850092052145236,no,,,10893,2.2952309520191614
733,XcFQXXXRcX,0.08747638073817356,no,,,10893,2.2952309520191614
734,XcXfQcXXfXX,0.1959839600429085,no,,,10893,2.2952309520191614
735,cXQQXXmcX,0.06268947458767099,no,,,10893,2.2952309520191614
736,"(fQX(fCFX), X,)",0.05587350000566279,no,,,10893,2.2952309520191614
737,"((rCXX), RX)",0.033101832215923485,no,,,10893,2.2952309520191614
738,XrrfCXQX,0.05350320640418795,no,,,10893,2.2952309520191614
739,cmXrqXfX,0.02689447937353647,no,,,10893,2.2952309520191614
740,"(RXRRcfXX, lX)",0.08815262224356646,no,,,10893,2.2952309520191614
741,"((rqXRCX), X)",0.1231918061125691,no,,,10893,2.2952309520191614
742,c(XqXmX),-0.001425947714471322,no,,,10893,2.2952309520191614
743,"(RCXX(rX), rLX)",0.06795073150530918,no,,,10893,2.2952309520191614
744,"(CqX(LXX), X)",0.08447378237088081,no,,,10893,2.2952309520191614
745,"q(X, XCX)",0.07606550293218593,no,,,10893,2.2952309520191614
746,"rC(X, FXXX)",0.10074885458487667,no,,,10893,2.2952309520191614
747,"X(X, RQXCXX)",0.2162998595280039,no,,,10893,2.2952309520191614
748,"f(rqX((cX), ), X)",0.14270817512809827,no,,,10893,2.2952309520191614
749,"(XX, qXCXqX)",0.18281700651545651,no,,,10893,2.2952309520191614
750,XXrCCXXrXXX,0.15907375923564757,no,,,10893,2.2952309520191614
751,XMcQXrlCX,0.01811995140210848,no,,,10893,2.2952309520191614
752,"(X,RLlQXFClX)",0.054573189783848786,no,,,10893,2.2952309520191614
753,rCqXX,-0.008766405488882986,no,,,10893,2.2952309520191614
754,cXXRQXCX,0.05742125425297452,no,,,10893,2.2952309520191614
755,"(RcXF(XX), cX)",0.10073999836477653,no,,,10893,2.2952309520191614
756,"c(rX(LcX),LX)",0.12704912555429865,no,,,10893,2.2952309520191614
757,"(XCQX(XX), X)",0.05286826777272818,no,,,10893,2.2952309520191614
758,"(rcXX, cX)",0.033152766549814014,no,,,10893,2.2952309520191614
759,"C(rX RRLCXXX,)",0.13188175833062343,no,,,10893,2.2952309520191614
760,(QXrcqcXMXXXX),0.156442481252399,no,,,10893,2.2952309520191614
761,XC(rqXX),0.05350452267396982,no,,,10893,2.2952309520191614
762,XCfXqCXCX,0.07980651489012795,no,,,10893,2.2952309520191614
763,"(X(X), QcXXX)",0.0884503312075636,no,,,10893,2.2952309520191614
764,RcXXX,-0.009999999999982937,no,,,10893,2.2952309520191614
765,XlqCMXlX,0.0031515727303146,no,,,10893,2.2952309520191614
766,"(XmcX, QXXCX)",0.0514545071873839,no,,,10893,2.2952309520191614
767,qC(X rCXX),0.10965458958704764,no,,,10893,2.2952309520191614
768,"L(LQXX(LcX), lX)",0.22533794949197192,no,,,10893,2.2952309520191614
769,"(fmqqCXCXX, FX)",0.2783159351064705,no,,,10893,2.2952309520191614
770,"(QQX(cX), lfX)",0.09716075655960799,no,,,10893,2.2952309520191614
771,"(qClX(XLX), X)",0.0827883905797519,no,,,10893,2.2952309520191614
772,"(RCXCX, rX)",0.0772193577190193,no,,,10893,2.2952309520191614
773,"(qXXrQcX, X)",0.06654014241997103,no,,,10893,2.2952309520191614
774,cXcXRcXX,0.05043027122600874,no,,,10893,2.2952309520191614
775,"(rCMXXQ(X), X)",0.06039912733850024,no,,,10893,2.2952309520191614
776,LXCQFQXX,0.055812880786996276,no,,,10893,2.2952309520191614
777,"c(RcXX, X)",0.09100169897506344,no,,,10893,2.2952309520191614
778,"(QX(XcXLX), cX)",0.3794949766003376,no,,,10893,2.2952309520191614
779,"(QXcX, RLQqX)",0.07745023511344185,no,,,10893,2.2952309520191614
780,qXCqqXCXX,0.12938785694530025,no,,,10893,2.2952309520191614
781,"(CX, qCXXX)",0.12547377697884587,no,,,10893,2.2952309520191614
782,"(mXrX(cXX), lXX)",0.07805140257510014,no,,,10893,2.2952309520191614
783,"(LQfXXFcfX, X)",0.15564687731335092,no,,,10893,2.2952309520191614
784,"(rlMX(cXqX), XX)",0.09874543442945877,no,,,10893,2.2952309520191614
785,"Q(XCX, qX)",0.05003826965378655,no,,,10893,2.2952309520191614
786,XmXQXcX,-0.009999999999731102,no,,,10893,2.2952309520191614
787,LXrrcXQcLX,0.20109136904606378,no,,,10893,2.2952309520191614
788,R(qXcXX),0.00027079705849471545,no,,,10893,2.2952309520191614
789,"cQ(LXXX, X)",0.16358309183630285,no,,,10893,2.2952309520191614
790,XCqXMXqXX,0.0632770562515412,no,,,10893,2.2952309520191614
791,XRcmXQXrX,0.06096081611732583,no,,,10893,2.2952309520191614
792,"f(RRCXX, X)",0.05566330668097015,no,,,10893,2.2952309520191614
793,"(RLFX, RXRCX)",0.06069837511824847,no,,,10893,2.2952309520191614
794,"q(rFClXXfX, X)",0.08301391471236537,no,,,10893,2.2952309520191614
795,(CXXC(QXXXX)),0.12224143903681707,no,,,10893,2.2952309520191614
796,"FC(QLXX, X)",0.04143486995456235,no,,,10893,2.2952309520191614
797,"(QfX(qMcX), fX)",0.0759628656782526,no,,,10893,2.2952309520191614
798,"(RRMX(cX), X)",0.12319540084211943,no,,,10893,2.2952309520191614
799,"Xcc(RXXrX,X)",0.1527965395092944,no,,,10893,2.2952309520191614
800,"(r(rMcXX, ), X)",0.05533389718367356,no,,,10893,2.2952309520191614
801,QLXFCXX,0.009274558299101104,no,,,10893,2.2952309520191614
802,"(FCqXXX, FX)",0.07971437898738212,no,,,10893,2.2952309520191614
803,"(QXXR(X, ), fcX)",0.1664564191595571,no,,,10893,2.2952309520191614
804,XRRFCXX,0.055355597126713396,no,,,10893,2.2952309520191614
805,"(RRXXcMX, qX)",0.09111200641814877,no,,,10893,2.2952309520191614
806,"(RcX(X), X)",0.007626231494146594,no,,,10893,2.2952309520191614
807,"(cQXc(X),, X)",0.05091077021176125,no,,,10893,2.2952309520191614
808,XXrqCXCXX,0.18979275061982814,no,,,10893,2.2952309520191614
809,"(X, qcXrcX)",0.07723005414779273,no,,,10893,2.2952309520191614
810,XXRcQXcXX,0.18979275061982792,no,,,10893,2.2952309520191614
811,"L(X(X), RccXXX)",0.2163593743925697,no,,,10893,2.2952309520191614
812,"Lq(XqCX((X), X), X)",0.4493763047050136,no,,,10893,2.2952309520191614
813,XrcXrXX,0.05105040005632752,no,,,10893,2.2952309520191614
814,mXrqcXXX,0.08624770496691027,no,,,10893,2.2952309520191614
815,"(mQXCXXX, X)",0.11875139645127426,no,,,10893,2.2952309520191614
816,CXQXcfX,0.06374738831952884,no,,,10893,2.2952309520191614
817,"(RCLCCX(QXX), X)",0.15584668589835327,no,,,10893,2.2952309520191614
818,XrccqXrXQX,0.1418354233184554,no,,,10893,2.2952309520191614
819,"(cX, RCLXcX)",0.06670668223843142,no,,,10893,2.2952309520191614
820,"(qXqXCXX, FQX)",0.17707760871116593,no,,,10893,2.2952309520191614
821,cQXcMXRMXFXX,0.12466005239735832,no,,,10893,2.2952309520191614
822,XCCXqqXX,0.045158710746053626,no,,,10893,2.2952309520191614
823,XcXqMXCXX,0.15041340619472024,no,,,10893,2.2952309520191614
824,"(XQXfQcXX, qX)",0.2510427458500048,no,,,10893,2.2952309520191614
825,XXCqXCXXX,0.19298805995398785,no,,,10893,2.2952309520191614
826,"(X, rcqXXX)",0.11378117315077943,no,,,10893,2.2952309520191614
827,"((X), lLqccXXcX)",0.1750025739585759,no,,,10893,2.2952309520191614
828,LXrqCXmfX,0.06860452641069516,no,,,10893,2.2952309520191614
829,"Q(XCX, (QLX))",0.052206840658380466,no,,,10893,2.2952309520191614
830,"(RCfX(MX), MX)",0.03107730841636381,no,,,10893,2.2952309520191614
831,XXqqCXXFX,0.08637078452171001,no,,,10893,2.2952309520191614
832,"Q(XQ(cXX), (rX), X)",0.21576588007174938,no,,,10893,2.2952309520191614
833,"(QX(XcX), X)",0.12229962919755635,no,,,10893,2.2952309520191614
834,"q(mLqXX(CX), X)",0.1467983621335208,no,,,10893,2.2952309520191614
835,"(X, RFqFQXcX)",0.10347035487285168,no,,,10893,2.2952309520191614
836,"q(XcXX,,QCX)",0.06810268602668797,no,,,10893,2.2952309520191614
837,XCQXXXcX,0.06221248595291838,no,,,10893,2.2952309520191614
838,"(qLXc(XlX), MX)",0.07466749296764953,no,,,10893,2.2952309520191614
839,"r(qMX((cX), ), X)",0.14270817512809827,no,,,10893,2.2952309520191614
840,"(QXQlCXX, X)",0.08673154472031787,no,,,10893,2.2952309520191614
841,XrFCXqCXX,0.09686595515915722,no,,,10893,2.2952309520191614
842,LXrcqXXfX,0.11406322392851209,no,,,10893,2.2952309520191614
843,"L(CcX, rXCX)",0.1299234883965047,no,,,10893,2.2952309520191614
844,"C(mX, qXqX)",0.03733015827225122,no,,,10893,2.2952309520191614
845,"R(LX, XRXCXX)",0.22914405526080642,no,,,10893,2.2952309520191614
846,(cXrcX XX),0.051168352854702524,no,,,10893,2.2952309520191614
847,rXrrmCXFX,0.09186006697794075,no,,,10893,2.2952309520191614
848,XRCXrCX,0.04642632182342655,no,,,10893,2.2952309520191614
849,"(RCCFXX(X), XX)",0.11945592349843721,no,,,10893,2.2952309520191614
850,"R(X, cXX)",0.03310183221592351,no,,,10893,2.2952309520191614
851,"(cqXXXX, McXX)",0.12088024809860326,no,,,10893,2.2952309520191614
852,"(rmqCX(X), X)",0.05651094886843349,no,,,10893,2.2952309520191614
853,RXQXLCQXXCX,0.23282844613870107,no,,,10893,2.2952309520191614
854,"F(RX(, X), X)",0.06773377942529743,no,,,10893,2.2952309520191614
855,cMQXXcX,0.0043326703630679414,no,,,10893,2.2952309520191614
856,c(XcQXQ( X)),0.03875062497502581,no,,,10893,2.2952309520191614
857,"(qXcXcQX, lXX)",0.14406705328712177,no,,,10893,2.2952309520191614
858,"Q(QXCXQX(MX), MX)",0.16745287230058006,no,,,10893,2.2952309520191614
859,clFXqXXXqX,0.013544980282950016,no,,,10893,2.2952309520191614
860,"(XX,qFXcXFcXX)",0.24909106731783803,no,,,10893,2.2952309520191614
861,CXLXrLXcX,0.049253844992300296,no,,,10893,2.2952309520191614
862,"(qXLXfCX, XX)",0.10525164764409506,no,,,10893,2.2952309520191614
863,CXLQX XlX,0.020024174172633417,no,,,10893,2.2952309520191614
864,q(XrqlcXXX),0.06414839580606127,no,,,10893,2.2952309520191614
865,XQCLXLX,0.04021859809185341,no,,,10893,2.2952309520191614
866,XRcQXXX,0.07286245528801216,no,,,10893,2.2952309520191614
867,"(XX, cQXcXX)",0.24255709878386375,no,,,10893,2.2952309520191614
868,fQXXfLFcX,-0.009999999999998737,no,,,10893,2.2952309520191614
869,XQQcXfQXMX,0.08949003887615106,no,,,10893,2.2952309520191614
870,RXXXRcXX,0.008762067620058447,no,,,10893,2.2952309520191614
871,"(rlCX, rXCX)",0.05357842829186189,no,,,10893,2.2952309520191614
872,CXqXrCXXX,0.16877822857892413,no,,,10893,2.2952309520191614
873,"(XRXlQcX(X), rmX)",0.12990412743661553,no,,,10893,2.2952309520191614
874,"rc(X(, X), fXXX)",0.09335954583676316,no,,,10893,2.2952309520191614
875,CXRRCXRXCX,0.18139534101005045,no,,,10893,2.2952309520191614
876,"(rCmXRCfX, X)",0.08800708939159675,no,,,10893,2.2952309520191614
877,"(q(CqFXCXQX), X)",0.2808605253180754,no,,,10893,2.2952309520191614
878,rXRCXLX,0.024974211533250558,no,,,10893,2.2952309520191614
879,XrqCFXXRX,0.07284747906034504,no,,,10893,2.2952309520191614
880,XlMcFqXlXX,0.02830165337518576,no,,,10893,2.2952309520191614
881,XfmcMXrXX,0.005940697247223817,no,,,10893,2.2952309520191614
882,rrXqlCXX,0.005455959460210331,no,,,10893,2.2952309520191614
883,qXrmCXX,0.045284593457676985,no,,,10893,2.2952309520191614
884,fXfXCQXXX,0.03309663418145035,no,,,10893,2.2952309520191614
885,LXRmFQcXfXX,0.11670402210227138,no,,,10893,2.2952309520191614
886,"r(X(, CX), X)",0.0778986482151789,no,,,10893,2.2952309520191614
887,cXcqXLX,0.0481496936536103,no,,,10893,2.2952309520191614
888,XcQmXmXrX,0.0499791292564695,no,,,10893,2.2952309520191614
889,"q(FX, XcXQX)",0.08461091897488578,no,,,10893,2.2952309520191614
890,XrqCXLX,0.09222705915084067,no,,,10893,2.2952309520191614
891,"L(FM(mLX), cCLLLfMLcQXm(LLmXLLXFLcX(L(qLMLX))))",1.1750661826946172,no,,,10893,2.2952309520191614
892,"QLLFXfXFL(rLQXLLMX, XcXXRcX(rLLXLMLX))",1.3989495082744294,no,,,10893,2.2952309520191614
893,"(LLMLmmQXrcLLcX, XRmLcXLLXX, RlLmcXRRLccFXLLLMMqLqMXX)",1.6594359639681904,no,,,10893,2.2952309520191614
894,"m(RLLX, LMMqXLQCfMCFLFfCLCXLLmQCXFCLLLLMXrrrrLLXLMX)",1.175325746653458,no,,,10893,2.2952309520191614
895,"FqCLLL(rCXC(rrqCMLmCL(CfLfLrcLLLLXXRLRLXLLLX), , ), QmLmqX)",2.1288677425663063,no,,,10893,2.2952309520191614
896,fQLXmQLLXCmLLqMCfqXLLmLFXLCFXRLLLXRRCqFqFLLLLLX,1.2979001295406334,no,,,10893,2.2952309520191614
897,"rLLmF(LXrmCX, LLXmqCXLLCfLX, MmqqXcQXXRRMmX, XrCXMmQCFLX)",1.4268458569597038,no,,,10893,2.2952309520191614
898,"(MRqLLX, MmFXqcFXFXfcXqXLLLXRX)",0.8521100961432545,no,,,10893,2.2952309520191614
899,"rFLmXLLLF(rLXCqXCLFMXLLLqXfLqLFL(LX, ), XMMLqqX)",1.3508421815051814,no,,,10893,2.2952309520191614
900,MMLLLQXLMLXCCLLqXXlXXfFFLLLLLCMXMLMLFX,1.3072471879155014,no,,,10893,2.2952309520191614
901,"rMmLL(LfX, MXqLFLFcLcFXfLLcXLqqmqLXQFqLX, )",1.2646213446167542,no,,,10893,2.2952309520191614
902,"mMLX(, , cQFLXMXFXRLMf(FMLLLLLLX, rQCX), LLX)",1.1206718361260375,no,,,10893,2.2952309520191614
903,"MmLLm(, LFX, FmQLXMLXLLCXLLMLCXqXX)",1.2005259243537563,no,,,10893,2.2952309520191614
904,"LXXL(RLFLcFLMFL((RMLmXLMLMcFXLFXX, ), X,rF(MQX)))",1.3769494260484412,no,,,10893,2.2952309520191614
905,rFLLFXrfXLfFLLcXRqQMLccLXlFmFXXmqLLLLXcLMX,1.1705708571169713,no,,,10893,2.2952309520191614
906,"L(XffLXrLLfXL(fqfLLXLLcfFfLXrLMMcXmfLmLXlFXfLmFLX, ) )",1.0847896442163383,no,,,10893,2.2952309520191614
907,"LLLFfL(LcqqFcLLXcXFXRXX, LqL(, RLX))",1.1931936856192127,no,,,10893,2.2952309520191614
908,"LcLMmc(LLX, LcLqFXFXmXcfLfLLLqXX(mLfLX), X)",1.1041213956033546,no,,,10893,2.2952309520191614
909,"LL(, rrmmLX, (rrfLLLXLLccLLXLLXX(rrCqqCqCLX)))",1.7569976983622084,no,,,10893,2.2952309520191614
910,"((mLXLCLLLQLQXCMXXLLLLXCXLmLXRRLLLFLX, , , , , rlQX))",1.1501789416485986,no,,,10893,2.2952309520191614
911,"F(qLXLFLX, , rrCClXLLLCXRLqLX, XLMLX, CLqqXRLX)",1.3968067453961959,no,,,10893,2.2952309520191614
912,"fXLLLMXLLmL(MFXrMX, RRcXmFcfXfLMLXRmmqLQXLLfX)",1.2753088955131584,no,,,10893,2.2952309520191614
913,RLXqLLLCCXLLLXCLFMXFXRfqLLLFLX,1.4493014463104037,no,,,10893,2.2952309520191614
914,"L(, ,LL((LCCCFXRRLLLLLLXCXLLXFXc(rrX), )), RCMFLCX)",1.3337719002032529,no,,,10893,2.2952309520191614
915,XrlMLLmXLLQCLXQCCLXLLfCMLXqXlXcFLX,1.1901755849162594,no,,,10893,2.2952309520191614
916,"(MX, LmXLL(FmLXrcX, XRRcccXLFXFLLXqqXX))",1.4209357301813135,no,,,10893,2.2952309520191614
917,LXRRLCCXMCLLfXFmmLXFLFLFX,1.267102388513067,no,,,10893,2.2952309520191614
918,"mLLmFFFm(L((QXmmXccLmMLLfXLmLfLLLqX, , rLLqmLX, QFFmFFX)))",1.2067982761916078,no,,,10893,2.2952309520191614
919,LQXRLLXQCLCLLXMXCXmLLXLFLLMFLX,1.1432625991379537,no,,,10893,2.2952309520191614
920,"(mmLQCXLLXLLLXLfQLQLL(RX, , , RMFFXrLmmQMX, ), Q(LLX))",1.1914845309360418,no,,,10893,2.2952309520191614
921,"CLLL(RRMflLcXmLmX(cLLcLXRMLMLX), CX, rqLLX,)",1.3452029975016149,no,,,10893,2.2952309520191614
922,FX XCMqXqXLCLCMXLXLCLXMXLmX,1.0213907638678446,no,,,10893,2.2952309520191614
923,"lLL(LLL(XrrXCLLLCLLXRRLLLmX, qQX),rrFX)",1.1450681446892637,no,,,10893,2.2952309520191614
924,"fLX((QCXMXCfXFQLX(XrLLL(rLX)), QLQLLfLX))",0.9709013289241724,no,,,10893,2.2952309520191614
925,"LL(qfXFCfXXfXLCmMXQQmX, RLXRLX)",0.8976092786425514,no,,,10893,2.2952309520191614
926,rqfLLXFLXcLLcLLmQFXRccLXrLXffXfqXcX,1.081399199496731,yes,B4,5,10893,2.2952309520191614
927,LLcqLFMMXLMMQLLcQcXFXlFMXrLMXrLLLXLLqLLLX,1.2179834883117202,yes,B5,5,10893,2.2952309520191614
928,"LLLX(LX, RRFXFXFcfX(MLXmXMFMXX))",1.4949445999283635,no,,,10893,2.2952309520191614
929,"FFMXLLfM((rXqLmLLLLLCCmXL(L((CmMXLQX)))), ((FXRMX)))",1.1483305325067994,no,,,10893,2.2952309520191614
930,((RRLLfLXLCQLCXmMXFmCfXLXqXMX)),1.279605926047515,no,,,10893,2.2952309520191614
931,LXcQX XXLLXLLLccLQXLfmXMcLXRQLLMXRqFCCFqX,1.161629633637461,no,,,10893,2.2952309520191614
932,LmLMmLmLXRRCCCXmXLLLLLFLXCLMXRX,1.3188119308659838,no,,,10893,2.2952309520191614
933,"Lf(f(rLLLfQXLL((RCCCXCLLFLLXRQLXQ(XmqMLX)))), MX)",1.5482801599210045,no,,,10893,2.2952309520191614
934,"(LLX, LXcLQXLlcLXLMLXLcQXmfcXMX)",1.0949324052645353,no,,,10893,2.2952309520191614
935,RmMFLMXCLCqLLXLXfFXLCFLLLXlqLLLX,1.4188995544151497,no,,,10893,2.2952309520191614
936,"rCcLL(, , rcLXcLLLLLXLLFLLLXXrLL(, RLqmfX), mFFLcX)",1.9216492506053873,no,,,10893,2.2952309520191614
937,"mXmXFLmXmLmL(qLLqXLMCXFFFMQXmmXLLLLFLLX, C(RLcmCX))",1.2712040135751246,no,,,10893,2.2952309520191614
938,fMCLXRfCLCCXLLLLLLQLXMmCXmFXRLfFX(X ),1.2123954221817932,no,,,10893,2.2952309520191614
939,qLLXLmqFcQLXLcFQLFXfcFLXrXfXLXMccfX,1.140208730516639,no,,,10893,2.2952309520191614
940,"FLXrLfmmM((LXFXqFfXLMQLL(LX, , , LLLXLLMMX), rmX, ))",1.565131502473055,no,,,10893,2.2952309520191614
941,rLLLmmFFFcXmmcXfQXlXLLcXLLXrFLX,1.1266337019963435,no,,,10893,2.2952309520191614
942,"((X), L(XRRLMcFXF(LLMLFLLXccXRffQX)))",0.837737303807698,no,,,10893,2.2952309520191614
943,"LCf(LLQ(RLCXLFFFCLXXL(f(LXRFqqX), ), XQfCXLXfLFX))",1.6544502587423893,no,,,10893,2.2952309520191614
944,"LqLf(RXrf(RLQX), LcXXcXLqMXRmLLLLXLX)",1.163727047516055,no,,,10893,2.2952309520191614
945,"LX(FLXMmL(L(X), LX), rrCCCCmXLXLLXRLFqcCX, )",1.4261123172187802,no,,,10893,2.2952309520191614
946,"FLLL(LXLQcXcX, QcXLXLcLXLXLQcLfX)",1.3006509096135626,no,,,10893,2.2952309520191614
947,"LLF(LXLLXL(qLcCqXf(CXRXQLLMLFX)), mLL(LX), )",1.2594763266384932,no,,,10893,2.2952309520191614
948,"FLfXF(qXXFFXrqLL(qLXffqX, , FmFMFXX), LLX)",1.1975932455853449,no,,,10893,2.2952309520191614
949,"LL(((mLXrfXCCLqmLXLMXrFLmLCX)),FFMXRX)",1.2026162802837086,no,,,10893,2.2952309520191614
950,"Lm(LCLL(lQmXmLXCXLXQXCcCX), RLFMXFfFX)",0.9930714129589516,no,,,10893,2.2952309520191614
951,"((FfFRmmX), ((RLLXrMLmCCLLCmLLXFLFLXqCXFLXLLX)))",1.2372231865273675,no,,,10893,2.2952309520191614
952,"CLLL(qmCFLXLFLXXXLXFfXFL(LfCX), X(XrFLX))",1.4720593438724445,no,,,10893,2.2952309520191614
953,"fLQfMf(,L(FLFfXLX,FmmXmcXLXLXcLXrLLqX))",1.310626401808203,no,,,10893,2.2952309520191614
954,RRCLCLXLQmfLqCXLXCXrfCLXMLX,1.3064962620726273,no,,,10893,2.2952309520191614
955,"mLL((X, ML(FqFMCXLLXLCLX(rrLqLqQXFX)), FFQ(, , , X)))",1.6655204743940573,no,,,10893,2.2952309520191614
956,(LXrQXLXLcXQfcLXXcLLXrFX rLQMcLXX),1.1532721000889126,no,,,10893,2.2952309520191614
957,"LLMm(cQMfXM(qcMX(X)), cLLQXcmXLXRMLXqcX, fffFmX)",1.2720763683268255,no,,,10893,2.2952309520191614
958,"LmfMLLc(RXQXcXLFX, Rm(LXLFXLX), RQMLcFXrmLMcMMXfLLX)",1.5935433700188977,no,,,10893,2.2952309520191614
959,"L(RLLqXLmLLcLqXcXFLLLXMFXcmXMLLXLLFX, FLqmX, )",1.3119829551207798,no,,,10893,2.2952309520191614
960,"L(L(,cLfqXXcLmLXfLXfLXrfX,  L(, ccX, CqMLMXX)),)",1.24481241780254,no,,,10893,2.2952309520191614
961,"LLLXLf(RMqQmXF(FXLLLcLcmXLXRMfMX), FFX)",1.329186432295601,no,,,10893,2.2952309520191614
962,rMLqMqFLXRMQcLMLLmccLXLcXfLMXmLFXLQMX,1.2349324442070442,no,,,10893,2.2952309520191614
963,"Cm(rFQLL(LX, ), rmCC(rLLLccXF(M(LLLcLXLFLfXR(LXRX)))))",1.8301457134855246,no,,,10893,2.2952309520191614
964,"FL((LLmL(rQmLfMLX, LLqLLqXLccXXRFXLLLX)),,  )",1.3941556741527048,no,,,10893,2.2952309520191614
965,LCXRXcclLmLmQMmXLLLXcMLQcFLXcMXLLmLX,1.260112269364519,no,,,10893,2.2952309520191614
966,rLLLLLXCCQXLCCLXLLLXRMCXMLXLfMfQX,1.0584620479766418,no,,,10893,2.2952309520191614
967,"qMqLmcc(LL(, FLLXcXRLXrqLqXrLqLX), , (RcQLX))",1.4460401502369955,no,,,10893,2.2952309520191614
968,"Q(, rclLLLFLqFXfcXrLXcLXMXfLMLXqqqfcqX)",1.3164120925785403,no,,,10893,2.2952309520191614
969,"FLXRL(MmLLX, LX(LX((LcQXLLLcXLFMX))))",1.2425230658553732,no,,,10893,2.2952309520191614
970,"(LQffCXLLLLLXCXFXfLLQLXlfCLLX, RQLMLLLXX)",1.0892448862945305,no,,,10893,2.2952309520191614
971,"LXMM(MMf(QX, LCqLqXLCFCXLQmmLLLX), LfLFX)",0.986782894307705,no,,,10893,2.2952309520191614
972,"LLLLXmL(X, RMLmXmXXccFmQXLLLLLLLXXcX)",1.2195778970448026,no,,,10893,2.2952309520191614
973,"FLLL(QXX, LqXFLXLCXm(XLXrLrLLX), rCCX)",1.6272439919478199,no,,,10893,2.2952309520191614
974,LLFXCLXCQMXLXLfLXLfMmfCLmXQXMXFX,0.9972524871513111,no,,,10893,2.2952309520191614
975,"(MRRLLLCFXCLLLmffXLfLLXLfXFqmX, LLMX)",1.8482242330986276,no,,,10893,2.2952309520191614
976,"LqC(LfLMQXCQXLCmmXLLXRXLLLLX, LLmM(mLLMLX))",1.2464028674733258,no,,,10893,2.2952309520191614
977,"m((LLLFLFfXrmLLCFXCCqXXrfFFX), rLFFLX)",0.9310690551812019,no,,,10893,2.2952309520191614
978,rCLFmfXLXRLqXCffmLqCXLcCLCXFCXQmX,1.0821324642446515,no,,,10893,2.2952309520191614
979,"LC(rFLLqXL(RLLmLLqL(LcLXrMLqLLLXLLFX, )), LqQq(LMX))",1.5496840623472166,no,,,10893,2.2952309520191614
980,XLfqLFXRLqLCqLXLCLCfLXfLXLCMfmCmXLmQqLX,1.0899201804594216,no,,,10893,2.2952309520191614
981,RLLLXCqCXmXXfLmXRCLFXffLFLX,1.3299436562792277,no,,,10893,2.2952309520191614
982,"F(f(mXrrFLCXm(LXMXLCLXqX)), rLX)",1.1465075297211558,no,,,10893,2.2952309520191614
983,"RLLQLLLf(,,(CmfmCFXLmfCXq(rLXMmX ),,XCLqCLXLXcX))",1.5597521253404965,no,,,10893,2.2952309520191614
984,"fL(RRLCXrfLLLL(L(, LXfXX(fccX))), fqqLcLQLCLLX)",1.6436685387167584,no,,,10893,2.2952309520191614
985,"fMLLmf(RLfm(, FQXrfmLCCFCFLLLLXLLLXlLLL(FFLFcX)), LCX)",1.3858308558487824,no,,,10893,2.2952309520191614
986,LXmfqClCflCmQQLLmLQFfCfXMLLLMFCXLLqFLLXLLmX,1.361114619257466,no,,,10893,2.2952309520191614
987,"L(LLmm(FLFXRLLfXcQmX(mLLXLLLLFX(LL(LLLFX))), RmFQcX))",1.4548799125967886,no,,,10893,2.2952309520191614
988,"(LFL(MLfCQXMLfLLXLCXMQFXLLLLXLCX, fLmLXFQX) , , MLX)",1.0779427186453796,no,,,10893,2.2952309520191614
989,"rFLmXLLF(MLMLLXMqcCCFLXFCfmXRLL(RFLXrfX), rQLmQMX)",1.4140133282770546,no,,,10893,2.2952309520191614
990,"LQLFL(,mL((, ffX, rLQXCCmLfLQXLQLL((LCCXL(RLLLXMX))))))",1.1833047393494824,no,,,10893,2.2952309520191614
991,"mLcLLFQLQ(X, XmLMfcLCFFCLCLLQXCLLLX(FLfF(RRLmXqQX, ,)),  )",1.817700521717179,no,,,10893,2.2952309520191614
992,"LLLLL(RRmCLXCXLXffMXRqQFc(F(qLlX), mX), rF(M(f(mX))))",1.5978211027479725,no,,,10893,2.2952309520191614
993,"L((MLLXrCmLmccMqLLX(RLMLLXFX(rfCLFX), )) , , )",1.3018557717491872,no,,,10893,2.2952309520191614
994,"fLLLFFL(RQfCXrCLXLLfMLLLQXL(LfX(qLMX)), (RLLX))",1.875533174310703,no,,,10893,2.2952309520191614
995,(FQML( LXLXFqLLCCXLXl(mlXMCXLLLX(MmLX)))),1.3584733049577389,no,,,10893,2.2952309520191614
996,"(LLLmLLFXrCLqXRLMXFLLXFFLXRLfMLLCX, r(L((MXcX))))",1.2269968714040334,no,,,10893,2.2952309520191614
997,(LLMMLLXRRCCCLCfLXLXLXLLCXcMLX ),1.5150700927898273,no,,,10893,2.2952309520191614
998,"LXMLLF(, mQmmLmLXLFCXCLQLmXfXQLXfmmcQLX, XLqX)",1.1574910493830435,no,,,10893,2.2952309520191614
999,"(mFmQCLQLLXcLcXMcmqX(LMMX), FfMQXLX)",0.8901503675639618,no,,,10893,2.2952309520191614
1000,"lFLL(mLX, (X(QXlFXMLcXLXrFLXLfLX)),  )",1.7504295384397461,no,,,10893,2.2952309520191614
1001,"MmLL(,qFXcXccqXrLqqXXRLLcX, rrX(XcX))",0.9319641324712915,no,,,10893,2.2952309520191614
1002,"L(FlLmLLXLLCmXFMqXFXCLfXFLLXLXMqLCX, ,)",1.3644115396823753,no,,,10893,2.2952309520191614
1003,"FL(LFfLXfLqLLfCXFXLLLMmCFXLXMX,QLLXLX)",1.3331220126881045,no,,,10893,2.2952309520191614
1004,MFLQLLLXrMFCqLCCXXLfFXXLLLXLLMLLX,1.2585866275836215,no,,,10893,2.2952309520191614
1005,"MLL(RXmFX,  fFXcLLLQXcQMcLXLLqLXLXLXrcfX)",1.0692639752989919,no,,,10893,2.2952309520191614
1006,"L(f(LLLXrCXLFFXrCLLLLXCLqLXLXC(qX)), LfLLLX)",1.192524690283998,no,,,10893,2.2952309520191614
1007,LQXrLCQqfCLLXLLXFFMXXrmLfLLCXrCFFMFQX,1.1934171360430426,no,,,10893,2.2952309520191614
1008,rLLLXLLcmcmLQfmXmcMXFXFmXXRMX,1.0327477221266326,no,,,10893,2.2952309520191614
1009,"LLX(fLLF(mqFXmLXCXmXLffLLXrLFFLX, X, ), , )",1.5436481183903763,no,,,10893,2.2952309520191614
1010,"LLFLLXLMQFXRLcfcX(mLMLLXLLXr(fqQqqLXlQLlX, ))",1.0431208743714722,no,,,10893,2.2952309520191614
1011,FLLMLCLQCQXLCmXLLXCXLLFFLMXLX,1.3685274371831797,no,,,10893,2.2952309520191614
1012,"mFLXLL(FLLMXrqLCMXCFXrLqLXrLQcLX, fqX)",1.2885798619453444,yes,B5,16,10893,2.2952309520191614
1013,"LLM(fXLCQCLQffLXFLCLXLLXMXRRqcLmLLLLX, X)",1.5282540280586234,yes,B6,1,10893,2.2952309520191614
1014,"fLLQLXMLX(FmFqX, LLQLLFfXLccfXMMLXX, RXLXX)",1.0418633796022843,no,,,10893,2.2952309520191614
1015,"(M(qX), lCXLLFQLXLFCXRCfFXfLLXqFXRLXXLCmX)",1.0652029788887598,no,,,10893,2.2952309520191614
1016,"L(LfFFX, qfqqcFXM(f(LrLLLFLLLmLLFLLFXRQXRffQXmLM(RQmX)), ))",1.9118469155357212,no,,,10893,2.2952309520191614
1017,LLLLFXLQXLLXRCCXXLXmCfMMXFXMFXMQqX,1.032393094694024,no,,,10893,2.2952309520191614
1018,rCFLQLXrrLqXrFFccLMLLLLcXXfmXFMcLXFLLLLLmfMFX,1.3066225402135019,no,,,10893,2.2952309520191614
1019,"mLLq(q(rX), L(F(LX), LFXClmXrMFLCLLXLLmX))",1.3470833162698952,no,,,10893,2.2952309520191614
1020,"(FFL(LLFLLLXQLLLLCQCXCLX(LXrrrqMXFX)), fMX)",1.3450000568024814,no,,,10893,2.2952309520191614
1021,cLFLCCXCLLFFFmLCLQXXLXLQLLFCCQXrFLLLMLXrrFmFLqqfFLX,1.143699254729632,no,,,10893,2.2952309520191614
1022,LLXCQCCXLFLXClQCFCLLXQXQXRFLmFX,1.1908949963535045,no,,,10893,2.2952309520191614
1023,"FLL(X, LLXRRmmXLL(LLFFX((rqcX)), RfLLQXLLXFQX), X)",1.8521672435460128,no,,,10893,2.2952309520191614
1024,"fL(, rLqmXMQMLLLLL(LLqLXRLLMLLQLXLMLL(rfLqLqX), , ), RX)",1.6467121943777359,no,,,10893,2.2952309520191614
1025,"LLL(, FQMXLfLXLCMXLLCXLXcFX, QQQX, LX)",1.0734059387311288,no,,,10893,2.2952309520191614
1026,RLFLmXrCCQCLLCX QLXFQccccMXFLLLLQqX(LX),1.3324957647609303,no,,,10893,2.2952309520191614
1027,rFLLLX LFcLLQcX(FLXMX(mLcmLLXLL(RqFLLfX))),1.452733505126139,no,,,10893,2.2952309520191614
1028,"LLF(mmLQXXcLLLcXLXmX, ,fX,,LLMLX)",1.3369842805655494,no,,,10893,2.2952309520191614
1029,"(rLMLfX, , lLXCLLLLLXCMLqLXMXCXLXX)",0.9592141871028712,no,,,10893,2.2952309520191614
1030,"m(RqlqLXMLfFXMLmcXLLcXfXrLXRLLcLXX, )",1.0859752570201942,no,,,10893,2.2952309520191614
1031,"LCMFmL(RRLCCLX(fLCLXrLXMXm(qLLmLcLX, )), rmX)",1.5824989490558017,no,,,10893,2.2952309520191614
1032,"L(FfqLMqfXffCFX, LcqXLLLmcXcmLqXRLLXCX)",1.3125042217332292,no,,,10893,2.2952309520191614
1033,"LmmLMFL(, LMmCm(, rrFCLcmLcLXFcfLXFLLmXLXC(FmCFLX)), FqX)",1.7964062523777902,no,,,10893,2.2952309520191614
1034,"MLc(LcLXLLXLLccQfXXFmmXLLXLMqQFcQXrLqmX, X, LX)",1.2378867356830254,no,,,10893,2.2952309520191614
1035,"CLLLqCL(C(L(XrLFCXXLqX, )), MXLXqXLM(LmX), qCFXLLX)",1.6943802770060346,no,,,10893,2.2952309520191614
1036,QCXmFLQLMcLQXrLcmLLXLccffXLcQcXMLLXlLXLcLX,1.2776722200667607,no,,,10893,2.2952309520191614
1037,"LLL(M(rmLQFCQX), (XqXFXLCX(RLfCfCLLQLFFLmX)))",0.9679410414423076,no,,,10893,2.2952309520191614
1038,"LFcLX(qLXML(XqLLCmmXL(RCX L(XmX)), XrLLm(X(rFX), X)))",1.3837431668072422,no,,,10893,2.2952309520191614
1039,LMXrFLXrCfFCLXRlmLLFfLXLCqmqMfqXCLCCFqXmQX,1.1740181546462818,no,,,10893,2.2952309520191614
1040,"rLLXLLL(rrFmLFXfLqL(LXq(LmXmX), CfLQX), mLLmX)",1.968946075568916,no,,,10893,2.2952309520191614
1041,RMLlLLLXLLLLCXMCqmXXLLLCmLXRLXLX,1.2778269564235487,no,,,10893,2.2952309520191614
1042,"L(FrCLCFmLLQXLffLQfXmLfCXRCXXL(QLLcLX), CFX )",1.0622278240104395,no,,,10893,2.2952309520191614
1043,"fLcLmq(,RX, fXLXmF(qLXMXfLLXcX, ), MXLLXfX)",1.0801856607479239,no,,,10893,2.2952309520191614
1044,"(LcfL(Lc(fM(LX, RRcLfcccXc(fcfLLCLCCLLXRLLLMXXqlX)))), )",1.5905679911160924,no,,,10893,2.2952309520191614
1045,LFXrrccLcFXLLmFLcFLXFLLLMLXRcQLqLMCMX,1.4706957200358284,no,,,10893,2.2952309520191614
1046,"(LLFmmLL((X), LffqqLcXcLcMLffLXRLLXrMqLLcCXRccfLX))",1.9301013305565136,no,,,10893,2.2952309520191614
1047,LLQXMLXrLLLmLQCCXLFXCXLXlLqXRmmX,1.184226328731501,no,,,10893,2.2952309520191614
1048,"FLLL((LFcLLXXMXX), LMLccQXLFLXFFXXMXLLXrcLX)",1.4475610924681883,no,,,10893,2.2952309520191614
1049,"LLmLL((, X, mfQMQXCLCLLLXXfXRMQ(QXrfMQX, ), fX))",1.6625498975366972,no,,,10893,2.2952309520191614
1050,"f(ffFXrLLcLMLXrmcmcLcMXrfXFLfXcXrqXqLMX, , )",0.9339488794280789,no,,,10893,2.2952309520191614
1051,"LqLLLXLFLLXrFLlCMCX(MLLLLXrLLLLLQ(L(X), RFFQLX))",1.0268166127870062,no,,,10893,2.2952309520191614
1052,LLMXrrccLLcccXcLXXRMCqXX,1.5306916798428605,no,,,10893,2.2952309520191614
1053,"FL(RLLmCQXL(, LMXFLXfQ(FLXCLX, )), LX)",1.9679539719242676,no,,,10893,2.2952309520191614
1054,"L((CQLLCXf(CQCXLfXQQX(LflXqqFq((LqFqX))))), LLXCCX)",1.327282078151585,no,,,10893,2.2952309520191614
1055,"(fqfQXL(qLXrCCCmmXMLXfX,LQX, rcqXLXLLX), , rq(rffmqMQX))",1.1960401516512107,no,,,10893,2.2952309520191614
1056,"mLXLLm(rqXrLfF(LLLmXLLXRQLXqX, LLFX), LX, )",2.049952794487127,no,,,10893,2.2952309520191614
1057,"F(MXfLLLmL(CLQfXCXCQXRXrLLmLXX, LX))",1.1006589092250878,no,,,10893,2.2952309520191614
1058,"Cf(rLFmXCqXL((CLmXCX)), rrFmLLX((XRFX)))",1.0776397940761817,no,,,10893,2.2952309520191614
1059,"(rLFLLL(L((X), rcFLmXLLLcFLXmXXfllXR(flLX))))",1.7084019992522463,no,,,10893,2.2952309520191614
1060,"LL(RLMmCCX, RRLLLCLXCmLXLLXRQLLQLXX)",1.7829560514083824,no,,,10893,2.2952309520191614
1061,FQmFFXmmLFLXCCLQLmfXLFmLLXLCXrMXLXX,1.3269288337148246,no,,,10893,2.2952309520191614
1062,"LL(qFLLqX, LfLMLLXRLMcXRLfFXmmLLLcXXRqQMX)",1.2901843092792584,no,,,10893,2.2952309520191614
1063,"MLLL(RRCXLLLLf(, XcccLLcCXXrLMX), LX)",2.11947198314772,no,,,10893,2.2952309520191614
1064,"LCCL(LCCLCQXmXMCfQXLLMXqXfCqLXQmmX, X)",1.0876837933678243,no,,,10893,2.2952309520191614
1065,"LXR(MX, (FfXRFmXcfXMXLLXmcMLX))",1.398243704573517,no,,,10893,2.2952309520191614
1066,"LLmL(,,XRQmCfCX(rCLCLLLXQ(RRMQLXfFLX)))",1.3208217431832017,no,,,10893,2.2952309520191614
1067,"fLLLLmL( ,rFFLXCQQXLCLCXCMMXLQXRfQXCX)",1.2253478466810843,no,,,10893,2.2952309520191614
1068,"LLLC(L(qLLCXLXMFXLLXCMXQQLMMLX), FqXMQmLLMQFX)",1.3156278558500012,no,,,10893,2.2952309520191614
1069,"LMLL(LLXCMLmmfqXMLMXmCLXLXFX, rqmXFX)",1.2755894521539006,no,,,10893,2.2952309520191614
1070,LqLFfmcXfQLcXfLXfXLfXcLMMfXQXFLXcXQqXcFX,1.2558847775204132,no,,,10893,2.2952309520191614
1071,"L(, RRLLXcLCXfL(r(FcLMFcLX,rmXXLX)),  LmmLX)",1.6723527037142707,no,,,10893,2.2952309520191614
1072,"(f(LFcmMMqL(LqFQQX, LLLqXcXRLLLXrrLLMLLXLLLMX)), LMLX)",1.4739818010184351,no,,,10893,2.2952309520191614
1073,"CMQLLLLL(fL(rfCmCqXffLmXMLLFLXCXLLfX), rrmXRRLX)",1.2893377776808017,no,,,10893,2.2952309520191614
1074,LFCCLXFLLFXrrCmCCXXlLLfLmXCfX,1.0381463731060394,no,,,10893,2.2952309520191614
1075,"L(R(XX), qXccXrcLXqfXqcLXRfX, )",1.028790206842858,no,,,10893,2.2952309520191614
1076,(CCLXcLcXRRLLcXCCXmLXmLXX),1.255739936987834,no,,,10893,2.2952309520191614
1077,rLFqLqLXRcQLLLcLLMcXLLXcXMXRLLMFX,1.4522580842291644,no,,,10893,2.2952309520191614
1078,"LLX((,(rccFcQ(LX))), LLFLLQXfMXmLLLccXLLXX)",1.4377308180145545,no,,,10893,2.2952309520191614
1079,(XQLXcFmXQLLFLFXcLXLcXFcQXLqMqMqXXlfX),1.228003546426591,no,,,10893,2.2952309520191614
1080,"MFXLXL(Mm(X, cXRFLX), rmXrFMXfCLXLLLXLmXFFXRqX)",1.6885326674304924,no,,,10893,2.2952309520191614
1081,mfQLXMMLcFqccXLFXLLFFcLqXLcfFLXXRXrQQQLmqfqLX,1.1274439502950855,no,,,10893,2.2952309520191614
1082,QLFLLXFLXRLLCLCLCXLLXmXLCXLLfX,1.2622144193120584,no,,,10893,2.2952309520191614
1083,"rLL(FcLqXLLL(LLXLLLXLMLCqMFX, ), (((fcX))))",1.5614441924330231,no,,,10893,2.2952309520191614
1084,"mCLLF(fX, , rCLFccqXcLMLXRRMLLMXRRRcLXLL(MX))",1.7381130970738043,no,,,10893,2.2952309520191614
1085,"((FfmCqX), qLLLMLCX, lmCLfLLqXLLXLCMXm(rLLffXFX))",1.3571179771725004,no,,,10893,2.2952309520191614
1086,"L(, FXQCmXmMLXfLLCXLFf(fQXrMCXmLX), L rLLX)",0.9819385743340193,no,,,10893,2.2952309520191614
1087,"(MLLFcLqXrMMLLmcXcLLXQmQXRRRmX, , RmqMLX)",1.035652502885203,no,,,10893,2.2952309520191614
1088,"LMmqLfLL(,rfLXRqMqcCMfX,mXccmcLLqXLLLmXrmLqMXLX)",1.4954569444337744,no,,,10893,2.2952309520191614
1089,"LL((rMLMXmFLLXrfCCXmLLfXrXCqX), XRcqX)",1.1445294099553494,no,,,10893,2.2952309520191614
1090,"X(mMMMLqXLCCqLXMFfXCXqcXX, LFXQLqX)",0.8975386171448985,no,,,10893,2.2952309520191614
1091,"L(F(LFMXrcLcmXQcLLXLXmcMLXLLXL(RLLX),, ,,), X)",1.3129449864926364,no,,,10893,2.2952309520191614
1092,"f(XmQMXLFqlmX, RRLLcLXcXLFfLXmmXRl(LcqFFX))",1.0630717626092896,no,,,10893,2.2952309520191614
1093,LRqLXrLXqLfmccLXLLLLXfLcMMXRXLXmX,1.317383086172205,no,,,10893,2.2952309520191614
1094,"mLLLX(LQLXXFccFLLLFLLLXmFL(mLXFQX), X)",1.3545977149058646,no,,,10893,2.2952309520191614
1095,"RXR( (qLXCXLXLCqCLXLXCmLLXm(RX)),, )",1.0903475225490071,no,,,10893,2.2952309520191614
1096,"LXL(X, LQXXFfcXLXrfXXrX)",1.4232020639152043,no,,,10893,2.2952309520191614
1097,LqmXMXLXCLqMCCLfXFFLXfCRLLqXLCFmXrLXCfX,1.20197302252075,no,,,10893,2.2952309520191614
1098,"LLL(CLCX,  LLLXRQCfXCCCXf(mfXrFMXLX,XRq(, (fX))))",0.9601695441071645,no,,,10893,2.2952309520191614
1099,cLFXfLFLQcLXFmmLXLmmXXLLFXMMLLXfQcLMcLLMMQXXrCflX,1.3428996180300288,no,,,10893,2.2952309520191614
1100,"mLL(,(fLLLfLXCLLQQCXCLLXLLXmXrcMLLX), ,rrffmFLX)",1.5109750857462099,no,,,10893,2.2952309520191614
1101,"(LX, rLmFqcLFXLLcXRRLLXLcXRRFX)",1.5926949713528322,no,,,10893,2.2952309520191614
1102,"f(rmLfXLCfXrFfLCLFLmXqLCmXCLmXLX, LCX)",1.072976273852422,no,,,10893,2.2952309520191614
1103,RLfLQLXLQLLqCCmLXFLFXCmmMqXRXLXMX,1.3468133754392317,yes,B5,23,10893,2.2952309520191614
1104,"LML(LCQQXCCLLLLLX(QLLQLLXLX), R((mX)))",1.3895676437304085,no,,,10893,2.2952309520191614
1105,"(fQFMQX, LXFLLL(, LMLFCmQXLXmccLMXmLLXL(LLLX)))",1.1354824094957283,no,,,10893,2.2952309520191614
1106,"LFLmL(, RFX, MqLXLLLLXcXLLLLLcXRRRXfX)",1.1544337828893978,no,,,10893,2.2952309520191614
1107,"LLL(rLqX(mMLMLXLqXR(mXrMLLX), , ), , q(mfLmX, , ))",2.0111244404309723,no,,,10893,2.2952309520191614
1108,"LLLFX(rQXX, XRRMCcLXLcXLLXFqXX)",1.426524531883976,no,,,10893,2.2952309520191614
1109,"Lmm(, RFLCLLLCFQXLmCLXRCLXfFFmXCqXrXrLQLQX,)",1.4264291015434558,no,,,10893,2.2952309520191614
1110,"LL(LcmX, LmqXLX, ((RcXRLFXLFcLXLLLX((LlX)))), rLLX)",1.4568780342146461,no,,,10893,2.2952309520191614
1111,LmLXFQcXXXRcLcXXrLLLcQXrqFQX,0.9058670582327639,no,,,10893,2.2952309520191614
1112,"LLXmML(rmmqX, , RRFFfcXLXLLMLXLLcXff(LLqLmmQLFqX))",1.5837831096739035,no,,,10893,2.2952309520191614
1113,"rLL(XLQX, RRRLLmcLX(XFXLFMLMLXLcXrX))",1.1293041193633204,no,,,10893,2.2952309520191614
1114,"LfL(XfqfFXX, QcLLXLXLcLFXfFLXXLXqcffX)",1.049038184219268,no,,,10893,2.2952309520191614
1115,"FL(LLXrrFLCXLX(LXLLCXFmmX), fXFX)",1.2061533304941736,no,,,10893,2.2952309520191614
1116,"LF(L(FLX(LX)), cLFLXLcLLXFLFcmmLQmXMlXLmmQLcXrLQFX)",1.1106021657868528,no,,,10893,2.2952309520191614
1117,LCFLXrfLLCLLfCXFFqXFXrqQXmLLFMX,0.9623852226066935,no,,,10893,2.2952309520191614
1118,LfLLfXrfFMLcFcXqmcLfXcXmmXQqqqqXrqQcFX,1.0001405162277743,no,,,10893,2.2952309520191614
1119,"LmqLLL(LXL((CmLCXLCLLFXLXFQX), cX), rqfXRRRCMX, )",1.2781940090436337,no,,,10893,2.2952309520191614
1120,"LLLXRXrLmq(, , LLLX(QLfqqL(rLFmXLmLXLLLX), CFX))",1.7117031192588963,no,,,10893,2.2952309520191614
1121,"LC(QXXCLLXLMLMXLXLLX, , rLXMmLX, , ,,RRLmQLX)",1.2443545276734576,no,,,10893,2.2952309520191614
1122,LLXcLQXLXfXRfLcMcXLXRLcXFXLX,0.986492309888766,no,,,10893,2.2952309520191614
1123,FLLXRLCqXLXmMmXrCLLXfMLmLFXMXMXRfFFmCX,1.2404304781789943,no,,,10893,2.2952309520191614
1124,"LL(mQLL(rmLX), rrLcLXLLMmcLXmLfXRRRRLLMLLLLXMX)",1.8763235447920408,no,,,10893,2.2952309520191614
1125,cXLXLLLLqfFqccLXcLXfXrMfMXRQX,1.1776023196083507,no,,,10893,2.2952309520191614
1126,"fFF(LLFLLLXrLFLLmCqCXQ(Fm(X), LLLLLLLX), FQX)",0.9095079280249165,no,,,10893,2.2952309520191614
1127,"(LXmLFQXrffqCXMFCXfLLXFLLLXrLCmX(X), X(X))",1.1723702149808364,no,,,10893,2.2952309520191614
1128,cLXfcLLMcfMqX cLXLLXcclcfqLXrXrqmQXrLX,1.0494295632454884,no,,,10893,2.2952309520191614
1129,"(LLRcLLLCXmCXrqLmCLLXRmMLLCfMXLFLXLLmLX, )",1.2570651160921058,no,,,10893,2.2952309520191614
1130,"LLFccL(RXRcMXLLXLX, mQMQXFXMLX,  RLmXFMMX)",1.5358257340189723,no,,,10893,2.2952309520191614
1131,"LLMcL(rrLfMLfLFXcffXLLLXLXqLCLX, X, )",1.7284308670111928,no,,,10893,2.2952309520191614
1132,MCLcLFLXLLXLFCqqXCMLMFLXLLfLLXrCQQCX,1.024385192586758,no,,,10893,2.2952309520191614
1133,X r LLXCMCCQCXXLLXLmCLXLLXrX,1.0623729625606173,no,,,10893,2.2952309520191614
1134,"LXFLmLLLF(RXFMcccQX,cQXFXLXcFLXrLmLfX)",1.3749123964613985,no,,,10893,2.2952309520191614
1135,"LLL(RX, LLfQQXCCXLLLLXXRLLcQcX, )",1.6252199599130848,no,,,10893,2.2952309520191614
1136,rfMqLmcLFLcXRfLMLLFQLccXLXMlmXFmfLLXLmqFLLLXLmX,1.2670170863946533,no,,,10893,2.2952309520191614
1137,"(RRfXfLQLXLfLFX, RRFLcXMlXcLLLLmLXRFLFcX)",1.0624871875006845,no,,,10893,2.2952309520191614
1138,"QLCQLXLLLM(rCMCqCXXrLXLX, rXQLXCXFFMX)",1.2021182113405477,no,,,10893,2.2952309520191614
1139,rfLQqXLLfXcqmcLXLLmXLcLLXRfLXmXfqLLX,1.3391413163070756,no,,,10893,2.2952309520191614
1140,RFMcLFmX LmXrmLLCqLCCCXLMLLmXfFXMmLXLQX,1.0225449050156743,no,,,10893,2.2952309520191614
1141,LXRLFMmfMqmcXqLLcXmcLXLLmLLXcLqMFqFfXmmLX,1.260339302934723,no,,,10893,2.2952309520191614
1142,"q(, mfLLXfLLLLXcLcQLLXLX((XmL(mfX(XLQfFLX), ))))",1.4315260536289858,no,,,10893,2.2952309520191614
1143,RLLLCQQmMXrCLqfCLCFFXfLfLXflXMXRFLLLFLXrMLX,1.3896874092167855,no,,,10893,2.2952309520191614
1144,"rLFLLFF(lXf(LmLFXCCqXLLLXXRlX), XC(fX), LX)",1.3504437963652962,no,,,10893,2.2952309520191614
1145,"M(fFfXCmmMQfXMLfLCLXRLLCMXLLX(RMX), LLX)",1.0166285343539783,no,,,10893,2.2952309520191614
1146,"LLfFL(rMXMCX, , q(QXcX), rrCCCFCXLfXLfLXLMX, , qXcfX)",1.7673906363923313,no,,,10893,2.2952309520191614
1147,"(qQLFMLMFLlmQX, LXCqXmXLLLLLLLLCmXCmqFmXRCQqX)",1.0125162741967542,no,,,10893,2.2952309520191614
1148,"FXML(LLX(LLqLXF(mfClMXLL(L(LL(qCFLXLLQ(((LLX)))))))), fX)",1.3687784325851904,no,,,10893,2.2952309520191614
1149,"LLmL(QCXM(XLLXMLF((XfXX,  ), CX), ), rrX)",1.4113864876213116,no,,,10893,2.2952309520191614
1150,"FCLXFCmLCXRcLfLf(, LFmXcX, FcQLXMFmL(LLLXLX, rcFcXmX))",1.318937888561238,no,,,10893,2.2952309520191614
1151,LCflLFfqqXLXLLCXCLLXCLLFqXCLXXCmX,1.2109409241937796,no,,,10893,2.2952309520191614
1152,fLmQLmFXLLXrqcfccXccXLLcLXrrrFLLXRX,1.1666821199952333,no,,,10893,2.2952309520191614
1153,"((RLFmQCLLLmXCCLXXLX(, FmLXLX), ) )",1.3275080806604964,no,,,10893,2.2952309520191614
1154,"FLL(q(RMMX), XRRLfcXm(FLfXXL(LL(QLX, RfmQLfCFqX))))",1.1566060818906114,no,,,10893,2.2952309520191614
1155,"((LRQLLMCXrmLLLLLL(, LXRQMLQLXRLLqX)), (RlrL(QX)))",1.524667937564486,no,,,10893,2.2952309520191614
1156,"C(rrLX, , ,  LFXFCLQCFLXLfXLXQmCLLLXrLLLLLXrLX)",1.1308417357923166,no,,,10893,2.2952309520191614
1157,"CX(LF(RmffLFLfXLLLFmcLcXcQQLLXcXrLLLLLX), (RMMCCX))",1.1415576827369525,no,,,10893,2.2952309520191614
1158,"LLL(CFL(rCfLMCqXLLmcccLXqfXLRCLXRFX, qfrLqfX))",1.7428914111107152,no,,,10893,2.2952309520191614
1159,"LL(RLXffC(RLCCFX), LXLcQXXFLcLLXMXX)",1.2891665148146154,no,,,10893,2.2952309520191614
1160,"Lc(rrFLXLLMLMcXLL(fXfLXMX), LX, )",1.8184786341378327,no,,,10893,2.2952309520191614
1161,cLLLXRQcCCCFfLCXrLCLLFfLLXRLFLLQfQXLqfX,1.4283190235023262,no,,,10893,2.2952309520191614
1162,"LMLM(QMFLFMLXLmFLXML(LFLLX, ,LQLXfXLX),RRcLLXMLXMqX)",1.4263595940902407,no,,,10893,2.2952309520191614
1163,LLLqFFXRQCcccLLcfMXLXfXFLMmFMXLqXMLLX,1.396113787375251,no,,,10893,2.2952309520191614
1164,"C(LmMX, CQQLLXCLLXLLXXLX(L(Ff(m(LmLm(LLm(LLLLCXrX)))))))",1.3582086097174995,no,,,10893,2.2952309520191614
1165,"LLLLL(rMmqFFLXL(rLXRLXFLXX, FQFFX,), cX)",1.779904797566761,no,,,10893,2.2952309520191614
1166,LXCLX FmmmMLQCLXlMXMXLmfMXfCLXLFLXLmLX,0.902277615375813,no,,,10893,2.2952309520191614
1167,(XqXfqFLLCfXfXFqLCmCLqmMXQCLXX RQfmMQmXlMX),1.0422303328594797,no,,,10893,2.2952309520191614
1168,"LMXFLLL(MX, mLmQXfXcLLcMLXFLXX)",1.3267709519886128,no,,,10893,2.2952309520191614
1169,"L(, ,cqMXLLXrccXXXM(FXlFcLfXLX),)",1.1410065887961198,no,,,10893,2.2952309520191614
1170,( RLcXLMfCXqCmXCLXLLXRCXrfLX),1.033229441558486,no,,,10893,2.2952309520191614
1171,"QfLML((CQLXLLCLFLLCXRLLLLXLLfLmLMX, LqfmX))",1.4083360641340026,no,,,10893,2.2952309520191614
1172,"LFLLM(cqX, mFLLXqMcMfFcXLFX(qfcXRLLXRRXLLFX))",1.1628829943722108,no,,,10893,2.2952309520191614
1173,"(,RCCMCXRLLXCQffXLmLLMXrCFCLQXXLX,)",1.0590497468746758,no,,,10893,2.2952309520191614
1174,"LLfXL(f(rrLLLXL(QqFQLLXLLXLXLX, qFLFLX)), LfMX, )",2.0806864350401724,no,,,10893,2.2952309520191614
1175,LLFLXrcFmLFqMcMcXRfLLLLcXrLLLLqXLFMLX,1.4294434733908952,no,,,10893,2.2952309520191614
1176,RMFLLXRLLXCLLCQXLXLLClXFXrrFmXRMfQLX,1.2386994126917579,no,,,10893,2.2952309520191614
1177,"fF(LLCccqqLMffLLLX, rcLLcqFXLLMcXrXCMLLLmXLX)",1.7833750031007651,no,,,10893,2.2952309520191614
1178,qXLLfLXcqLLfmFcLXFLXmFcXRFFXMXLX,1.3105080868081527,no,,,10893,2.2952309520191614
1179,"fFLLqXrLL(LLMXFXLCXRmqqCmLqQXLFX(LLLX), qqcmX)",1.5639831653698277,no,,,10893,2.2952309520191614
1180,"FLCc(,RRMLXLCLCLLLXLLMXlmXLQLLQmMfX, X)",1.6768296963193643,no,,,10893,2.2952309520191614
1181,"(LLrLLqLXRccQLLXLfLLLXXL(FLcXRqLLLfLfX), (X))",1.236649146053565,no,,,10893,2.2952309520191614
1182,"L(,XXFLXLL(RXFQ(LXMcLLXLLX, ), , RLQFX), RqqLX)",1.374805977488655,no,,,10893,2.2952309520191614
1183,"RMLL(,(mX), RfcCXcCFCXLLLXRQQLXqLX, ,)",1.6265169231614798,no,,,10893,2.2952309520191614
1184,"LLMFLFM(RRFcXLLcXLLLLXLLMXfqQ(, cmX, ), fX, qmMFX)",1.6342355987574324,no,,,10893,2.2952309520191614
1185,"LLf(X ,CQLLLQFXCLXfLLLLXLlLCLXLXLXLX)",1.3274606219286293,no,,,10893,2.2952309520191614
1186,FMqLQQmLXQCLLCCXmfmFXqLXRFlFXRLFLXFLLX,1.3703320855816115,no,,,10893,2.2952309520191614
1187,rF(rLLLXLccfLLXQXfcmMlMlXFXrqLXmmLmmLqX),1.380390652799526,no,,,10893,2.2952309520191614
1188,"L(FXLLfFqFXCmXLXLLfXXFXCLLLFqqXrMX, rXmFX)",1.342130133268978,no,,,10893,2.2952309520191614
1189,"LXLL(LqMCXLXmXMLCLFXLqLX, LfqFXmF(CCX))",1.3584364761174883,no,,,10893,2.2952309520191614
1190,"LLcfLLL(,RRLFfXM(CCXMXm(RmmQLfXmX)), F(QLX))",1.349691096434893,no,,,10893,2.2952309520191614
1191,"L(rmfMfLLLfCmCXqXX, rLMLMCXrLcfcXLmLXFcXCX)",1.2523075054785782,no,,,10893,2.2952309520191614
1192,rrCLLfcLcLXLfqLcfXMLMLXcLcXmmmLX LX,1.3908222930915817,no,,,10893,2.2952309520191614
1193,"MLL(L(LQXCXRLCLCfXRXRQQMXM(LMqlX), ((fXcMX))), )",1.168255220525135,no,,,10893,2.2952309520191614
1194,rrcCCCLcXcLmcLMqLXLXcfXLFLXRmQfLLX,1.373246709468994,no,,,10893,2.2952309520191614
1195,"(r(FM(RFFmFqX)), QLLXXcfMfXLXRLcLFXcLXrLLLFMcXX)",1.1782250417860565,no,,,10893,2.2952309520191614
1196,"rMCQLLX(FLMMMFXRccXLLXFLMMLcMqLX, CX)",1.1349114789049823,no,,,10893,2.2952309520191614
1197,"LL(,,qLCcqXccLLLLXLfXqqmLXlMmX,,RfLcfX,)",1.6368455915681677,no,,,10893,2.2952309520191614
1198,"RQfLLFLfXrfLfLQ(RLFffmLFFmX, LX, mXmCCLfCXrLLCmQQX)",1.1767317950705147,no,,,10893,2.2952309520191614
1199,"LLL(RRCLLXMLLL(, rFLfXLLXrcffXLLX), LX)",2.054507555543896,no,,,10893,2.2952309520191614
1200,"L((ffLMcLX), rcLFLccqXRqLfLmfcLXLXLMCLXLX)",1.9252208870749716,no,,,10893,2.2952309520191614
1201,"FLL((LQCLmXXFCFXRLXrLLLXFFfX), qLqLXLX)",1.1413430048960673,no,,,10893,2.2952309520191614
1202,LXLXfCCQCmLXLLXCLFCQXQXRXLLX,1.1431442530503868,no,,,10893,2.2952309520191614
1203,"LLFL((F((lLLLfX)), ), QXLXcXXLLLLX, , X)",1.1929854604742314,no,,,10893,2.2952309520191614
1204,( lLCfLLFLmCCXRRCCLXLfLfCmLLLXLLXRfcLX),1.446346604278329,no,,,10893,2.2952309520191614
1205,RmLFXqLLCLmLLCXFFFXLLXCmLLFXmFfLfLLMLLX,1.4437739469738922,no,,,10893,2.2952309520191614
1206,"(RLLqcqX, LmLqqccMXLLLLccLXrLLLLqLFXLLLX)",1.4146689747493593,yes,B5,6,10893,2.2952309520191614
1207,CmFLCmXRLCfLLMLCXCQLCLXLLXmCfXfXLFqX,1.0931501635531629,no,,,10893,2.2952309520191614
1208,XXXCMqLqXLCCLLXmLLXmffXRLCMLXXRCLX,0.9824385531259706,no,,,10893,2.2952309520191614
1209,LLLXLQCMMCQXMLfLfLfLCLfmXRfCLLLLXRLLfX,1.2254423382159727,no,,,10893,2.2952309520191614
1210,QmffcMXLMLXLCLCCCQLXLFMXrLfFMCXFXLX,1.2059447467769944,no,,,10893,2.2952309520191614
1211,"c(,qmX, rLLqLXQLLLMcCFccXRLLfXcXLXRLLFqX)",1.1691583558185414,no,,,10893,2.2952309520191614
1212,"LcL(qXMLCX,  FXRXQFcXmXrrLXQXmMcX)",1.2080255430046547,no,,,10893,2.2952309520191614
1213,"L(M(LFXqXLLFmXLL(qFX, LLF(rFLCfXqX))), QLcLXX)",1.2557572842136813,no,,,10893,2.2952309520191614
1214,"mLL(mLcX, LmLcLXrcLLLXClLqXRLMLLCXmqFLFMLfX)",1.0712952326012215,no,,,10893,2.2952309520191614
1215,"(L(FX, RLQXLcF(L(QMXrX), ), LQmQfXRLLLCX), LCX)",1.011776055656654,no,,,10893,2.2952309520191614
1216,"L(LfFXCXX,rCLXLX, rfCQCFqFLXFXLmfMFLFLXFXRRFCX)",1.1072849475580553,no,,,10893,2.2952309520191614
1217,"FfCL(Q(rrLX),    , , , ,rrLLLFXLLcLcfXLLLXLXrQX)",1.8437979316985909,no,,,10893,2.2952309520191614
1218,"LXL(lqLLXLfLCmXLXLCXrLqFFqX, FcMmFLLfXr(CfCCCX))",1.2314935544382946,no,,,10893,2.2952309520191614
1219,"((XX), FL(, c((RRCCclXLcLfLmXFLLFXFX(RRX)), ), qXqX, X((mMffLX))))",1.620037741512854,no,,,10893,2.2952309520191614
1220,"LLLXFM(QLLXXXLLLmqL(mLXXMLMFXX, , ), FX)",1.713737740646067,no,,,10893,2.2952309520191614
1221,RLLXMfLXMcLLXRcQXXLLLcLXcXmX,0.9754182076721,no,,,10893,2.2952309520191614
1222,(LFLLXXrfCCCXrLLLXCCLLfXRFQMFX ),1.0781808800497807,no,,,10893,2.2952309520191614
1223,"fcLLFfL(L((RLLMLCQfCXrLLLCXRfLLL(XXX))), RRQflLC(, (cX)))",1.8259163335718829,no,,,10893,2.2952309520191614
1224,lFL(FLXffLcXMQcXfXFLfLXLcXqmX),1.0356825873035829,no,,,10893,2.2952309520191614
1225,"Mm( LLfqqcLfLXcfLXLLmMcXXXLmQMmXcLLX,)",1.4332070509364534,no,,,10893,2.2952309520191614
1226,QXCLCLqXXXFXrmLMMCXFLXfLLXLmfCqXLCXRXrfccX,1.3589666259686808,no,,,10893,2.2952309520191614
1227,"f(L(mqLcQXLmmcQcXmXLXMcLXXqXLcLLX), (mfmfFfFXrLLLX))",1.1104443724907473,no,,,10893,2.2952309520191614
1228,"RMcFL(RfqcmXFLX, ccXQXmLLXrmLCLCLCLCCCXLXQ(fqXrrqFX))",1.3240299195240945,no,,,10893,2.2952309520191614
1229,"LFqXLX(fLL(lX, McQmQXcXXL(LXQLX), mRQmX, XXMML((RlCX))))",1.3490113503321102,no,,,10893,2.2952309520191614
1230,"(LLXmmXXrrLCCMCXXfLMLLLXFLMXCfX, RFmMX)",1.2600957206540446,no,,,10893,2.2952309520191614
1231,"LLCcf(fLX, rrcXrLLLcQLmXMLLfLXLfX(L((LRfMCFCX))))",1.910261465905548,yes,B6,12,10893,2.2952309520191614
1232,LLXrLMLLXCCFQXMLmLFXRLCCXRXXRRLLcX,1.1145875555112335,no,,,10893,2.2952309520191614
1233,"CMcL(LLLXCLFqXmFXLFCLLXmLLFLXX, (XQQ(MQX)))",1.4520184842979933,no,,,10893,2.2952309520191614
1234,"F(qXCFXLLLLLLFXmCCmqLLmXFLLXFCLXLX, (, (X)))",1.1639637189480088,no,,,10893,2.2952309520191614
1235,"LLL(rFLLLXLmmXCCqXLMLXFLLQX,LFMXqMX, )",1.3007995950862685,no,,,10893,2.2952309520191614
1236,"LLCC(LX, m(RFQLCXLLLCXrfLqfqXLXrrCLX) , )",1.7909568971370735,no,,,10893,2.2952309520191614
1237,"L(, FX, fQLLLX(LLXcXLLLmLXRRFcQX))",1.1455894183711304,no,,,10893,2.2952309520191614
1238,"rCXrCFLmC(LFXLXRML(XQX), CXCMFX(LfLLXLMX))",1.029949659186694,no,,,10893,2.2952309520191614
1239,"FL(QLLCLXfLCXLLXQCLfQLCLXRLLFXLC(m(rX), ), rLLX)",1.2848307274337782,no,,,10893,2.2952309520191614
1240,"(LLRLMX, LLLLXXRccXRXfLXFLcfXrrX, )",0.9982418230217541,no,,,10893,2.2952309520191614
1241,"LL(, (rrmFLXrrQLQcQcXRRLLLfFmXFXCLX), RMLX)",1.8209558093274734,no,,,10893,2.2952309520191614
1242,"LfMF(FLLLXrCMLXqFCXLFmLXXX, (qX))",1.130327759285576,no,,,10893,2.2952309520191614
1243,XFmmLLMXLcqcXLLLLLLcFXFfcqcXqXfLXLLFX,1.0451200982066469,no,,,10893,2.2952309520191614
1244,"(, (LLXML(rrXCLLLLXfLXXmXFX, XQLX), mX))",1.4323977460140351,no,,,10893,2.2952309520191614
1245,"QC( qXfLFXFX,RLmLXLLCXrXLLXrX)",1.2385130979695564,no,,,10893,2.2952309520191614
1246,"CFXLf(fX, QfLQLXMCQCLXfXM(X))",0.8540078551242486,no,,,10893,2.2952309520191614
1247,"LFXf(LQLXFFFLXMFcLXLXL(mLmXMX), RffqX)",1.493793316751713,no,,,10893,2.2952309520191614
1248,"((rLfcLXrcMfmXcLLMmqLXLQLQLXCqX, ), , QQfLQLX)",1.3203578839051882,no,,,10893,2.2952309520191614
1249,"L(LLLLMX,LLQXCfQCCXLLLXMCXqLMXMmC((RLFMFLLmX)))",1.162740288730467,no,,,10893,2.2952309520191614
1250,"(flLMLXlXqmCFXFXLFLLFLLCXrCMLXrCLX, RR(RRFLLX))",1.1178264109167293,no,,,10893,2.2952309520191614
1251,"LLFX(LLXXrlCCCXLLLLCqmXMLLqXlLQCX, mLqX)",1.2375965918403984,no,,,10893,2.2952309520191614
1252,"((LL(L(RX), X, , X, QXcXLcLmfQXLFqLX)) )",1.3184747983276863,no,,,10893,2.2952309520191614
1253,"LXL(rfcqXm(RLmLLLLFXq((rLLXLX)), ), )",1.462698008183386,no,,,10893,2.2952309520191614
1254,"LLLL(,rrmXLLLLF(LXLFLLLXXrcX,, ), rX, )",2.1415146954313475,no,,,10893,2.2952309520191614
1255,"FLFLQLm(, X,QFXmCmFCLCmLFLX(RRmLLLX(QqRXrLFLX)))",1.8630526315075275,no,,,10893,2.2952309520191614
1256,"LMLXF(RFqX, MLXlllXQQXcLcfLcLLcXrqLLX)",1.222968646579282,yes,B5,9,10893,2.2952309520191614
1257,"LLL(rC(, ((rLXMLmLXmLXmLmFMCXX, ))), RLLMqX)",1.1126898044361795,no,,,10893,2.2952309520191614
1258,MLqflLQXMCCLMXMCQfXLLXLCmmLLLXFCmLFLXcmMmX,1.088360938481932,no,,,10893,2.2952309520191614
1259,"LCF(cqQCfqqXLMLCMfCXLXffCX, , , qXRCLMfMX, LLFqCXqLX)",1.2766137127406638,no,,,10893,2.2952309520191614
1260,"FLLLF(((, QMXLLLXfQLLLMLMLCCCXL(qLLQmXLcX))), RFqX)",1.18853958786626,no,,,10893,2.2952309520191614
1261,"cLMLL(rMmFLXLFcX, LFQXFLXcLXMLLLFXRX,FLX )",1.1957365531452797,no,,,10893,2.2952309520191614
1262,"LLXLLLF(q((flLFLX(XfLLL(m(CCX(LFLXX)))))), rLX)",1.4095039974604782,no,,,10893,2.2952309520191614
1263,"FL(LLXmqFlXCX(rCLFLXLFqLLLLX), CQQLX, FLLCX)",1.4445906791252152,no,,,10893,2.2952309520191614
1264,"qLXLLXLL(RmfQLXmLmLML(LfLXfFLMccXX, LXRLfqXLmfX), X)",1.7812999449674234,no,,,10893,2.2952309520191614
1265,"LFmmCML(, cX, LFqLcXrLLLffcccccXLLLXLQmLmFXCLmLX)",1.6278617383060643,no,,,10893,2.2952309520191614
1266,"LLLMLXFLLf(LqLXXCCLLLLXLLXmFX,rMQFQLmFFMX)",1.4412422162554186,no,,,10893,2.2952309520191614
1267,"LFXLMLXLcCF(rLLmMXCfXmXrFLqXLCLXqX, qXRLCX)",1.4867455356365769,no,,,10893,2.2952309520191614
1268,(McXQlLXLLXQmLCCXfMXXLCMmLXLmX LX),1.0446825962721504,no,,,10893,2.2952309520191614
1269,"RRLLLLCLXCCmmQXLLX(RQXLX,  LLXfX)",1.6232861443576023,no,,,10893,2.2952309520191614
1270,cmfLLCXRRfCFCXCLLLLLXMLLFLXLX,1.3876818247338627,no,,,10893,2.2952309520191614
1271,"(LLCMmQQXLCCLXLMLXqlXX, RRLX)",1.4548240198359317,no,,,10893,2.2952309520191614
1272,"LLMLL(MF(RRcQqLX), rmFfX, qfMXffmLcFXmcXrLLXcLqXLX)",1.1589910275782536,no,,,10893,2.2952309520191614
1273,mLLXRRCCfLMCXLLLLmCXLLLFXRLLMLLFcX,1.4769584681433985,no,,,10893,2.2952309520191614
1274,"LLC(LX, CmqXLXfXFLXf(LXX(LQCX)), LL(, MFXmQX))",1.747702462198773,no,,,10893,2.2952309520191614
1275,"QMmXmXLLLQc(RLLXrLLQL(LLX, qX), cXLLLmX)",1.2635852416923954,no,,,10893,2.2952309520191614
1276,"RCL(mfX, QXLLLL(FmLMLmX, rLXMQXLLLFXRqLRLX, ), RMfX)",1.8960161003537221,no,,,10893,2.2952309520191614
1277,"mXFffLLcq(X,qLcXLLLcLLXRLFXFqQ(mLXL(LX)))",1.4345921713046403,no,,,10893,2.2952309520191614
1278,"LLMLL((CFX), LXrrLMLLLLXXfLLLCfFfCFXRFLLLX)",1.1728814654976931,no,,,10893,2.2952309520191614
1279,"L(CFLXLLLXCqFCXLFmmmXFXFMXrLLCfX, FLX)",0.9682420283241414,no,,,10893,2.2952309520191614
1280,"LmL(RXLLCQXLCXMXmLmXMqFlX, mmFLXlcccX)",1.1477213141110147,no,,,10893,2.2952309520191614
1281,"LfLC(MMX, X, rrfLCCCXFMXLMLLXXCQMffMfX)",1.3380910137762145,no,,,10893,2.2952309520191614
1282,"rLC(rLX(LCLXLCLLX), ffXLqXX, MCqXLX)",1.2813832696248741,no,,,10893,2.2952309520191614
1283,"fLXFL(fXLLfLFm(QccX), cXRRfcFXLLLfcXrXX)",1.248807741203493,no,,,10893,2.2952309520191614
1284,mFCfXLmLCLXCFQfXLmLXLXQCLXqLLLLLXmLMLfMMX,0.959933446834061,no,,,10893,2.2952309520191614
1285,"L(rFLFLXLMmL(mXlQ(XLMmcmcLfXLLXLLcLX), LX), RcqX)",1.2081967583909896,no,,,10893,2.2952309520191614
1286,"(MqLLFLLXmXLcCCLXrFLCLLLCLX, (mmX), )",1.027370266718287,no,,,10893,2.2952309520191614
1287,"L(QQmXFX,  RLLLXLMX,MLLXrrCCXX(LFFFXLmXLLLLX))",1.6178951471709648,no,,,10893,2.2952309520191614
1288,"cLLL(RLfL(LqX), rqcXRLLLLcLXqqqLLqLLqFfXrmmFXcX)",1.9160883209724442,no,,,10893,2.2952309520191614
1289,"LLL(LXqXlCFFMmX(rLLCmLXrrMMLMXFX), m(fFX), )",1.3267721362414224,no,,,10893,2.2952309520191614
1290,CLXRCMXQMCfXLLXCXLLXLX,0.9660250351533043,no,,,10893,2.2952309520191614
1291,"LXLFm((XRFFXmm(FFXMX, LXL(mQMLX))), fQcXLXFXcXLFX)",1.0611883549168883,no,,,10893,2.2952309520191614
1292,"MLFfFL((LLQCQMXCLmfXLLXXL(CLfXfXFMQX), ), (QLfXQX))",1.2023687488011645,no,,,10893,2.2952309520191614
1293,RmLfMFXmLfLXRFfcFLmQcMXclccfLXLLFMXLcFfXLX fFfX,1.0801953310383252,no,,,10893,2.2952309520191614
1294,"L(LRFLXRLMFX(cLXFXRLXQqFX), cFFLqXL(mmcmFMfmX))",1.1818342554487846,no,,,10893,2.2952309520191614
1295,"(L((RMLmQLLXL(LX, mfXXMclXXXLmXRLX), LX)), )",1.57304327987664,no,,,10893,2.2952309520191614
1296,"fLLfLF(RLLQLXFLFLL(FLmQ(, , mLLqXrXLfQXRLFX)), X, )",2.0476144106366574,no,,,10893,2.2952309520191614
1297,"LLLLC(FQCLQLXCXLL(rXRRRFXLqfX), rLmLX)",1.5103989296189053,no,,,10893,2.2952309520191614
1298,"LfmL(FqMXcqfX, cLf(RMcFLLFcfQXLLcMLFXX, LX), FX)",1.043013136290898,no,,,10893,2.2952309520191614
1299,"FXq(RFQLLXfLX(cXLLLLXQ(rrFMcX)), mX)",1.016957832029584,no,,,10893,2.2952309520191614
1300,"LLM(CQXLLXmCXQLXMLXLfX, XFFLXL(LLqLLLqLX))",1.0326398550717726,no,,,10893,2.2952309520191614
1301,"RLLmF(QXLLLMmLL(RXLXqFLLLX, mLXrmqLLMfX,X),  ,Q(LX, X))",1.751197141116577,no,,,10893,2.2952309520191614
1302,"Lfffff(f(RmfffM(RfmFX)), LmLLXmLcfQXFXRLmcFcLXrqmLX)",1.063593066694788,no,,,10893,2.2952309520191614
1303,"rfFmLL((XrlXCCLLLCLLXLLLX, , LX, f(RLLQX)))",1.3296590339270677,no,,,10893,2.2952309520191614
1304,"LLMM(MLCfQXLLXmCLLLMXFLXRQFLLCFXCLX, LffXMLLLQX)",1.2480360569975975,no,,,10893,2.2952309520191614
1305,MLLXmFL(LmcLLLcMLLLcqqXcFFXMqXrrqXrrLRLLLLlX),1.2482131741400264,no,,,10893,2.2952309520191614
1306,"FmLLLLXF(CqMLXXLlLXLLMfCLfMXLmqFFQQX, RRQLXf(XRX, FmMXLX))",1.5434154636207549,no,,,10893,2.2952309520191614
1307,"LLLmL(r(RQmLLMMCX), MLXMMXRRX(LfcLccLfLXLLqM(LQLFX)))",1.2454771606966433,no,,,10893,2.2952309520191614
1308,"LLLC(, rLqX(fLM(LfLLLFcXfLXRMLQCXCX), ),rX)",2.0216636796250436,no,,,10893,2.2952309520191614
1309,"ML(rMqqFXRLLLqcmLmccQMXRRLmLLXqLX, mMLmMLcLX)",1.372007513175316,no,,,10893,2.2952309520191614
1310,LLMMLLmLXMqFLXfFRCQCCfXLLLLXMCXRMXQXrfX,1.0768937920221788,no,,,10893,2.2952309520191614
1311,"LcfLc(RRLfCCXLLLLCXLLFLMX(LXMLLcX), CqFX)",1.9540690266972724,no,,,10893,2.2952309520191614
1312,LLXLLXcmqFMmcXLLMLXmLMMqccLXXrXRLX,1.1475507960815539,no,,,10893,2.2952309520191614
1313,"Lm(, LLffXMcX, QfXMlXLfcLMLcXcXmX)",0.9222840463632203,no,,,10893,2.2952309520191614
1314,XqLLLXcqLfFXLLLcXXLfcXfFXXRX,1.0567712320012013,no,,,10893,2.2952309520191614
1315,"LFM(RXRcfXFXLLLMLXrFLFLX, (rFfLLXmLXCX), XLqX)",1.4558766906647607,no,,,10893,2.2952309520191614
1316,"CLLL(qqX(rMLLLLcXrrLqqLmLLcXLX,  ), X)",1.4182682016250727,no,,,10893,2.2952309520191614
1317,"XFX(RLcX, QLXFFmLXmLmmLmLmmLm(RcMXRlLm(LFX),))",1.0815353202135924,no,,,10893,2.2952309520191614
1318,"FLLQccL(XmFXRmLcLLXrLMLfX,,fXXMQX, FXXLM(LX))",1.7567701823780153,no,,,10893,2.2952309520191614
1319,"LqLLFL(FQLLMQLXmcMLlFXXrmLLXLMXLQX, LXL(FX), rMLfX)",1.769538748696348,no,,,10893,2.2952309520191614
1320,"LL(FL(LfmqX), rrLmLfcXr(LLL(LLXLLFXmLLCMqXqqX, )))",2.141141281304607,no,,,10893,2.2952309520191614
1321,"LL(,Lf((MFLQcXfLX), RLCccXLXFQMXcmFXFMcqLFLLmLqX))",0.9882064206303232,no,,,10893,2.2952309520191614
1322,"FFLLLLq(mLXLLXCLFXfLXF((FL((LmX)))), cX)",1.1554066188336949,no,,,10893,2.2952309520191614
1323,"LMLmLXL(mLmLXLcQQXfcFMqcX, RFLcXcQLXLcXRX)",1.1808847926373085,no,,,10893,2.2952309520191614
1324,"LLfX(Lf(FCLLqMXMXLCFXfXrFX), LLX(rlLLFCX))",1.1670128542432479,no,,,10893,2.2952309520191614
1325,"LF(XLfLLLFXRqCfLCX, MXQLQXLLccXLLLXmLFMQQXX)",1.0939893043923852,no,,,10893,2.2952309520191614
1326,"ML(rCmmLLLqccXRfLLcLXFfqLmLXfLXffX, ,  , rLLX)",1.8231089910869158,no,,,10893,2.2952309520191614
1327,"LqLLCF(XLc(CXCCmLLqmLMXRRMQX), , QFX, MX)",1.1529285961127584,no,,,10893,2.2952309520191614
1328,"((lfLLRRCLXCLLLLLLLXLmLLLFLfLXMLLXRRRLX), rLLX)",1.9229940773544505,no,,,10893,2.2952309520191614
1329,LXLQMXXQcLLMLLccXLLFXLMcXcXXLX,1.1211088394034474,no,,,10893,2.2952309520191614
1330,RcFFLFFLLmmfqcLLXccMqXcXLqLLXrqXcCQX,1.3004412332636066,no,,,10893,2.2952309520191614
1331,"LcF(qcXLLXcXLLXX, rMmmXRfQMXLX, , )",0.8220170723783533,no,,,10893,2.2952309520191614
1332,"fmFLLLL(LqXrCCX(QmXFFLLqLLLLX), qLLXCLX,(RqX))",1.4113262141394405,no,,,10893,2.2952309520191614
1333,C(rrCCfLcLXqFccLLLXmLXcXLMXrLLfLLLX ),1.388633113472896,no,,,10893,2.2952309520191614
1334,"LFLXRf((LXXmLQcXLmFLmFLMcX(mX)), QqMLX)",1.1323841149955585,no,,,10893,2.2952309520191614
1335,lmmmLMXRRFLXLqLLLCfCXLLmXfCFXMLLXQLLLXX,1.328021739676506,no,,,10893,2.2952309520191614
1336,"LXff(LLMXLF(LLqLmXLlX(fLCLXFFQfqfMLfMLFCLX)), ,)",0.9389981521428619,no,,,10893,2.2952309520191614
1337,"C(CQLLfLLLQCXLLLLCCXRFLLfLQmXRRRQLLX,LX)",1.3755736227926478,no,,,10893,2.2952309520191614
1338,"CC((RCMLQLXMMfmmffLfCLLX(LLXrqFLcX)), QLLQLLLMXLCX(XlLMX))",1.5390970632345726,no,,,10893,2.2952309520191614
1339,"rLLXL(L(RQfMMXFQQ(cFXrFQX, f(LLXrCcXQFX)), FX))",1.6652347645157262,no,,,10893,2.2952309520191614
1340,"FLLLXrrL(LXm(FXL(, cmXCX(cX), LFXLLX)), rQfMMX)",1.8227563753654732,no,,,10893,2.2952309520191614
1341,"LL(RLQCLCXrMLLCXQLLLXRQFmQX(rMCQX), rCX)",1.7430502333338933,no,,,10893,2.2952309520191614
1342,"RLqXLLL(XCLqXLLF(LL(CmmCXX)), FLX)",1.0240397882136325,no,,,10893,2.2952309520191614
1343,"Lm(L((Fc(F(LCQmX))), QLLXmCLLLLXCXRXCLMXX(FXMqMX)))",1.0263340010280413,no,,,10893,2.2952309520191614
1344,f(RFMLLmXLCXrrLCFCLmCLLLXmmCXF(RmLLXRX) ),1.1135102780240709,no,,,10893,2.2952309520191614
1345,"F(ML(RRmMLCmLXLL(L(CMLXLLLLXqLLqLqmXrX)), LLQLfLQLX))",1.9223116754769054,no,,,10893,2.2952309520191614
1346,"(LLLXRCQLLFCXcLLLLLCCXrLLqqXMLmX, , LX)",1.1089140174411305,no,,,10893,2.2952309520191614
1347,"LF((cXRMFXLmX, , RRMmccXmXXLLLXLLLQX, L(LmXLX)))",1.8011527961284446,no,,,10893,2.2952309520191614
1348,"L(RLX, rcLLFcLXMqLcXLXMcLLLXLLXRLLLX)",1.1996355511434948,no,,,10893,2.2952309520191614
1349,RfLLCLXrFLCLCCLCqXLXRLLXMLXLLX,1.2144631773618761,no,,,10893,2.2952309520191614
1350,CC(CCX CLLQXLLXMQCLXLLLLXLCXXFXX),1.1427501731633816,no,,,10893,2.2952309520191614
1351,"LXLF(LLXrrmLCXCLXqLQMqQLXLLX, mXRRLLMLX)",1.4025975108011672,no,,,10893,2.2952309520191614
1352,"XLXCFL(LLMLXmLcLcQXMMXXXlLX(XcLX), CQX)",1.2003619411727118,yes,B5,15,10893,2.2952309520191614
1353,"mqLLXqFLXLLF(MFqLLXFCMFFmCXRqMfXFLmLMXfLLX,, MQfQFX)",1.604318978590756,no,,,10893,2.2952309520191614
1354,"(Lf(rL(mmcX), (LLcLcLcMqqLccXcX(qmFqXlfqqXLX))))",1.186726471298723,no,,,10893,2.2952309520191614
1355,"ML(LLXCLqXLXmLlFXLLCFLXX, LqFX)",1.1621354603058394,no,,,10893,2.2952309520191614
1356,"LFLXLLm(LLLQQXLLCCLXXQQmXMX, LLX)",1.2931875670790702,no,,,10893,2.2952309520191614
1357,"LLLm(, rrLmLLXq(LLLLLLXXrLXLLFFLFLX, , ), LLLqQX)",2.0717205731455564,no,,,10893,2.2952309520191614
1358,"ML(, RF(LL(rLLMX)), LQQXLFXlCCqLMXM(rLLXrfqXfLmmmLX))",1.327004464377846,no,,,10893,2.2952309520191614
1359,"FLLXm(L((R(FmX))), LXrqlXRCXLLLLFXLXCLLqX)",1.5926050802848841,no,,,10893,2.2952309520191614
1360,QXfXXrrMmLfLfLcqmXLXrFFlLcLLcXLmffmLXXFcLLXLLXX,1.165383158324006,no,,,10893,2.2952309520191614
1361,"L(LfXRlX,  L(rLLcfLXqXL(LMLL((qLLmXLLmQLXRLLLMQX), ))))",1.1963837158562811,no,,,10893,2.2952309520191614
1362,"LL((mLMFfCX), XMqXXFCFLLCXQLLLfX)",1.0794903685353658,no,,,10893,2.2952309520191614
1363,"LFFLL(, rMLLLLXRccMLLXXfQmcXFFm((XqmXlFLX)))",1.239738720455647,no,,,10893,2.2952309520191614
1364,"XCL((L(rMLLXRLX, mLXRfLcXRlXcLLLFFXFLLLXLfMX), , ))",1.4677079826701405,no,,,10893,2.2952309520191614
1365,"LLm(FFMLLmQLXCFLXCXQlLXRQMXqCX, QcLXLFX)",1.1110709415378175,no,,,10893,2.2952309520191614
1366,"LLLf(fCQXFLX(XLQ(m(fLQ((LX, (LX)), RfXLX)))), C((LFX)),)",1.1711182320237596,no,,,10893,2.2952309520191614
1367,FXLqFXcXLClLLLQcMXmXcFXXLmXLLXQFcXMLX,1.273703266807713,no,,,10893,2.2952309520191614
1368,"LC(RLmFfLCQMXrLLLCXRLLXQQQXm(r(lX)), LLmFX)",1.714850554441964,no,,,10893,2.2952309520191614
1369,"LLL(RRmLCXLLCCLLXmXLLLcfXL(RFQLCX, ), fQX)",1.930770165118968,no,,,10893,2.2952309520191614
1370,"LQLLL(L(LLXLLX(FXFLXQFccLqX, M(LQcFX))), mcLX)",1.2567876108255274,no,,,10893,2.2952309520191614
1371,"LFFLL(,LLLX, ,rrMcXcLLXLmLLmLXRQLLqLMXC(rqfQX))",1.933620797691201,no,,,10893,2.2952309520191614
1372,"Mf(L(((rLLqXLLLLcLcXLcXCQMmLLLLXLLM(, FLX))), RRLcMLXMLX))",1.5860517590514285,no,,,10893,2.2952309520191614
1373,"X(LLLLF((FMXrrCLmLXXCmLmLLmLLXqLLX), X))",1.1775907325113792,no,,,10893,2.2952309520191614
1374,LqMX LLLFXccFqXLLLLXfcFfXQlXrlLXLfLQmX,1.2835628976278504,no,,,10893,2.2952309520191614
1375,"LLC(LLCQXLXCLXFXXRqLX, RRRLcMcLCfXMcX)",1.2158005235682934,no,,,10893,2.2952309520191614
1376,"MMcF(, rrLXLL(LLmLLXRqLLLXRCLLX, ), rrMLmFfLX)",1.5627453596002827,no,,,10893,2.2952309520191614
1377,"(FLLLXRQmX, cmMMmqXLLFLXcXXLLLXX)",1.0485941217507455,no,,,10893,2.2952309520191614
1378,"mL(LLcf(LqXqccMFmXFLLFLLmXrXLX, rrXcLfLfLLXrXrmfXlX, ), )",1.8267886835707734,no,,,10893,2.2952309520191614
1379,fFLfXRRCLXrQLLQFCLCMXLXrCmFFXLXrXMX,1.192997282221174,no,,,10893,2.2952309520191614
1380,FCLLXXcQX L LLXcLLQLfXlLLmMLLXcFLFXLXLcXMX,1.2221875814236682,no,,,10893,2.2952309520191614
1381,LLLXCXQCfMXfXfLmLXLMLCXrLLXrcX,0.9609818882216247,no,,,10893,2.2952309520191614
1382,"LL(RQXQLq(fCCXFXrmMX), RXCCQFXXFfXQfQLXX, LX)",1.2802932574405863,no,,,10893,2.2952309520191614
1383,"L(qfXRLXrLLXLL(LXrLMXCLMX, , ), X , )",1.0271581010356823,no,,,10893,2.2952309520191614
1384,"(rLLLLMLXMLLccqXcFmXqqXXfmLX, LXLFLX, )",1.007819083648035,no,,,10893,2.2952309520191614
1385,"L(FXLXrCfXrLCXFL(fXrLCfXfMX), RX)",1.0931184620290706,no,,,10893,2.2952309520191614
1386,"LmL(LQXLFLFLX(LLLLmF((XLFXcX), R(ffX(rMX)))), FLXfX, )",1.3654057594401652,no,,,10893,2.2952309520191614
1387,"LLFLX(LLXRlXLQcLXLLcFMXX, RLX)",1.1289432546971325,no,,,10893,2.2952309520191614
1388,"mLfFL(RqX, rLcqXRLqmLLLLccXLLLLXLFcmCCFLX)",1.4456932906971662,no,,,10893,2.2952309520191614
1389,"LcFLc(MLX,FccqqXLcMXLfFFLLXc(LmCLfLMX),)",1.2925356032685793,no,,,10893,2.2952309520191614
1390,(fLfLMXLXrcMcLLLLXqLLLmXcMMXXrMqXLmX ),1.0285937343464449,no,,,10893,2.2952309520191614
1391,"((RLFX,LLLmL(M(XX, XQXFfccQXLLLFXrqLX))))",1.2460994787261346,no,,,10893,2.2952309520191614
1392,"RMLmXLLX((rrqq(qqLX)), rLLLLXrLLCXmCFXLLLMMXLX)",1.4586940900211565,no,,,10893,2.2952309520191614
1393,RcLFLQLQcXrLLfCLmLqCCCXLXXFMLXRLmLXLX,1.414378649129602,no,,,10893,2.2952309520191614
1394,"CLCFqXLF(LMLFLL(((rFmmCMXLXRXLCLLX(LX))), (RfX)), )",1.4398130317988815,no,,,10893,2.2952309520191614
1395,(LMqXfcmXrLMLfLcLXFCCMXXMLXQmmMfLXMmLMLLQXCMmX),1.261215933481084,no,,,10893,2.2952309520191614
1396,"LL(L(f((, Lq(rQMmX)), ), rrMLLcXccFLLLFMXfLXLCXLLLQX))",1.884926399984735,no,,,10893,2.2952309520191614
1397,"RLLmXRLMF(RFXMcXX, QfXFLLfLLLmXcMXqXLXMFXLX)",1.3206623805235727,no,,,10893,2.2952309520191614
1398,"M((LLLX(LLLLFCqFXXXCLLLLLXfFX)), FfmlFFLLQX)",1.2788851033539574,no,,,10893,2.2952309520191614
1399,"LLLF(FMCX, RRLXLLLLCCmLXFLLLXXrLMFccX)",1.7490081696562956,no,,,10893,2.2952309520191614
1400,LRLqLLXLmqCmLMcfqccqXRcLLLXqLLLLXLLLX,1.4077419993900122,no,,,10893,2.2952309520191614
1401,"FLmMXRLQ(LXLM(LLLF(Rm(LX, fLLXLXLLLmmFXLX))), X,)",2.082540507293323,no,,,10893,2.2952309520191614
1402,"LLXL(rmLqXLL(r(LLLqQLLQfLXmXMXLLLX, , )), X)",1.7005403978255595,no,,,10893,2.2952309520191614
1403,"fFXL(LXrMMXrmXRfLq(QLXLmX, , , FXrLX), LX, )",1.5380263806341803,no,,,10893,2.2952309520191614
1404,"lLLLXQ(RFLMLXCfQqfCXRLQMQXQXlX,,)",1.4395963672610852,no,,,10893,2.2952309520191614
1405,"fLXRmmff(RfXMcXLXLFMFXMcXL(LmX), fLX)",1.395061011761919,no,,,10893,2.2952309520191614
1406,"LL(XCqLXXLmXL(FL(, qLXRLLFX)), X(QFX))",1.244392047128987,no,,,10893,2.2952309520191614
1407,RLXXRfMLcXLmfMFXMXFFcQLfLcQLQMcXcX,1.1227432220939721,no,,,10893,2.2952309520191614
1408,"F(LMXcLLLLX, LL(L(rrFFXL(LL(mXLXfqqXMcX, QX))), ))",1.9208356835490188,no,,,10893,2.2952309520191614
1409,"L(LFMQcQX, (cLLqMqXLLLfLccXrLLmFmFLFLFLXrqLLLLX), ,)",1.4046909065005562,no,,,10893,2.2952309520191614
1410,"L(LmLML(r(L(fFX), ), mcQXXLLfLLcXfXLmcX), fX)",1.2390677536257704,no,,,10893,2.2952309520191614
1411,"FL(LCLc((f(RQFXL(LLQLQLL(M(RcmqX), LX)), rMLFLX))), LLMX)",1.0842127565047697,no,,,10893,2.2952309520191614
1412,LfFXlLXCMQqXLFLXLLCqXCmLFXRLXRFXlCCX,1.0846022094268717,no,,,10893,2.2952309520191614
1413,"LfLLFmF(LXMCqXfXLFXCLLXrLLLXRqLL(,, rX), X)",1.3747366467911735,no,,,10893,2.2952309520191614
1414,"L(RRmQQLmmmqfcX, rLFCQXRCLmfLLXLLLLfCXmQXRLXLX)",1.4536863417331336,no,,,10893,2.2952309520191614
1415,"LLCMfCXFq(m((((((XLFLCqmCLLLXRLCXX)))), mLX(LLLX))))",1.147842694398698,no,,,10893,2.2952309520191614
1416,"rLfLLX(RLMmfF(FmXXQQ(cQffLL(X, X))), F FQfmXcQLLcLLXXccX)",1.390614969099899,no,,,10893,2.2952309520191614
1417,"MXfLMLqXQm(RLFLLXcXmXrMXLLXcLLX ,, )",1.314525120349779,no,,,10893,2.2952309520191614
1418,"ccFXLXCmLM(rLXCLCqXmLXm(L(MLffXLLX)), rLLmLmLXcqX)",1.2102940172252385,no,,,10893,2.2952309520191614
1419,"ML(l(FFfmMfMFCQmXLMXFLLLLLCMXrLCLLLLXrrLcLX, (LXFLFX)))",0.9794129931287227,no,,,10893,2.2952309520191614
1420,"LLCL(rCmQX, rLLXLfccLXLLLQFfXFcLcXLLLmXrmfLLLX)",1.2943914270654837,no,,,10893,2.2952309520191614
1421,"LL(LQQCfLXFLLCXmQCqLMqLXQmfXclFL(rcX), MX)",1.454228402372982,no,,,10893,2.2952309520191614
1422,"L(rrXFLLf(cLLcXXMXrCFCLqCX), cLLX)",1.6254565501200449,no,,,10893,2.2952309520191614
1423,"RRLLML(L(mFXLmCLQLCXfXMFXCXrLfLXLLX, ), CFX)",1.3773308943957798,no,,,10893,2.2952309520191614
1424,"rXfL(LXLLF(CLqXLXCXLLXLFLL(RX), XLLqMCXqCqCLX), )",1.5112645338031108,no,,,10893,2.2952309520191614
1425,LLFLFCQCQLXCXLXFfXLfLfXrffCLXrFLmmX,1.4422607836900323,no,,,10893,2.2952309520191614
1426,"fLFXlLXF(L(rLMCqXLLCLXRLXrrMfLmX), qXCLFmLfXLLfX)",1.5299761941183463,no,,,10893,2.2952309520191614
1427,rFMFXM(m(LLLqXQLccFLLQXcLXLMmXqXMLXLLX)),1.175822515774674,no,,,10893,2.2952309520191614
1428,fFLLXCCLLFqLXLfXFmmXLmXMMlLXMFMCLFX,1.342538298655267,no,,,10893,2.2952309520191614
1429,"F(FcML(FFXLXqcQX, cmQLXX(XLLLXLLLXLcLX)), FLLmLX)",1.721090081963016,no,,,10893,2.2952309520191614
1430,"LLLLLMMF((FFX), MfXRmLMFcXfXQXfmcFXLMLLFMMX)",1.1010338739131404,no,,,10893,2.2952309520191614
1431,"rLFM(m(L(M(LFFF(XMXCqCXLXf(XL(, FrqLqX)))))))",1.0819033762789596,no,,,10893,2.2952309520191614
1432,"FL(QX(LX(QFqmLLXMLLX, QXLX)), LLfXrMFcQX)",0.8706487290230401,no,,,10893,2.2952309520191614
1433,"LL((F(qXLfMXrMCLcLLcLLcXLL(LfLfLXLLL(LMCX))), FcLMMmLfX))",1.2030970526716611,no,,,10893,2.2952309520191614
1434,"(LfLfCXLFfQCX, RRfLCfLXRLCLqLXLLfLffXLXLqcX)",1.6452494911678726,no,,,10893,2.2952309520191614
1435,LRMmMFCFQLLLCXLLLCXLLLMXRfmCXrLLLXqLCcLCLX,1.3987981605901216,no,,,10893,2.2952309520191614
1436,"RFXRMXRLm(RMXLmMCLXcfLL(LX, FLX), RLXLmLX, , , X)",1.6581690956369433,no,,,10893,2.2952309520191614
1437,"(XFffLLQX, M(rMLFLLrXcLLcMLmXFLmmXcfCXRmqX), rMLMX)",1.374005047010833,no,,,10893,2.2952309520191614
1438,"L(LFM( ,qLXFLLFXcXmLcLLXRRQmMXmX), LCX)",1.1033863361296343,no,,,10893,2.2952309520191614
1439,"fLfm(FLF(LXfqXrMMCCXRLLLLLLXFX, QLLLLX), , cX)",1.2923285231634016,no,,,10893,2.2952309520191614
1440,"LLfLL(CLflLQXfLfMXLLCXM(LLLLXRFCMXCX), XRLMLX)",1.1931818975858908,no,,,10893,2.2952309520191614
1441,LF( RCLXlCQXMXLmMLLXLCFFXFm(LMLfLXX)),1.0288606855362135,no,,,10893,2.2952309520191614
1442,"(LQCQQCCCXLLLLLXFLLCXLCXMLXLLLX, rMfFLX)",1.1194956702625194,no,,,10893,2.2952309520191614
1443,mXQMXmLXcXffXRLLLMcmXccLcXLMF(cFLqFX),0.9900240784901403,no,,,10893,2.2952309520191614
1444,"LL(, LQcFX, rfccqfLFXRfLfLLcLXrqLfLLX(QFLLX))",1.4408376764581152,no,,,10893,2.2952309520191614
1445,"(MLf(fLMLCmLCXc((ffqmXrccMMcFXLLXRRfFXRRLqLQX), )))",1.239228076723077,no,,,10893,2.2952309520191614
1446,LLLXFLCXRRfLLLCXmLLMLLCLMXmLLLLXlXrfQmLLlqFX,1.4509958180581184,no,,,10893,2.2952309520191614
1447,"RcLLcFC(LfmcmcmcXQFXFLFLLX(rQLm(X, (LLmLXX))), mLqLQX)",0.992149788295203,no,,,10893,2.2952309520191614
1448,"MLL(fMmX, rrLMFcXmLQ(rLLLXRRRLfLmLXFLX, ))",1.5307705402861163,no,,,10893,2.2952309520191614
1449,"mMfLXLLLFmL(rFLX, LFFXRRmcXLL(XLX, LLX))",1.3529388454898919,no,,,10893,2.2952309520191614
1450,"(qLXF(fLXcLLcLQLXLFXcXLXrQfcQQXqM(F(, MmX))))",1.2757906276098603,no,,,10893,2.2952309520191614
1451,"((mL(MLmLfMfLmqXCXLFLFXXLLLXMmLCXqQX)), LLqXFFX)",1.4412472400023004,no,,,10893,2.2952309520191614
1452,QQLXMLXrLmFLCXFCqLmLXCXMXXRQqX,1.025251247251523,no,,,10893,2.2952309520191614
1453,"mLLM(, FML(F(QQQXrLMCLCLLFLXLQQQLXLXLFlX)), fX,)",1.8696807187262825,no,,,10893,2.2952309520191614
1454,"MLfq(cLXqmcqcLXRLXXLX, rccLXcLLLXrLLLXq(FCFCX))",1.6572779223777097,no,,,10893,2.2952309520191614
1455,"FLL(RQmMMXLLcFFcXLXX, L(RXrLLXrC(RFqX)),,LqX)",1.0881035267019878,no,,,10893,2.2952309520191614
1456,"rrLXLML(LQXLL(XLFLLL(FFmXLLcXM(X), XLX)), LMX, )",1.7982637310498455,no,,,10893,2.2952309520191614
1457,"LFLXLLmF(mfX, fqMfXLXF(RXLqcX, LXfLFFFFXrrFFCLmX))",1.448898010381848,no,,,10893,2.2952309520191614
1458,LFLMLqXrmcccLFcLFLFXLLfXmMmXRfXLmXRFLLX,1.4812553496343035,no,,,10893,2.2952309520191614
1459,"FMLL(mm((LX)), rrLLLfcLXLLLcLLLXffLLLLLXLLLLXmFX)",1.9294115436621861,no,,,10893,2.2952309520191614
1460,"LCLLLM(RLQXrLLLCCX(RQQQLLXLf(FQCX, MQX)), LMX)",1.577007651960154,no,,,10893,2.2952309520191614
1461,"FL((((mmL(L(qfXXCCfFLLLLXLXrMQMX), (LX))))), , , cX)",1.3588024994241947,no,,,10893,2.2952309520191614
1462,"FLXL(mQFFFFXLLfLXcLLcXLFXX, (LX))",1.2468498748459986,no,,,10893,2.2952309520191614
1463,"LLLL((fRRFLLCFXCLLLmXLLLLLXrmqFLqLMfXX), MX)",1.9293063090591986,no,,,10893,2.2952309520191614
1464,"LL(RLf(RCXL(RLF(LXmX, LMLXMLXqXRFX, )), MFX))",1.832779215319622,no,,,10893,2.2952309520191614
1465,"mXFLL(MqCLqCXLCLXrLLfqX, XLXqcfX, X)",1.0678898094158502,no,,,10893,2.2952309520191614
1466,"M(Lf(fqLXfLLLXcfcLLMXLXr(rcLXcLlX)), qLLX, )",1.1579418702144897,no,,,10893,2.2952309520191614
1467,"FXLfLfX(QXXLccMFcLXLMMLLX,rXRRfLCX)",1.1434574040611811,no,,,10893,2.2952309520191614
1468,RlLqCFCXrMmcLLLLffcXcXrLXmcXfFXRlmXRLLfLfLQX,1.2091154259463857,no,,,10893,2.2952309520191614
1469,"qCL((fX), rCLLfcXRLFLLcLcXrqLLfLLXLLX)",1.4460427955878585,no,,,10893,2.2952309520191614
1470,"(fLLLXrrMLLfX, qLcFXLLMLXfmmcXLLmXrXRfLQLLMcX)",1.155674642394852,no,,,10893,2.2952309520191614
1471,"(rLlFCcLXLLQMmcLXLXcXmFXMLQXmqXccmLX, )",1.2559958349963263,no,,,10893,2.2952309520191614
1472,"LLFXqqL(qLLXF(XLLXL(r(LQMLcXLqX)), rLMFX), QfX)",1.7371758081843567,no,,,10893,2.2952309520191614
1473,"L(LLRRCCCLCXmXLFLLLLXLXfLLX, LQq((((C(mX))))))",1.7108888454263378,no,,,10893,2.2952309520191614
1474,"mLLLM(QCQXCLCXRLMLQLLXRXrX, RRLmFmXLLq(RCCFCXX))",1.6564348520973924,no,,,10893,2.2952309520191614
1475,"mL(RqFfLXRLQCCXLfLfCXQXXX, LLX)",1.276462061848209,no,,,10893,2.2952309520191614
1476,"L(mmq(FQLX), XRFLLLcFXXXRRcXLFLXLMLXQcfLXLLLXX)",1.3521882738375046,no,,,10893,2.2952309520191614
1477,"LF(F(QQLmFLXC(fFcXfXMmXrfFLcX, RXfXLX)), FLXLLX,fXLX)",1.497156746954255,no,,,10893,2.2952309520191614
1478,LLqqcXLLLmcXLLcFLXcFXX QFFLqmLFX,1.2842990159756809,no,,,10893,2.2952309520191614
1479,"MLL(RRfQ((RmX)),LmcqFXLqMccfFXLLLcXRfXQCQCLX)",1.3341306307049434,no,,,10893,2.2952309520191614
1480,"LL(XrffqFX, ,fQcLXLmMXcMmXLLLMXLFqcqX, )",1.1319690038999195,no,,,10893,2.2952309520191614
1481,"LLf(,(fcXrqCFXLLQLLL(fL(LLLLXrqqMLXLmX, ), )), X, )",1.26388270989878,no,,,10893,2.2952309520191614
1482,"qLF(, cXRcMMcqLXLLXqcXX, LX, CfXL(m(XLXCXm(FmX))), rLcXLcX)",1.2501974542881011,no,,,10893,2.2952309520191614
1483,"C(LLLQMmLCQLCXMCXLLLLLmQQXRQqLMLX, lLfLLQfLX)",1.200469699427043,no,,,10893,2.2952309520191614
1484,(LLLFXrcccLcLLLXqXcXMXf(rqqMXRLMFLX) ),1.0496078514200007,no,,,10893,2.2952309520191614
1485,"LLXrfLML(LfFqFXLLLfL(XXQXfMXRQX,FFX), (RLfLXLX), )",2.012063246089295,no,,,10893,2.2952309520191614
1486,"LF(CmLQXfLLXFLLCmLLXFXRRmCLLfLXLX, LFFfQFXRLLfX)",1.1885429415289763,no,,,10893,2.2952309520191614
1487,"rFLLLLFXm(m(LqQqLLQLLQXcFcXFXLLqLX(X)), RMRLMX)",1.3150658680273466,no,,,10893,2.2952309520191614
1488,"LLMLXL(RQXrqL(Fm(mLX, MLXqQqLXF(mFXRCX))), (RMmMMmX))",1.9112257255252783,no,,,10893,2.2952309520191614
1489,"L((rrLCXXXFXXLLXRRqCLCLX, XLLX))",1.2631248382603295,no,,,10893,2.2952309520191614
1490,"CLM(RLQCXrLLCLLXQ(QQFXRRXmLqLLX), (LLX))",1.719461618242779,no,,,10893,2.2952309520191614
1491,XLCfXqqCXLXCLXFfLCXCXXmfXqQXX,0.9111761004929334,no,,,10893,2.2952309520191614
1492,"cfM(CXLXMXrLCXqCLCLXFmFXRmFXfqX, ,LX)",0.9712379306845036,no,,,10893,2.2952309520191614
1493,LXrLLXRccLcQXrFLLXFfMfXLLLMXFfFXXRRcqMX,1.1858879944112677,no,,,10893,2.2952309520191614
1494,"LF(mcfcLXcmQXfLFXL(LLLXR(RmXX, )), qL((rLX)))",1.2250842802718889,no,,,10893,2.2952309520191614
1495,"mLLfLL(qcCXLmXmCXLXfLLLFXQ(RMQLCX), MrfLXFqLQX)",1.4471213269058834,no,,,10893,2.2952309520191614
1496,"LL(RQLCXF((LCXrL(qFLLXLmXrLLX))), QXCLCLMMLXLLX)",1.6481146591298261,no,,,10893,2.2952309520191614
1497,"LLm(fFQLFXLLXFMCCXRX(RRLLFQLXrLCCX), rX, )",1.2046829316193521,no,,,10893,2.2952309520191614
1498,"mLfm(MLLL(qXLcXrMLfcXRMXqX(CFQFmX), , cX), qCfXfX)",1.1039627015480413,no,,,10893,2.2952309520191614
1499,"L(rLFcX ,rrLLcccXLfLfLLcfLXFMLLLLfXFmmCLXX)",2.0675205956485945,no,,,10893,2.2952309520191614
1500,FLLXrrccccLLXMLmLFLfcmfXRRLQLQQXLX,1.415211305874198,no,,,10893,2.2952309520191614
1501,"LLLLL(RRCXLCXLXmFfLFfFLLLMLXL(LF(rLCLqX), , ),ffX)",1.817374877404127,no,,,10893,2.2952309520191614
1502,"FLL(RcQX, XfLmLCCqXXXmXmLXFfFXrrCLQX)",1.3111735472933312,no,,,10893,2.2952309520191614
1503,FcFXFQLmcmLXFXLXfXXLLLLMLMMXRcXrqcFMXQX,1.244428191677794,no,,,10893,2.2952309520191614
1504,"LM( , L((LFcX)), qcqLXcXM(LfLcLLXCQfMLXRffLMX))",1.6173535293007322,no,,,10893,2.2952309520191614
1505,"m(, (lMLLXCLLfQFLCX(RCCXLLXXXrXXLX), X))",1.0032315006497177,no,,,10893,2.2952309520191614
1506,"LXLLLXR(MXQ(RqqMffQXX,  fXLX), RLcmXLcXFXX)",1.2889122524703527,no,,,10893,2.2952309520191614
1507,"LFXLLmC(rmLXXrffXLMLCXrrrFX(X), XLLX, )",1.3376947905598406,no,,,10893,2.2952309520191614
1508,"F((MFLLXlXqCLXmLLLCLXXF(qLLqLCXFCX), rrqqLmqFX))",1.1925053054864703,no,,,10893,2.2952309520191614
1509,"CL(, ,mQLLXmLXmLLLLQQCCCFXrqmXrQfcX, LFFqqffX ,)",1.0716173954409036,no,,,10893,2.2952309520191614
1510,LLCFXRLmCQmCCCLXrCLLMLXRRLLQLXrfLfX,1.4014651414205712,no,,,10893,2.2952309520191614
1511,"ML( LXlX(qFXCCqXRFLLLMXLX),,Q(rQqLFQLX,F(QqX)))",1.3940625047196964,no,,,10893,2.2952309520191614
1512,"(MRLCLLLLQFQXCqXXX, LLLQXLLLLQCCXFffLLmLLCXFFXccmX)",1.4496321003903232,no,,,10893,2.2952309520191614
1513,cLlLXRRFcFFLCLCCXCLLmLLMLXLMfLLLLMXrmmLmLX,1.4093682360712634,no,,,10893,2.2952309520191614
1514,"((LL(L((((qFLQX(Lmm(RLLLmMX))))))), QXRLLcXLLLXrrLcXMX))",0.9304142750111787,no,,,10893,2.2952309520191614
1515,"LLFXML(qFmLXLXCCLLLLXLLLmXQqX, MLMLLLMX)",1.455334877837216,no,,,10893,2.2952309520191614
1516,"LqLXm(XLLLL(rfCllXLFCCXLLLCX, qCcfmX,MX))",1.1344090636596849,no,,,10893,2.2952309520191614
1517,"CLLCL(CLXrLLLqLXCXLLFXrMqLmX, rqLmLXrQQmLLCX)",0.9911785454664228,no,,,10893,2.2952309520191614
1518,"LCLLL(QCmLQXLmCXqmLLLXLmXrLFM(Lm((fX), )),fX)",1.7590615955951725,no,,,10893,2.2952309520191614
1519,"LFXXLLqXLLL(, c(, RlQX, ), LLqXCCXXCLfFX)",1.0382024181239218,no,,,10893,2.2952309520191614
1520,"L(MLmXCQLLCQXCLLXLfLfXrXFcX, X)",1.4530284999361534,yes,B5,21,10893,2.2952309520191614
1521,"LL(RcfmLXLlLXLXLLMQLcFQXcLcLLLXLXrrLMXLCcccX, LX)",1.0968353159403164,no,,,10893,2.2952309520191614
1522,rQ( rQqLLX(ccmqXLLfLfXRqcXRLX(MXrX))),1.2704883133636415,no,,,10893,2.2952309520191614
1523,FFLLCXrrLLCLfMCccMcFXmLLLLLLcXLLLfLXqMLfLMLX,1.4182184973982173,no,,,10893,2.2952309520191614
1524,LLLcXLcfLXLLXCMcQQXLccLLXrLMLXLX,1.059008493463704,no,,,10893,2.2952309520191614
1525,RLLFX qLfXmCCLQfXRLLXCLfMFFXXfXrrcX,1.1182145287573837,no,,,10893,2.2952309520191614
1526,"LmLLM(RRLLLCXLLLfCfLLXmLLLXrFLfmX((fLLMX)), LmX)",1.891543031215922,no,,,10893,2.2952309520191614
1527,"L(CCLmFqXLLXXFXmLXMCX, , LmXmqFcMX)",1.1671277709335857,no,,,10893,2.2952309520191614
1528,"LCF(, RQCqFmLcX, LqcMmLXccqLcLmXLFqfqcXRLFmXMCLqX)",1.4064482121038233,no,,,10893,2.2952309520191614
1529,"MFLF(MLLLXF(fmL(MqCXF(LXL(F(MfLCmXLXFfX))))), XQlX)",1.327925764223522,no,,,10893,2.2952309520191614
1530,"LLmL(mfQFX, RRLLmcmFXCLCXLLFXMfLXFcX)",1.777163811615379,no,,,10893,2.2952309520191614
1531,RRLFfLcXCCCLFLqqLXLCXRlFlXLLXmLmLLLLX,1.2785847085786346,no,,,10893,2.2952309520191614
1532,"LLLXmM(rLLqXrrL(RqFXfM(qqmXMXLfLX), FX), mX)",1.7433420600417346,no,,,10893,2.2952309520191614
1533,"LFLfXLL(FQXX, ,RfcQXrFcXLXX, CQX)",1.0703497926379122,no,,,10893,2.2952309520191614
1534,"M(mmfLX, mXfcqLqLLLXFcXLLMXLXFcXLLXRRX)",1.1892030053956713,no,,,10893,2.2952309520191614
1535,LL(LFXMLLXRMlXLcQXLcLLfLLmXLXFQcQmXLFQXrCmlLQQMLQQX ),1.1653543087389044,no,,,10893,2.2952309520191614
1536,"CMLmMLLXMLL(rrLFcXfmfmLLLQLf(rLXrLXRLMX, ), )",1.506230890341563,no,,,10893,2.2952309520191614
1537,"LL(, MLfqcLLF(RFQMXXXmF(lLLLXQLcLLcLqX), X), MqX)",1.301782974060268,no,,,10893,2.2952309520191614
1538,"LLLX(,RmLQCFXMLLLLq(LLL(, (fmXrLQFLLXMfcL(rMfQX)))))",1.5424442451034481,no,,,10893,2.2952309520191614
1539,"LfLLXLFL(X, XRRFfclX((X(LLLcXrLmLX))))",1.2684130916556438,no,,,10893,2.2952309520191614
1540,"LFXMLXfmFF(FCCqMXX(rLLCXRLLqX), L(LXFqCXLmCMLX))",1.4413112678090165,no,,,10893,2.2952309520191614
1541,"FQq(F(,LLLXrMLXMLllCLXXLXRRLFX,rmqXQX))",1.3694773875687714,no,,,10893,2.2952309520191614
1542,RLLXRCQLCqqqLLLLXXFCLffLLLXMLXrmMFLLFX,1.1096416736002033,no,,,10893,2.2952309520191614
1543,"LLLccMcqLLF(qLFXLLcXLLXRfmXQC(X), qFM(ccMcX),)",1.6922510926995267,no,,,10893,2.2952309520191614
1544,"L((LL(QLXCLXL(LfLLXLFCmXRmFmLmfXLLMXCXX), LLLmXFX, )))",1.1905301615470183,no,,,10893,2.2952309520191614
1545,"LLLXXLLL(fQXFcMMLqXX, RFLLLcXQcXMmLffX(XmQLX))",1.3629716117746247,no,,,10893,2.2952309520191614
1546,"LLL(rrmLXcmLmcLXrrLFmFLXXLFCCfX, LcX)",1.7166378987170123,no,,,10893,2.2952309520191614
1547,"(lRlLfLqCXLLX(FLLXXCXFqXXCXLX), , LcLmX)",0.8798751781212782,no,,,10893,2.2952309520191614
1548,"LL(RRmLFcLXXLLLXLcFXRRLMqLLqLX, MX, RqqMX)",1.585010987288382,no,,,10893,2.2952309520191614
1549,(MMfQXRRCMmLXMLLqCXrLMCXLLCLFXXXRRQmcFX ),1.2358289884974345,no,,,10893,2.2952309520191614
1550,"CL((LX), CQXLXXLfCX((FXmLLX)), qLLX)",0.9134803955102154,no,,,10893,2.2952309520191614
1551,"FL(XLXrrFCCXLCLLLXfLX(LLXX), rLXRQMLM(QM(LrX)))",1.0854160820389125,no,,,10893,2.2952309520191614
1552,"f(mfMLMLmmLX, LmqcQFQXXrLCLCmLLCXRLRLffXRLX)",1.1565588792497232,no,,,10893,2.2952309520191614
1553,"LfC(FmXLFqXXCLXLFXLX, RQQXLQ(mCfXFmlFX))",1.2612228525943499,no,,,10893,2.2952309520191614
1554,"LMLFm(LMCX,  qqMLXLQLcfqcXLLXrFMmLX(FFX))",1.6774016980781763,no,,,10893,2.2952309520191614
1555,"cf(MFXmL((FX)), LQLMcXLfLXLFXfXLLLX(RFcfLLMcLqX))",1.3109468698674978,no,,,10893,2.2952309520191614
1556,FcccXXLqmMXfXcXrLLXLXFLLFccXLXLMX,1.1014358077715756,no,,,10893,2.2952309520191614
1557,"LXLXQXLccLLXL(RLLLXMLF((rX), ))",1.0332502632446796,no,,,10893,2.2952309520191614
1558,"mcmqLL(LLq((qXLLFFL(qLLXMXrrm(qMXqLLX), )), mX, ))",1.9035302901208757,no,,,10893,2.2952309520191614
1559,"L(LMLXLLCCqXmXXLLLXFXRfcCCX, FXRL(qLX))",1.1253093461311998,no,,,10893,2.2952309520191614
1560,"LLFC(R(cLLCcX),rrCcLcLX(LLLcXLfLLfLLXLXMrCFX))",1.9214308206130415,no,,,10893,2.2952309520191614
1561,"LLLL(, X, rrFXLfLLLccXRLLLLXXCQLCqX)",1.776579304726297,no,,,10893,2.2952309520191614
1562,"L(LLX,rcLLLLLqcfXRmmLLcX(rXlmfMMfXFqFX))",1.4474578557980573,no,,,10893,2.2952309520191614
1563,FmQXccLLLXLLmmLXFLLFccXRLLFcLXQccLLXXX,1.2848563354987241,no,,,10893,2.2952309520191614
1564,"LFLQ(XXlL(cX(LLMLXFFMXqX)), LQXFcc(CCQQMcMX), rLqX)",1.4256866617338677,no,,,10893,2.2952309520191614
1565,"rLLL((rfLLXLcLLcXrLLLLXrrrMqMlXLcfX),mmX, )",1.744462943329017,no,,,10893,2.2952309520191614
1566,"FLm(RX, L(LFXLLQXcLmLmcLLXRRFMcfmcXRfLFMX), )",1.1806621833997777,no,,,10893,2.2952309520191614
1567,"FL(RmmfqX, MmFFMMXXqQLXLQLLcLcFXLLcXLXRcLMX)",1.0625146476128293,no,,,10893,2.2952309520191614
1568,mLLXRRCLFCCLCLCXXFfXLLXRMX,1.3708803942894077,no,,,10893,2.2952309520191614
1569,"L(LmFLF(RRfqXLX, LXLXLQQcXcLFFLFFXLLLLXRLmQX))",1.1103946165436234,no,,,10893,2.2952309520191614
1570,"qLCMF((L(LLCLCFqfXX(RFFLXMMLQLQQLLX)), RFFqX))",0.9216398952251624,no,,,10893,2.2952309520191614
1571,lFLLLLqqXLfcFcMXLLLMLXcXLXLfLLmX,1.4134106323733884,no,,,10893,2.2952309520191614
1572,"LQXL(RLmXccLLLLXQ(RLcFLQX), cMFXRXL(LX))",1.4247423154706624,no,,,10893,2.2952309520191614
1573,"cQFMLML(XcFQcLXLLXQQX,X,, LQcX RfLFQX,XLXqQqQQcLX)",1.6484749353593375,no,,,10893,2.2952309520191614
1574,LLXRRFMffLMfCCMCXMLLLLLCLXLLLLFLXcLLX,1.494926993737764,no,,,10893,2.2952309520191614
1575,"(FLfMLF(RLQmCXFLLLL(, rX(RFQQXRMXCLCX))), mLQmLmLQX)",1.7645997386614882,no,,,10893,2.2952309520191614
1576,"LfXC(LL(rqX(RFFLL(LCCXXfX)), rLX(cmcX)))",1.0845061780943357,no,,,10893,2.2952309520191614
1577,"m(fXL(L(CQLX((LXcmLLLfLLXLmXXFXFX), ), RFFLX)))",1.5123216607590784,no,,,10893,2.2952309520191614
1578,"LLLL((CF((LLX))), rrXLcLMcLLXLLXXCLLCm(CC(C(CCX))))",1.7832663445829595,no,,,10893,2.2952309520191614
1579,"(LLM(X(((XXCLqqXLLFLCfCXFLXLQFqX)))), LqLqLFX, )",1.0128736710002137,no,,,10893,2.2952309520191614
1580,"rMmL(LMFLX,rfLcMXLLLMcFXLLLXLLLXlQX)",1.8638598099724957,no,,,10893,2.2952309520191614
1581,"LLL(rCX, , rMMcXccfqLLXLLXMLcXmLXRRmLLX)",1.1900058802357778,no,,,10893,2.2952309520191614
1582,"FLL(, RLX, LmLLQXmLLLXcXLXLXrmFFF(qLX))",1.6392140786976233,no,,,10893,2.2952309520191614
1583,"mL( mLMmCL(rrMLLFXcLFLLcXLLLLLXLXLX, Mm(qX),))",1.8692827422413987,no,,,10893,2.2952309520191614
1584,"rLLMLL(RX, L(qXrfLLL(LXqQfXXXqfLLX, FmX)), MX)",2.2952309520191614,no,,,10893,2.2952309520191614
1585,"RLfL(L(RmCLXL(f(,LLLXLLXRM(McqXmX))), R(rX)))",2.017133021853454,no,,,10893,2.2952309520191614
1586,"QLLfLLF(RLXLFqLLL(,LmX, LXRfLLLFXLLQLfXrLX), (LcLLX))",1.9936442545061563,no,,,10893,2.2952309520191614
1587,"LMLfLLL(RLFCLfXFCLQmCMXLLQLFCQLXQXRMQQLX, rLX)",1.3299554382108123,no,,,10893,2.2952309520191614
1588,"LFXFLLCCL(qmqMCMX(CfXL(rqLLLLMLmX)), FX)",0.9712472969703791,no,,,10893,2.2952309520191614
1589,LF( qfqXmLXFLLffMccXLXlXcXL(rFLLmXL(FX))),1.2882240193937315,no,,,10893,2.2952309520191614
1590,"rfFLLLXqfLLLLL(rXLLLqLLQ(RXrLXQLLX, RCLX), LMqmX)",2.0631095897190836,no,,,10893,2.2952309520191614
1591,"ffLF(ffX, qLLffcFXcLCMfXLLMmQqLLCX(LLX((X))))",1.0724837606872042,no,,,10893,2.2952309520191614
1592,"L(LFLLXLMLX, LmXQFLcXLXcffLMXL(LLLmXRXrqX(RmqLmcFX)))",1.1383181292790991,no,,,10893,2.2952309520191614
1593,"LL(LLLX,rMFcMLX, qqcLX(mmFmcmFXRFFXfqQQXrqLqqXMX))",1.2202839549724744,no,,,10893,2.2952309520191614
1594,"LLmL(rqLLFXm(LLF(fqL(qLQmLQXQFXLFmLLLX), LLfX)), (QcLMLX))",1.7044554890516563,no,,,10893,2.2952309520191614
1595,"LLF(LXLmFLC(rrmMLXL(RRfmqX, L(LLXLFm(LLLLX))), ), rcX)",1.5227072913646187,no,,,10893,2.2952309520191614
1596,"L(rrXqLL(rXFXcmXQXMXrFLXrLX, FqLqMX), LX)",1.5972624473947374,yes,B6,3,10893,2.2952309520191614
1597,CLfXRmLQCLXfLfCXMLXMXCLLXMFLLXfLX,1.4002771754517345,no,,,10893,2.2952309520191614
1598,"RMLL(XCLFLmCXLQLMQ(XXrX), (mMXRLcLLmXcfcfX), (X))",1.3698703898555322,no,,,10893,2.2952309520191614
1599,"L(,LLfqc(LXq(, MmX), qcfLfMXLLLFcXRRLLLLmXLXFCmLfCLX))",1.686544961099411,no,,,10893,2.2952309520191614
1600,"qL(FLLLFXCfLX, rFFXCqMLX, FLCXCFmFLXqXMFLXLLLX)",1.7767091574883662,no,,,10893,2.2952309520191614
1601,"Rc(LLXr(LFfX), LmX(LcLFQLXLXLFXfcLXRFXCCXFrqX))",1.2006107600975273,no,,,10893,2.2952309520191614
1602,"QM(((MX), , ), ,cCcqqcqLLcfXLLLLcFLLXLLLXFcX(RLMXFXLX))",1.4285777187146422,no,,,10893,2.2952309520191614
1603,"LLFL(fmFXFLQMMLXLXcXLLLLfXLLFLX, RRRFqQLMmMcXX)",1.2512863671156107,no,,,10893,2.2952309520191614
1604,"(lFMfLLMQCFXLLLLXLLCXLXRCLLFXrqLX, rfLLLLLXFLX)",1.18184724935422,no,,,10893,2.2952309520191614
1605,"LLL(rqcXmLcXRRMFmfLXRLXX, , , XLqXmcLmX)",1.2817247636266678,no,,,10893,2.2952309520191614
1606,"LLL(RLQX, LLXRRLccXfFXFXmXLLLX)",1.1870159199133676,no,,,10893,2.2952309520191614
1607,"LLcCL(fLX,  RFFfQXCLCfLXQLMX(LcXrQcLX ), )",1.6939158623666895,no,,,10893,2.2952309520191614
1608,"LL(rqFmqXm(rLMXX, , ), LLXRQccXrMLXcLXX)",1.0934581839415207,no,,,10893,2.2952309520191614
1609,"FLMLF(QmmQLLCXCLLLLLfLCXQQQLLLmLLLXMLX,RLX)",1.4065706922585308,no,,,10893,2.2952309520191614
1610,(fLLLQQLXCCLXXLCXXqXLFX  ),1.268269942476107,no,,,10893,2.2952309520191614
1611,"(MfFXLXFfXFqXCXrLLLLCmXfMLQL(XX, rLmLX(rX), ), )",1.5551913760659974,no,,,10893,2.2952309520191614
1612,FfFmLLXRLCLCQLXrLLLCCXRRLQfmFXRqX,1.2793011361399793,no,,,10893,2.2952309520191614
1613,"L((((RLLXmMmqCLXCLmLXLLLXLLXLLCFXX))), (ql(MQX)))",1.2601325154995946,no,,,10893,2.2952309520191614
1614,LXCFLXRRLMLLLFLMCXmLCMXLXrrMqqXmX,1.3361931382334284,no,,,10893,2.2952309520191614
1615,LcX RLLLfXrqccccLLFXcLLMXcmXXXfXcmffFXLX,1.040373575628609,no,,,10893,2.2952309520191614
1616,"fFLLLXL(fXRcX, LQfXFcXCFcXF(L(FFXLLFLLLXcX)))",1.7020603645282495,no,,,10893,2.2952309520191614
1617,"L(FQmFXL(m(LCXLLL(CQLCXLX(FM(QXqqfX))))), LMfXffLLQfLLLX)",1.263604614751265,no,,,10893,2.2952309520191614
1618,"LLL(RLFLXFMCFXF(qLCXXmlLCXRLLfLLLXLfX) ,)",1.152050649692463,no,,,10893,2.2952309520191614
1619,"LLLXML(rLMXcqqLcXRfLmXXfmQXX, QLXXmX)",1.0641960945968658,no,,,10893,2.2952309520191614
1620,"LLfL(XMqCLX(LLXfL(FLCfXLmXRqX)), FFXmmqqLFqX)",1.3253578492702984,no,,,10893,2.2952309520191614
1621,"MMMLFXL(CQLCCX(XRLLmLCXXRFMXLQX), rCLLqQX, rX)",1.1075029463018786,no,,,10893,2.2952309520191614
1622,"mL(LLXCLXRLXRLCX, FmLLLQXccFXQLXfL(rFLLX))",1.0782407184512417,yes,B4,17,10893,2.2952309520191614
1623,"L(LLXCX, QLLXcLXQfcLLXrFFFXLXrcqmqFX)",0.9872072893947483,no,,,10893,2.2952309520191614
1624,"CC(RcMQLX, rcMMqcFLMXRLcLcLLXqq(L(rrLLXLLX)))",1.4102903671929339,no,,,10893,2.2952309520191614
1625,"qmML(mfX, , , cqLLLLXMcXMfMLLLFXLmL(LcXmMMXrFFQFFFQX(LqLQXX)))",1.312733236244583,no,,,10893,2.2952309520191614
1626,"LC(, LLrX, RRLMLLLLXCLXmMLLLLLXLmLFXmmLqmcmX)",1.9009722290238176,no,,,10893,2.2952309520191614
1627,RLQXLmXrrLCLCFXLLXMXlXMXrFLXMXrLFLLCXRCX,1.4228668969570855,no,,,10893,2.2952309520191614
1628,"mfLmLFXrL(qX, LLXrmmmXCmXLLLLXLXLLLX)",1.8238653572009647,no,,,10893,2.2952309520191614
1629,"c(mLLLXrrMCCFXLXMFXmLfFXFFFmCX, FmFLX)",1.1656786720710837,no,,,10893,2.2952309520191614
1630,"LL(qLXLFLXMLccLmX(MXLqqXLX), (rMLcqmXLMMcLX))",1.1854860867258539,no,,,10893,2.2952309520191614
1631,"(rflMmqCX, rfClLXLLXLCfXrrCXfCXFQLX)",1.082330942525746,no,,,10893,2.2952309520191614
1632,"LLmL(L((LQfX, Fm(LQXFXL(LLLXCcX, , ))), ), LFX)",1.0794680707361226,no,,,10893,2.2952309520191614
1633,RLXLMLLLCmFQXCXQMMLLFMXFCLXMqXmXFfX,1.1026982406133436,no,,,10893,2.2952309520191614
1634,"rLXQMXLLLLm(rqXcLcXqXq((rf(MfmXL(X)))), ,)",1.2601912589597997,no,,,10893,2.2952309520191614
1635,"LLL(((QCLX)), LFfqXXFCXLFXRfXFMLLFX)",1.3269143667895693,no,,,10893,2.2952309520191614
1636,fCLXCLQLXmmCmQLLLXCLLLCMFLLXqXLcX,1.1696939033320257,no,,,10893,2.2952309520191614
1637,"LLLQ(, (rqqmQmX), LFLXLXLCLLLX(MfLCmXFCffFXcFcLLLX))",1.1392754398427822,no,,,10893,2.2952309520191614
1638,"mL(L(L(FQ(RX)), RLfXLXQLcLcXFLLXrLcX, ))",1.1357946137554273,no,,,10893,2.2952309520191614
1639,"LFLLL(fXL(QLFXccXRLXMmX), RXRFLLcXLL(m(M(McX))), LFX)",1.308716677880375,no,,,10893,2.2952309520191614
1640,"cfL(LX, rrLLcXcLLLLXLXf(Rf(RQQ(lfXL(LLX)))))",1.6361541126097339,no,,,10893,2.2952309520191614
1641,MrLMMLLqcXrcLcXXfMXMcLLLXLLX,1.3222528799736926,no,,,10893,2.2952309520191614
1642,rX rccmLfXLXXRfLcFLLQmXrLcXLXmLX,0.9729387210677763,no,,,10893,2.2952309520191614
1643,"L(LFqXqfccLLXLLXLXcXLLLXXffMXcmMcmQLX, MfFMLXQfcX)",1.1517073145642927,no,,,10893,2.2952309520191614
1644,"lm(RffQLL(fQfQqqX), LLXrcLXrLMLmfLcLXLQLqcXqXqXcX)",1.2875679081989087,no,,,10893,2.2952309520191614
1645,"((mfLLFqXLLqXMMl(XcLXMLXmX, )), cLQLXLXcXX)",1.020224566133036,no,,,10893,2.2952309520191614
1646,rLqQLcXLCCXRMCXRLCXFMLfXQMX(mFrLLLX),1.2650107867173936,no,,,10893,2.2952309520191614
1647,"rLFL(, XrFfLX(, X), XcmLcqFXfLXCLcXmqXLqFFX)",1.1882602913397793,no,,,10893,2.2952309520191614
1648,"L(LfLLLMX, rLLLqcXCQcLcLcXLLMXQCQLCQFQLXLX)",1.8895195747996658,no,,,10893,2.2952309520191614
1649,"XFF(FMMMMLXXrrmCFX(FLXLLfCLXLFMMRLfLLMX), lLLX)",1.3016187816157954,no,,,10893,2.2952309520191614
1650,"(((LLXfmLLqqCXXLQLCMLFXX), X),)",0.9756018559062384,no,,,10893,2.2952309520191614
1651,"fLLLCqXLcLL(FXrrLQLqXXfX, RLcQcXLmccMXLMLMX)",1.5427397343600895,no,,,10893,2.2952309520191614
1652,"MLLL(QCXLLfmXLXrLL(LcLcLLX, LLXqFcqLX), FX)",1.2663968267169057,no,,,10893,2.2952309520191614
1653,"MM(L(f(LLCX, rXr(, RLXX)), FLLXLCLqFXCCLLMXLMXQLX))",1.1287318820169516,no,,,10893,2.2952309520191614
1654,"fL(, LL(, RLXRLfCXLfCLfLmXrMLqMLfXRqfmX, , ), cQLXmMmqX)",1.1723927907147524,no,,,10893,2.2952309520191614
1655,"LLmm(qqm(XRCX), LXLcQMFmmXLFmLXcXLFXR(rr(F(qX))))",1.1882452041565832,no,,,10893,2.2952309520191614
1656,LLMmqFXMfLXrLccMcLLMLcLXfLLXFXXRLLLXX,1.1875669460552492,no,,,10893,2.2952309520191614
1657,"LLXL(rrMfCFLMXLfLL((MCcmQXfX), XMX), LMLLCLX)",1.6089402010029918,no,,,10893,2.2952309520191614
1658,"CLXL(,RRfXL(, LmLXLLXRLLMXrFQLX), FqLLFMmQX)",1.8698403852431174,no,,,10893,2.2952309520191614
1659,"LFLXL((QXXLLLLccXf(FLX(X))), (m(RRQqX)))",1.299250097228837,no,,,10893,2.2952309520191614
1660,"CLLqLL((C(qcX)), rccXRLmmLLLLfcXrLLLLXXLMX)",1.8841685438073623,no,,,10893,2.2952309520191614
1661,LLfLXmmCmCLQCCfXLXRMmLCCMXFXQXFMfX,1.1542540841749345,no,,,10893,2.2952309520191614
1662,"MLLm(, X, FQLXLXcX(LXr((R(rLFXLmXX)))))",1.8274669602166542,no,,,10893,2.2952309520191614
1663,"L(L(rLX, qXLLC(LFXLCXLXLX, FLCLFQmX)) )",1.333180665709452,no,,,10893,2.2952309520191614
1664,"LcLXQc(CXRcLLX, , LXMMXLXrLMFLcLQFLQFXX)",1.421764148130937,no,,,10893,2.2952309520191614
1665,FMMLLXLXLLLCCqXLLXLLXFXLXrLFFXCLlX,1.1522141187360984,no,,,10893,2.2952309520191614
1666,((RMffFCLFLfmXccqCcmXMLcqLXLLcLXXX(cFX(LLFLXqFLLX)))),1.2684295663736065,no,,,10893,2.2952309520191614
1667,"rLfLLMFfL(fLcFLX(rcXm(L(XqXXCX))), CCCCXRLXLX)",1.3136396241912747,no,,,10893,2.2952309520191614
1668,"FX(mLX(((fRqFLX, ))), RmcLLXRXXLcLXLLX)",1.3457554819736692,no,,,10893,2.2952309520191614
1669,"MFLCLL(, (XCQXXFFLLFfmXCLLMXf(RFQLLQLXX), FLX))",1.0171787305564721,no,,,10893,2.2952309520191614
1670,"m(Lc((RmFFfLLCQXrLCLLLLCXR(LLmLLLXX))), RLLqFX)",1.3883342248257449,no,,,10893,2.2952309520191614
1671,(LLFFmrcLqfLXRQcmLcmFX(XXLcLXLLqLX)),1.3334910566503373,no,,,10893,2.2952309520191614
1672,"Lf(, QMLX, lFlqLCcqLMXcMcfLfLLXRLMLMLMqMLfXrrmlfXRcMX)",1.6601504836213727,no,,,10893,2.2952309520191614
1673,"X(, LMFQXLLFFLXLcMMcXF(LLLXqX),LXX)",1.214810974312027,no,,,10893,2.2952309520191614
1674,"(fLLLm(rrfLXLFLcLLcLLXLLfXrqfqqqlXc(FX), mmX, ))",1.6650693945849384,no,,,10893,2.2952309520191614
1675,LXRLFFXccqFXMFXMXXLcLXQMLXRQmLX,0.8544759893303948,no,,,10893,2.2952309520191614
1676,"L(LLLLFmXF(LLmLfqLLqX(rcLXX(fXLQX), ), , ) , )",1.4161454912010716,no,,,10893,2.2952309520191614
1677,"mFL((rLqXRcC(LMXXRX, mLLXRLX)), Fm(,LXQLX, fMMFXRX))",1.730425019458653,no,,,10893,2.2952309520191614
1678,"L(rMLLLmXrcMXMX, cLmMXcQLXXmXfFXMXfLMLFXRccXmXqQ(RcLqX))",1.284365157398476,no,,,10893,2.2952309520191614
1679,"L(rrLCmLLXrcQcmFFXQqMLFXLLLfXLCCLQX, LX)",1.6263393269020272,no,,,10893,2.2952309520191614
1680,"LLL(LLqXLLFXCFFX(LLLfXLLFqmX), FfFQQcMFFX)",1.1182504514954188,no,,,10893,2.2952309520191614
1681,"LLfL(, RRFMXLXf((cFmQX, )), FXQFXXLLccXLXffQQLX)",1.3102659872043105,no,,,10893,2.2952309520191614
1682,"LLLLF(mX, rLM(qLXL(LL(RLXXfXXffFqX, FQQQX))), rX)",2.2618434193983195,no,,,10893,2.2952309520191614
1683,"LLfFXr(rMXMX(LFqLLFqLqL(fCLXCmX, RcX, XQX)), f(RMX))",1.5445534955820452,no,,,10893,2.2952309520191614
1684,"c(CMCLXLX, qqLLLCXccLcLfLfXrLfqqXRLXRRmCfFX)",1.5673739838209029,no,,,10893,2.2952309520191614
1685,"FLLLFL(FXL(mQFQX,RM(M(LX))),  LFFQcmLXXLMcXX(RX))",1.1081455109353886,no,,,10893,2.2952309520191614
1686,"LFLL(RQXLqL(MX,XLLLLX rMfLLXFX), ,qqqX ,,X)",2.1781328161109994,no,,,10893,2.2952309520191614
1687,"MFL(rmX, RRfFLcXXL(f(((mLLX(mcXrFX))))))",1.0541118117474564,no,,,10893,2.2952309520191614
1688,CMFLCQXMFLLXCQLmLmLXLCXFXfXrXLLX,1.1488062125876006,no,,,10893,2.2952309520191614
1689,"(LMF(XLQ(XRLLLX), RRcmmXmfXLLcLLXMXRMLLXmccMXX), , LLLLqX)",1.0915663773542321,no,,,10893,2.2952309520191614
1690,rLLLXXMFCXRqCLLLCQXfLmCLLfFXMLXLCXMMQLQFX,1.1193960446823972,no,,,10893,2.2952309520191614
1691,LXLXqccXXMFXXLcXLQLQXmmQCX,0.8104432294435584,no,,,10893,2.2952309520191614
1692,"LLqLXRFLLML(mQLLFXLLfFLf(XMcLLXLX, LFXrLFfqX), LX)",1.753740720378089,no,,,10893,2.2952309520191614
1693,"LMLCLC(cmX, rrfCccXcLLLLXLfLFX(RRQFLXMLqfMX))",1.8889113122139185,no,,,10893,2.2952309520191614
1694,"RLmXLFFF(fCLX, qLLLXLmLXCMCXmXLXLLLLX)",1.5762445485916547,no,,,10893,2.2952309520191614
1695,"L(FLLFQfXFX, LLXXlQMFXFFcXLLmLMXMLXLmXmcmFLLQLX(FqX))",1.5004474011772666,no,,,10893,2.2952309520191614
1696,"((L(LFXM(RcXLQXcX))), LcLQXLFXXLFFXmLmcX(LFX))",1.1883827329599408,no,,,10893,2.2952309520191614
1697,RRCmCLCfLCXrFLqCFLCCLLLCMXmLmXQClLCLXrLqLLQLX,1.277466863019475,no,,,10893,2.2952309520191614
1698,"qLLLXLXL(RQLLX(rrFmXLQLmX,,LmLXFX,), ,fFQX)",1.497913679214816,no,,,10893,2.2952309520191614
1699,"LqLLLX(LqLXLFL(XLXrLX, MXfMCMXLLLX), X)",1.6915942993987112,no,,,10893,2.2952309520191614
1700,"LLL(qXmXLcXF((LLLLLLLcXrQLFLLLX)), LX)",0.8825329397747366,no,,,10893,2.2952309520191614
1701,LLXRRLmmLCCMCXLLLfFLLCMXQLLLfLqLXcQLQfX,1.4753087750525824,no,,,10893,2.2952309520191614
1702,RLLLLfQMXCmCLFLXMLXXlmLLXRLMCmXLqX,1.328586814057246,no,,,10893,2.2952309520191614
1703,"FmLLLF((rrLLXXLCXL(LLLfXM(L(XFXX))), X), , (FX))",2.0063601872896286,no,,,10893,2.2952309520191614
1704,"cL(FLX, rLqFccLXRLLLLcXrrMLLLqLXLMLXX)",2.0405814225952037,no,,,10893,2.2952309520191614
1705,"RLFLQXL(fLXLLXRcccXrFX, LLXLfcLfMX, , )",1.2508999027727752,no,,,10893,2.2952309520191614
1706,"(LFLXLQqX, qMcmXLLXcMLXLfmXfMcXRCFQMX)",1.0621423391603504,no,,,10893,2.2952309520191614
1707,"LMLLLF(,(RRCXmLLmCLLXLLFXLXrX, RX))",1.8413061522432193,no,,,10893,2.2952309520191614
1708,"LLL((rmCXcqcfcFLXFXrrmcXrLLXqFq(RFCX)), rQLXMFX)",1.1182629476219275,no,,,10893,2.2952309520191614
1709,FLFFFLfXRLLQCLCLXrMmLLLCQXLXLfLcLX,1.3867839895020375,no,,,10893,2.2952309520191614
1710,"FMLXX((qmffLXrFCCLXFLQLmXXQX,  fLLLX(MCLX)))",1.4267095172141198,no,,,10893,2.2952309520191614
1711,"qFMXXLLLLFLm(XFCCfCqXRMLfLXrLX, MFqXLfX,fQFLFX)",1.3558772143099271,no,,,10893,2.2952309520191614
1712,rLLXcqcMXLXXLXLLXMmLcLXqMLLXLcFfXLXqX,1.238302442900806,no,,,10893,2.2952309520191614
1713,"Lc(QmMMfLfLCFQCLCXL(LCFCXLQXRflQXmQCX), L(QQCX))",1.4776978063096262,no,,,10893,2.2952309520191614
1714,"LL(LX, rcMXcqLXmLcLXr(LLXLLX))",1.2934148569300254,no,,,10893,2.2952309520191614
1715,"cXLXLM(LMLLXRmQmmXLLLL(RLLLX, LCX, fX),  )",1.0533451309514068,no,,,10893,2.2952309520191614
1716,"(rLLLFLXRLLLLFLX, , lcQmQlLXLLLmLmLcMMXXcQX)",0.9770844531416429,no,,,10893,2.2952309520191614
1717,"FcL(FLqQqqFLqXLcQXqXX, rmcLFcLqXLLcXLLXCfqX)",1.4304940154596377,no,,,10893,2.2952309520191614
1718,"RLQXL(MLXmcL(, QcLXQcXLFXFX, FLX), rXLFX)",1.3492793945390689,no,,,10893,2.2952309520191614
1719,"LLL(CRRX(F(q(Q(FXRqLX), FLLX), L(CqX))), LLM(RL(rX)))",1.1846888349731144,no,,,10893,2.2952309520191614
1720,"C(f(C(ccLcLFmX, LFLqCcqccXLLLcXRLXrrrMfLqQX(ffX), )) )",1.6948397616359439,no,,,10893,2.2952309520191614
1721,"qLLLL(RFfFFQFLFX, MXFXCLLLMmLLXFXLXq(X),MmCLQX)",1.3636735293757138,no,,,10893,2.2952309520191614
1722,"LLM(RFFLLfXqCLFLLLCMXLXCLFXFLXLLmLLX, FQL(RqX))",1.3652642686379077,no,,,10893,2.2952309520191614
1723,"(LL((LLLXqmLCmMLXLLXCLLXFfLLXfX)), LXRRRmFMLmmX)",1.3994481469392308,no,,,10893,2.2952309520191614
1724,"LcL(X, CXF(QCFLLCXRLFLXQqCX(qX(LLLMfLfqfqFXmfX))))",1.166213841637246,no,,,10893,2.2952309520191614
1725,"(, LLXRLMCLCXLLLLLLLLCQXLCXmXqLXrLLFLFqqMX, )",1.1786083935078873,no,,,10893,2.2952309520191614
1726,"LLLXLLCM((QXMCXmM((mff(LLLfXRCLX(XLCFX))))), mqLLLFX, )",1.077294624824158,no,,,10893,2.2952309520191614
1727,"(MLmFLLQfFmXLXffcMcXrLLLLLLqX, X, )",0.9953515602698588,no,,,10893,2.2952309520191614
1728,"f(F(rLLfLXX, XL(LLQ(X)), XrCCLLrCXFLXLLFLLLFLXmQXX))",1.609769680419298,no,,,10893,2.2952309520191614
1729,RfLLLQLFXFLXrLmLqfccMXMLFLXrLFLLLcXLcQXrLLmLLLmLXFMLX,1.2974741679085267,no,,,10893,2.2952309520191614
1730,"LLLL(CMMXFX, XrrMLXCXLmLXfFfFLLFXLmX, mMFXX, )",1.4185514179293057,no,,,10893,2.2952309520191614
1731,QLLXRmMmfLXLQMLcMfMXFcLXRcLLcXLXXfCX,1.1945716437922382,no,,,10893,2.2952309520191614
1732,LmLLmMXMmCFFXCQXfXfLLXLCfXmMQXMflXRfX,0.9716696870603447,no,,,10893,2.2952309520191614
1733,"FM(LLF(,L(rrMXLLLFLc(cXLXXFCm(LLCX))), (LQX)))",1.7212987891893208,no,,,10893,2.2952309520191614
1734,"lFFcCLF(rLQmMLXFmLMmL(RLMCXL(mMLMCXLLLXRQXrfX), (rfLffFMX)))",1.4896301746786167,no,,,10893,2.2952309520191614
1735,"(LmqqLX, rrLmLLLfLFcXcLLFXcmLXLLLCXrLqX)",1.8261194876707136,no,,,10893,2.2952309520191614
1736,RqCQQLcMQXrCqMLLCCXMLLXCfXLMLMXFX,1.3563092463530062,no,,,10893,2.2952309520191614
1737,mCQXLLXLLLFmCLXRCLFMLLXXLLCmLXLQLLX,1.2556426598356945,no,,,10893,2.2952309520191614
1738,"(F(ccFFLLfLLFccqqLcXcfLXrqLLmLLFLXLLmLX), , ,LLLX)",1.3310799338870218,no,,,10893,2.2952309520191614
1739,"L((LQffXLCXMCQCXLLLLXLCmXrCqLmXLFX), , )",1.1425849229203802,no,,,10893,2.2952309520191614
1740,"((LC((MMcXCCMCLCFQLLCXLXRmLLCXXrcLCcLCXLXmCX)), , ))",1.248854199437911,no,,,10893,2.2952309520191614
1741,"(L(MrLLCCCCmXrXLLLLXCqLCLXqCXXrqFLLX), )",1.0881554898786139,no,,,10893,2.2952309520191614
1742,"RLccfLLcm( , LL(RMXLX, XRLmXFX, RfFcXFXLLLLLLMXQLqX),X)",1.9436735942955132,no,,,10893,2.2952309520191614
1743,"RFL(FX, RFcXL(LXXmXrrLLcMFLcX))",1.060244724687883,no,,,10893,2.2952309520191614
1744,"L(LmL(,,,RLLcc(RLXMfLXMMMMXLXLLLfXfcFX, XmfX), ), X)",1.6770469471276763,no,,,10893,2.2952309520191614
1745,"XL(, FFX, , LXFXlcMQcXXXmXLXcXLmQLfmX, )",1.1075332302737964,no,,,10893,2.2952309520191614
1746,cLLLLLFfXcLXfXRRcXLcMLLLXMLXLLXrfX,1.0602616078902976,no,,,10893,2.2952309520191614
1747,"Mm(rMLQLLmLmMLmX, , rrLcLLLcXLLLcXRRLLXXLqlLCQCCLX, )",1.7967636811863712,no,,,10893,2.2952309520191614
1748,"LL(FXqX((LlXfLLLCXLFLmLLLXqM(rRQXX))), QX, )",1.373793745636979,no,,,10893,2.2952309520191614
1749,"LLc(cLMXf(fLcFX), QcfMXLFLFXLLXLFcXLfFX, qX)",1.345730666530979,no,,,10893,2.2952309520191614
1750,"LcMLL((L(fqLXMccMcLqXLLLqLXrLXrmLX)), rqccXRXLXqX)",1.6456207317499605,no,,,10893,2.2952309520191614
1751,"FLLLL(rrLLFXCLFXXXRLcCLfLX, , rqX, rX)",1.6727263762800983,no,,,10893,2.2952309520191614
1752,"F(fFQfCXLXCXMX(RMLfCQXqQX), LFqX)",0.8894410865605596,no,,,10893,2.2952309520191614
1753,"L(Lq(rLFXLFm(LRmCLcLXrQFqLMXrLMXLX, )), LLLX, )",2.1047698087980797,no,,,10893,2.2952309520191614
1754,"(L(rfLCLLXXF(XXrLCLLCLLLqXXCLXrmLQFX), QLqLFLFLX))",1.1600650259345324,no,,,10893,2.2952309520191614
1755,"rL(,  rcclcX, LXLLcLLXcQMXXLcFLffXLqXX)",1.0744703902566435,no,,,10893,2.2952309520191614
1756,"LFLLq(qXLL((FXrrmLqfX, LXqFLCCX)), , QFX, LLqqX)",1.592141280206144,no,,,10893,2.2952309520191614
1757,"f(FF(LLLCQXCQLfLmX(CXQFLMXFcXX)), , rFLmmQCM(m(RLqcX)))",1.3377612420860359,no,,,10893,2.2952309520191614
1758,"LFL(RfLXLCqmXFmXqCCXRLLLLLXRqLX, FX)",1.1338706504198879,no,,,10893,2.2952309520191614
1759,"L(rrffXfLLffCXLFXmLXmXX, ,FQXQX, FQXX)",1.75413556177309,no,,,10893,2.2952309520191614
1760,"MLQCM(, FcXL((LfXqmX), fLXLLcXLXLLXLLLcXF(RmX)))",1.460157715914383,no,,,10893,2.2952309520191614
1761,rqCLFLFLXQccLFcMLLFQLXLMLcXrXLLLFLXLcQX,1.3209710478601395,no,,,10893,2.2952309520191614
1762,"L(FcL((((rMMX)))), RCFLLC((RLLCLXLLCLXRRLQQQLLXQX)))",1.418101885657198,no,,,10893,2.2952309520191614
1763,"fLMLfF(QCX(FmLXLX(,LLLLLLLXLLXLQLfQLfX)), QXX)",1.080847391902162,no,,,10893,2.2952309520191614
1764,"(RfmmLMLQMXrLLLcCCCXrLmLXcLfLX(RLmX, ), LCCcLLX, )",1.9258898252708823,no,,,10893,2.2952309520191614
1765,"(LL(LLXLLQLXLLLLLLLQCCXCXRXLXMFcX), RfLX)",1.0946695904489445,no,,,10893,2.2952309520191614
1766,(XLfQLLQXLcLmcmXMXLXLcX RcfXXLMXcXXrX),1.0647874621532694,no,,,10893,2.2952309520191614
1767,"Lc(RFXrcXX, QLMXXLLXLcmXFXCX, (mLXqLMCXC(X)))",1.4576953948131621,no,,,10893,2.2952309520191614
1768,MLXLLLmLQXrFlMmmccqLcLccXLLXfcXmXrrX rLcX,1.0733424485681993,no,,,10893,2.2952309520191614
1769,"FmLLM(, QfMXCCCLQXLLLLXfqFXfLLFCXfLXQQLQX, LFX)",1.3304425178298542,no,,,10893,2.2952309520191614
1770,"L(RRFcXLLMcXlLmLXLX, rmLXRFX, FmXL(rCf(RcLQX)))",1.4609441458026942,no,,,10893,2.2952309520191614
1771,FMFfFLFX cfLXRQLXLcccXFXfLXLMcXLXX,1.0799356596937086,no,,,10893,2.2952309520191614
1772,"mLLLLmML(, qQQXCLCCFX(QQLLLLXRLQLCXRLLX), , rcX)",1.602227256190678,no,,,10893,2.2952309520191614
1773,"LLL(rqXLLLL(LqL(FQccXr(QLFqQXFX))), QfFmQXLCCXLL(LLXr(L(QcX))), )",1.6304027542244717,no,,,10893,2.2952309520191614
1774,"Lm(,cLmLX, rrFLCccXFLcXXrrmFFLqLX(rL((X))))",1.4642226312570468,no,,,10893,2.2952309520191614
1775,"L(FLQffcL(LMLLQCXLCCLXQLQLLMLLFXLLFX, mLQX),, )",1.3645825183720541,no,,,10893,2.2952309520191614
1776,"LFLFLLXM(L(qXqCMCXRLLLXrX, qmXLq(L(f(LLLQXL((cX)), rX)))))",1.5992805722204497,no,,,10893,2.2952309520191614
1777,"LLCQF(LLF(rqXL(rc(CFqLcXLMXLLX), ), fQFfQXrMFLQLCfLXRXLX),)",1.6036441412590738,no,,,10893,2.2952309520191614
1778,RLcfqXcLcXfLLXrLcXLLfXqcfmfXLXrfQLCX,1.10210367268674,no,,,10893,2.2952309520191614
1779,"rL(X, fMFmfX, rCLXLCXLMLXLFXLLf(Lf(LCX)))",1.6657960741389972,no,,,10893,2.2952309520191614
1780,"FfqLfLXfm(rMLLLXF((, LFLqXX, cX, , RfXX)), X)",1.535477249914656,no,,,10893,2.2952309520191614
1781,"L(QFLXRLX, QcLmXLL(, FXLcMXLXLLXrLLmfX))",1.4855226299047297,no,,,10893,2.2952309520191614
1782,LXLcQFXXXMXXfFcXQLLXcMXLX RcMFX,0.9191406968593315,no,,,10893,2.2952309520191614
1783,(LfqcqXLLLLMccXMfLXFfcfXRLXLLX ),1.4399726546683906,no,,,10893,2.2952309520191614
1784,"CLLL(Lm((rMqLMX), ), rrccLLLXcLLLLLcXLFXLLmCXLLCQX)",1.893841167846998,no,,,10893,2.2952309520191614
1785,"LX(LqfmX(XCXl(LMXL((RXXF(q(QX)))))), RRmXflX)",1.405401881552067,no,,,10893,2.2952309520191614
1786,"(RLLLMmLXXXLLMccQLcQcfXRFLLLLLcX, LcLFMmX)",1.0980107324256532,no,,,10893,2.2952309520191614
1787,"MM(L(LcQX, LCXRR(, (mFLLLXLLlCXLLLXLLXQFLX)),))",1.31039951642013,no,,,10893,2.2952309520191614
1788,"(LLFc(, (RCQfFMLLXrLMCLLfCmXRRLLQXXRLX), , rLfLmfX))",1.9191824234967212,no,,,10893,2.2952309520191614
1789,"RmFL(LLLQXLmLQ(RfrX, LLfXfLXLXrQLqmX), FMXRLX, )",2.0349526784005074,no,,,10893,2.2952309520191614
1790,"rLL(LCMX, rLLFLfX(cFFLFLcX(RLFLLmLXXLLLQCqL(, LLX))))",1.7676169585294705,no,,,10893,2.2952309520191614
1791,"L(rqLCqLXQcMccQcLfLfLLXR((RFMXffRfQQXLqrQLX)), LfLX)",1.709342648806336,no,,,10893,2.2952309520191614
1792,"LLML(f(RRlmcXFXLXmLXcLLMmXrLQmLX), X, RFmqX)",1.7102038286008507,yes,B6,6,10893,2.2952309520191614
1793,"LCL(LLXrMfmCLLMLXrmFMXCLLXM(LLfX), X)",1.1355296495177547,no,,,10893,2.2952309520191614
1794,"RmLL(LXLCCXLQQQXLQQXFMX, XRcFLfLXLQLLLFLX)",1.3147609481791582,no,,,10893,2.2952309520191614
1795,LLfFLXRRCCLLLLXFLfLLLLLCXRLMQQXX,1.3560957946212935,no,,,10893,2.2952309520191614
1796,"(r(L(, , LmLLLLcXCRMMCCXQLLMLCCLLCXLLMLFCXRmLQXfX), ) , )",1.2042896342417628,no,,,10893,2.2952309520191614
1797,"LXXF(LXq(RLqX), RmQfmmcLLMXRLfcqXLmXMqXcX)",1.1281592400574452,no,,,10893,2.2952309520191614
1798,LLXcFLXmXRRcccLLLXLXXfLXLLLXrLmLQMQfMqX,0.9554523389453065,no,,,10893,2.2952309520191614
1799,"L(mmmQLLfLLLXXCLCXMLmLLXRMLQXLLLmX, MMLLLLLX, )",1.2237640870443494,no,,,10893,2.2952309520191614
1800,"LL(, , ,, LLQLLcXLXmLMLXRLccLLLX, X,, ,  , )",0.8722079653347111,no,,,10893,2.2952309520191614
1801,"MLLL(,QX, LqLLXLfMmXcLcMXLfX(fqLLFfqqLqXLX))",1.2251842248755669,no,,,10893,2.2952309520191614
1802,"LLLXLLLF(lqXLf(LLLLCXCXrfXrc(RRMFmMCX)), XFQqLX)",1.0274308138788564,no,,,10893,2.2952309520191614
1803,"RcFL(,, RcXrLLmX, , cLXRXLX, RfXLFLXfcLLLXRRq(RRLX))",1.7127795793983878,no,,,10893,2.2952309520191614
1804,"LFL(c(cRLCX, ), LqLcccmmqXcFLXRXLFLXLq(LLCLX))",1.4369461684015055,no,,,10893,2.2952309520191614
1805,"(MXLmLXrrCLLX(LLLfFCXLLXRXX), LLQFLLXLLXccX)",1.2255961345544972,no,,,10893,2.2952309520191614
1806,"(rrMfLfLLLLMCffXXMXfXFqQLqqFf(, LX), LfFFX)",1.083825838145728,no,,,10893,2.2952309520191614
1807,"LLXLmFL((LQXQLcqmcX), cQXLXLLXMLLcLXMLLLX)",1.4913616284627627,no,,,10893,2.2952309520191614
1808,"RLffLf(((M(MX), , , QLCLFXLLMLLF(, QQLFqLXrrrLX(XLFX)))))",1.804002702787829,no,,,10893,2.2952309520191614
1809,"LLXRfFmL(LX, LXRXFLL(FXRMX, , ,qXX))",1.502025279635962,no,,,10893,2.2952309520191614
1810,FLXLLLXLqCCLffXXXXXLffffXCMFX,1.1542626409966648,no,,,10893,2.2952309520191614
1811,"(MF(LCQXLLM((LXLLCMLMXLLXRmmCXrLmX)), LMLLXqLLX))",1.2163901088872506,no,,,10893,2.2952309520191614
1812,"MLXrLLFM(MFXXCqFXXRLfXFXLLX, RmQX)",1.5622741444479549,no,,,10893,2.2952309520191614
1813,"(f(QLXLXLm(cfcLXFXLX), QMLmFLLQX, qX))",1.243035573667481,no,,,10893,2.2952309520191614
1814,"LLCL(RMcqXFX, rLCqFXLmXLQ(LXLXFXf(rX)), (FrmXLXLXQX))",1.7847569059931054,no,,,10893,2.2952309520191614
1815,"LFXL(rMQMqmXmCmMX(LFXLLXRqLXL(, LX)), XmFX)",1.397830849633958,no,,,10893,2.2952309520191614
1816,"rLMLLm(ffX, rMmXLLLLccXcLXLMCXCCL(mX), )",1.6581443725074452,no,,,10893,2.2952309520191614
1817,"( LLLf(FLLqqFLXCLCMXLFQLXlqmLFX, qFXCLFLFX, rqXRX))",1.4635666966145766,no,,,10893,2.2952309520191614
1818,"LXLQ(mLLXLXLL(LX, , mLXcXRmMMMCX), RcLXL((XF(cX))))",1.4830977551076194,no,,,10893,2.2952309520191614
1819,"LfLf(LQCXmLXCFXRLLXQMCXRccX, (rXrLX))",1.0727931012235612,no,,,10893,2.2952309520191614
1820,"LL((LX), rrMLcX(LcLLLLmLXLLLfLLXFLLLXfffX))",1.92596846760849,no,,,10893,2.2952309520191614
1821,"McLLmLFF(XrfXCXrrFCLXL(MLXCX), rcFXmFLX)",1.127249792222199,no,,,10893,2.2952309520191614
1822,"LL(rCMc(, rcLfLLLXcLLLFXLLLXX(QX)),  LQX,)",1.7182761334163472,no,,,10893,2.2952309520191614
1823,"(MLfLrrfFLmLXLLFcLLLcXLLLLFLfXXCCCLX, rQcMLMLQfX)",1.7810225692771853,no,,,10893,2.2952309520191614
1824,"MLL(RRmMMLLXCMCLLLLLfXrLLXfXrfLFLccmX,LX, )",1.7846237720010056,no,,,10893,2.2952309520191614
1825,"MLfLL(fQMXfLLXCXLCLXffffMXrmcLf(X), FLmmX, )",1.1139759493458452,no,,,10893,2.2952309520191614
1826,"f(LLXLXqLCLMXCXLLXrMLXFFCfX, RLLqX,)",1.1979609123745758,no,,,10893,2.2952309520191614
1827,"LLCLM(CX, , rcqXRFfLLfLLFMccXrrLLXrmlMXRLFMX)",1.74280347476549,no,,,10893,2.2952309520191614
1828,LLMLLLXRCLCQfmXRLMLLLLqCXrqqLqLqLmqLLXLLLfX,1.475991089690454,no,,,10893,2.2952309520191614
1829,"F(RRmmLmLLCMLmXCLXLLLLLXLqLLLXlX, LLMmmX)",1.7808874410290296,no,,,10893,2.2952309520191614
1830,"L(QcFXXcXQFLLX rLLmXRRfX ,rqmLXX,,L(LX))",1.068076896041694,no,,,10893,2.2952309520191614
1831,"m(C(((C(LfCcLqccqcXLLfcFLLLLLXLLLLMmXrLLLX)), , )), RRLfLLX)",1.3934237519272872,no,,,10893,2.2952309520191614
1832,"F(LLXLm(XXrrXFf(CLXmLMLMXLLLLXX), R(RRQX)))",1.8100089740185417,no,,,10893,2.2952309520191614
1833,"LXLq((mfLfXLFFXCLXLXMLLL((RLXLLX))), RX)",1.6325137460201375,no,,,10893,2.2952309520191614
1834,"F(RRLLCFLXLLfLL(, LLMLXrrqqLFLqLLXL(rmLLX)), QLX)",1.5728663803449847,no,,,10893,2.2952309520191614
1835,"LLqFXfLX(LFLLXrqmfXRCmfLCCXLX(Lq(RRmFqqX), ), LX, rLqLFQX)",1.3708172495422475,no,,,10893,2.2952309520191614
1836,"(mXqLXrMX, MX, RcmmXcLMLLQcLXLXQcLXqMcXLfQcX)",1.0847365490800043,no,,,10893,2.2952309520191614
1837,"RL(rrrMmXq(rrrLfcLffLLXRLmmLXrLcCLX, ), cqqCX, ,, )",1.521435299930466,no,,,10893,2.2952309520191614
1838,"LL(LX, RfQXLqL(QLLX,  LLXrLXFQQFXrcX),)",2.189848091745647,no,,,10893,2.2952309520191614
1839,"LRLXLmXLm(FQMFXRRmLLqcXLLLX, XRQmXLfcXLFLFXqXXC(cX))",1.6811993247568553,no,,,10893,2.2952309520191614
1840,"((qLLLfXCfLLLCLLFXqCXX), qXMMXLLfFX, )",1.049274236483194,no,,,10893,2.2952309520191614
1841,"FLLL(FXX(lmQQlXcLLLccfFLXrLLLX), RFFcX)",1.2970044345280078,no,,,10893,2.2952309520191614
1842,"mFmF(RMLLcLCLFfFQCXrLmLCLXfQLXMLXrqX, rLLLX)",1.7778898683697963,no,,,10893,2.2952309520191614
1843,"L(q(qcqMX, FMMXLXCXLLXQLmXqXRX, ), LMFLfX)",1.8182892651808296,no,,,10893,2.2952309520191614
1844,"LLXrrlLF(FmX,LXLXrfLM(XCX, , RFXMXRXX))",1.5735957795002997,no,,,10893,2.2952309520191614
1845,"(FX, rFCCXFLXfLXqLCFXLmFXm(fCLMLMqXXLLX))",1.1493045948915177,no,,,10893,2.2952309520191614
1846,"LLFLmmX(L(qLLMCQX(cLmQXcLcLXRFLLLX), , mX))",1.2591021651498202,no,,,10893,2.2952309520191614
1847,lLCXRLFFLCCQfMXCLLXLLXlmCfLXXrLXRfX,1.3176521311414517,no,,,10893,2.2952309520191614
1848,F(rrFLmcFLLLLXRccQXmmmXmflMfXrmFLXLXRLmLLX ),0.9339023720069859,no,,,10893,2.2952309520191614
1849,"f(LLX, RLLmMcLLXLLXRCXCQLLLLLfXFLLLLLXfCXLXLLFXrmLX)",1.1709305243351493,no,,,10893,2.2952309520191614
1850,"(LFLLXRX, mcqXffLfLLLLXcXXLFMMXQmMLMX)",1.04938435244111,no,,,10893,2.2952309520191614
1851,"X((MXXQLqLfLqLXmCmFCXLLLXLX(rrLLFCQCLX), MmL(QQLLX)))",1.1743114852429237,no,,,10893,2.2952309520191614
1852,"FF((RLLLXqLCCmXLXCX(FLXqLLX)), , )",1.3281004114324568,no,,,10893,2.2952309520191614
1853,rLLXmQccXLQXrLXcqXMXCLX,1.157600075127924,no,,,10893,2.2952309520191614
1854,"mqLqLLL(, (rLX, ), LLccqLFXRLcLmmmXrLMMmXrrMMXLqmLX)",1.7693568761487903,yes,B6,15,10893,2.2952309520191614
1855,"LLMLL(q(XFX), mXRRMmcMXmMmXfXLLmXL(LcLMXrFX))",1.4145172506191508,no,,,10893,2.2952309520191614
1856,"((FLLLLLLLLLLLLLLFLXccqqXcXXrfXQX), )",1.0194197075014335,no,,,10893,2.2952309520191614
1857,MF(FrcLfLqMcLXLFcfFXfXrcXLQXLX rrX),1.219695611438691,no,,,10893,2.2952309520191614
1858,"LLLL(LX, MLM(MLX), rLCXqXRLLFL(, LLLXf(LLLLX)))",1.4382099275491245,no,,,10893,2.2952309520191614
1859,"CMmX(rfLLqXL(RqLLXLLL(FqX), LLFX((X))), lFLFX)",1.3796197391792562,no,,,10893,2.2952309520191614
1860,"LcFLLL(cmQLQMXfFcXLLLqXrFcX, QFFX, QX)",1.2482206663449658,no,,,10893,2.2952309520191614
1861,"(FLLXRlXX, cLXcQXXFLXLFLLFX(cXQFXQMffmmmlLLLcX))",1.1005858860374704,no,,,10893,2.2952309520191614
1862,"((LLLLfmXLCMXqXFMfFLCMMXCqLmLfmLXRfqLLQX), QMXX)",1.0683897463508554,no,,,10893,2.2952309520191614
1863,F( RCLFLFLQLCFLXFLFCXMMXFLXXRmLLCXrLX),1.2850395700226358,no,,,10893,2.2952309520191614
1864,RmfLcqLmLmMfXrLFcmcXccLMFLLfXrMFLLqqLXcLX,1.3067389261513358,no,,,10893,2.2952309520191614
1865,"rFLLLLXLLL(LXLFQQCMqXMCCqFXFLMFLqmXrmLmX, MfFLX)",1.410215984848339,no,,,10893,2.2952309520191614
1866,"LmLLmL(QXcFXX,  cQXLXLLLXcXrLXX)",1.2882411293386191,no,,,10893,2.2952309520191614
1867,LmQXLLLXLCCLMLqXXfmlXXLLCLXrLLLX,1.335809482936725,no,,,10893,2.2952309520191614
1868,"M(FqrLLLcXcLLLmFQXmLLXcXLXFLLXLLcFX, mQfFX, )",1.4557888292797092,no,,,10893,2.2952309520191614
1869,f((LLFLLQLXrLMLLLCCLqCXFLLXLmXFXQLLLXmMMLqQFX )),1.4585833003674615,no,,,10893,2.2952309520191614
1870,l  cFLFLLcMXrrLLMcXLLcLXLLXLX,1.3529970615796147,no,,,10893,2.2952309520191614
1871,"fLFX(LLLLXXFMqCFqlXCfLLLLCXLlq(LLLLQLLX), (LFLRLFLX))",1.1887103289358694,no,,,10893,2.2952309520191614
1872,"lL(L(CLL(F(RCX), F(rrLFLFLFcccXfL(LLLcXLXffLcffCXLmX), )), , ))",1.9863309684533772,no,,,10893,2.2952309520191614
1873,"LQfMLQf(,LQQQQLLLXQLmLF(LX, QLLLLXXMXLLLQX), L(rFLLX))",2.1976821502679234,no,,,10893,2.2952309520191614
1874,"LLLLLXFM(rqMXrLL(QLXM(XLQXqX), rqX), qX)",1.9041867344209187,no,,,10893,2.2952309520191614
1875,"L(LqLLLLXLLLXFcmcXqqXrMXqX,  LX,)",1.0807874674798081,no,,,10893,2.2952309520191614
1876,"LMLXF(L(QLLXRmLcLX),RRcXFXfXLmMLXcXMRQLX)",1.4392507553060778,no,,,10893,2.2952309520191614
1877,"LqLLXXLLmM(XrXCFFXLXXMFXFmX, RmmLX)",1.0641919720163024,no,,,10893,2.2952309520191614
1878,LLX LQLLfLLXFMLXCXQmfLLLXMFCLCXFXFMLXLX,0.9368039734231237,no,,,10893,2.2952309520191614
1879,"L(LLX, rLLLLLCFqmcXRLcLLcXrqqLqqLqLLXX(FQ(LqmX)))",1.9352146135851527,no,,,10893,2.2952309520191614
1880,"(LFRRLLcLLMMCLMfXLLLLLCCLXL(LLXLLLQfqMLcX), LX)",1.495100857691121,no,,,10893,2.2952309520191614
1881,"MLXLLLm(mXcXRX, mQMcXmXLLLffcFXMmXQX )",1.2343290635771738,no,,,10893,2.2952309520191614
1882,"(((RRLMLLCXLLCLMXLfLLXrrLLqXX)), (LFMLLX))",1.9213215800946688,no,,,10893,2.2952309520191614
1883,"LL(qLXLXML((L(,, mFXQLLCX))), McmXRmmmmmX)",0.9776210073793061,no,,,10893,2.2952309520191614
1884,"CLfLFcXRRMCLCLCCLXCLLXXrfCL(RMLX, MqcX, )",1.5638355353026918,no,,,10893,2.2952309520191614
1885,"cL(LFXQX, LcQXLXFLMLXXMLcLXqLX)",1.3136403414261255,no,,,10893,2.2952309520191614
1886,QXRlLLLMLXrMCfCLFQLCqMMXfLFXXmFfCLLXmXrX,1.1992981613785443,no,,,10893,2.2952309520191614
1887,"LQfLmL(mMXLLCfCLXLL(LX(MXmFCFXL(L(rLXLLMLmfX)))), XrQcX)",1.1597078823437614,no,,,10893,2.2952309520191614
1888,"LLLC(FX, MFLLXQFLcXff(M((LXFQcLLLXM(r(rXqqLX))))))",1.4329951020270582,no,,,10893,2.2952309520191614
1889,"XLLQ(LFXXLL(QqQfQfX, RFLLmXQCQXFFLX), LmX)",1.2005513961764172,no,,,10893,2.2952309520191614
1890,rLmMLcXCLqMXLXrLFCCLLXFCLXXrLLFCFXFQFQFFFQXRccFLX,1.2500882108217142,no,,,10893,2.2952309520191614
1891,"F(XX, CcXRFXRXcXXRX)",0.5857712010715461,no,,,10893,2.2952309520191614
1892,"(X M(qX, qXFXCXCXflMX))",0.45099109037504115,no,,,10893,2.2952309520191614
1893,"((cqXqcLXcLXXX, rLCX), XLX)",0.6680748457551292,no,,,10893,2.2952309520191614
1894,"L(,QFXCXCCXXX, X)",0.5319093945091973,no,,,10893,2.2952309520191614
1895,"XL(QCXCXLXRX  mX, mX)",0.4888103022544911,no,,,10893,2.2952309520191614
1896,XFLXCQCXXXQCXLXX,0.6207640451548692,no,,,10893,2.2952309520191614
1897,"XQ(XLXrQlcXX(MLX), rX)",0.6020746435376512,no,,,10893,2.2952309520191614
1898,"Q(cQXcfX, C((X, (MX))))",0.15924553834155739,no,,,10893,2.2952309520191614
1899,"cLX(qMXXcXXcX, X)",0.4539002890867236,no,,,10893,2.2952309520191614
1900,XXQCCfXXFCXXCX,0.3943716324202494,no,,,10893,2.2952309520191614
1901,"L(RX, mX,RX(cMcQFXXFXX))",0.5945802199699501,no,,,10893,2.2952309520191614
1902,"(RL(XCQXCfXMCX), X)",0.30972834067770844,no,,,10893,2.2952309520191614
1903,"C(MX, (rlFXXX, rXCXXX))",0.35253055419741647,no,,,10893,2.2952309520191614
1904,"M(XX, cQQX((,CLXMX)))",0.4639118181393204,no,,,10893,2.2952309520191614
1905,"L(rLXXrfCCCqXXqX, QX)",0.5100484871108492,no,,,10893,2.2952309520191614
1906,XCCXrXqFXLCLXrX,0.5325889541174811,no,,,10893,2.2952309520191614
1907,"rFC(CLXLXrF(rXXrCX), X)",0.5038930944080156,no,,,10893,2.2952309520191614
1908,"F(XRCRCXCLXXLX, X)",0.8162055787987531,no,,,10893,2.2952309520191614
1909,"(QffX(CXMX), X)",0.08461047512730481,no,,,10893,2.2952309520191614
1910,"RLF(CXQCXX((, XX)), X)",0.5547952688426472,no,,,10893,2.2952309520191614
1911,"Xf(FqXcXcXXX, XX)",0.35562291368892235,yes,B1,20,10893,2.2952309520191614
1912,XXXcXcQLXXcXML X,0.618911776386525,no,,,10893,2.2952309520191614
1913,"RMC(MXCQLXLCXX,qX)",0.36333343747628377,no,,,10893,2.2952309520191614
1914,"((RMXRXcXX, QX, ), )",0.320800688972947,no,,,10893,2.2952309520191614
1915,"(RQlCX(, fXmQFLLX), qX)",0.4519713722446737,no,,,10893,2.2952309520191614
1916,"XL(m(CqX,), , RRXCXCXX)",0.5401076663965774,no,,,10893,2.2952309520191614
1917,XLCXCmQXXLXMCXQXmX,0.6630380740427426,no,,,10893,2.2952309520191614
1918,"LXqLC(CLqX(CXX), QfX)",0.6543510476872842,no,,,10893,2.2952309520191614
1919,"(LX, LXXRRcccXcMXmXX)",0.6031680086766179,no,,,10893,2.2952309520191614
1920,"L(XRCXCQXXCXL(qX), X)",0.5489777683085988,no,,,10893,2.2952309520191614
1921,"F(FX, RQXrcXm(XcQX), )",0.4903655169808616,no,,,10893,2.2952309520191614
1922,"(fLXCqXXLCFXCqXX(X), X)",0.6127267885011284,no,,,10893,2.2952309520191614
1923,"L((MCX), RRXcLXXcX)",0.6457797960032613,no,,,10893,2.2952309520191614
1924,"(m(rqXccXRX,X, ), QX)",0.31013538601962254,no,,,10893,2.2952309520191614
1925,XQccXXQMXcXRX,0.40916766988311776,no,,,10893,2.2952309520191614
1926,XcXcqXmXcXLXcX,0.47409186529674424,no,,,10893,2.2952309520191614
1927,"(rMCQX, fqXXCXCLmX)",0.5337483348393393,no,,,10893,2.2952309520191614
1928,"XcXC(qXCXXX,X FX, )",0.3465301486690531,no,,,10893,2.2952309520191614
1929,XXLCQXrqCXXXCrLXX,0.6035113673814527,no,,,10893,2.2952309520191614
1930,"LmC(XXX, rrXFMCXXXX)",0.5584483129508457,no,,,10893,2.2952309520191614
1931,"r(lX,rcXccXLX)",0.45478026346631156,no,,,10893,2.2952309520191614
1932,"(XrCCqXCCXX, rLX)",0.4160704919611879,no,,,10893,2.2952309520191614
1933,"L(RRmCMFXrF(QX, XXX), rX)",0.7341062207639081,no,,,10893,2.2952309520191614
1934,XQCLX(XC RXXCqXCCX),0.4180297739555408,no,,,10893,2.2952309520191614
1935,"(,QLXCCQCXrXMmX, X)",0.3684448072594202,no,,,10893,2.2952309520191614
1936,rXRCfXRXlMlCXX,0.1424360397591545,no,,,10893,2.2952309520191614
1937,"XRR(XrccXX, FX)",0.3481142480024234,no,,,10893,2.2952309520191614
1938,"MX(XX, LqcXLXcXXmX)",0.49064517006307895,no,,,10893,2.2952309520191614
1939,"((LcXQcXXcXcX, ), RX)",0.41216141934976697,no,,,10893,2.2952309520191614
1940,"c(rqXRcXXX,(XQLfX))",0.5208772068266015,no,,,10893,2.2952309520191614
1941,"(X, RRcmXXXcX)",0.37343689156172083,no,,,10893,2.2952309520191614
1942,"Xr(FCqXRXXCX, rX)",0.34702691744102204,no,,,10893,2.2952309520191614
1943,XRQmCCXCXLX,0.442350975225394,yes,B1,6,10893,2.2952309520191614
1944,L(cFfXCqqLXCXCCX (CMX)),0.5285107813529689,no,,,10893,2.2952309520191614
1945,"(XX, XrcrcXXXcX)",0.31819681479844064,no,,,10893,2.2952309520191614
1946,"rmmLq(fX, cLcmXcMcXX)",0.54871120598897,no,,,10893,2.2952309520191614
1947,qXXrQcXcLFQXXcXX,0.5098228165310091,no,,,10893,2.2952309520191614
1948,"Q(rXfX, LXRcXcXX)",0.42203709659646066,no,,,10893,2.2952309520191614
1949,"(L(RqmXrCXr(, XX)), XX)",0.46322676540492574,no,,,10893,2.2952309520191614
1950,"q(mX(CCLX),XcFXXcXX)",0.4503296304188744,no,,,10893,2.2952309520191614
1951,"XCQ(XrX,XXCXXX)",0.4332516382277008,no,,,10893,2.2952309520191614
1952,"FX(QXLXcLXXcX, X)",0.6573234575605309,no,,,10893,2.2952309520191614
1953,"q(XCXf(, X), XrcXX)",0.39515559406995887,no,,,10893,2.2952309520191614
1954,"QXR(MXcXcXmX, QX)",0.31488864924029797,no,,,10893,2.2952309520191614
1955,"qX(M(QXRCXCLXXX), FX)",0.43508599660456165,no,,,10893,2.2952309520191614
1956,"rC(,rXX(, X), X)",0.3392528034754934,no,,,10893,2.2952309520191614
1957,XXRLQCCXCXQXMcX,0.6739985882481193,no,,,10893,2.2952309520191614
1958,"QX(XXXCCQLXXXCXX, ,)",0.5968035037502873,no,,,10893,2.2952309520191614
1959,"LLc(XRcX(XFFcX), RXXFcX)",0.4445098416240031,no,,,10893,2.2952309520191614
1960,qcXcXXqccXXcXQX,0.497291196893091,no,,,10893,2.2952309520191614
1961,"L(,LXQXXcXrcX, LLX)",0.46962382889554855,no,,,10893,2.2952309520191614
1962,"c((qXXcXXX), FLXX)",0.4771290854385702,no,,,10893,2.2952309520191614
1963,"X(XX,  RRcXcXLXXFcX)",0.5425900504569607,no,,,10893,2.2952309520191614
1964,"X(rLXrX(XXX, X), X)",0.7395598201132313,no,,,10893,2.2952309520191614
1965,XXQXqCCLXXCqfCXLXX,0.6231184428501597,no,,,10893,2.2952309520191614
1966,(XXQXQCXCXQCXrXX),0.3738202009175156,no,,,10893,2.2952309520191614
1967,"Xcf(XqX, QcQLXmXcLX)",0.4843674973300971,no,,,10893,2.2952309520191614
1968,"(QCCXXCLXCX, LX)",0.5221755007632476,no,,,10893,2.2952309520191614
1969,"RXL(QXLX(cXRfX,), MXqX)",0.5845481792262862,no,,,10893,2.2952309520191614
1970,"(XrLfqCXCXXX, QmqLX)",0.4382369637216693,no,,,10893,2.2952309520191614
1971,mcXqXXX,0.017563699361036234,no,,,10893,2.2952309520191614
1972,"XL(LQXXCmXXCm(XX), cX)",0.5651634040860902,no,,,10893,2.2952309520191614
1973,"R(XRmCCX rCLXX, RLX,)",0.5471941541270611,no,,,10893,2.2952309520191614
1974,"Lqc(LX, XcXLXMXX((qX), ), fmX)",0.6027604021028649,no,,,10893,2.2952309520191614
1975,"(XqXCCXqXCX,LX,RX)",0.5355690020761876,no,,,10893,2.2952309520191614
1976,"(qXfCqXCFXLXfMX(, LX), XX)",0.4950305275129241,no,,,10893,2.2952309520191614
1977,"(RQXLc(QXX, X), LXcXXX)",0.5513811414657445,no,,,10893,2.2952309520191614
1978,"X((mXrqMmXCR(CmXX), X))",0.4504583704448245,no,,,10893,2.2952309520191614
1979,"(QXCXXCXRX, LX, , X)",0.44281510473501756,no,,,10893,2.2952309520191614
1980,XCCCQCXXXCQXXCXX,0.5175703219905036,no,,,10893,2.2952309520191614
1981,"X(QqXCqXCXXFXX, mXQX)",0.5595342715188476,no,,,10893,2.2952309520191614
1982,"CF(XRXQCCXQCXXX, X)",0.5542515007069424,no,,,10893,2.2952309520191614
1983,"(XcLXmX, cQXXcXXcX)",0.618875030276361,no,,,10893,2.2952309520191614
1984,"(rmFCqXX, qXccXmLXX)",0.6094105796330297,no,,,10893,2.2952309520191614
1985,"(qXXC(XrLFCXX(,XX)), fXX)",0.5524002161219711,no,,,10893,2.2952309520191614
1986,"(QqX, RRcXXcXX)",0.48331535844589546,no,,,10893,2.2952309520191614
1987,"X(LXrCqX(X,XX), LX)",0.6746767170250109,no,,,10893,2.2952309520191614
1988,XQcXX,0.019297009045451508,no,,,10893,2.2952309520191614
1989,"(LMqlXCXXXCCX, XcXX)",0.4998712902007167,no,,,10893,2.2952309520191614
1990,"L(rLXqXCCXX, MqX,)",0.5763300117455814,no,,,10893,2.2952309520191614
1991,"R(CXCX, XcXRX)",0.19889537333073348,no,,,10893,2.2952309520191614
1992,"(RQXr(X, XX), X,X)",0.5206683019939432,no,,,10893,2.2952309520191614
1993,XXRRCXLCQXXCXX,0.4906446737120682,no,,,10893,2.2952309520191614
1994,"Xc(X, qqXCMCXLX)",0.5215517526908844,no,,,10893,2.2952309520191614
1995,XXRRfLCCXCClLFXXcQX,0.7533860507582275,no,,,10893,2.2952309520191614
1996,XRQLCXLMLCX,0.23690785297039857,no,,,10893,2.2952309520191614
1997,L(RMXMCX qCCXCXRXMXMX),0.5644665595123233,no,,,10893,2.2952309520191614
1998,"XL(qfLXrCLCCX(XX), X)",0.595586463281439,no,,,10893,2.2952309520191614
1999,"qF(rXLc(RccXX), X)",0.6060276915537547,no,,,10893,2.2952309520191614
2000,"(CX,CQXXCXXX, CLX)",0.4800616721026762,no,,,10893,2.2952309520191614
2001,"(QcXXRMcXLX, QX, X,)",0.6274966243932044,no,,,10893,2.2952309520191614
2002,"C(mQX, RRXCXCXX)",0.5461363733608854,yes,B2,6,10893,2.2952309520191614
2003,"(LL(rMqX(X, , X)), RcX)",0.5936902719911309,no,,,10893,2.2952309520191614
2004,"rrL(,XFLXCCXRX, X)",0.6402100042321157,no,,,10893,2.2952309520191614
2005,"(XL(RqCMCqXXXCXX),CX)",0.5788148509275886,no,,,10893,2.2952309520191614
2006,"(XX, LQcXXcXXMX)",0.5639787085295161,no,,,10893,2.2952309520191614
2007,XQCCXCXCXqXfX,0.33456636712325416,no,,,10893,2.2952309520191614
2008,"FX(XqlLqFXCXXX, LX)",0.4778927076104614,no,,,10893,2.2952309520191614
2009,Lc(LX cqqqqclXcXrX),0.3505429090874316,no,,,10893,2.2952309520191614
2010,"(rLCX, XRRCXRCqfXX)",0.2971015516065725,no,,,10893,2.2952309520191614
2011,"L(CQX((XCXLXXX)), XLfX)",0.7494112247951669,no,,,10893,2.2952309520191614
2012,"(rrCcCXCqXqXX, X)",0.25995542107096814,no,,,10893,2.2952309520191614
2013,"(rrmqXrccXXXXqcX, RX)",0.5118409965352088,no,,,10893,2.2952309520191614
2014,"QXR(X(LXcXX,),  XXCmfX)",0.5393022255844296,no,,,10893,2.2952309520191614
2015,CXCQXXXRCCXRXX,0.4438463158594892,no,,,10893,2.2952309520191614
2016,"CX(qFXCXqX(, X))",0.4461264880997826,no,,,10893,2.2952309520191614
2017,"QM(Q( XcXrXrX), X, X)",0.4345211956305908,no,,,10893,2.2952309520191614
2018,"X(FQXQcLXlQcLXXX, )",0.4261041501864884,no,,,10893,2.2952309520191614
2019,"(XQXMQLcX, MQLcXMfXcXmX)",0.5040269341139468,no,,,10893,2.2952309520191614
2020,XccFQXXRcMXLXcMfXX,0.5598779295867446,no,,,10893,2.2952309520191614
2021,rCXmXQCXXCXXCXX,0.47799119173171856,yes,B1,19,10893,2.2952309520191614
2022,LXLMFCXrLqCXCXXLX,0.5874183384910154,no,,,10893,2.2952309520191614
2023,XcXQXcXLXRcXX,0.38586789013282263,no,,,10893,2.2952309520191614
2024,"(X, LXQcXXcQLXXX)",0.4745486717060783,no,,,10893,2.2952309520191614
2025,(QCQXCCmXXCXXX),0.6132472882353943,no,,,10893,2.2952309520191614
2026,"LX(LX, XclQQXcLXXMLX)",0.5271479412026294,no,,,10893,2.2952309520191614
2027,"F(, cFQXX(X), X)",0.1374032150628709,no,,,10893,2.2952309520191614
2028,(qXCXXrLCXLLrCXXX),0.5675404727664141,no,,,10893,2.2952309520191614
2029,"(RXXCX, rXrclcXXLXXX)",0.412113107795012,no,,,10893,2.2952309520191614
2030,LcMXfcXcXQXcFXXQXcMX,0.5811004772534347,no,,,10893,2.2952309520191614
2031,"(XCCQfXQXCqXXX, , fcX)",0.5358174404385272,no,,,10893,2.2952309520191614
2032,(LXqcXcXFcXXFFXX),0.4631452538739942,no,,,10893,2.2952309520191614
2033,"(RRLX(R(X), XX), XcXX)",0.5468311388083613,no,,,10893,2.2952309520191614
2034,"q(rCXfCXX, rX)",0.26759203539558246,no,,,10893,2.2952309520191614
2035,XMXCmQXCXXXXX,0.2218660400309251,no,,,10893,2.2952309520191614
2036,"(Q(XcLXcMXX), RLcLqXX)",0.6057368428878148,no,,,10893,2.2952309520191614
2037,"LQ(RXL((, , XXX)), FX)",1.1715081365459445,no,,,10893,2.2952309520191614
2038,LXRCqMXrCmCLXXFXX,0.49687262939603277,no,,,10893,2.2952309520191614
2039,"CL(rCqXXM(XX), X)",0.43478672982263944,no,,,10893,2.2952309520191614
2040,XXXrCqCLXXXXX,0.32305463835223086,no,,,10893,2.2952309520191614
2041,"cqm(rXrL(L(R(XMX), )), X)",0.7535795881030914,no,,,10893,2.2952309520191614
2042,"R((rmLCqX(CXqCXX)), RmX)",0.33355057667781324,no,,,10893,2.2952309520191614
2043,fLXRQCmCXFCXLX,0.49049349139785997,no,,,10893,2.2952309520191614
2044,"X(qXCXrCXX,X)",0.48696780426221015,no,,,10893,2.2952309520191614
2045,"q(CXC(XX), XXCXFXX)",0.4059690319071803,no,,,10893,2.2952309520191614
2046,"LL(qqCXCX(X), mX)",0.44180107318908185,no,,,10893,2.2952309520191614
2047,"(CrqXL(L(cXX), ), MX)",0.7553983345044675,no,,,10893,2.2952309520191614
2048,"qXL(XCqFXCXQmX, X)",0.5747077489541041,no,,,10893,2.2952309520191614
2049,XLXc(QccLLXF(XQXX X)),0.5400066470950843,no,,,10893,2.2952309520191614
2050,XXRcRcXXRFlXX,0.26122638659176417,no,,,10893,2.2952309520191614
2051,"LXL(rqX(XXXX,,), X)",1.1405504182261492,no,,,10893,2.2952309520191614
2052,"((qLLXrCCmXFCXrX), XLX)",0.46911437130414224,no,,,10893,2.2952309520191614
2053,"(L(CQQMXCCXXmX, FX), , )",0.7767616136356098,no,,,10893,2.2952309520191614
2054,(RXXqCCXXCmCXLLX (rrX)),0.5778625662705731,no,,,10893,2.2952309520191614
2055,"f(CXLX,rXCqLXfXMXX)",0.3475387662496672,no,,,10893,2.2952309520191614
2056,"(rX(X), XRRccXXcXX)",0.4821063816359361,no,,,10893,2.2952309520191614
2057,"ML((RRCXCXXLXXXX), X)",0.8125849499732006,no,,,10893,2.2952309520191614
2058,"X(rqX(, XX,XX), X)",0.6726196618090085,no,,,10893,2.2952309520191614
2059,"Lq(XCMXqMfXCX, qX,)",0.4487078405149143,no,,,10893,2.2952309520191614
2060,"Xc(cXQXLXcXRXcX,mX, X)",0.5825368218098211,no,,,10893,2.2952309520191614
2061,"(XCXRRCCMCCXXXX(rX), X)",0.6573643031794297,no,,,10893,2.2952309520191614
2062,"RXR(FX, fQLXCXX)",0.29789743614108616,no,,,10893,2.2952309520191614
2063,"L((QX(X, cCX), cX))",0.23682901097829895,no,,,10893,2.2952309520191614
2064,"(XfQCQCXCXXX, X)",0.5197154088410337,no,,,10893,2.2952309520191614
2065,XcXqFXrcXLcXMX,0.45048757791144817,no,,,10893,2.2952309520191614
2066,"QX(XXcQMXcLLXMXX,LX )",0.47552341843648765,no,,,10893,2.2952309520191614
2067,"X(FqfLX, rrcXcXmXX)",0.5326071720462018,no,,,10893,2.2952309520191614
2068,CXXRCXRMCXXXX,0.3701891355240857,no,,,10893,2.2952309520191614
2069,"FXQ(X,XXcmRcLX X)",0.4810783735066868,no,,,10893,2.2952309520191614
2070,"Q(XRCXCXqXRlX ,RQX X)",0.4163641881467622,no,,,10893,2.2952309520191614
2071,(XMqLcqLcXcXLXcXXX),0.8430495737724246,no,,,10893,2.2952309520191614
2072,fXRfCCLMmQXLCMXX,0.6300766328559321,no,,,10893,2.2952309520191614
2073,"XQ(,LcXXXrcLX,mFLfX)",0.6130686334471267,no,,,10893,2.2952309520191614
2074,XlXrmmCXXCqqXLCXXX,0.48767571814470095,no,,,10893,2.2952309520191614
2075,"CLC((XXX), rrX(XXXfX))",0.5771733798999925,yes,B2,9,10893,2.2952309520191614
2076,"R(QFX((CCXX)), X)",0.3871838680555661,no,,,10893,2.2952309520191614
2077,"C(QXfXCXX, RlX)",0.13723822463616484,no,,,10893,2.2952309520191614
2078,"m(LX(rCqXCXX LX), LLX)",0.5359873635876835,no,,,10893,2.2952309520191614
2079,"(CMX, rrXCXFXCCX)",0.4829277496858903,no,,,10893,2.2952309520191614
2080,(rLcMcXRFQMcXXXXX),0.46400788529570436,no,,,10893,2.2952309520191614
2081,QXFXQLCCXXCXXfX,0.7002969503533691,no,,,10893,2.2952309520191614
2082,"Lq(XccXXXmX, ,CLXCXCmqX)",0.645474651797431,no,,,10893,2.2952309520191614
2083,"L(,QX, rqXcfcXLX)",0.5360989673456739,no,,,10893,2.2952309520191614
2084,"X(qXClLXqCLX(fXXQQXX), XX)",0.6437796354832335,yes,B2,24,10893,2.2952309520191614
2085,"LX(XCX, qfXXCMMCXL(X))",0.5938659088627143,no,,,10893,2.2952309520191614
2086,"(LX, QcMXXXcXX)",0.46771584309167963,no,,,10893,2.2952309520191614
2087,"F(LFLMQFQX(X, X), RlLX)",0.4797826208218083,no,,,10893,2.2952309520191614
2088,QLXLCXXCQXCLXMXmXX,0.6473039461253179,no,,,10893,2.2952309520191614
2089,"(QXc(RcLXLfXX), XX, LXX)",0.69080555543702,no,,,10893,2.2952309520191614
2090,"rr(CX, LXmXCXCX)",0.48977074888419064,no,,,10893,2.2952309520191614
2091,XCXRLQCFCXXrCqfqXFX,0.5376122958135219,no,,,10893,2.2952309520191614
2092,FXcXRLXRfXRcXXX,0.38255455543036054,no,,,10893,2.2952309520191614
2093,"(((RRCXCXCX(cX)), X))",0.616118672036519,no,,,10893,2.2952309520191614
2094,"L(CCLrqXCXX,rCXX, CX)",0.5985450512342079,no,,,10893,2.2952309520191614
2095,"L(XRCQX(CXXX), CXX)",0.4822724217484759,yes,B1,16,10893,2.2952309520191614
2096,"cq(X, XrlMcLXXX)",0.27879896300354823,no,,,10893,2.2952309520191614
2097,cXrfqLLcXcXrX,0.5277405442253706,no,,,10893,2.2952309520191614
2098,"m(RX(cmclqLXX), fX)",0.15891974556014463,no,,,10893,2.2952309520191614
2099,"(X(XQCQCXCMXXXX), X)",0.6059305138731949,no,,,10893,2.2952309520191614
2100,"qXLq(XCXRqCmXX,X)",0.6601896207155677,no,,,10893,2.2952309520191614
2101,"CM(XCLQXX(RCCXfXX), X)",0.5582594891531029,no,,,10893,2.2952309520191614
2102,LXXccccQLXXLcQXXX,0.6502535844041563,no,,,10893,2.2952309520191614
2103,"RRLFc(, X, XXXcX)",0.5094519690758678,no,,,10893,2.2952309520191614
2104,"((LRRXccqXqqX), XcX)",0.4032123157089355,no,,,10893,2.2952309520191614
2105,"RQXQ(FfmX ,)",-0.006466460842133169,no,,,10893,2.2952309520191614
2106,"ccL(rqcfXRLX, RfXX,,)",0.2178524569193471,no,,,10893,2.2952309520191614
2107,"L(rrXmCFXX, X, X)",0.44098751414443804,no,,,10893,2.2952309520191614
2108,"C(RRCXCX(RXX),X)",0.6557047302159196,no,,,10893,2.2952309520191614
2109,LXlQLqCqCXLXCXXLCCX,0.5675745374130247,no,,,10893,2.2952309520191614
2110,"Xqf(X,rXcLcXX ,)",0.46198699140027377,no,,,10893,2.2952309520191614
2111,rXFc(qXqcXcXXXX),0.4799700665428199,no,,,10893,2.2952309520191614
2112,MXCXCXqqXCCXX,0.40957238606990304,no,,,10893,2.2952309520191614
2113,XrccqLMXLcXRX,0.6300566606178706,no,,,10893,2.2952309520191614
2114,"(X, rrFcXMLcccXX,)",0.602484122787413,yes,B2,20,10893,2.2952309520191614
2115,"fXL(RRLXCX(RCFXX), LX)",0.5888612099237446,no,,,10893,2.2952309520191614
2116,"LXL(QcX, cMMMQQXLXcX)",0.44117172221661494,no,,,10893,2.2952309520191614
2117,CcCXrqXccXqfFXRcXcXX,0.6214708911959864,no,,,10893,2.2952309520191614
2118,"rL((qqLXQ(QcXrX, )), LX)",0.5129114020526363,yes,B2,13,10893,2.2952309520191614
2119,"Rc(, , RXc(XX), QXX)",0.2697471787072942,no,,,10893,2.2952309520191614
2120,cXcMQcXXQXcX,0.3814561011879053,no,,,10893,2.2952309520191614
2121,fL(MMXXrCFfqXFXrCX),0.216866425925319,no,,,10893,2.2952309520191614
2122,"(M(CCXRRmcLcXLXXX), X)",0.4116623903008751,no,,,10893,2.2952309520191614
2123,"CXQ(QCFCXCX(XX), X)",0.5262022442046098,no,,,10893,2.2952309520191614
2124,"(CX(qXXXCCFCX, X) )",0.3556094827620251,yes,B1,24,10893,2.2952309520191614
2125,"L(QCXLXLXccXX,X)",0.43056909131295906,no,,,10893,2.2952309520191614
2126,"Q(XQqX,XcXMXMXcXfX)",0.5984306750551692,no,,,10893,2.2952309520191614
2127,LCXccXqXXcXLXcXLX,0.6218288215706812,no,,,10893,2.2952309520191614
2128,"F(CLqXXX(cX,LXX), XXX)",0.7093925660829263,no,,,10893,2.2952309520191614
2129,"Q(XXCCMXXXX, XMX)",0.5790024696016666,no,,,10893,2.2952309520191614
2130,"r(rXXC(XXXX), XXrX, mXX)",0.531146863100007,no,,,10893,2.2952309520191614
2131,CXRQmCX CXX,0.3784893555737938,no,,,10893,2.2952309520191614
2132,"L(XX, qXcXcXXfmXX)",0.5455572153576532,no,,,10893,2.2952309520191614
2133,qXcXqccXXXX,0.3541152141446635,no,,,10893,2.2952309520191614
2134,LXXccQXXXcXX,0.6092948692498046,no,,,10893,2.2952309520191614
2135,"QLM(XX(X, ,X), X)",0.5072535992938351,no,,,10893,2.2952309520191614
2136,XRQcXcXcMXcXLXXX,0.4658885048733332,no,,,10893,2.2952309520191614
2137,"LX(LQQCMXCX(XXX), XX)",0.7370947845353292,no,,,10893,2.2952309520191614
2138,"((RRXRCCXXX), LXX)",0.48805631679493,no,,,10893,2.2952309520191614
2139,"q(XLqX, rXccXXCX)",0.5514603898843983,no,,,10893,2.2952309520191614
2140,"cX(RcfcQXC(,XLX) )",0.4865854379398963,no,,,10893,2.2952309520191614
2141,XcqqXXCXQXCQXCQQX,0.41587631410926806,no,,,10893,2.2952309520191614
2142,MXCQLCLXCCQXCXXX,0.6989684355751902,no,,,10893,2.2952309520191614
2143,"((X, QXXLLCCXCXX), XX)",0.5648345613679697,no,,,10893,2.2952309520191614
2144,"RL(XX, RcXXcXLX)",0.6355374820395627,no,,,10893,2.2952309520191614
2145,"Xqcc(,XqXXX,)",0.16519386985685391,no,,,10893,2.2952309520191614
2146,"m(CQQX(CLCXXX), qMLX)",0.9199546776510124,no,,,10893,2.2952309520191614
2147,"CXL(QQXCXXXLX,XrQX)",0.42296690666675013,yes,B1,18,10893,2.2952309520191614
2148,CLXXC(QXLX CXRXXX),0.5904298791460324,no,,,10893,2.2952309520191614
2149,"RL(XfX, RmmcMfXXXcXX)",0.6477059027755526,no,,,10893,2.2952309520191614
2150,"C(fX(CX), qXXLCXFX)",0.603690251580906,no,,,10893,2.2952309520191614
2151,"rr(X(rrCCX), cX)",0.15517068846283488,no,,,10893,2.2952309520191614
2152,"(LX, RRcXXXXX)",0.2589545874095837,no,,,10893,2.2952309520191614
2153,"q(RLX, LXXcXcXXlX)",0.6326952825020837,no,,,10893,2.2952309520191614
2154,"LC(qMXCqXR(XX),mXX,)",0.48992259372520913,no,,,10893,2.2952309520191614
2155,XLqXRccQFXLXXfcXX,0.7196654601268794,no,,,10893,2.2952309520191614
2156,"LXC(RRCXLcX(qX, ), mX)",0.49911508655836306,yes,B1,17,10893,2.2952309520191614
2157,CXXqCqXLCXXfXFX,0.47256335591713466,no,,,10893,2.2952309520191614
2158,"Q(RFCX(,QLQfLXX), MXQX)",0.6014911085465507,no,,,10893,2.2952309520191614
2159,XCXRRmCXCXrLXrX,0.6782736530990938,no,,,10893,2.2952309520191614
2160,"X(QqqXXL(CCfXX), X)",0.5229477328679141,no,,,10893,2.2952309520191614
2161,"q(qLLX(CMCXX), FX,)",0.49856871867679986,no,,,10893,2.2952309520191614
2162,"C(qXXCXXXX, rXcLqqX)",0.4830791926756333,no,,,10893,2.2952309520191614
2163,"(RXX, QXQCCXXXCXXqX)",0.4564864302320486,no,,,10893,2.2952309520191614
2164,"(lX, rrLLLcXcXrQX)",0.5359199107130341,no,,,10893,2.2952309520191614
2165,"LXr(XrCXLCCX, CX)",0.6176095444325356,no,,,10893,2.2952309520191614
2166,"RLqcX(qFX(Q(LmX(, RMX)), QX), X)",0.4239253117869421,no,,,10893,2.2952309520191614
2167,qXCXq(MMX(LXCXX)),0.33802535105893655,no,,,10893,2.2952309520191614
2168,XCXQLCXXFXC(fQX qXLX),0.5724148064042481,no,,,10893,2.2952309520191614
2169,"(XCQQLXCXXX, XX)",0.5075690988121497,no,,,10893,2.2952309520191614
2170,XqcXcXXqcMMXLcXXQX,0.5261377526914726,no,,,10893,2.2952309520191614
2171,"(RRMLXCCLXQXX, LXX,)",0.8585644348621079,no,,,10893,2.2952309520191614
2172,"Xf(rrXcmcXXmXlX, LX)",0.6308593136140028,no,,,10893,2.2952309520191614
2173,XcXqcXXLcXMXX,0.47664251694506976,no,,,10893,2.2952309520191614
2174,"L(Xcf(rmqXMqQccXLX,, ))",0.5007673703070504,no,,,10893,2.2952309520191614
2175,"(XX,LqcXXcXXCCXXCX)",0.4897060801861936,no,,,10893,2.2952309520191614
2176,"Q(qqmXccX(cqmXXX), X, QX)",0.5553056605655241,no,,,10893,2.2952309520191614
2177,"((FqqLX(CcXX, )), XX)",0.38461171460560206,no,,,10893,2.2952309520191614
2178,"c(FFX, XRLQcXcXfmX)",0.4301657723437297,no,,,10893,2.2952309520191614
2179,"LXM(MlLX, FQXcXXX)",0.42382077355718967,no,,,10893,2.2952309520191614
2180,"LXQ(XcXXqX, FfX)",0.41089678849138156,no,,,10893,2.2952309520191614
2181,"L(f(RRFXCCCMLXlX, mX), )",0.6112660119184572,no,,,10893,2.2952309520191614
2182,"Fq(lXLXfCXLCXX, cXmCXX)",0.6828601665178298,no,,,10893,2.2952309520191614
2183,"(X,X, LqXrLccXXmX)",0.3894190439497354,no,,,10893,2.2952309520191614
2184,"c(X, ,qcXXrXLcXX,)",0.4097030591286548,no,,,10893,2.2952309520191614
2185,"(qXc(XcqLMcXXX),XXXX,)",0.515271596743567,no,,,10893,2.2952309520191614
2186,"cXM(QXL(QcXXX), X,qXX)",0.41356989323100946,no,,,10893,2.2952309520191614
2187,"X(LQX(cXXLccX), qXMX)",0.601053641230656,no,,,10893,2.2952309520191614
2188,"(XX, XRLcXRXcXXX)",0.6598761292627991,no,,,10893,2.2952309520191614
2189,"(Xrq(XL(LXXX, MX), qXX), X)",0.8873177966152865,no,,,10893,2.2952309520191614
2190,"(MX,mqXfcXcXXX,X)",0.4274796123872431,no,,,10893,2.2952309520191614
2191,"L(LX, cFLQXXXcXRX)",0.6518944370831558,no,,,10893,2.2952309520191614
2192,"XrLC(rFLXL(MXX, FX), mX)",1.070105475273844,no,,,10893,2.2952309520191614
2193,cXcq XcqXcXQXLX,0.6129727724498932,no,,,10893,2.2952309520191614
2194,"(QXLc(QXXccqLXXX, X), XX)",0.627420127533822,no,,,10893,2.2952309520191614
2195,"(QXXCCXXXX, L FX )",0.6625641560445445,no,,,10893,2.2952309520191614
2196,"L(qXXCXXX, RmX,)",0.6028679799201134,no,,,10893,2.2952309520191614
2197,"r(LmX(, X), cXLcffXX)",0.47755326304160833,no,,,10893,2.2952309520191614
2198,"q(mX, XrcMXmLfXXX)",0.23031522440489893,no,,,10893,2.2952309520191614
2199,mXQLcXcXcQXXrcXX,0.5037357753873554,no,,,10893,2.2952309520191614
2200,"(XCCQXXXXX(, fX), X)",0.3241951050127332,no,,,10893,2.2952309520191614
2201,"L(X, XrcXcLqXcXX)",0.48619078277457084,no,,,10893,2.2952309520191614
2202,"(q(FXX,XXccXcLXX))",0.42748344191753423,no,,,10893,2.2952309520191614
2203,"LX(QfXCXL(XCXXX), (r FX))",0.5177236520778673,no,,,10893,2.2952309520191614
2204,"(L(RRffCCXCXCXX), X)",0.6573522594000117,no,,,10893,2.2952309520191614
2205,X(CXXX qCXXCXXX),0.5355806868117333,no,,,10893,2.2952309520191614
2206,"(XXLXQccfXXXcFXX, X)",0.5579684338349153,no,,,10893,2.2952309520191614
2207,"fXL(,LCX CqXXccXX X,)",0.40809481534021463,no,,,10893,2.2952309520191614
2208,"(qCXXX(cX, XX), XqX)",0.48135933538910086,no,,,10893,2.2952309520191614
2209,LXRCFLfQCCfXLCXX,0.6570503503330302,no,,,10893,2.2952309520191614
2210,"L(rLqX(LcX(FXLX), ), cX)",0.7293170773350491,no,,,10893,2.2952309520191614
2211,XrLCCXXqLXCXCXCmLX,0.6023670014117993,no,,,10893,2.2952309520191614
2212,"(L(LqCXXCXMCX), LXX)",0.5394777510194415,no,,,10893,2.2952309520191614
2213,c(XLX QcXRLXrcXX),0.5080403577984001,no,,,10893,2.2952309520191614
2214,"X(mX, rrccXcLXQX)",0.4686555221463187,yes,B1,10,10893,2.2952309520191614
2215,"(RCX, QXcccmQXXX)",0.34787215905689584,no,,,10893,2.2952309520191614
2216,XCCqCLqXXXX,0.4840723993609243,no,,,10893,2.2952309520191614
2217,"qXf(XXX, qXCLXQCCXLX)",0.6040377696244019,no,,,10893,2.2952309520191614
2218,LXXQClCLXfXCXRX mXXXX,0.6087973759652409,no,,,10893,2.2952309520191614
2219,"(qQXCXCCFqCXXX(, X))",0.4398637179025753,no,,,10893,2.2952309520191614
2220,"LL(LX,rffcfXMqXq(XXX, lFX))",0.7042611840326352,no,,,10893,2.2952309520191614
2221,"Xm(FXCCX, mQXcXXrmX)",0.31413936858830044,no,,,10893,2.2952309520191614
2222,"F(CXMMX,qXXCXLX)",0.33515317464778216,no,,,10893,2.2952309520191614
2223,"RC(QXLCfCMXX, fX)",0.5999427025815302,no,,,10893,2.2952309520191614
2224,"X(XFX, RRfXXcXXX)",0.3991650899601525,no,,,10893,2.2952309520191614
2225,"FQM(LXfXcLXX,RX, )",0.4568547344527572,no,,,10893,2.2952309520191614
2226,"(RQCXQL(, QLLX), lLX)",0.2944050413371888,no,,,10893,2.2952309520191614
2227,"q(, XXCXXLXX, QXFX)",0.6162147628158111,no,,,10893,2.2952309520191614
2228,"(, XqX(FXCXXXX), XX)",0.6519463232815409,no,,,10893,2.2952309520191614
2229,"R(XXccQXXX(MXX, ),, XX)",0.48041326149290237,no,,,10893,2.2952309520191614
2230,"L(Q(XCXCQXCXX), X)",0.4989608459003955,no,,,10893,2.2952309520191614
2231,"L(rmX, RRcXXLXLXFLX)",0.47085068979593897,no,,,10893,2.2952309520191614
2232,"((qqCLXCfXX), X)",0.386852661187725,no,,,10893,2.2952309520191614
2233,"rL(lQX, XXrrCXX)",0.24503808508696948,no,,,10893,2.2952309520191614
2234,"XL(CX, rXqLcXXqXXX)",0.40758182514532043,no,,,10893,2.2952309520191614
2235,"cQX(,X, XXcQmMcXX)",0.4384473683882511,no,,,10893,2.2952309520191614
2236,XRRCCfXCFCX,0.14457222276713963,no,,,10893,2.2952309520191614
2237,QmLXXCXRCXXXCXX,0.6810088615118329,no,,,10893,2.2952309520191614
2238,"L(X, MqXCXXX, )",0.4449827590026024,no,,,10893,2.2952309520191614
2239,"fXccm(, , ,rrXLX)",0.1415117633324447,no,,,10893,2.2952309520191614
2240,XqcXmccXrXRcXXX,0.5833762172147546,no,,,10893,2.2952309520191614
2241,"LX(QX(XcXXX), LX)",0.5491894250728807,no,,,10893,2.2952309520191614
2242,"(RX, XqqccXcmXRLXQX)",0.662660141370167,no,,,10893,2.2952309520191614
2243,"C(L(LLQXQmXCXX), X)",0.387416160514389,no,,,10893,2.2952309520191614
2244,"F(RXRXLmM(c(MX), X), cX)",0.6869232514822956,no,,,10893,2.2952309520191614
2245,"((rrLXccXMXqCX), cX)",0.8326638259531716,no,,,10893,2.2952309520191614
2246,X(XcLXQcXXXcXX),0.5827831706422429,no,,,10893,2.2952309520191614
2247,RmXCrrCCXMXqXFXX,0.46627022702822934,no,,,10893,2.2952309520191614
2248,"QLX(MQXCXCFXX, X,X)",0.37431400708600315,no,,,10893,2.2952309520191614
2249,"LQ(,RmmQXFLqFcXXcX, X)",0.6233275693097852,no,,,10893,2.2952309520191614
2250,"cLXFmL(QLQX(XXFlX, ), X)",0.46880361769554013,yes,B1,2,10893,2.2952309520191614
2251,"(QFXcQXrMXXMX, XX, XX)",0.49782172277479175,no,,,10893,2.2952309520191614
2252,XXRRLcFFXCXX,0.11774712934472872,no,,,10893,2.2952309520191614
2253,"(X,QXXClXXX, X)",0.24800029387741337,no,,,10893,2.2952309520191614
2254,"(C(rXCqXCXrLX), X)",0.44186579660281966,no,,,10893,2.2952309520191614
2255,"Q(qqXFCMfXFMXrLX, cX)",0.3557485094091305,no,,,10893,2.2952309520191614
2256,"cL(MX, rqcXcXX)",0.4867659785518568,no,,,10893,2.2952309520191614
2257,XcFcXRmcQXlcXLX,0.3856404714919711,no,,,10893,2.2952309520191614
2258,"R(Q(X(X, RMX(CXCLX))))",0.4743520280863537,no,,,10893,2.2952309520191614
2259,(XMX  qcccXXXcXXX),0.48091605112976077,no,,,10893,2.2952309520191614
2260,"(fcX, RLCCLQXCXMX)",0.5372658912392149,no,,,10893,2.2952309520191614
2261,"Rm(RLMX((XcX), X), cX)",0.6294684023974363,no,,,10893,2.2952309520191614
2262,MQXXXCCXXRXCXMXQX,0.5644803470178397,no,,,10893,2.2952309520191614
2263,XXrrCCfCLLX FMXXX,0.5080072918361807,no,,,10893,2.2952309520191614
2264,rrcXXqcXXqcXLXX,0.5119757874893435,no,,,10893,2.2952309520191614
2265,"Xc(cqFFXXX, rX)",0.13355258819978372,no,,,10893,2.2952309520191614
2266,"((XMqCqXCLXXX ), RX)",0.4793173874589646,no,,,10893,2.2952309520191614
2267,XrCfXXrXCCqXX,0.25440505854173284,no,,,10893,2.2952309520191614
2268,XXcXLlccQmXXfLXX,0.36456496765108093,no,,,10893,2.2952309520191614
2269,RQQcXXcmQcXXLXcX,0.3484667365928387,no,,,10893,2.2952309520191614
2270,"(rCXrcXcX, QXXcXX)",0.2689471816090855,no,,,10893,2.2952309520191614
2271,"L(rCLX, QXXcXLX)",0.4889022581131997,no,,,10893,2.2952309520191614
2272,fXCmCXrrXXLCXMX,0.6937592785319583,no,,,10893,2.2952309520191614
2273,RLCCXXrrCMCXXXcCXQX,0.6652727317961843,no,,,10893,2.2952309520191614
2274,"XR(RFX(LX, X), rX)",0.36131923455097464,no,,,10893,2.2952309520191614
2275,"(CXXX, rrLCXCXXQLmCX)",0.5183951850226535,no,,,10893,2.2952309520191614
2276,"(qqXXL(QX, mXX), RqfXX)",0.41680987591957847,no,,,10893,2.2952309520191614
2277,"Q(X mXCXXXX,cXX)",0.46486551036940144,no,,,10893,2.2952309520191614
2278,"CF(XCfqXXCXXLX, RXX)",0.6207849293655511,no,,,10893,2.2952309520191614
2279,"(Rc(X((RXcLXqX)), X), X)",0.6342319511440174,no,,,10893,2.2952309520191614
2280,"((qCXXXXCX), CMXX,)",0.34465271232305345,no,,,10893,2.2952309520191614
2281,c(XQQXccLX cXFcX),0.548020267993901,no,,,10893,2.2952309520191614
2282,"Lcc(,RLX, qXCCXrXXX,X,)",0.5065012429737338,no,,,10893,2.2952309520191614
2283,"X(qfXX(CCXXX), FXX)",0.6319560377480417,no,,,10893,2.2952309520191614
2284,"L((qCXLXXCXX), X)",0.39137188260025735,no,,,10893,2.2952309520191614
2285,CLXCQXXXLXCXX,0.36495955228401705,no,,,10893,2.2952309520191614
2286,"XL(X,QcQXcXLX)",0.48138197051112286,no,,,10893,2.2952309520191614
2287,"(L(RRXlcXLXQX), cLXFX)",0.46519744017831854,no,,,10893,2.2952309520191614
2288,"((LqXXrFCXXQLX), XFLX)",0.44998801422378604,no,,,10893,2.2952309520191614
2289,"rc(X ,XrCXLX)",0.1626461940710288,no,,,10893,2.2952309520191614
2290,LQFXmQXRCCXMXLXLCXrX,0.7477680951499677,no,,,10893,2.2952309520191614
2291,"M(CCX, XrlCXrlMXCXX)",0.42650548657913995,no,,,10893,2.2952309520191614
2292,mLXRRCFCXCXLXqX,0.8701215215083276,no,,,10893,2.2952309520191614
2293,"M(rL(rCXmMX(X, LX), qX))",0.7374659272610137,no,,,10893,2.2952309520191614
2294,mX(LCX RRCXXCXLXfX),0.7034047693685181,no,,,10893,2.2952309520191614
2295,"m(LQXLcXmX, RMX X)",0.2708664421422921,no,,,10893,2.2952309520191614
2296,"(RQX,XrrcXcmXXfcXmcX,)",0.5556077302303782,no,,,10893,2.2952309520191614
2297,FFXrfXCXMqXXCLXCXX,0.5230222412546344,no,,,10893,2.2952309520191614
2298,RXqccXLXcqcXXRXX,0.47211567248823194,no,,,10893,2.2952309520191614
2299,"(CFQmXXXCXXX, LX)",0.5202011992817396,no,,,10893,2.2952309520191614
2300,"CmQ(mXCXLCX,cX)",0.23360423874502098,no,,,10893,2.2952309520191614
2301,"MXL(FX, rXQqCXCX)",0.3866419352294937,no,,,10893,2.2952309520191614
2302,"q((QXXRCMXXR(, FmXX)), X)",0.2982665536927956,no,,,10893,2.2952309520191614
2303,mqXFXrccXFXXcX,0.34196601024767914,no,,,10893,2.2952309520191614
2304,LXcXRRcccXXXcX,0.5532951527631139,no,,,10893,2.2952309520191614
2305,"L(QCXCXCXR(XX), MLX)",0.6563046937278242,no,,,10893,2.2952309520191614
2306,"(rrLCFXX(RqX,X), LLX)",0.556799550327785,no,,,10893,2.2952309520191614
2307,XXcqcFXXXLcXXX,0.5481064021233975,no,,,10893,2.2952309520191614
2308,"F(qX(, XrCXQXCX), XlXX)",0.4421416144525196,yes,B1,3,10893,2.2952309520191614
2309,"(MXQX, QLXXCXXX)",0.3820296481866402,no,,,10893,2.2952309520191614
2310,"Q(XCX(, XXX), RflLcXX)",0.43533184992310225,no,,,10893,2.2952309520191614
2311,CXXQCQXmCXXXQLX,0.39679411239985274,no,,,10893,2.2952309520191614
2312,"(,L(RRLLLXcXXX), X)",0.6096026902015724,no,,,10893,2.2952309520191614
2313,"R(RCXMCXXXX,XX)",0.7403995278959881,no,,,10893,2.2952309520191614
2314,"(, QXXMcMLXcX, X)",0.4971580201911468,no,,,10893,2.2952309520191614
2315,"qX(XlrCXXQLFXLX, X)",0.476497389504745,no,,,10893,2.2952309520191614
2316,"Lq(X, RFXrcXcXXXfX, )",0.803235302423685,no,,,10893,2.2952309520191614
2317,XXCCQXLLXCQXCFXXXX,0.5621771807754474,no,,,10893,2.2952309520191614
2318,mqXXrqmMLcXcqX,0.24571742328160753,no,,,10893,2.2952309520191614
2319,"LXq(XlXLcXFcXXX,X,)",0.6636149175063775,no,,,10893,2.2952309520191614
2320,mXXCXrqCXCLXXXcX,0.5110111829331612,no,,,10893,2.2952309520191614
2321,"X(X ,rrcX(LXXX,))",0.8373793146841494,no,,,10893,2.2952309520191614
2322,"L(QCFmMXXCXfX(X), XX)",0.5337407389785612,no,,,10893,2.2952309520191614
2323,"(RQCXL((,LLXMX)), X)",0.8101455781055888,no,,,10893,2.2952309520191614
2324,"L(L(qXXcXrrcXXXXXFX), X)",0.4860603606526861,no,,,10893,2.2952309520191614
2325,"cf(X,RX ,RRXFXFXX)",0.2725982423608655,no,,,10893,2.2952309520191614
2326,"(XX, QXXCCXQXLX)",0.49035505317114514,no,,,10893,2.2952309520191614
2327,"(qmXXrQFcX(XqX), XX)",0.32695819440259544,yes,B1,11,10893,2.2952309520191614
2328,"L(XCQXXRLCXLXmQX, MX)",0.585765479280034,no,,,10893,2.2952309520191614
2329,"L((rXCqXCXXCCX), X)",0.5177003965416078,no,,,10893,2.2952309520191614
2330,"qX(LqX(XX,XXCXX), X)",0.5973743280046341,no,,,10893,2.2952309520191614
2331,"(mLqXCXXXCXX, LX)",0.7729140283597279,no,,,10893,2.2952309520191614
2332,"L(QXL(fXRCCX(X)), X)",0.39362488381534966,no,,,10893,2.2952309520191614
2333,"L(XrCXrCXLMX(FX), XFX)",0.5415691580882626,no,,,10893,2.2952309520191614
2334,"CXL(rXCLqXXLXFCX, XFX)",0.7532860156030696,no,,,10893,2.2952309520191614
2335,"LC(RFQXCX QCX,X)",0.4396845238476697,no,,,10893,2.2952309520191614
2336,"(RLXQcXXRLX, RcX)",0.4742900135835513,no,,,10893,2.2952309520191614
2337,CFXXrLCCMqXXXX,0.4401584801511198,no,,,10893,2.2952309520191614
2338,"(qCXXCX, XmX)",0.2002523700721071,no,,,10893,2.2952309520191614
2339,"L((mX, , rrccMXcXXX))",0.8035609853649839,no,,,10893,2.2952309520191614
2340,"cqXLL(qXccXXcX, X)",0.5124096972006864,no,,,10893,2.2952309520191614
2341,"MX(rMLLXLXC(qqCXXrX), X)",0.6071504274060715,no,,,10893,2.2952309520191614
2342,"RR(fCXLCCXm(XcX), X)",0.9955332146887477,no,,,10893,2.2952309520191614
2343,"X(RMqLLX, (RRLcXcXXX))",0.6305514473393805,no,,,10893,2.2952309520191614
2344,"LQ(rLCX,LQXCCCCCXXX,)",0.7657618208840897,no,,,10893,2.2952309520191614
2345,"qfX(XXCqCXRXQX, X)",0.6366190483877687,no,,,10893,2.2952309520191614
2346,"(L(LfXF(X), QcXXcXXX))",0.6306341416042924,no,,,10893,2.2952309520191614
2347,"(XcX, QFXXCXXfX)",0.33904510183592546,no,,,10893,2.2952309520191614
2348,XXRXQQccXLXmcXQXX,0.5544884029518483,no,,,10893,2.2952309520191614
2349,rMCCXXQCLXCXXRCXXRX,0.6689373950836991,no,,,10893,2.2952309520191614
2350,"LX(XRXcqX, RXRCXXXX)",0.30803173862485994,no,,,10893,2.2952309520191614
2351,"Xr(FqX(,, rfmX), )",0.1485965746812545,no,,,10893,2.2952309520191614
2352,"XXLL(MX, QFXccQXXqX)",0.5586715904572382,no,,,10893,2.2952309520191614
2353,FfmXrFcLcLqXLXcX,0.47808290331618564,no,,,10893,2.2952309520191614
2354,"((qXXXccXXX), cX)",0.18731166498286564,no,,,10893,2.2952309520191614
2355,"X(XCqqXL(CXX), ((X)))",0.48620714150664934,no,,,10893,2.2952309520191614
2356,"(f(QCXMXm(,, LLXFX)), QX)",0.39252612841025886,no,,,10893,2.2952309520191614
2357,"L(RRLXCXCCXfX, cmX)",0.637493155718418,no,,,10893,2.2952309520191614
2358,"R(XQCCXCXCX, X)",0.339653201843844,no,,,10893,2.2952309520191614
2359,"LfcXL(RRLXqcXXX, X)",0.5098372661761482,no,,,10893,2.2952309520191614
2360,"(LCXrrXLLCX(CXX), LXCX)",0.7772353128050226,no,,,10893,2.2952309520191614
2361,"(((RCXRmCXCQXXX, X)), RFX)",0.5539124243919307,no,,,10893,2.2952309520191614
2362,"L(X, qXXrFcXRqXX,)",0.3487619735955936,no,,,10893,2.2952309520191614
2363,"(RLQXCCLXrX, RX)",0.6326272684954567,no,,,10893,2.2952309520191614
2364,"(qFXCCXmLX, ,, CXX)",0.36264651879952964,no,,,10893,2.2952309520191614
2365,"(XX, cqXXcXLcXX)",0.48360043497559974,no,,,10893,2.2952309520191614
2366,"CXXQ(, (, ccQXXXLX), X, )",0.37527898255679304,no,,,10893,2.2952309520191614
2367,"C(fqCmqLXCXfX, rX)",0.43909856739494346,no,,,10893,2.2952309520191614
2368,"Xc(cX,XrqcXcXXX)",0.4330956013116319,no,,,10893,2.2952309520191614
2369,"(FXXCCqXXLC(XqXX), LFX)",0.6939946594607742,no,,,10893,2.2952309520191614
2370,"Cm(QfL(RCCMXLmCXX, X))",0.642919792467692,yes,B2,1,10893,2.2952309520191614
2371,"(XXLX, LqXlXCFfXXX)",0.3763165286888114,no,,,10893,2.2952309520191614
2372,LfXcQccXXRXmcX,0.4102185923265861,no,,,10893,2.2952309520191614
2373,"(LLqXCqfXCXCXXCXX, CX)",0.582022125092977,no,,,10893,2.2952309520191614
2374,"C(XCQXXXMCXq(QXqLX), X)",0.524550815914655,no,,,10893,2.2952309520191614
2375,LfXCQXRFCLCXXLXX,0.5339140100832656,no,,,10893,2.2952309520191614
2376,"Xq(X, rXCLXXX)",0.34100960299522964,no,,,10893,2.2952309520191614
2377,"L(M(fQXLXLcX), rqX)",0.21978135581954894,no,,,10893,2.2952309520191614
2378,XXrQQcXMLXccXXXmXX,0.5222848912623231,no,,,10893,2.2952309520191614
2379,CMXRCXXFqCXCXXmqXX,0.5218665965952124,no,,,10893,2.2952309520191614
2380,"(L(XX, McQQmXcfXXX))",0.3590558249871482,no,,,10893,2.2952309520191614
2381,"L(RRCmX(, RXX), LX)",0.5399849996968532,no,,,10893,2.2952309520191614
2382,"L(LcX, cQccQfXFfXFqXLX)",0.6619915124738371,no,,,10893,2.2952309520191614
2383,"L(QClXLXMCXXX, XX)",0.566339677236129,no,,,10893,2.2952309520191614
2384,"(QcLXX(XX), LcXrcX)",0.23479688729552237,no,,,10893,2.2952309520191614
2385,"X(L(qCXXrFCX(X), X), , )",0.4249279403785973,no,,,10893,2.2952309520191614
2386,XFXcLqXccLqXXcXX,0.5545433840657944,no,,,10893,2.2952309520191614
2387,"MXL(, QXFCXMCXXX, qX)",0.536220106680831,no,,,10893,2.2952309520191614
2388,"(L((QFXX((rLmLcX), ), QX)), X)",0.5510199745910807,no,,,10893,2.2952309520191614
2389,XrrLcLcXcfXX,0.5430963767622501,no,,,10893,2.2952309520191614
2390,XXXRccXRXLcXXX,0.5235632539837867,no,,,10893,2.2952309520191614
2391,"(cXXrcqfcLLXRcXLXFX, X)",0.6940850876695509,no,,,10893,2.2952309520191614
2392,"(, fQXXLLcXcX, X)",0.5239543742952409,no,,,10893,2.2952309520191614
2393,"LXLm(cX, cqXrcXLXMX)",0.49516394753063325,no,,,10893,2.2952309520191614
2394,"RQL(X(RcmX, X), X,X)",0.6120996209510644,no,,,10893,2.2952309520191614
2395,mc(XXrrcLXFcXXfX),0.6633857581529036,no,,,10893,2.2952309520191614
2396,"L(Q(RXmCCCXrX), mX)",0.5004609409607401,no,,,10893,2.2952309520191614
2397,"(XX, qcXXcXLXqX)",0.577080624793011,no,,,10893,2.2952309520191614
2398,RcqXXrccXcXMMXXX,0.5369929873881624,no,,,10893,2.2952309520191614
2399,(XCLXqCCCXLX qXX),0.42507851057094603,no,,,10893,2.2952309520191614
2400,LXQXccXXRcXXfXLXX,0.47573083709783826,no,,,10893,2.2952309520191614
2401,"f(QRXf(, , XX), X,)",0.4387185867899822,no,,,10893,2.2952309520191614
2402,c(XRRCLXrLCQLCLCLX),0.30197471834241146,no,,,10893,2.2952309520191614
2403,"LF(CqqXCXCX,, X,X)",0.5733274354223655,no,,,10893,2.2952309520191614
2404,XclQcXLXLcmQXXX,0.44538565208424197,no,,,10893,2.2952309520191614
2405,"(X, XrqccLXXXX)",0.37882024415989324,no,,,10893,2.2952309520191614
2406,"rcLq(LXMcMFcXX, RQX)",0.5479340351472877,no,,,10893,2.2952309520191614
2407,(XXRcccmXFQmXXrXX),0.38765747936841827,no,,,10893,2.2952309520191614
2408,XrqcLcFXcXX,0.4865953763317225,no,,,10893,2.2952309520191614
2409,"(RRLfCXlL(, XXX), X)",0.9692310099102212,no,,,10893,2.2952309520191614
2410,cXLcLXQXXcXQQXcFXLX,0.4643544578218615,no,,,10893,2.2952309520191614
2411,(X(X(cLLQX RcXcXX))),0.4847915000496685,no,,,10893,2.2952309520191614
2412,"(X, XXcQcXXccfQLXX)",0.6127223994383235,no,,,10893,2.2952309520191614
2413,"R(LXQCCXXCXmlXRX,  LX)",0.6263173249175811,no,,,10893,2.2952309520191614
2414,"(XX, cqXX(cXmXQX))",0.4680650503801169,no,,,10893,2.2952309520191614
2415,LXcXRcQXLcXXX,0.5095047036974408,no,,,10893,2.2952309520191614
2416,"(CMFQXXLX,RXLccX)",0.2372186516390711,no,,,10893,2.2952309520191614
2417,X(C(LqqXrCMXXLX(CX))),0.3453282185267211,no,,,10893,2.2952309520191614
2418,ccXXQcQXXXcX,0.3078285475689825,no,,,10893,2.2952309520191614
2419,XcQXc(XQcXcXLX),0.48835945816095927,no,,,10893,2.2952309520191614
2420,cqXcMQXLcRXmXFcqX,0.501766736689921,no,,,10893,2.2952309520191614
2421,"(CX, qfXXCXRqXX)",0.46202250159429514,no,,,10893,2.2952309520191614
2422,"XX(QXXcXXXX, XX)",0.4650273863016615,no,,,10893,2.2952309520191614
2423,"LX(qXXCX(XQXX), XX)",0.6793203493532562,no,,,10893,2.2952309520191614
2424,LfXrrcccXXcXXcX,0.6525263646179118,no,,,10893,2.2952309520191614
2425,"F(QXCXCXmXMmX, RcXX)",0.5520990017039729,no,,,10893,2.2952309520191614
2426,"XCQ(LXmfX, XXCXXX)",0.44330797169998115,no,,,10893,2.2952309520191614
2427,"L(mLqqXcX(QX,), X)",0.3604033603279133,no,,,10893,2.2952309520191614
2428,"f(XCX(X), QfXccXRXX)",0.4542596933169721,no,,,10893,2.2952309520191614
2429,mXqcccXXFXLXrccXXX,0.5959251913399729,no,,,10893,2.2952309520191614
2430,XRRXRQCCLXmXXCX,0.42638380610566845,no,,,10893,2.2952309520191614
2431,LcXrqcXFcXcXXcXX,0.6425236969532633,no,,,10893,2.2952309520191614
2432,rQ(CXXrLqCCffXXXXX),0.5213694555060527,no,,,10893,2.2952309520191614
2433,cfXLMXccqqXcXXXCX,0.8264246517399951,no,,,10893,2.2952309520191614
2434,"R((CQX, XccQXcXLX), )",0.45264131114562395,no,,,10893,2.2952309520191614
2435,"L(XrqFCXCXXX,(MX))",0.48040662489024044,no,,,10893,2.2952309520191614
2436,(LXQcX(LX fXcX)),0.14520599903761805,no,,,10893,2.2952309520191614
2437,"(qXCCXqXrLX,MXrrXX, )",0.5379031528583211,no,,,10893,2.2952309520191614
2438,"CXrL(rXM(rLCXX), XX)",0.48023348507002955,no,,,10893,2.2952309520191614
2439,"L(QXCQX, QXcXXLMX,)",0.5075816508465847,no,,,10893,2.2952309520191614
2440,"cL(rqffmX(XXX, ), (, XX), X)",0.6185528312310753,no,,,10893,2.2952309520191614
2441,"((CXRXRQCCXqFX(LX)), X)",0.3777670654433819,no,,,10893,2.2952309520191614
2442,rXmMQMcMcQXXcXRX,0.47486501013205545,no,,,10893,2.2952309520191614
2443,"(LXf(X), cqXLXcFcXXMXX)",0.581657136069875,no,,,10893,2.2952309520191614
2444,(QXXRCCCCX XXmXLQX),0.5519245077323897,no,,,10893,2.2952309520191614
2445,"(XXfmX, qmcXXcXXqXX)",0.5577451548320508,no,,,10893,2.2952309520191614
2446,"(XQQLcXcXX, cQRQX)",0.4688251670372567,no,,,10893,2.2952309520191614
2447,"X(L(X,), rqMcFXLcXX)",0.43497755453933523,no,,,10893,2.2952309520191614
2448,"X(FXfqCCqXLXM(CmX), X)",0.4176775456965165,yes,B1,4,10893,2.2952309520191614
2449,LcXQXcQXXcXLX,0.479608103437088,yes,B1,23,10893,2.2952309520191614
2450,"LX(qXXCXXXLFX, XrXX)",0.7788280693674449,no,,,10893,2.2952309520191614
2451,"LL(X, rLccqXcXqmX)",0.5572679874783597,no,,,10893,2.2952309520191614
2452,XXFXccQXXLXXcXrX,0.5740143196577673,no,,,10893,2.2952309520191614
2453,"F(MqXCXXCCX, rfXmX)",0.357404016174089,no,,,10893,2.2952309520191614
2454,"X(LX, cqXXcXLLXX)",0.6344947139637013,no,,,10893,2.2952309520191614
2455,"Xcq(fXFX ,RQXCLMcXMMFcX)",0.3058757397207183,no,,,10893,2.2952309520191614
2456,"(LX,rrLcXcXXmXfX)",1.0606340597955382,no,,,10893,2.2952309520191614
2457,"L(RXfXcQXRLX, LqX)",0.41293969130235203,yes,B1,5,10893,2.2952309520191614
2458,"Q(cX, QXCCMXXfXCXXX)",0.6174092983363251,no,,,10893,2.2952309520191614
2459,"XXCq(, XX(CmqXX))",0.3110911194027044,no,,,10893,2.2952309520191614
2460,XcXmcMqXMXqcfXXX,0.45739561785086064,no,,,10893,2.2952309520191614
2461,"Xm(QXXCFXMmCXX, X)",0.36655007011231167,no,,,10893,2.2952309520191614
2462,"Xf(qqXrMf(cXXX, ), X)",0.5399655072183431,no,,,10893,2.2952309520191614
2463,"Q(FCXCX, XLXMcXrFcX)",0.4416281942955755,no,,,10893,2.2952309520191614
2464,"((rrCfXLXFXmCmXRQX), LX)",0.688137620238872,no,,,10893,2.2952309520191614
2465,"rX(LCqXCFqmXX, X)",0.4038858937180336,no,,,10893,2.2952309520191614
2466,"r((qXcLcX(cXXLX), X, ), LX)",0.545750587429667,no,,,10893,2.2952309520191614
2467,"(,qXXCXCmXX, LQX(X))",0.5616423486766529,no,,,10893,2.2952309520191614
2468,"(QQLXCCXmXX(RCqMXX), X)",0.6770667614220317,no,,,10893,2.2952309520191614
2469,"(CqXXcX((XX), ), X)",0.32040900136037537,no,,,10893,2.2952309520191614
2470,"QX(QX,  QXCCXXXX)",0.37759494943971217,no,,,10893,2.2952309520191614
2471,(FXRcqXM(qXcXXcXRX)),0.40861563767939835,no,,,10893,2.2952309520191614
2472,"(XfX, cqXXLXcXXX)",0.49214873024472744,no,,,10893,2.2952309520191614
2473,"CX(rCXr(XCXX), XqX)",0.5685469022336103,no,,,10893,2.2952309520191614
2474,"(XX, RcLXQmccXXLLX)",0.5122276408726473,no,,,10893,2.2952309520191614
2475,"((QXFX(ccXfX)), cX)",0.45116620346311176,no,,,10893,2.2952309520191614
2476,"C(CqXXLX(qCXXXX), LXX)",0.6489584700619847,yes,B2,3,10893,2.2952309520191614
2477,"X(X(RQCXccfXX, ), X)",0.35488690506481535,no,,,10893,2.2952309520191614
2478,XccFXqXFXcXXmcqXX,0.468041953242555,no,,,10893,2.2952309520191614
2479,"qX(X(rFCmlXRCCXX), X)",0.48840368310699234,no,,,10893,2.2952309520191614
2480,McXXRccLccQXXXXCX,0.42876435569474963,no,,,10893,2.2952309520191614
2481,FmXcLXRMXRXCXCmXX,0.3257115164491336,no,,,10893,2.2952309520191614
2482,"(QFmqffXCqXXF(X, X), X)",0.3908584315414979,no,,,10893,2.2952309520191614
2483,"R(XCCQX(XmX), XcXMcX)",0.5538144755597004,no,,,10893,2.2952309520191614
2484,"RC(QXCLmCXmX, fQX)",0.5999427025815298,no,,,10893,2.2952309520191614
2485,"(qCLXXXCXX, XrXLCX)",0.6219046064503667,no,,,10893,2.2952309520191614
2486,XcXQXRcLcXXqXrX,0.5179892678460798,no,,,10893,2.2952309520191614
2487,"(qXXqcqcqLXX, X)",0.4360983147843779,no,,,10893,2.2952309520191614
2488,"LqXR(q(XCXCqXRCX), RRfX)",0.49718418870336073,no,,,10893,2.2952309520191614
2489,"((LrqCmXCfXX), X)",0.3672680483896321,no,,,10893,2.2952309520191614
2490,"rLcC(C(X), rXX(X, MXX))",0.7223222902596651,no,,,10893,2.2952309520191614
2491,"L(RRCXfC(LmXMXLCXX), RRX)",1.109523176701421,no,,,10893,2.2952309520191614
2492,"L(QCCXXFXLXX, X)",0.2999140794401944,no,,,10893,2.2952309520191614
2493,LMX(XcXQMXMcQXMcXX),0.4028152274748437,no,,,10893,2.2952309520191614
2494,"(CqXX, XqXCCXrXX)",0.48884999093781906,no,,,10893,2.2952309520191614
2495,"LfX(q(rXLcqcXX), )",0.5823828812498344,no,,,10893,2.2952309520191614
2496,"CQ(LQQXR(rCCXX), LcX)",0.4984181728978749,no,,,10893,2.2952309520191614
2497,"LqC(X(X), LX, LLqXLfCXX)",0.687020054814821,no,,,10893,2.2952309520191614
2498,"(qXXccXXrX, XX)",0.44848371427481654,no,,,10893,2.2952309520191614
2499,"(XRRCXCXX(FXQX), X)",0.750982759247171,no,,,10893,2.2952309520191614
2500,"Q(RCLfXCC(XX), X)",0.49760067200865515,no,,,10893,2.2952309520191614
2501,"rc(MXX, qXcXRXfX, rX)",0.4473289421678233,no,,,10893,2.2952309520191614
2502,"LXQ(QMXcXXLX, rX)",0.4703048324564924,no,,,10893,2.2952309520191614
2503,XcXRcQXcXRqXmX,0.3779497345333848,no,,,10893,2.2952309520191614
2504,"(XX, QXXCCXRXXX, )",0.632606255030114,no,,,10893,2.2952309520191614
2505,LXcqcXcXcXXX,0.43765109191686596,no,,,10893,2.2952309520191614
2506,"R(QLXCCXFX, MX)",0.488204303999548,no,,,10893,2.2952309520191614
2507,"L(RQccXXX,, XX)",0.2479968273826678,no,,,10893,2.2952309520191614
2508,"qCCC(XL(rXLXCX), X)",0.4055548408012013,no,,,10893,2.2952309520191614
2509,CXQXrCCLqXLCCXXCX,0.670743679820009,no,,,10893,2.2952309520191614
2510,"r(MX, XrX(X, CX), )",0.46272761378299065,no,,,10893,2.2952309520191614
2511,"(XRCLCQXrCXXX, LMLX)",0.6642222283162604,no,,,10893,2.2952309520191614
2512,"CL(CXrrCXCFXmXFX, qX)",0.5759765408709594,no,,,10893,2.2952309520191614
2513,"C(XX,X, X, rXqCXXX)",0.37784525598866203,no,,,10893,2.2952309520191614
2514,"LXC(L(X), XrrCXXXlLLXX,)",0.5877003454072073,no,,,10893,2.2952309520191614
2515,"Q(RX, CQXCCQXLXCXMLFX)",0.5461198287294685,no,,,10893,2.2952309520191614
2516,"L(,XX, QXMXCXCXXX)",0.5532296414661172,no,,,10893,2.2952309520191614
2517,"(ccmX, QcXQcXLcXMXcXX)",0.5679707711912522,no,,,10893,2.2952309520191614
2518,"(XqCXXCXXLXFX, XX)",0.6114889925491366,no,,,10893,2.2952309520191614
2519,"L(X, rcXrccXXXX)",0.47932342759417523,no,,,10893,2.2952309520191614
2520,"CLQ((McCX, ), RMCXXCX)",0.36162830565824144,no,,,10893,2.2952309520191614
2521,"(LQXFQCfXXQX, McfXX)",0.276633860159629,no,,,10893,2.2952309520191614
2522,"LC(,QQXfCCXXXFX,MXX)",0.7857541999529204,no,,,10893,2.2952309520191614
2523,"Q((RXRL(X, (rX))), X, X)",0.460338673723833,no,,,10893,2.2952309520191614
2524,"MX(XRmQXcXrXX,RLX)",0.3890552119267683,no,,,10893,2.2952309520191614
2525,"rrL(X,XrcXcX)",0.34685171690876926,no,,,10893,2.2952309520191614
2526,"(XfcX, , ,RRlCXXCXX)",0.2834431960851912,no,,,10893,2.2952309520191614
2527,"CQX(,RXRm(cX, XF(qX)))",0.5717658830407439,no,,,10893,2.2952309520191614
2528,"(X FXlcLqXcqXcXLXX,)",0.6473502840577512,no,,,10893,2.2952309520191614
2529,cXXXcqcLqMFXcXXX,0.5447985638964727,no,,,10893,2.2952309520191614
2530,"L(XRRCCCCX(XXX), X)",0.5722333076718683,no,,,10893,2.2952309520191614
2531,"LqM(, rfX(,CX), X,X)",0.4485595601768565,no,,,10893,2.2952309520191614
2532,"rLL(,qX, mXrccfX(fXX))",0.4511803765997266,no,,,10893,2.2952309520191614
2533,"(qfXmXq(XXCcX, ), XX)",0.3405740373859126,no,,,10893,2.2952309520191614
2534,fFXCXCQLXXCQXXFX,0.4982468441493221,no,,,10893,2.2952309520191614
2535,"LX(rLX(qCXCXfX), rX)",0.6341384750886696,no,,,10893,2.2952309520191614
2536,"(qXccXXX,XFMXX, )",0.3066950161702165,no,,,10893,2.2952309520191614
2537,"X(rfqXCXXX, X)",0.32901163145606854,no,,,10893,2.2952309520191614
2538,"cX(qXcXXrcXcLlXmX,)",0.4958926160321784,yes,B1,13,10893,2.2952309520191614
2539,"CL(CQXXCXXXX, X)",0.49302843262668167,no,,,10893,2.2952309520191614
2540,"(XCXQXXcfFmcXX, fX)",0.32134182696596775,no,,,10893,2.2952309520191614
2541,"MX(fQXXcXFXX, flX)",0.42405600887012596,no,,,10893,2.2952309520191614
2542,"(,qX, RRXX, RRXCXXCXX)",0.4571498400856177,no,,,10893,2.2952309520191614
2543,(XclXRRcXLXRcXXX),0.37874305516942347,no,,,10893,2.2952309520191614
2544,"q(XXX, XqcXcXXX)",0.3925867601850459,no,,,10893,2.2952309520191614
2545,"m(MXQX, XRcXRcXcXX)",0.49616664238481983,no,,,10893,2.2952309520191614
2546,"rC(,rlClMXLX(,RqX), LX)",0.49698349241627776,no,,,10893,2.2952309520191614
2547,"L(, LXrrccXLcfXXcfX,)",0.9515480913181644,no,,,10893,2.2952309520191614
2548,"qL(XXXCLX(rCX), QXX)",0.5201132951367452,no,,,10893,2.2952309520191614
2549,"(X,RLXRqX, mqXXCXXX)",0.42960114464832266,no,,,10893,2.2952309520191614
2550,"C(XXX, LqXXXmXX)",0.21079238115518734,no,,,10893,2.2952309520191614
2551,(XXR QXC QXXXCXX),0.3951840214236351,no,,,10893,2.2952309520191614
2552,"qq(, Xf(CX(XMLfX)), X)",0.3224785153781545,no,,,10893,2.2952309520191614
2553,"((RfCQLX(CXmX),),X)",0.45863377769234004,no,,,10893,2.2952309520191614
2554,"L(X, XRRclXXcfXX,)",0.5958451651579081,no,,,10893,2.2952309520191614
2555,"XLCL(QXRfmCXXCXLX, (RlX))",0.567100522064179,no,,,10893,2.2952309520191614
2556,"XcQ(,XXXcXX, X)",0.5556220547372823,no,,,10893,2.2952309520191614
2557,"(LX, cqmcfXXcXX)",0.3937284339289407,yes,B1,9,10893,2.2952309520191614
2558,"((cXRcQcqcQXXXcXcX), X)",0.4808511989474796,no,,,10893,2.2952309520191614
2559,"(XrCmqCXXLFQXX, QX)",0.43229598334350994,no,,,10893,2.2952309520191614
2560,"(QXRCCXXXX,RX, RQXX)",0.4945744634442829,no,,,10893,2.2952309520191614
2561,RLCLfXrCqmXXmXCQX,0.4786580695059413,no,,,10893,2.2952309520191614
2562,"(XXrXrCqCCLXXXX, X)",0.4074648312098105,no,,,10893,2.2952309520191614
2563,XXXRQCC XCXXX,0.42657558405622886,no,,,10893,2.2952309520191614
2564,"LCf(XqCXXqCXXX, , X , RX)",0.5869792027516856,no,,,10893,2.2952309520191614
2565,"qXX(rXcXXXX,, X)",0.5712210892942174,no,,,10893,2.2952309520191614
2566,"(X, XcqqLXLXcXX)",0.4186399809036434,no,,,10893,2.2952309520191614
2567,"(fQXCCXXCf(RXCLXX), X)",0.5889781828193698,no,,,10893,2.2952309520191614
2568,"cFL(cX,LX,QX XMXcQX)",0.5040142251556774,no,,,10893,2.2952309520191614
2569,XLXQcmXXRcfcXfXXcfX,0.4947788397261197,no,,,10893,2.2952309520191614
2570,"(cXX,MqXLmCXCX, X,X)",0.3755098246099007,no,,,10893,2.2952309520191614
2571,"(XX, , CQQCXXfCXCFX)",0.31461081361769366,yes,B1,25,10893,2.2952309520191614
2572,fqXccLQcQXXXMX,0.5000887222379039,no,,,10893,2.2952309520191614
2573,"M(fXLQX, XRcQXcXrMXXX)",0.4928599689772906,no,,,10893,2.2952309520191614
2574,qXCXQLCXRCXXXX,0.5551501970411619,no,,,10893,2.2952309520191614
2575,"(qqcLqLccXXX, cX, lX)",0.35051689990868956,no,,,10893,2.2952309520191614
2576,(qXXrCCCLXrCXX XX),0.5216202431427196,no,,,10893,2.2952309520191614
2577,XXLXqccqcXRqFXFcXLXX,0.5744282669985201,no,,,10893,2.2952309520191614
2578,"(XCXRRCCCmXXLXXX, )",0.38120764987399797,no,,,10893,2.2952309520191614
2579,QXLCQXrXXRCXXXCXrX,0.47527665583666295,no,,,10893,2.2952309520191614
2580,"C(qqXLCXCX,LXCX, rrX)",0.5528796634634163,no,,,10893,2.2952309520191614
2581,"q(XX, LcX  cXXXX)",0.44672585826894173,no,,,10893,2.2952309520191614
2582,"X(F(RRXcLXcXX), QX)",0.6995738542408021,no,,,10893,2.2952309520191614
2583,"cL(XRQcFLXXXX, mX,X)",0.39021294053904615,no,,,10893,2.2952309520191614
2584,"R(,LXRXcXcX,  X)",0.49745910365297225,no,,,10893,2.2952309520191614
2585,"X(XfcX, CQCQXCXXX)",0.44654125940769834,no,,,10893,2.2952309520191614
2586,"(RcXcX, cX)",0.11644582104156782,no,,,10893,2.2952309520191614
2587,"(MCCXrXrrCmLMXXX, cCX)",0.30500204127731373,no,,,10893,2.2952309520191614
2588,"L(q((,rLXccXqX),FX))",0.5382530356833994,no,,,10893,2.2952309520191614
2589,(XcXffqXcXXcXXLX),0.357630258492196,no,,,10893,2.2952309520191614
2590,"(fQXX(cXLXX), cX)",0.5310063847568411,yes,B2,16,10893,2.2952309520191614
2591,CMXLQmXCQXCCXXLXXX,0.5151087404012716,no,,,10893,2.2952309520191614
2592,"(X, XqcqXcXcFXX)",0.4451438145658335,no,,,10893,2.2952309520191614
2593,"RLL(L(RQCX), RX(X, MXfXX))",1.2023414388201348,no,,,10893,2.2952309520191614
2594,"FCL(,rqLLCXCXLX, XX)",0.5039070556522733,no,,,10893,2.2952309520191614
2595,"LF(qCXfXCXXX, rXX)",0.5311162170269699,no,,,10893,2.2952309520191614
2596,"L(CX, qXXRMCqFCXLX)",0.6906964427074597,no,,,10893,2.2952309520191614
2597,"X((qX,,rccXLcqXXXX))",0.4039413272227589,no,,,10893,2.2952309520191614
2598,XfRqqcXcmXXXMcXXX,0.5351870051997606,yes,B2,22,10893,2.2952309520191614
2599,"cMQ(LXcXRMX,X X)",0.26159214813567594,no,,,10893,2.2952309520191614
2600,"(RXFXRFX(,, XX((X))), cX)",0.5373566729706508,no,,,10893,2.2952309520191614
2601,"r(CLXRCQXXCXLXX, LX)",0.647988631268443,no,,,10893,2.2952309520191614
2602,XLXRqqcXXXLccXXmX,0.5881885888991185,no,,,10893,2.2952309520191614
2603,"L(rXXCXX,rcqXLcqXXX)",0.517091796397166,no,,,10893,2.2952309520191614
2604,"FX(RRCCXCXXX, qCX)",0.5430823805374594,no,,,10893,2.2952309520191614
2605,"(XX, rrL(XMcXX,rX))",0.23340911691626703,no,,,10893,2.2952309520191614
2606,"r(CrCXXLX, XrCX)",0.2937864322795865,no,,,10893,2.2952309520191614
2607,"X(fLCqqXCXXX, ,QXX)",0.5832577745988532,no,,,10893,2.2952309520191614
2608,LXfcQXcmQXXcQmX,0.5452852353539291,no,,,10893,2.2952309520191614
2609,"(XRX(qcXcXXLXlX,X))",0.4999003436871786,no,,,10893,2.2952309520191614
2610,"rC(qLCXXXX, XXXX, X)",0.368595687001261,no,,,10893,2.2952309520191614
2611,"CXQ(RcXXR(cX), MX)",0.19661881000590753,no,,,10893,2.2952309520191614
2612,XXRClmLXRRCXXXrX,0.3395899878798362,no,,,10893,2.2952309520191614
2613,"L(MXX, CQccXmXMXcX)",0.3987990951487663,no,,,10893,2.2952309520191614
2614,XMcqmXXMcLqfcXXLqLX,0.42022423523672886,no,,,10893,2.2952309520191614
2615,"CQ(RX(CmXLX), X)",0.4181062320272605,no,,,10893,2.2952309520191614
2616,XqcXcXXcXXX,0.34689246276932084,no,,,10893,2.2952309520191614
2617,"CXLq(qqXCXLX, (qCX))",0.5654263653186896,no,,,10893,2.2952309520191614
2618,"LX(,XrqXCXfCX)",0.4338433206451831,no,,,10893,2.2952309520191614
2619,"(LXCXRRCXCXXmMXX, rMX)",0.6397104939582064,no,,,10893,2.2952309520191614
2620,"X(f(cFX,), RRMCXCXXXX)",0.7497540979853309,no,,,10893,2.2952309520191614
2621,"X(rrfCXXXCXX, XLX)",0.5459528176427535,no,,,10893,2.2952309520191614
2622,XrCXRRCCXRMCCXQCXX,0.4300431298629899,no,,,10893,2.2952309520191614
2623,"(LXQCCQXCXXXXX, XFCcX)",0.5987567773322676,no,,,10893,2.2952309520191614
2624,"rCLCq(XXX,X, FXXQLX)",0.6017007215051067,no,,,10893,2.2952309520191614
2625,"(XCLQXCXCXX, LX)",0.379187769029811,no,,,10893,2.2952309520191614
2626,"XrLL(X, XXCqXXFXX)",0.526824726663771,no,,,10893,2.2952309520191614
2627,LXcMXrcXqXcXRXX,0.5518132596464904,no,,,10893,2.2952309520191614
2628,"RL(CCLQXXXFX,XrqX)",0.3446677359275974,no,,,10893,2.2952309520191614
2629,"(rCqX(cX, X, X), MXX)",0.3725635075544148,no,,,10893,2.2952309520191614
2630,FXLCXRCQFXCXLX,0.38617688222881524,no,,,10893,2.2952309520191614
2631,"L(RCRCXCXQXX, ,RmFX)",0.8098017089025458,no,,,10893,2.2952309520191614
2632,"F(QQXQLCCXMX, cX,qX)",0.3986700634838352,no,,,10893,2.2952309520191614
2633,L(RqXcXccqLXXrXX),0.42416020151372075,no,,,10893,2.2952309520191614
2634,LCXQCfXXXCCQXXX,0.5340819476350063,no,,,10893,2.2952309520191614
2635,"(RRLCXCfXXXX, rXmX)",0.9074704106190796,no,,,10893,2.2952309520191614
2636,"RQ(, LXCCCXL(rMX, ), qX)",0.5707398077302748,no,,,10893,2.2952309520191614
2637,"CF(CqXXL(,RX), LXXX)",0.3949547341243859,no,,,10893,2.2952309520191614
2638,XLmXrCqCXXQXX,0.369712624422066,no,,,10893,2.2952309520191614
2639,"L(LXX, QXXCCXQXMmX)",0.5158057258637049,no,,,10893,2.2952309520191614
2640,"(QLXMXcX(LcX), RcmX)",0.6338641647592744,no,,,10893,2.2952309520191614
2641,(QXLqCCXfXqcCCXXfXCX),0.6149212908999808,no,,,10893,2.2952309520191614
2642,"L(CqXqmXQCXlX, r(RX))",0.44000042129592365,no,,,10893,2.2952309520191614
2643,(XXcXq cqXcMXMLfXX),0.5550633906551372,no,,,10893,2.2952309520191614
2644,"(L(qCXl(MXmXCXX)), LX)",0.5625479474379221,no,,,10893,2.2952309520191614
2645,"(LCXX, LqXXCFXXXX)",0.7543242187734214,no,,,10893,2.2952309520191614
2646,"(XLQQCXCXCXX,X)",0.5537862582139557,no,,,10893,2.2952309520191614
2647,"c((cqFXX(cFXrX), ), cfCmLX)",0.3376513892807116,no,,,10893,2.2952309520191614
2648,"(qXMXCXLXMX, MXX,)",0.49027623897964195,no,,,10893,2.2952309520191614
2649,MXrXCQXXLLXRCCXLXCX,0.6093409211002127,no,,,10893,2.2952309520191614
2650,"XRc(RXcXXX, X)",0.3756466993676221,no,,,10893,2.2952309520191614
2651,"X(XQcQcX(X(fX), ), X)",0.44343922932608065,no,,,10893,2.2952309520191614
2652,"F(,QcXXcX, cX)",0.24401121333182932,no,,,10893,2.2952309520191614
2653,"(,QFLX(cXXX), XQX)",0.3889583819819564,no,,,10893,2.2952309520191614
2654,X(LCX RCXRRCXrmCXXX),0.5588337664266911,no,,,10893,2.2952309520191614
2655,"(MRRlcXcXX, XCXCXX)",0.3547455004893578,no,,,10893,2.2952309520191614
2656,"L(rCCXFXqXX, XX)",0.2157231037169222,no,,,10893,2.2952309520191614
2657,"CQ(RXCXLX, XRCXX)",0.4736846045042595,no,,,10893,2.2952309520191614
2658,"XL(RMXRCMQCXRqmXXX, X)",0.5359632260661946,no,,,10893,2.2952309520191614
2659,"XLF(,LQXCXXFQCXXX, X)",0.6385690015942064,no,,,10893,2.2952309520191614
2660,"(XLfX, qLcLXXLccXXX)",0.6329813113401457,no,,,10893,2.2952309520191614
2661,"(fX,(XRXmFX), qLXXCCXX)",0.39195233626424686,no,,,10893,2.2952309520191614
2662,X(CCCXQQLCXXCXX),0.4672604022106544,no,,,10893,2.2952309520191614
2663,"rXQ(LXRccXfXR(fX),)",0.4782876990172027,no,,,10893,2.2952309520191614
2664,XX((qcrFcXX XLX)),0.2318161500331112,no,,,10893,2.2952309520191614
2665,"qXrX(FXXcXcqXX(XX), X)",0.5677201628451314,no,,,10893,2.2952309520191614
2666,"L(QX, qmcXXcXXX)",0.4221136561558883,no,,,10893,2.2952309520191614
2667,XXRCLQXQCLXXCXX,0.5376345384299639,no,,,10893,2.2952309520191614
2668,XcLMXRmQcXcmXQMX,0.3547010323896431,no,,,10893,2.2952309520191614
2669,"X(qXXL(QQcXX, ), RqFX)",0.32059065473465953,no,,,10893,2.2952309520191614
2670,XrrcccMXcXXX,0.6372153564333394,no,,,10893,2.2952309520191614
2671,"R(QXmcXLX, RQXqCXX)",0.3523584369634972,no,,,10893,2.2952309520191614
2672,(mXqCXXqLLCXCCqLCXCXXX),0.644784739693842,no,,,10893,2.2952309520191614
2673,"Xcc(CX(X, X), RRXMXXX)",0.41545174505242055,no,,,10893,2.2952309520191614
2674,"(CMXRQXL(FFcX, ), fX)",0.386503054333045,no,,,10893,2.2952309520191614
2675,"RR(XX(FXcLXcX), mcX)",0.5262239393427524,no,,,10893,2.2952309520191614
2676,"cLX(qcXXX(X(RX), ), X)",0.41468357801611216,no,,,10893,2.2952309520191614
2677,CXRfCQXMMCXMLX,0.437474432006455,no,,,10893,2.2952309520191614
2678,"Rc(CX, QmXCCCXX)",0.3977607445233035,no,,,10893,2.2952309520191614
2679,"F(qX, LXrMcqcXXXLX)",0.3617636044768695,no,,,10893,2.2952309520191614
2680,"XM(, QXcFmmmXcL(LX), LX)",0.49202572709056175,no,,,10893,2.2952309520191614
2681,"Xq(qLqXCRXrX, MXcX)",0.3046987049416049,no,,,10893,2.2952309520191614
2682,"XR(RmXcXrX,, QFX)",0.32379948833174466,no,,,10893,2.2952309520191614
2683,"QQ(X, cLXXXLX)",0.2449482749646838,no,,,10893,2.2952309520191614
2684,"R(RXfcXrcX, cX)",0.3281284114781414,no,,,10893,2.2952309520191614
2685,"LXCXCq(FMXLqX(rX, FX))",0.49452241961617327,no,,,10893,2.2952309520191614
2686,"rXF(QQX((XcX), X,), X)",0.60135444532407,no,,,10893,2.2952309520191614
2687,"(LQXLXCCQQXFXX, mXX)",0.5345680101278877,no,,,10893,2.2952309520191614
2688,"(XX, qXXCXLX,)",0.33138953426124546,no,,,10893,2.2952309520191614
2689,"X(LCRLqQXQCXLX, RX)",0.4116865352754219,no,,,10893,2.2952309520191614
2690,"c(RX, Lc(rrXLcfXX X))",1.025643547164093,no,,,10893,2.2952309520191614
2691,"(L(rfXXqXCXX), LfX)",0.3232623156447517,yes,B1,22,10893,2.2952309520191614
2692,XXCqmLXXXrLCCmXXX,0.4906558251925805,no,,,10893,2.2952309520191614
2693,"(qXXLCXFXX, (FQXX), X)",0.5366979846626313,no,,,10893,2.2952309520191614
2694,"X(QX, fLqXXCFXXLqX)",0.7140039385035853,no,,,10893,2.2952309520191614
2695,"(CQQXrLc(X, X), RfXX)",0.3726851692084294,no,,,10893,2.2952309520191614
2696,"CX(rqXq(rXX, X), X)",0.5824557746850807,no,,,10893,2.2952309520191614
2697,"(X, XqLcXMqcLXcMXXX)",0.6949526197278676,no,,,10893,2.2952309520191614
2698,"L(FX, RfFqcQXXXmcXX)",0.7364046077572284,no,,,10893,2.2952309520191614
2699,"(XRRfCXCXXfXX, MX,)",0.7513000073054436,no,,,10893,2.2952309520191614
2700,"LQ(XfQCCXXCX, X, )",0.43788024966693967,no,,,10893,2.2952309520191614
2701,"(CX(LX(QcXXccXX, ), ), LX)",0.5348662664222817,no,,,10893,2.2952309520191614
2702,"XFQ(XL(mX,, ), X)",0.23518504876542629,no,,,10893,2.2952309520191614
2703,XQXQ(QmCXCXfXCXX),0.4251066432002859,no,,,10893,2.2952309520191614
2704,cqLXXcXrFcXmfXLXcX,0.6710625174227267,no,,,10893,2.2952309520191614
2705,"FL(QXcFcX, X)",0.19380549815881584,no,,,10893,2.2952309520191614
2706,"(, XQQCXCmCXXX, X)",0.5211530445847681,no,,,10893,2.2952309520191614
2707,XRRCXLCLqX,0.22227659969883476,no,,,10893,2.2952309520191614
2708,"QLL(,RLFX(X,X), XmcX)",0.4337691841224614,no,,,10893,2.2952309520191614
2709,"(LcQ(,XcX((X)), fQX), )",0.3752446174763807,no,,,10893,2.2952309520191614
2710,"(rqX((CXcX, ), ), XX)",0.3238132755100752,no,,,10893,2.2952309520191614
2711,LfXRCFCQXCLLXX,0.6836487200180598,no,,,10893,2.2952309520191614
2712,"LC(FXLX, QCXLXmX)",0.2316059639287927,no,,,10893,2.2952309520191614
2713,"LL(rLX, rqXmccXLX)",0.585176005977129,no,,,10893,2.2952309520191614
2714,"(XmX, cqXXcXLXFqX)",0.577080624793011,no,,,10893,2.2952309520191614
2715,"X(LfFX, qlqLXRCXXX)",0.4942580755016556,no,,,10893,2.2952309520191614
2716,"r(QX, rXCXCX,)",0.33736462680773,no,,,10893,2.2952309520191614
2717,"((qXCXLXCXX),X FX)",0.6158946282616747,no,,,10893,2.2952309520191614
2718,"L(RRLCXCXFXX, lXmX)",0.7128427444848762,no,,,10893,2.2952309520191614
2719,"f(, , cQXXLX(XLX, ), XX)",0.1984245088731807,no,,,10893,2.2952309520191614
2720,Xc(cX rcXrXfXLXX),0.3221322840329252,no,,,10893,2.2952309520191614
2721,"C(XqXCXXXCX, QXXX)",0.5424583331938119,no,,,10893,2.2952309520191614
2722,"(fXRcQcFFMXXXX,X, X)",0.3808347197721415,no,,,10893,2.2952309520191614
2723,"(LXRCQXCfXXX, mMX)",0.5563573516344534,no,,,10893,2.2952309520191614
2724,"X((XRQXLCXrXRX), fX)",0.2039825720134442,no,,,10893,2.2952309520191614
2725,"(rqXc(L(ccLX)), X)",0.2659420034028045,no,,,10893,2.2952309520191614
2726,"(rrXL(cccXX), X)",0.6064656054678622,no,,,10893,2.2952309520191614
2727,"fX(, rXqCFCCXXRLfXX)",0.3837139704511166,no,,,10893,2.2952309520191614
2728,"(QQXCCXLXX,,X, LX)",0.6712063165452004,no,,,10893,2.2952309520191614
2729,XXCqCLqCLfXXLXRX,0.494128407739198,no,,,10893,2.2952309520191614
2730,"C(XX, qXXRCLX(X), X)",0.39656650718631387,no,,,10893,2.2952309520191614
2731,"(LRX, cXrXQccXQXrcXrXX)",0.5561860529141325,no,,,10893,2.2952309520191614
2732,cXqXcXmXfqcXXLXQX,0.4909532180408964,no,,,10893,2.2952309520191614
2733,"(XCCQXXXXRCXXX, qmCCX)",0.47829064430547585,no,,,10893,2.2952309520191614
2734,"C(XC(qlXfXXCX),rXX)",0.2976443246796114,no,,,10893,2.2952309520191614
2735,"mXL(RXQcXL(X, ), rX(CX))",0.5756853351470083,no,,,10893,2.2952309520191614
2736,cXrXrrFfLFcXfXXFX,0.22362851163419545,no,,,10893,2.2952309520191614
2737,XXqcXrcXcXXX,0.4601115262400847,no,,,10893,2.2952309520191614
2738,"Q(XlXcXmXmmlX, cXX)",0.30765326695389383,no,,,10893,2.2952309520191614
2739,"L(RXRcXcX, XQX)",0.30993452344912087,yes,B1,1,10893,2.2952309520191614
2740,CXXCXRQCXCXMXRX,0.4227625352634371,no,,,10893,2.2952309520191614
2741,"C(CqXXXXX, rMmXcXcX)",0.40929101814645985,no,,,10893,2.2952309520191614
2742,CXXCQQLXLXCXrX,0.4434651562281717,no,,,10893,2.2952309520191614
2743,"LCL(qqXCXMX, ,mX,X)",0.6194018759348978,no,,,10893,2.2952309520191614
2744,XrCfCqXrX,0.09595748117343433,no,,,10893,2.2952309520191614
2745,"(qXLXcXcXX, XX)",0.4510775967455955,no,,,10893,2.2952309520191614
2746,"Lm((LqXXCXXX), cX)",0.6452682407216371,no,,,10893,2.2952309520191614
2747,"mXL(qXqCCXCXRLX,CLX, )",0.6279641874893023,no,,,10893,2.2952309520191614
2748,"((XqCXX), XqXXCXRCLX)",0.4428761816815678,no,,,10893,2.2952309520191614
2749,XXCXqqXLCXX,0.2593031715933326,no,,,10893,2.2952309520191614
2750,"qq(LX, XcLLcXXX)",0.4019566037790567,no,,,10893,2.2952309520191614
2751,"(XX,MLXRcRcXXXXFLX)",0.754006985734642,no,,,10893,2.2952309520191614
2752,"Q(CFXXCQX(LXX), XX)",0.473846614527515,no,,,10893,2.2952309520191614
2753,"r(rfX(XXLX, X), XX, )",0.7619512875271957,no,,,10893,2.2952309520191614
2754,"X(RRRqQqXcL(XX), X)",0.3021207680379962,no,,,10893,2.2952309520191614
2755,"X(QXCQ(LXrCCXX), RQfX)",0.41374839859588064,no,,,10893,2.2952309520191614
2756,"C(L(RQCXXMXfX),FLfLX)",0.3101500805162051,no,,,10893,2.2952309520191614
2757,cXXrcmLqXcLXRlXFX,0.6828189142973697,no,,,10893,2.2952309520191614
2758,"M(CXrLX, qCfXfXL(, X,FX))",0.42779567002122293,no,,,10893,2.2952309520191614
2759,"LX(QX(CXRCXCXRX), X)",0.49601738548070123,no,,,10893,2.2952309520191614
2760,XcLXqqcXcXXMXfX,0.7807733211904022,no,,,10893,2.2952309520191614
2761,"X(ccqXqXfXFm(rrX), cX)",0.2533680367431126,no,,,10893,2.2952309520191614
2762,CXrXqCXqCXCXRmX,0.4172372802307164,no,,,10893,2.2952309520191614
2763,"(LqCXXLXCFMXX, XCX)",0.7049072821591601,no,,,10893,2.2952309520191614
2764,"LLX(RCXccQ(XXXmX), RXX)",0.6916729544183088,no,,,10893,2.2952309520191614
2765,"LX(RMLmCCQXCCXX, CX)",0.41874079081713755,no,,,10893,2.2952309520191614
2766,"(MQLMXXRCCXXX, McXX)",0.4739281877402532,no,,,10893,2.2952309520191614
2767,"cX(fQXXcX(FX), X)",0.3636537798918088,no,,,10893,2.2952309520191614
2768,"L(RcXR(mXXfcXX), XX, X)",0.6549105665658483,no,,,10893,2.2952309520191614
2769,"LX(, RLXcQXXL(XX), LX)",0.6750988268773144,no,,,10893,2.2952309520191614
2770,"Xc(qMmMXLXcXrXX, X)",0.35691770465974404,no,,,10893,2.2952309520191614
2771,(XXCXqCrXCXLX X),0.4845845015363974,no,,,10893,2.2952309520191614
2772,"XX(CqqXCXX(X), rXCX)",0.5033296084790965,no,,,10893,2.2952309520191614
2773,"(L((RMQXCCFXX)), X)",0.48820430399954795,no,,,10893,2.2952309520191614
2774,"X(XRRccFXRcL(qLX), MLX)",0.4171631481783289,no,,,10893,2.2952309520191614
2775,"(mCX, MqXcqXcXX)",0.3537605593381638,no,,,10893,2.2952309520191614
2776,"(qqmXclXqcX, X)",0.1835813071576536,no,,,10893,2.2952309520191614
2777,XqcXqcXcXLXXX,0.3861465662163575,no,,,10893,2.2952309520191614
2778,m(XXrmFcXqMX cXcXqX),0.4061001583036905,no,,,10893,2.2952309520191614
2779,"((rrCXMXXMXRCMX), X)",0.4341609807443263,yes,B1,8,10893,2.2952309520191614
2780,"X(XLQCQXCXX(LXlX), XX)",0.6757453203338151,yes,B2,11,10893,2.2952309520191614
2781,FCXXCQXCXCQXXLX,0.5258011250811209,no,,,10893,2.2952309520191614
2782,"L(,XqCmCqXCXXCmX)",0.5100768452592335,no,,,10893,2.2952309520191614
2783,FXqcLXXrcfcXXXX,0.42476325545082744,no,,,10893,2.2952309520191614
2784,XcLXcXRRcMXcXrqqXX,0.4552568868240059,no,,,10893,2.2952309520191614
2785,"(cXrccXqXXcLXXrX, X)",0.38429304044379314,no,,,10893,2.2952309520191614
2786,"X(rrXRLccXFX,  qrqLX)",0.45557428877800293,no,,,10893,2.2952309520191614
2787,(qL(RFXXMcqXcXXXcXX)),0.6166355981617491,no,,,10893,2.2952309520191614
2788,"(XCfQQX(,XCXX), X)",0.45397418299902037,no,,,10893,2.2952309520191614
2789,XXRCQLCfCXXXCX,0.505808644581744,no,,,10893,2.2952309520191614
2790,"XL(QXX(CLLXX), RXRCCXXqX)",0.5704983421397095,no,,,10893,2.2952309520191614
2791,"(, QXXcLcXX, XX)",0.46608647373061574,no,,,10893,2.2952309520191614
2792,"( QXLLXCXCXX, LcX)",0.5719135700515753,no,,,10893,2.2952309520191614
2793,"rLc(rX((LXXX, )),fXmX)",0.9606314678306044,no,,,10893,2.2952309520191614
2794,"L(L(qXCXCXCX), mXX,)",0.5683769157110627,no,,,10893,2.2952309520191614
2795,"r(, qLX(X, X), X)",0.42627674199278254,no,,,10893,2.2952309520191614
2796,"(XqqqX(((cXXfX), )), XX)",0.4171378130122769,no,,,10893,2.2952309520191614
2797,"M(XfX, XcQXXCCXCXXX)",0.3928394356947273,no,,,10893,2.2952309520191614
2798,"(CXX, LqqXcmXcX)",0.2742274301649946,no,,,10893,2.2952309520191614
2799,"L(QCXCXCXRXRX, FX)",0.5196919309178786,no,,,10893,2.2952309520191614
2800,(FMXcXX RXQcXcXX),0.5597160999924407,no,,,10893,2.2952309520191614
2801,"X(X,XCCXqXXLCXCqXX)",0.535730411873156,no,,,10893,2.2952309520191614
2802,rLXCCQFXQCXrXCXFmX,0.5042406405421881,no,,,10893,2.2952309520191614
2803,"rXL(QLXcXLXcX, LLX)",0.7153205844516562,no,,,10893,2.2952309520191614
2804,"(mqX(cX), rqLcXccLXLX)",0.5933542980438018,no,,,10893,2.2952309520191614
2805,XcXXrrcLXcXXmXMcX,0.733090219081188,no,,,10893,2.2952309520191614
2806,(rCXXQCXXLXCXRXX),0.5096386281291024,no,,,10893,2.2952309520191614
2807,"L(RQX(CCXLX), LX )",0.5388855674800026,no,,,10893,2.2952309520191614
2808,MXXcqccXLXXMcqXLXX,0.7087177311529351,no,,,10893,2.2952309520191614
2809,"(XX, RXcFQcXQXXX)",0.38178418382082624,no,,,10893,2.2952309520191614
2810,XQXcXLcXQXmX,0.1590563627771696,no,,,10893,2.2952309520191614
2811,"(RRCCLXXCXMLXX, XLX)",0.7364149523570843,no,,,10893,2.2952309520191614
2812,RLXrcXRQcfXcXMXcX,0.5193448513128034,no,,,10893,2.2952309520191614
2813,"L(RRCXLCXmXX, XqX, QX)",0.7118135365736292,no,,,10893,2.2952309520191614
2814,"(XQCXXCX(mXXCX), LX)",0.558800797674578,no,,,10893,2.2952309520191614
2815,"(X,XXcqLqX ccqFXXX)",0.5431301205566912,no,,,10893,2.2952309520191614
2816,"R(R(X, XMcXfX(XcX), X))",0.534107829257099,no,,,10893,2.2952309520191614
2817,"(rML(LqX(X, QMCX), LX), XX)",0.6097839350398101,no,,,10893,2.2952309520191614
2818,"(QFlCQLXCXCqXXCX, LX)",0.6718377312038885,no,,,10893,2.2952309520191614
2819,"(rqCX(,XLfX), ,X,,X)",0.3521771272533763,no,,,10893,2.2952309520191614
2820,"(X, QXRcXXcX)",0.3318202844997231,no,,,10893,2.2952309520191614
2821,"(XXCX, QX(XccXXX), X)",0.5109424471533669,no,,,10893,2.2952309520191614
2822,"(CQXXCXRXXX, X(X))",0.49433295393778715,no,,,10893,2.2952309520191614
2823,RLXcXqXcXqcXMXqX,0.4852566089596571,no,,,10893,2.2952309520191614
2824,LXfccqXcXXXmmX,0.3409497642554676,no,,,10893,2.2952309520191614
2825,"(LXL(qCXmXrLCXCX), X)",0.5972355886442842,no,,,10893,2.2952309520191614
2826,"(X(RRCXCXXLX), X)",0.5694832356992016,no,,,10893,2.2952309520191614
2827,fCXQLQCXCXXXXrCmlX,0.42132266218094844,no,,,10893,2.2952309520191614
2828,"(LX(CQXXQCXrXrLX), X)",0.4731225598481131,no,,,10893,2.2952309520191614
2829,"M(X, rrcXcXXcXRX)",0.65746954605387,no,,,10893,2.2952309520191614
2830,"rcmc(X,rXXmX, CX)",0.22542298242264083,no,,,10893,2.2952309520191614
2831,"((LXrXCqXCXXCqX), mX)",0.586142183349676,no,,,10893,2.2952309520191614
2832,LXrCXqCCFXXXXCX,0.4367341752211396,no,,,10893,2.2952309520191614
2833,"rc(X, XrrcXcXLX)",0.3680385970062555,yes,B1,7,10893,2.2952309520191614
2834,"(R(RLLX(X, XQX), ), QX, qX)",0.7485966254072769,no,,,10893,2.2952309520191614
2835,"R(XcMXXXX, XrcXX)",0.3561389823664286,no,,,10893,2.2952309520191614
2836,"FXL(MX, RmXLcQXXfcX)",0.5560795499347153,no,,,10893,2.2952309520191614
2837,(XXXcQLcXXXXrqLcX),0.6191968682933983,no,,,10893,2.2952309520191614
2838,"((FcCQQX(qX, LX X)), XLX)",0.5038236205602025,no,,,10893,2.2952309520191614
2839,"XQF(X, RX(, , XXXX), X)",0.7931879277794003,no,,,10893,2.2952309520191614
2840,"rLF(rcX(mXX,), QcX)",0.540584719300961,no,,,10893,2.2952309520191614
2841,"CQ(CQX(CXXCXXfX), X)",0.6034112880057003,no,,,10893,2.2952309520191614
2842,"c(qXXcXLXX, LXrCcXLX)",0.5533192913348348,no,,,10893,2.2952309520191614
2843,LmXRCCXXRXrCFQXMXX,0.43270244607479247,no,,,10893,2.2952309520191614
2844,"F(RLX, qcXXccXXX)",0.5077589764980885,no,,,10893,2.2952309520191614
2845,XXcrccXrcXXXqX,0.4257078466024632,no,,,10893,2.2952309520191614
2846,"(M(RXCQXCfXXmX), X,X)",0.5441375971811445,no,,,10893,2.2952309520191614
2847,"(XCqXqXCXMX, RLLX)",0.35349975036131354,no,,,10893,2.2952309520191614
2848,XLcXQcXLXRcXXX,0.5408359798531527,no,,,10893,2.2952309520191614
2849,"C(Fq(X(, XX), XcXcFXXX), X)",0.5694105532192105,no,,,10893,2.2952309520191614
2850,"X(qLQXcFQQcXXLX, X)",0.5174992762034968,no,,,10893,2.2952309520191614
2851,"XR(LQXCfQCqXX, mX)",0.39258118473186493,yes,B1,12,10893,2.2952309520191614
2852,"(L(XCmqXXXCLXX), XXfX)",0.6432850383711258,no,,,10893,2.2952309520191614
2853,"(rrX, , , RRCCXCXXLX)",0.6824978922647862,no,,,10893,2.2952309520191614
2854,RLXrfLCFCCqXXLXLX,0.67134951943552,no,,,10893,2.2952309520191614
2855,"(XRQCXQCqXXcqLX, XX,)",0.4731358810422724,no,,,10893,2.2952309520191614
2856,XMCQXCCXCXXX,0.31465214630368865,no,,,10893,2.2952309520191614
2857,"(MX(X), mXRXXcQcXXXcMX)",0.5231022869689951,no,,,10893,2.2952309520191614
2858,"m((QLXXm(X, X)), LX)",0.3747095237172461,no,,,10893,2.2952309520191614
2859,XcqFcqXXXccX,0.22762475101974777,no,,,10893,2.2952309520191614
2860,"(LFqXXLXCfX(X), X)",0.39636120644075634,no,,,10893,2.2952309520191614
2861,(XXRcccFQXXLXcX),0.40975463524804917,no,,,10893,2.2952309520191614
2862,"F(RlCXXF(C(LXX)), L(LX))",0.26197269330260964,no,,,10893,2.2952309520191614
2863,"(X, QLXcQXLXcQX)",0.46226481929165075,no,,,10893,2.2952309520191614
2864,"X(QXCQmCXXLXX,FX)",0.43793809129562594,no,,,10893,2.2952309520191614
2865,"X(X, rXXrfXCXXCX)",0.5393144703287011,no,,,10893,2.2952309520191614
2866,"(X, CCLFfqXXXrLCXCFXXX)",0.7169322094565148,no,,,10893,2.2952309520191614
2867,XXRXcQlcXXXcMmXXcX,0.384638518012564,no,,,10893,2.2952309520191614
2868,X(rCXXRQLXCXXX),0.3038681988059228,no,,,10893,2.2952309520191614
2869,"(X(FX), LcqXXcXXXcLX)",0.5912490633308443,no,,,10893,2.2952309520191614
2870,"(XXmrrfcfXLcccLXX, )",0.5619993640887515,no,,,10893,2.2952309520191614
2871,"QL(LLQXccXqqX, RLX,QX)",0.6351609317604668,no,,,10893,2.2952309520191614
2872,"Q(X, FQLXccXqX,)",0.43785945344223964,no,,,10893,2.2952309520191614
2873,cXcXrrccMXXcLXX,0.5825107519394213,no,,,10893,2.2952309520191614
2874,XCXRQmCCXrMFXL(CXX),0.5585690900012333,no,,,10893,2.2952309520191614
2875,rmmXQcclLXcXRXXLX,0.5320363737261115,no,,,10893,2.2952309520191614
2876,"(qXCXLXqCCX(X), qLmX)",0.6250883116089875,no,,,10893,2.2952309520191614
2877,RRcXQcXXcQfcXLXXqMX,0.4850439962928274,no,,,10893,2.2952309520191614
2878,"C(XqX(XrCFXXrXX), X)",0.40696782077676563,no,,,10893,2.2952309520191614
2879,"L((XrCXCqMXLXX), fXX)",0.5581071702072742,no,,,10893,2.2952309520191614
2880,cCLXRRfCCXCXXX,0.7254656462929363,no,,,10893,2.2952309520191614
2881,"(RLQXCQCLXrCQXXX, (XX))",0.5280464817818165,no,,,10893,2.2952309520191614
2882,"qL(((X)), XCXCX,)",0.39308151684442294,no,,,10893,2.2952309520191614
2883,XXXQmLccXXQcXXXX,0.49106027886335507,no,,,10893,2.2952309520191614
2884,"Rc(XC(LCXXX), MXcXX)",0.6098985890117214,no,,,10893,2.2952309520191614
2885,LXrCLXCqXXXCMQXCX,0.6511498624578987,no,,,10893,2.2952309520191614
2886,"qMc(,rmXccXX, cX)",0.3973084907558939,no,,,10893,2.2952309520191614
2887,"(CqLXqLXrmX, LX)",0.16843413088079487,no,,,10893,2.2952309520191614
2888,"(RX, rrcfcLXMcXLX)",0.5447685505947123,no,,,10893,2.2952309520191614
2889,lLXCqXXLCqfCXCXCQXX,0.7112798995986473,no,,,10893,2.2952309520191614
2890,rQLXcXLXcXQXLcXfcXmX,0.885561778437068,no,,,10893,2.2952309520191614
2891,"Lq(XqQX, rFfXccXFXFcX )",0.5907808800692643,no,,,10893,2.2952309520191614
2892,"XX(cXRQX(X, XqX),  )",0.43105391209437477,no,,,10893,2.2952309520191614
2893,"Lc(mX,XqFcXXMXcXXrlXX)",0.6620147515733338,no,,,10893,2.2952309520191614
2894,"XLq(XXCXX,XFXfCXCLLQXX,)",0.7913456566981983,no,,,10893,2.2952309520191614
2895,CMXCXQLCXQCXLCXQXCX,0.776675809471014,no,,,10893,2.2952309520191614
2896,"M(,rLcXLMFcQcXLfXcXXX,)",0.9404658274445775,no,,,10893,2.2952309520191614
2897,"X(MX, cqXXXXcXRflXX)",0.3713252166652475,no,,,10893,2.2952309520191614
2898,"((RQLXmCCLXX, qX))",0.6326272684954561,no,,,10893,2.2952309520191614
2899,"(L(, QXXccXMMXX), LXX)",0.67969625186028,no,,,10893,2.2952309520191614
2900,"LLX(C(X), QX, RRcccXXXc(rX), X)",0.7290587795484803,no,,,10893,2.2952309520191614
2901,"c(LX, rrcXcLXmLXLX)",1.0904800875359622,no,,,10893,2.2952309520191614
2902,"L(RRXr((qX, QXXrX)), LX, )",1.0963961790222871,no,,,10893,2.2952309520191614
2903,"LL(LfQfXXCCCFX(RLXX), X)",0.6955133449175886,no,,,10893,2.2952309520191614
2904,FXXQCXRCXfCXXcX,0.5002585823260903,no,,,10893,2.2952309520191614
2905,"X(RRLX(XX, XXX), X)",0.8848126024731231,no,,,10893,2.2952309520191614
2906,"ML(LXRXcQXRcX, F(X))",0.48348169550150216,no,,,10893,2.2952309520191614
2907,"L((RRLmCXCXXqXMQlX), MX)",1.1377936350441127,no,,,10893,2.2952309520191614
2908,"L(RCQFX(CXLXX), (XX))",0.694632716299382,no,,,10893,2.2952309520191614
2909,"XqL(MXcXcrcXLLXX, X)",0.6802163342360769,no,,,10893,2.2952309520191614
2910,"(LXXfCqXFXCFXCLX,  X)",0.6507309204598728,no,,,10893,2.2952309520191614
2911,RXLCCfqXFCXLXCLCX,0.869742729100868,no,,,10893,2.2952309520191614
2912,"LQc(XFXL(XX,), XXXRcX,XXqcX)",1.1425387964505591,no,,,10893,2.2952309520191614
2913,"LXFm(q(LX), LXRcXQXLF(cXqX))",0.7418930726239779,no,,,10893,2.2952309520191614
2914,qXRcfQccLMcMXMXXqFXX,0.777859304509666,no,,,10893,2.2952309520191614
2915,FXQmXqqLCCXCFFMXXXLX,0.7145987448640436,no,,,10893,2.2952309520191614
2916,"(QcX, ccLXqFXXFXMMcXXcXX)",0.5616202743044725,no,,,10893,2.2952309520191614
2917,"mL(mXLMX, RcMXRXfcXXMXFX)",0.7140611658020173,no,,,10893,2.2952309520191614
2918,"LqLcM(,RcX, fX,cqXcXflXXCX)",0.7971515042010812,no,,,10893,2.2952309520191614
2919,"(rLLCQqMXXXR(, m(fXFQX)), rLXMX)",0.7377599582251717,no,,,10893,2.2952309520191614
2920,ccXXLqqcFXfcXXfQXMX,0.8660122182458506,no,,,10893,2.2952309520191614
2921,"Lc(LRCQXrCCMXXXX, CX)",0.9481308855832502,no,,,10893,2.2952309520191614
2922,"(LX(LQXRMCCXrXXXX, FX,), X)",0.8233697362122251,no,,,10893,2.2952309520191614
2923,"LXL(rqXCXLQXFFXRMCX ,X)",0.9198188135077223,no,,,10893,2.2952309520191614
2924,XccLqXXcmqXLXcXfXX,0.7523576499216182,no,,,10893,2.2952309520191614
2925,"((rcX, QXMLXccXXFX, X), X)",0.714273333174703,no,,,10893,2.2952309520191614
2926,rXrLLXqcccXLXXMXQXRmX,0.6523760398300982,no,,,10893,2.2952309520191614
2927,"(XX, XMmcQLXXcXFXRX)",0.7098570443466737,no,,,10893,2.2952309520191614
2928,XXrQccLXLXRcMXLXFXcFcFX,0.7115370572281238,no,,,10893,2.2952309520191614
2929,"LF(XmqCXXMCLXXrmfX, rFXCcX)",0.9468094397931047,no,,,10893,2.2952309520191614
2930,Ff(cLcLX qXcXMXrcXmXMLXX),0.7131350054145085,no,,,10893,2.2952309520191614
2931,"(XX, XLFXcQccXXXcLX)",0.5935493785748475,no,,,10893,2.2952309520191614
2932,"CfMmXR(,RMFLXCFLCXXLX)",1.0238921589036751,no,,,10893,2.2952309520191614
2933,"Rccc(XX,LXqX,XQXXXX)",0.7790150875370994,no,,,10893,2.2952309520191614
2934,"L(cX, QXqcXrLcXcXLXXmX)",0.8261026945883021,no,,,10893,2.2952309520191614
2935,"L(XLQX(LX(F(RcmXX), )), qcX)",0.7459698203477073,no,,,10893,2.2952309520191614
2936,"LmXL(qX(XCXmXLXX), mXqcXcXXXX)",1.0378585950284007,no,,,10893,2.2952309520191614
2937,"c((Q(rLXCQCXLXC(LXXMfX))), rMLX)",0.8020946227984668,no,,,10893,2.2952309520191614
2938,rqLXXccLqXcXX XX,0.6661605143022709,no,,,10893,2.2952309520191614
2939,"LL(RXcQXLXLX, XX,rqX)",0.5796068527823424,no,,,10893,2.2952309520191614
2940,"L(XCmFFqXCFXrmCXMX, LX)",0.6758412249118301,no,,,10893,2.2952309520191614
2941,"LX(XRX, cX,QXRCCLXLXXLX)",0.6819647495371528,no,,,10893,2.2952309520191614
2942,"CXL(rqXMC(CXFX), LX)",0.5778471285387763,no,,,10893,2.2952309520191614
2943,XRLL((CLqCXRCQX mCXXXFfX)),0.8219687123843054,no,,,10893,2.2952309520191614
2944,"(XX, XQfcFLXXMcXfXrX)",0.7116134410258311,no,,,10893,2.2952309520191614
2945,rXc cLLQQXLccXMXX,0.7499917125021237,no,,,10893,2.2952309520191614
2946,LLXRCCQLXCLCXX,0.6732300080322576,no,,,10893,2.2952309520191614
2947,"XL(QXXcXXLX, LMX)",0.6567735187203675,no,,,10893,2.2952309520191614
2948,"q(Lq((RX), mqXccXRQXXMX, LX))",0.914233022007931,no,,,10893,2.2952309520191614
2949,"cLL(rrX, rcqLXQccLXXlX,)",0.9666394995840454,no,,,10893,2.2952309520191614
2950,"rLM(C(rXXfXCQX), XXCXXqXCX)",0.7471026479326223,no,,,10893,2.2952309520191614
2951,qXCCXQLXCmQXmCXXmCX,0.6923744365915319,no,,,10893,2.2952309520191614
2952,"Lc(X, rrX(XRLXX, ), )",1.005235638406303,no,,,10893,2.2952309520191614
2953,"c(rcrLXLcLXLXFX, m(LfX, ))",1.2340557481880903,no,,,10893,2.2952309520191614
2954,LXLQQcXccXmXcXXRcX,0.5926402061931825,no,,,10893,2.2952309520191614
2955,"qFLXL(QmXMQ(cLXcXX,X), X)",0.8879006105982122,no,,,10893,2.2952309520191614
2956,"(mRXqX, rrLcXcXLXrLXrX)",1.1272197130629482,no,,,10893,2.2952309520191614
2957,LqXLLFcXqQQcXmXcXFQXrX,0.6725658301973847,no,,,10893,2.2952309520191614
2958,"QLF(CQQ(QLXrCCXrqXX), lfXmmQXX)",0.610697353562602,no,,,10893,2.2952309520191614
2959,"L(RFCXRXCXXRLMXX,MmXqX)",0.8358323962741835,no,,,10893,2.2952309520191614
2960,CFXXFX rCXrLFCXCXFLX,0.7650863808424937,no,,,10893,2.2952309520191614
2961,"m(QLLMXXMcFXLXX, MLmcX)",0.78000803732091,no,,,10893,2.2952309520191614
2962,lLL(RXXqcLcXFXLXcXrLXcLX),0.7221256656332479,no,,,10893,2.2952309520191614
2963,"L(qXCXXXCX(X), XLX)",0.7538393762474899,no,,,10893,2.2952309520191614
2964,LXrqcfcXRcLLcLXLXrX,1.115453994555297,no,,,10893,2.2952309520191614
2965,"RLLMM(MLQXmF((LX), XrQXfX),rfQcX)",1.3082508672271607,no,,,10893,2.2952309520191614
2966,"QfLLL(RCFXLCLCX(MQX, ),X)",0.7513965234137391,no,,,10893,2.2952309520191614
2967,"XL(LLQXCf(XCXLXCfXX,), X)",0.7827271317738167,no,,,10893,2.2952309520191614
2968,"(QLCXXCXXCX(CLX,), XX)",0.5881128820326434,no,,,10893,2.2952309520191614
2969,"(LLX, RLXcQXcXLL(RLX), LX)",0.7891254768835625,no,,,10893,2.2952309520191614
2970,"(LXrrccXf((MLLqLLcXX)), rqX)",0.5906532059979688,no,,,10893,2.2952309520191614
2971,XrcmcffcqXLcmXQX,0.5859447672396847,no,,,10893,2.2952309520191614
2972,XLcXFMLqcqcXfcMXRLXX,0.7843958748219914,no,,,10893,2.2952309520191614
2973,"LCL(MqCXmXFFCmXCLX, mXLmX)",0.7728574243161018,no,,,10893,2.2952309520191614
2974,"fL(RCXQCmXCXLXX, X)",0.8195606993301436,no,,,10893,2.2952309520191614
2975,FLXccLXqcqLXFcXXXCfX,0.9571820497804491,no,,,10893,2.2952309520191614
2976,LXRMcqXLXrcXMXLXcXXCX,0.7528844004877605,no,,,10893,2.2952309520191614
2977,mXXXLcqccqcXcLXqXrXX,0.9528467705785597,no,,,10893,2.2952309520191614
2978,rL(MXqcXLLXrccXcXFX LX),0.6367529212884327,no,,,10893,2.2952309520191614
2979,"(mLFX(CQLXXCLRXCLXrX), QmX)",0.6915880556938404,yes,B2,21,10893,2.2952309520191614
2980,"qXL(FXCC(rCF((,X,CFXLX)),), MX)",0.887355081926212,no,,,10893,2.2952309520191614
2981,"LC(((FXX)), XRcXQcXLXXFLX)",0.7952643182645379,no,,,10893,2.2952309520191614
2982,"L((LXmqXrmCLCX((ClfffLX))), cQX)",0.6087806823334432,no,,,10893,2.2952309520191614
2983,"(LRLLX, LqcXXXcXLXX)",0.6968128204416612,no,,,10893,2.2952309520191614
2984,XQcQXLXLcX cRXFcLXXX(X),0.8427700308543992,no,,,10893,2.2952309520191614
2985,"fXL(qXc(cqcXLXLXX), XX)",0.8973309185815482,no,,,10893,2.2952309520191614
2986,"(XFqmCXX(XCXFX), LX)",0.5821946162632976,no,,,10893,2.2952309520191614
2987,XXLLXqcQQcmXLXXFXLfXX,0.5818677782622139,no,,,10893,2.2952309520191614
2988,"L(,(QQXCCLXCQXRFX), qX, )",0.8850811975708893,no,,,10893,2.2952309520191614
2989,"LX(LX,, RRcXXXLcXX)",1.0819939550062248,no,,,10893,2.2952309520191614
2990,XLXCQXXCXCQQXXfX,0.47013771881151306,no,,,10893,2.2952309520191614
2991,"(cFc(FQXmLfXXcfX(fX), X), XX,)",0.7238441217355739,no,,,10893,2.2952309520191614
2992,"(, XRRCmCMXrMLML(, rMLXX))",0.7440649669748318,no,,,10893,2.2952309520191614
2993,"L(LLXCqXFXCXXqX, qXRX)",0.8011884641224374,no,,,10893,2.2952309520191614
2994,"M(XXlXC(qqXCmCLmXMLX, ), cLMX)",0.74208255311321,no,,,10893,2.2952309520191614
2995,"C((XX), X,rrLXXCLXXqX, LXX)",0.7208632108715906,no,,,10893,2.2952309520191614
2996,"L(MLqCXXXCXmLLX, rLXCX)",0.9866577467013226,no,,,10893,2.2952309520191614
2997,"L(L(rLCqXfm(cXXX, X)), MX)",0.8225680050950556,no,,,10893,2.2952309520191614
2998,"L(QCQCXCCLXXX, mLX)",0.9607683798946789,no,,,10893,2.2952309520191614
2999,(XCqXXXXXCLFXrXrmCXLXLX),0.7050383327282367,no,,,10893,2.2952309520191614
3000,"(RRLmc(MFXXcXXX, XQX, ), cfX)",0.8543911675674868,yes,B3,19,10893,2.2952309520191614
3001,"(XRmX, LQXFXcLXXXmX, )",0.8195278311830025,no,,,10893,2.2952309520191614
3002,c(cLXcqLXrfXRcXLX(X)),0.8063541523371476,no,,,10893,2.2952309520191614
3003,"mqXX(QLXRmcXrcXLXX,rX)",0.932918614637706,no,,,10893,2.2952309520191614
3004,"L((XL(CX)), XRRfcXcMXXX)",0.7261551139284103,no,,,10893,2.2952309520191614
3005,"L( LXXcQXXMQccQLXcLX,)",0.7033979550838225,no,,,10893,2.2952309520191614
3006,LXRRLXQCCXLXCXXXX,0.7944979774434356,no,,,10893,2.2952309520191614
3007,"(X, XLcXLQccLXXMXXMcX)",0.7102339294297257,no,,,10893,2.2952309520191614
3008,"(Cl(RRLXLCCXX), mX)",0.6407917868266286,no,,,10893,2.2952309520191614
3009,(XXRRmCLmCXCLLCXqXLX),0.8912934430926615,no,,,10893,2.2952309520191614
3010,"LX(LXFLCrXXCqXXmFXCX,, rX)",0.8076230917883181,no,,,10893,2.2952309520191614
3011,"L(CmqXX(cXMMXXX, ), XXX)",0.6121633473240818,no,,,10893,2.2952309520191614
3012,XLCXCqXLXXXRCqXX,0.7807563536988642,no,,,10893,2.2952309520191614
3013,rCLLXQC CXmXCLXXLXFLX,0.6468786927920269,no,,,10893,2.2952309520191614
3014,"RCL(QLXCL(LCXmqX), QffqX)",0.7428021977296144,no,,,10893,2.2952309520191614
3015,"QXLXcXLm((RXQ(((RmXX)),), X))",0.5596715643543273,no,,,10893,2.2952309520191614
3016,qXLXccqFXLcXRFLXXMfXFX,0.8079419918810692,no,,,10893,2.2952309520191614
3017,"mLL(RXRcXLFLXfX(mX, ),, XX,, FX)",0.8318336322181298,no,,,10893,2.2952309520191614
3018,XrLFcLcFqXrcfXXXXXrLcX,0.8331939001168761,no,,,10893,2.2952309520191614
3019,LLLXRRCmfCXCXFXQX,0.784497527670929,no,,,10893,2.2952309520191614
3020,"(Q(mMX), LXrrc(XcXXqXmX))",0.8362420867532242,no,,,10893,2.2952309520191614
3021,mqXQcLXLXXXcfcQLXcXrX,0.7111117393821988,no,,,10893,2.2952309520191614
3022,"Rf(,LQXL(qX,XXX), XX)",1.169430921866774,no,,,10893,2.2952309520191614
3023,XQXcXLLcXQcLXLcFXMcXQX,0.8698575133271321,no,,,10893,2.2952309520191614
3024,"c(QFXXcXXcX, LLX, ,X)",0.6535548127543693,no,,,10893,2.2952309520191614
3025,"LXRRMc(LXXcXrcMX, )",0.642409231829568,no,,,10893,2.2952309520191614
3026,"XqXQ(QLQXccXqXXX, RX)",0.8035677053331725,no,,,10893,2.2952309520191614
3027,"c(,qqqLMXQLcqcXLXX,LfXrfQX)",0.9065001589557651,no,,,10893,2.2952309520191614
3028,"L(,RLX,fQXXCmCX XXrLLfqX)",0.7500707926144417,no,,,10893,2.2952309520191614
3029,rXXccFqXXXLcXMXX,0.6795567471023892,no,,,10893,2.2952309520191614
3030,"LqL(X,(rFX), CqXCLCX MX)",0.7813672624887736,no,,,10893,2.2952309520191614
3031,"L(LXQCFCQCXLCXXXcX,  FX)",1.1109529746795745,no,,,10893,2.2952309520191614
3032,"L((XrrLCCXXXCFLCX), X)",0.7139902391154125,no,,,10893,2.2952309520191614
3033,CrcqLXmcLqcLXccXLFXLX,0.8882552358079036,no,,,10893,2.2952309520191614
3034,"LcX(MXMX, LQXcLXcQXMX)",0.8230431714028348,no,,,10893,2.2952309520191614
3035,"XL(X, qXCCCqXXMLXCMX)",0.5799832065834959,no,,,10893,2.2952309520191614
3036,"Lm(LXRmLCCQXLCXqXX, mX)",0.8486296048451756,no,,,10893,2.2952309520191614
3037,"(LX(cX), cqccqcLXcLLXXmX)",0.9120887023974399,no,,,10893,2.2952309520191614
3038,"(QfmXmFcQLcLXrLfXX, rXqFX, X)",0.6820155290687054,no,,,10893,2.2952309520191614
3039,"MXL(X, XQFXcXQcXLX)",0.8620116176836494,no,,,10893,2.2952309520191614
3040,lXLqcLccXrLccXLQcqMXQXRfX,0.9189362229230279,no,,,10893,2.2952309520191614
3041,"F(L(,LX, qXXCX(XX) ), )",0.6589960025686059,no,,,10893,2.2952309520191614
3042,"cXF(mQLXcXXLXXCX,LX(XmX), X)",0.6464180976266656,no,,,10893,2.2952309520191614
3043,RXlLcXXcQXXLcQXXX,0.6746424468712721,no,,,10893,2.2952309520191614
3044,"LQ((LMXXcMXXX), McFqX)",0.6495406624910506,no,,,10893,2.2952309520191614
3045,"LLQ(XLX(XFX, XX), LXX,)",0.6376023344177304,no,,,10893,2.2952309520191614
3046,"L(XLQCXmXQCXrFLXQXX, LFLX)",0.7595987909325534,no,,,10893,2.2952309520191614
3047,"rcLm(fX, rLMcXXLLFcXXX)",1.1535347840636734,no,,,10893,2.2952309520191614
3048,XXXcLcQXFLXRLccXLMXXrfMX,0.7517642501582747,no,,,10893,2.2952309520191614
3049,cLXLXRccQLXXLLXmLX,0.5764524373100781,no,,,10893,2.2952309520191614
3050,"LXL(rXrCXLXLCLX, QX)",0.8929098922149167,no,,,10893,2.2952309520191614
3051,"RL(RCCXCCXLXfX, fX)",0.7750028950585085,no,,,10893,2.2952309520191614
3052,"L(XqFCmmXXrFCXRXrlX, qX)",0.5446334512330819,no,,,10893,2.2952309520191614
3053,"(rrLFCXXXLCLCX, LrMX)",0.7479492040916217,no,,,10893,2.2952309520191614
3054,"r(XQX, XLcqXcXXQXrLX)",0.8495733416244169,no,,,10893,2.2952309520191614
3055,"(cF(RXX, (QXMXXcLXqMX)), XCfX)",0.8474947166461217,no,,,10893,2.2952309520191614
3056,"f(LLfXrLmqCCXLCXLX, FX)",0.6503569845889692,no,,,10893,2.2952309520191614
3057,"X(LXMQQCXfCXMXXX, X, QX)",0.5941743620623636,no,,,10893,2.2952309520191614
3058,"L(XX, FLXFQccXmfXXX(XcX))",0.7723253497637085,no,,,10893,2.2952309520191614
3059,"LX(fX,LmX rrfCX(LCXXX))",0.7979273636661687,no,,,10893,2.2952309520191614
3060,"L((RFmLQXRc(((X, FlX))), cX), )",0.6099037738642508,no,,,10893,2.2952309520191614
3061,"(X(r(qX(XX, X), X)), , )",0.5010426311253053,no,,,10893,2.2952309520191614
3062,"(rfqLXfccXX, RXX)",0.38298578523558574,no,,,10893,2.2952309520191614
3063,XXrcQXXRcLLXfcLLmXLXX,0.7750136084207813,no,,,10893,2.2952309520191614
3064,"F(,,QXXLCXCXXlX, qXLX)",0.6714077390668479,no,,,10893,2.2952309520191614
3065,"L(XFL((LLqCXqCCmXXMX), , LX), )",0.8203687429706719,no,,,10893,2.2952309520191614
3066,"(QXLXccXXX, QX(mX), X)",0.711429075885622,no,,,10893,2.2952309520191614
3067,qXcLcQXmLcQXcXLX,0.7091828764415953,no,,,10893,2.2952309520191614
3068,"(XLX, qcXLXcXMXXX)",0.7526978554705012,no,,,10893,2.2952309520191614
3069,"L(m(CQXCCCQXLXXLX), LX)",1.082459483594518,no,,,10893,2.2952309520191614
3070,"qqX(RmqX CXmCXmXLX,,fX,)",0.6545284178126791,no,,,10893,2.2952309520191614
3071,LcXrqMLcXRccXlLXrX,0.8071409523543284,no,,,10893,2.2952309520191614
3072,"(LX, CQLXRCLCXLCXXXXX)",0.9104558015951328,no,,,10893,2.2952309520191614
3073,"cX(fcX, RRlmLlFXcfXXX)",0.6089993099580105,no,,,10893,2.2952309520191614
3074,"LqL(X(ccqXXXX), XLXLX)",0.703556949593193,no,,,10893,2.2952309520191614
3075,"cXqm(XXcXXc(XlX), (cXX))",0.5107030230252568,no,,,10893,2.2952309520191614
3076,"(fXqqcLXLcMXcLXfX, RcfX)",0.7925642901603689,no,,,10893,2.2952309520191614
3077,"(LL(CQXXX(LX, , XXmX,)), LXLX)",0.8891613700081104,no,,,10893,2.2952309520191614
3078,"FXf(FX, rrCXXXXCCLfLX,)",0.8648492172539393,no,,,10893,2.2952309520191614
3079,"LX(FqXcXLXLq(XXX, ), lX)",0.6023621570401828,no,,,10893,2.2952309520191614
3080,"LLm(X, RXcRcXQXc((XX)))",0.6715645662333369,no,,,10893,2.2952309520191614
3081,"rQLXRm(Xf(XmccffX, X), FlX)",0.582288825322222,no,,,10893,2.2952309520191614
3082,"cX(QXXcFXXfX, XX, X)",0.6043726411553274,yes,B2,12,10893,2.2952309520191614
3083,XRLCLXLXCQXLmXCFQXrrXRMFXLLMX,0.8942220231569836,no,,,10893,2.2952309520191614
3084,"mqXL((XX(, rCXXXX)), X, )",0.8007937359081824,no,,,10893,2.2952309520191614
3085,"XmcLF(RLLQXCCCQXXXL(RCX), )",0.6412190343690457,no,,,10893,2.2952309520191614
3086,"rL(qX(XXfXLX, , ), cX)",1.3087038636842587,no,,,10893,2.2952309520191614
3087,"XX(QX,mLQLQXCCXXXrQX)",0.8197749076621723,no,,,10893,2.2952309520191614
3088,"(R(qQXXLc(XXFXcX)), LcXX)",0.7872483560098956,no,,,10893,2.2952309520191614
3089,"X(LRXCXLQXX(fCLXLmX MX),X)",0.6825154934981353,no,,,10893,2.2952309520191614
3090,"LX(XRFQLLCX(qcXFmXX, ), XX)",0.7080385653022129,no,,,10893,2.2952309520191614
3091,"LLX(mcX,rrmMLXL(X,qX,XX))",1.1101522368558079,no,,,10893,2.2952309520191614
3092,"((XqFLqXCflXRLXXLX), XX, )",0.7828285157239807,no,,,10893,2.2952309520191614
3093,"(QLCMX, RRLXLXccXMX)",0.6359515369790355,no,,,10893,2.2952309520191614
3094,"Ccf(XqFLLX(qLCCXXX), cLmX)",0.675309340519536,no,,,10893,2.2952309520191614
3095,"R(FX(XqCqCMCCXXX(X), rXLX))",0.5431036888576639,no,,,10893,2.2952309520191614
3096,cXLXQcXLLXRmccXMXmX,0.6719968514102167,no,,,10893,2.2952309520191614
3097,rLLLqXrcMQcLQXXXcLLfXcQX,0.9456310885142557,no,,,10893,2.2952309520191614
3098,"fL(RfmCQXfLF(L(LLX), LXLX,), RX)",1.0155652933021424,no,,,10893,2.2952309520191614
3099,"qXXX(X(rLLCXLXCLXmQX), mLX)",0.7649271975512377,no,,,10893,2.2952309520191614
3100,"rXLLL(rfX, RXcccQXcXRXRcX)",0.7813688654726467,no,,,10893,2.2952309520191614
3101,"L(rMqX, rXrXMCCmXX,)",0.5835509592977903,no,,,10893,2.2952309520191614
3102,"QL(RXM(, , XFfXXX), fX,)",1.273032309253098,no,,,10893,2.2952309520191614
3103,"XCLq(XfLXrLCXXFXX, XXX)",0.7779957570964688,no,,,10893,2.2952309520191614
3104,"L(CFQXXLX(, LFXXCX), rXqX)",0.7793515547269578,no,,,10893,2.2952309520191614
3105,"(XRXRCXX, QXcLXcFXRXX)",0.5679313282154984,no,,,10893,2.2952309520191614
3106,"cL(FXRLX,FQcXXXLcfLFcXLX)",0.8586239776763553,no,,,10893,2.2952309520191614
3107,"MXL(qXXL(MCCXXX), (X))",0.9697979846466608,no,,,10893,2.2952309520191614
3108,LXcXRRLcLcXfXXX(X),0.7149146806707602,no,,,10893,2.2952309520191614
3109,LcLXrrcLfXccXX(CX ),0.8851276138456469,no,,,10893,2.2952309520191614
3110,"(LX, cqXLXcXXrfcqLXX)",0.8824760163421929,no,,,10893,2.2952309520191614
3111,"LL(LX, cQLXQXrcXRRLX)",0.7078741143453955,no,,,10893,2.2952309520191614
3112,FmXCL( RRCCXXLCLqFX),0.49276956131089383,no,,,10893,2.2952309520191614
3113,"L(L((XRLLCQCCXCfXX)), , )",0.5652997238523276,no,,,10893,2.2952309520191614
3114,"L((CXfXRcXQcXXFXqqX), XX)",0.785160552291564,no,,,10893,2.2952309520191614
3115,"XQM(QQQQMXRM(, ,, LqXXX), X)",0.7401684113337388,no,,,10893,2.2952309520191614
3116,"CXc(LFX, RRXMXLLXccXQqX)",0.8189328214876175,no,,,10893,2.2952309520191614
3117,"X(,RLXrfMCCFXrFXX(, XLX))",0.8832031658613585,no,,,10893,2.2952309520191614
3118,ccXLcXqXXXmfcXXXcFMX,0.4762046381610094,no,,,10893,2.2952309520191614
3119,"L(CQXXCXXLXX, LXXq(X))",0.7097441025594631,no,,,10893,2.2952309520191614
3120,"rL(CX, rXLXM(LClXXX))",0.6218796786662047,no,,,10893,2.2952309520191614
3121,"rM(XCLXRLmCCCX,X(cLXXX))",0.59689672226635,no,,,10893,2.2952309520191614
3122,"MLXRCCXXQXLXm(, r(XXLX))",0.6843445661836648,no,,,10893,2.2952309520191614
3123,"(FmLmrMLLqcXcXrX(LXcmXqX), rX)",0.701583375268306,no,,,10893,2.2952309520191614
3124,"(LRRfXCCXFXLX, RLX)",0.8315140824981723,no,,,10893,2.2952309520191614
3125,"rL(QX, XlqcLcXLcXLXcXCX)",0.7965864836075469,no,,,10893,2.2952309520191614
3126,LLXfCQXCXXccXlLXXcX,0.7652103675949787,no,,,10893,2.2952309520191614
3127,"L(rcCXrfCXCXCMX, LX)",0.6398774051659455,no,,,10893,2.2952309520191614
3128,"(fX (RRLXL(X, CXX,), X))",1.03427897012703,no,,,10893,2.2952309520191614
3129,"XL(,rFqFXc RcXcMQXfLXXX)",0.5898650149315625,no,,,10893,2.2952309520191614
3130,"Rm(RCLLXLL(mMCCXLXX), X)",1.184107998113406,no,,,10893,2.2952309520191614
3131,"CmL(C(LCqXCXXX), (QXQXrLX))",0.7172162034796328,no,,,10893,2.2952309520191614
3132,"(X, XcXLqXqccXLXXX)",0.6209686932360604,no,,,10893,2.2952309520191614
3133,XRLXfCCqCXfXMLCXXLX,0.6701407572089031,no,,,10893,2.2952309520191614
3134,"(L(RXCXqX(CXCCqLXX), QX), )",0.6864398104580258,no,,,10893,2.2952309520191614
3135,"L(,(RRXCCXXXfX), LX)",0.932599747658413,no,,,10893,2.2952309520191614
3136,"(cQ(FX), LXcLqcqXcfXmXXX)",0.903031142613448,no,,,10893,2.2952309520191614
3137,"rCmL(rmXf(LXcX, LX), (LX), CX)",1.0304882838111806,no,,,10893,2.2952309520191614
3138,"LX(r(qXCLXLQXXrX), RX)",0.7019218258494371,no,,,10893,2.2952309520191614
3139,"LX(rL(rX(Xrf(RRQLXXX), rX)), RQX, )",1.4729340993183122,no,,,10893,2.2952309520191614
3140,"C(rLcLqcMX(QF(LXXX), ), FCCXX)",0.8628739079979374,no,,,10893,2.2952309520191614
3141,LXLmCXFXrrMCCXXXmXFX,0.6407152538814681,no,,,10893,2.2952309520191614
3142,"( (cXQLff(, RLFCfLffXCLXX)))",0.5844009374635315,no,,,10893,2.2952309520191614
3143,"q(qXX,XcXXcLXXLFX,)",0.7482017711455488,no,,,10893,2.2952309520191614
3144,"XL(LQXfCMXRLCXXXX, XcMfX)",0.8008706526785154,no,,,10893,2.2952309520191614
3145,"(LXMMqCCX(XqCXXX), FX)",0.5529226448342566,no,,,10893,2.2952309520191614
3146,"LXrff(CXqCXXLFX,XX, XX)",0.730765176587528,no,,,10893,2.2952309520191614
3147,"rf(, rLQXcXcQcXXrLcXX)",0.5928105486807131,no,,,10893,2.2952309520191614
3148,"LX(cfqXXX(XLFXX, ), cX)",0.6524533994227996,no,,,10893,2.2952309520191614
3149,"L(rrmCfXXXCXrX, mmmX)",0.7394084418967507,no,,,10893,2.2952309520191614
3150,RfMLXXXQQFccXfLXLccXcXqX,0.7225915184093371,no,,,10893,2.2952309520191614
3151,F(XcmXfFcmlqX XLXcXXrX),0.5919925657535928,no,,,10893,2.2952309520191614
3152,"LQ(CQXf(XcX,rLXXFLX),, rLFcX)",0.9580628476741849,no,,,10893,2.2952309520191614
3153,XcXcXRLcXcQX  XX,0.5553172458381719,no,,,10893,2.2952309520191614
3154,"(X, ,XQL(XXccXXX, X))",0.6391181724192547,no,,,10893,2.2952309520191614
3155,"FQFfXLL(XXcX, XRclXXcLXX)",0.8327508443824283,no,,,10893,2.2952309520191614
3156,"c(fXLXLQCQCXCXfXXrmX, X)",0.7919281792952092,no,,,10893,2.2952309520191614
3157,"cL(,CXXLLCCRCLQCXXLqXX)",0.7721604699767417,no,,,10893,2.2952309520191614
3158,rLXQXQcXfcLXcLXMXXRX,0.6829390530883914,no,,,10893,2.2952309520191614
3159,"XLCX(QQLXfccXqXX, QXMmX)",0.7152586831140032,no,,,10893,2.2952309520191614
3160,"MM(rCX, rrLLXccMXLFXQX)",1.0032280779086804,no,,,10893,2.2952309520191614
3161,"(X L(XX, rrcXcXLXXX))",0.9586960687908443,no,,,10893,2.2952309520191614
3162,"rLL(,qXccXLqXmXX,rMXCQmX,)",1.2210696219474182,no,,,10893,2.2952309520191614
3163,"(LX,RRFcfccXXXXXcX, cLLXfLXXX,)",0.6258876815548267,yes,B2,14,10893,2.2952309520191614
3164,"((QXXcmcLX(XFX), X(X), X))",0.8217507663835025,no,,,10893,2.2952309520191614
3165,"L(Fcm(, rLqMXQcXMqXX), LXX)",0.6948054759338765,no,,,10893,2.2952309520191614
3166,"L(qqCLXCXRXX,, fXX, fFX)",0.745804284704621,no,,,10893,2.2952309520191614
3167,"LqLc(XXLr(f((XRX)),), XRX)",0.5133525900738392,no,,,10893,2.2952309520191614
3168,"r(CXCqFXrCQFXX, lXX)",0.47515271688377814,no,,,10893,2.2952309520191614
3169,"(XCLqXXFXX(L(CCX)), RX)",0.5670720053544036,no,,,10893,2.2952309520191614
3170,"(FmL(XcXXQcXXMmLXcXLX), X)",0.7095815030703813,no,,,10893,2.2952309520191614
3171,"LC(qCXXCLXLqLCXqXFqX, XX)",0.7409313731884803,no,,,10893,2.2952309520191614
3172,"(fXmX(rcX), rLcXLqXLcXLXLX)",0.7234617619008995,no,,,10893,2.2952309520191614
3173,"rXLQ(LXcXL(LmXcX), RQX)",0.7479771790696906,no,,,10893,2.2952309520191614
3174,"RL(X, RXX(cLXX, ), MXfX)",0.7059043061697848,no,,,10893,2.2952309520191614
3175,FXrLqcmXccLXXcFXXRXfmfX,0.8815872843445682,no,,,10893,2.2952309520191614
3176,"LL(XQQcXLccmcX(X), X, X)",0.8189523214724003,no,,,10893,2.2952309520191614
3177,"X(MqCmXXLXCX(XCX,), , (mQLX))",0.7021035437105044,no,,,10893,2.2952309520191614
3178,"(XLLMMrCXqXCXQXX, LX)",0.614240818767519,no,,,10893,2.2952309520191614
3179,"(RRCX(fLL(,LX X)), X)",0.8112653656967864,no,,,10893,2.2952309520191614
3180,"Xq(, LLXXCXXXX, LmXqmX)",0.7273767628132739,yes,B2,7,10893,2.2952309520191614
3181,"((XrQfX), RLXCQCXXLXX, X)",0.6279227483021346,no,,,10893,2.2952309520191614
3182,"mmQXXCCQXLfXF(,ffXX)",0.5524146301723037,no,,,10893,2.2952309520191614
3183,"LXQmQ(,,XL(X,LXLcCX))",0.8153928782555389,no,,,10893,2.2952309520191614
3184,"LX(MQXfLXM(FmmcmcXXX), RX)",0.8347791799293153,no,,,10893,2.2952309520191614
3185,"LF(RXRCCXQfFXXRlQfX,(X), X)",0.5164725472192884,no,,,10893,2.2952309520191614
3186,"(LXCqfXL(FXCLFmMCqXqX), X)",0.8116172898077855,no,,,10893,2.2952309520191614
3187,"(RfLXCCXX, XRRfccXXXXX)",0.611205650962878,no,,,10893,2.2952309520191614
3188,"(RmCLQMXQLqMLCCXXX, XX)",0.8995087536496515,no,,,10893,2.2952309520191614
3189,"fXrFM(LqXR(mLCXXXrCX), X)",0.8621014660579623,no,,,10893,2.2952309520191614
3190,"(XCMLqXXCFX XrX,QXQX)",0.7098951254957329,no,,,10893,2.2952309520191614
3191,"XqXQm(QXmXM(qcLLLX,FX), LX)",0.63793147522488,no,,,10893,2.2952309520191614
3192,"LXrr(X,Xq(XXmXX, rfX))",1.0851269673496953,no,,,10893,2.2952309520191614
3193,XRLQCfXCXCfXXXMXCfmX,0.719196376744568,no,,,10893,2.2952309520191614
3194,"LL(((LLXCX)), QQXCXrCLqXRRXX)",0.979839023900166,no,,,10893,2.2952309520191614
3195,"c(Lccq(, LXXcXFXX, rqLXXqCX), )",0.7466714654982304,no,,,10893,2.2952309520191614
3196,QQQXXCfCLXXRCXFLLXLX,0.7989826738099959,no,,,10893,2.2952309520191614
3197,"rLLm(fC(qXXQXCXX), X(FX))",0.6804489876330871,no,,,10893,2.2952309520191614
3198,"MXF(qXMMXCXXXX, RX)",0.7044720891022299,no,,,10893,2.2952309520191614
3199,"fqXL(qXXM(, ,XLXX), QQX)",0.7358986376164812,no,,,10893,2.2952309520191614
3200,LXRCmCCQlXCXXLXCXLX,0.6805939266341845,no,,,10893,2.2952309520191614
3201,rLcXcXRcRfXRcfqXXqX,0.7237054334857576,no,,,10893,2.2952309520191614
3202,"XX(RLfQ(X(FLcX, X), CQX))",0.7092641501164065,no,,,10893,2.2952309520191614
3203,"(XRRLCCCXLCXMXX, )",1.0200482255206929,no,,,10893,2.2952309520191614
3204,"QL(QCLXCLCXXR(X), X)",1.02434852634224,no,,,10893,2.2952309520191614
3205,"LL(qQXFX, XQfcXXLFXcXLX)",0.8705642200171313,no,,,10893,2.2952309520191614
3206,"L((CqFqXL(X, rQfX), QXX))",0.5411365940744023,no,,,10893,2.2952309520191614
3207,R(LXRCLmXQCCXCXX XfLqX),0.6526199187586005,no,,,10893,2.2952309520191614
3208,"(L(mXfqCXCXXLCX, rXcX))",0.6942939353564997,no,,,10893,2.2952309520191614
3209,"fLMX(QQXL(Xrf(cX(X)), X), X)",0.8287586259489043,no,,,10893,2.2952309520191614
3210,LXcXrrLLcXMcLLmLXrLLmXX,1.1128339435207804,no,,,10893,2.2952309520191614
3211,"LL(qLXc(rFXcXFXQXMFX, ), RX)",0.7854908694374808,no,,,10893,2.2952309520191614
3212,"((, XqCXXXrLLCXmXLX), , X)",0.560934830882636,no,,,10893,2.2952309520191614
3213,"L(Qc(XXmXXRcLcMX, rM(X)), MX)",0.7214158821190565,no,,,10893,2.2952309520191614
3214,"fQXLL(QmXM(cQXfmmcXqcX, ), X)",0.7102481656690446,no,,,10893,2.2952309520191614
3215,LCXCClQXXXXrQCXMX qX,0.547713263633755,no,,,10893,2.2952309520191614
3216,"L(XqLLCXXmXMQ(L(m(rCXX))), QXX)",0.8258838515322734,no,,,10893,2.2952309520191614
3217,(XrrXLcQcFFXLXXLcXQ(X)),0.8789077239775038,no,,,10893,2.2952309520191614
3218,"m(MXLfXRCCQFXCLXXMc(MX), QX)",0.700829319187921,no,,,10893,2.2952309520191614
3219,"XL(rQX, LcQXXcQXLX)",0.6308698571058102,no,,,10893,2.2952309520191614
3220,"((CCqLLLqXFXFXLX), (CfFX))",0.5849126785551323,no,,,10893,2.2952309520191614
3221,"LXL(qXr(RmqX, CX,XrfCXFX), qX)",0.7311013908938897,no,,,10893,2.2952309520191614
3222,qXXLcXrcMfFXrmLXXXcX,0.5979180076224299,no,,,10893,2.2952309520191614
3223,"L(L(RRfCXCFXLXrXFfX), RRQLX)",1.3679543449471088,no,,,10893,2.2952309520191614
3224,XLX(LqqcXcLQqqqcXcXX),0.6916170810245637,no,,,10893,2.2952309520191614
3225,"XC(CLXrqLCXf(cX, mLX))",0.7368711151955254,no,,,10893,2.2952309520191614
3226,"rL(CXCXrX, XcX FMFXX)",0.5668386918674407,no,,,10893,2.2952309520191614
3227,"Qm(l(ClXLMLXF(, XRXrX)), XX)",0.5887521076896983,no,,,10893,2.2952309520191614
3228,"cLXr(CX,,,rXrLLccXX)",0.5595523818294412,no,,,10893,2.2952309520191614
3229,"mXLXL(LcXc(rQX), RRccXcXLX)",0.7755389625914296,no,,,10893,2.2952309520191614
3230,QLXqMCCCqLXLCfXXRFRXX,0.8815358182597687,no,,,10893,2.2952309520191614
3231,"L(qcCXmXCmXFXfCX, rLX)",0.7395992425116783,no,,,10893,2.2952309520191614
3232,MCfXXcLccXqMXXFcXrXXcqXRlX,0.6414793223564667,no,,,10893,2.2952309520191614
3233,"L(rLf(rCXLXCXfX), X)",0.7175420125651375,no,,,10893,2.2952309520191614
3234,"LF(rXrmQqccXMXR(rQXXX), XcXRX)",0.8486560785650067,no,,,10893,2.2952309520191614
3235,"(LM(RRLXCLCXXFmX), XQX)",0.8841470118665189,no,,,10893,2.2952309520191614
3236,QLqqXqXRLQcccXXXLXrfXFX,0.888745614401372,no,,,10893,2.2952309520191614
3237,M(LX rrcLcLXLcLXcXmX),0.9924346905694198,no,,,10893,2.2952309520191614
3238,"(MXCqXXCXXrXQX, LXRX)",0.6533937741790097,no,,,10893,2.2952309520191614
3239,"((mXLXCCqXXXrcCLCMXX), X)",0.7920298161195829,no,,,10893,2.2952309520191614
3240,"FL(M(fXX), rLFcqXcXM(FXX))",0.6593132475782782,no,,,10893,2.2952309520191614
3241,qXLLCXXCCLqXLXCXQX,0.8454144634048766,no,,,10893,2.2952309520191614
3242,"QL(RfCXLQ(, XRXX), rXX)",0.9348508731089425,no,,,10893,2.2952309520191614
3243,lLXCLXRCXRXfCXRLMXlQXLqX,0.7197806545978442,no,,,10893,2.2952309520191614
3244,"XrfLq(LX(X(X(X, )), X), X)",1.0193502864895452,no,,,10893,2.2952309520191614
3245,"(m(,((rrCXLLLcccXXX), X)), )",1.0677055759206793,no,,,10893,2.2952309520191614
3246,LXCCXRRCLMXXCLmXXcX,0.9540528734504551,no,,,10893,2.2952309520191614
3247,"RFL(XX, RXXFXcFXLXXX, )",1.135551798481377,no,,,10893,2.2952309520191614
3248,"rX(rXllCLXFqXCXX, XfX)",0.5766962648918293,no,,,10893,2.2952309520191614
3249,"L(RFRXlXXL(XX, , ), FcqX)",0.6915336081121749,no,,,10893,2.2952309520191614
3250,ccXXqqLmmcXqLfcccLqXXX,0.8931806745385389,no,,,10893,2.2952309520191614
3251,rfXrLXccQXLXcX rXQXrX,0.9348590235689733,no,,,10893,2.2952309520191614
3252,"c(LXLqXcmXFXrcXXLXLXMX,)",0.7284457472210445,no,,,10893,2.2952309520191614
3253,QcXLXCCCQXfXXCqXQLX,0.8400728583299628,no,,,10893,2.2952309520191614
3254,"L(CfqCXXXMXCXLX, CfXqLXFX)",0.9432811536962185,no,,,10893,2.2952309520191614
3255,"(RQMmMX(,cCXXqX), rXfQX)",0.6133186185082653,no,,,10893,2.2952309520191614
3256,"(FLXCllX, MLXRRLFXCCXXXFX)",0.7477748722364334,yes,B2,2,10893,2.2952309520191614
3257,"cL(X,fqqXcXmccqXMCXX, ,)",0.9037079129280894,no,,,10893,2.2952309520191614
3258,"(q(qqXCc(L(rmLLLXL(mX)), )), MmfXX)",0.6730866071633815,no,,,10893,2.2952309520191614
3259,"L(,FcQX(MXXRLcLXXRFccXLX ))",0.7845095828262414,no,,,10893,2.2952309520191614
3260,"LQQ(,X(CCXLXX), XX)",0.7657336011586052,no,,,10893,2.2952309520191614
3261,"L(qXXCX(qLLCXX), MX, XmX)",0.627206384419968,no,,,10893,2.2952309520191614
3262,"f(LX, qL(LXXccXrrXXFX), )",0.9052711011070677,no,,,10893,2.2952309520191614
3263,"LXL(qMqXCfXQXXLX, X)",0.7842914397104098,no,,,10893,2.2952309520191614
3264,"(,cX, rCcqLXRccmcXrMXX)",0.7317135128346622,no,,,10893,2.2952309520191614
3265,"F(L(RcQMcXXrXrrLX, fX, X))",0.7160872321026452,no,,,10893,2.2952309520191614
3266,"L((XLX,cLqXrccLcLcXXXX))",1.0229495754493938,no,,,10893,2.2952309520191614
3267,"RLm(QFLXr(L(CmCMCLXQMXX)), rX)",1.1006233701104702,no,,,10893,2.2952309520191614
3268,"ML(CQQXCXX, LQXXCCXXXcX)",0.856134651180037,no,,,10893,2.2952309520191614
3269,"Q(RcXL(,rLCFMXLfX), cfX)",0.7922770513805208,no,,,10893,2.2952309520191614
3270,LfXrLcX qqXcXXXXLcXqX,0.7273069520867058,no,,,10893,2.2952309520191614
3271,"L(rMFXrCLCXLCLCXXRX, LXqX)",0.7904345677380782,no,,,10893,2.2952309520191614
3272,"(c(X mcqqqXcLXcLLccX), )",0.5341707763931008,no,,,10893,2.2952309520191614
3273,CXmm cXrcqXFcmXRQXLX,0.5749335981094575,no,,,10893,2.2952309520191614
3274,"L(RRLXqL(,CXXFMX), RX)",0.9126524748908726,no,,,10893,2.2952309520191614
3275,"qX(LXXQqCXXMXrCXCX,Rm(RX))",0.6365545238489554,no,,,10893,2.2952309520191614
3276,L(XCXmLQXLCQXCX  XFX),0.6943427598075865,no,,,10893,2.2952309520191614
3277,"LCL(LLXX,QQXCXCXX)",0.6078189261391204,no,,,10893,2.2952309520191614
3278,XRRCCLCCCCXCXFXX,0.7691694737073327,no,,,10893,2.2952309520191614
3279,"L(MMRLXCCQFXXXLXX, LFXX, CX)",0.875845346585595,no,,,10893,2.2952309520191614
3280,QfXcX  LLQFXRcccXmLLXXX,0.6748022405369856,no,,,10893,2.2952309520191614
3281,"MC(QXrLCqCFXXCXX, qX)",0.6157413119734487,no,,,10893,2.2952309520191614
3282,"c(fXrLqfcmX(L((LcXX))), )",0.6874823590102228,no,,,10893,2.2952309520191614
3283,"XcL(,QLXXMcXXQX, XX)",0.7815314405671766,no,,,10893,2.2952309520191614
3284,"L(F(XrrcccXcFXmXCX), )",0.7652439615412484,no,,,10893,2.2952309520191614
3285,"LXLfX(RRcXcXXX,X)",0.5629995923926947,no,,,10893,2.2952309520191614
3286,"rL(qXM(XXX, X), FcfX)",1.0766394816173805,no,,,10893,2.2952309520191614
3287,"rL(CXLX, XXCFqXllLCMXX)",0.6723381103753284,no,,,10893,2.2952309520191614
3288,"L(c(QCCXLXcXqcXRX), (CqX))",0.5372032465796915,no,,,10893,2.2952309520191614
3289,"(qMMXLFXCfXlXLXLX, XQX, )",0.8822302205287444,no,,,10893,2.2952309520191614
3290,"LXC(XqCqCXLffQqCXXfX, LX)",0.7712221205728224,no,,,10893,2.2952309520191614
3291,QXLXrccXQLXLXQMcXLLXLX,0.7037085792741851,no,,,10893,2.2952309520191614
3292,"L(FX, ,rrcmcLfXcXXqLX)",0.9074518412591387,no,,,10893,2.2952309520191614
3293,"XLLQ(QXC(XCLqXXrLX), X)",0.9399845710968698,no,,,10893,2.2952309520191614
3294,"L(RLRCXCLCXLXrlX, X)",1.0925438066332673,no,,,10893,2.2952309520191614
3295,"rfL(qXq(X), XrfcXcqXXXX)",0.717661186613434,no,,,10893,2.2952309520191614
3296,(fcX FqqcfLXcXXlLXccLXX),0.8355938965280909,no,,,10893,2.2952309520191614
3297,"fFXXLC(rMLfqXFCMMXLX,lLXLX)",0.6996348409452112,no,,,10893,2.2952309520191614
3298,"LL(RRFLCCXmCXX(fFFXX, ), FqX, X)",1.1267010073794401,no,,,10893,2.2952309520191614
3299,RLMqcXXLcLXrLXCCXXqX,0.6816869533855161,no,,,10893,2.2952309520191614
3300,"LL(RCmQCmXCLmLX(FmX),, ,QX)",0.7210457427995776,no,,,10893,2.2952309520191614
3301,"LlL((X), RmQXL(, X, XX(mX)))",0.9779862157907064,no,,,10893,2.2952309520191614
3302,"(QQLXCCXmXXX, XLX)",0.8677216711547692,no,,,10893,2.2952309520191614
3303,"Xq(qqXL(X,,r(LX)), LX)",0.564585434186379,no,,,10893,2.2952309520191614
3304,"L(MX, cFXqXcXrcXLXRcmXRX)",0.673644632785044,no,,,10893,2.2952309520191614
3305,"(LXX, L(cqXcXcqX(XXX)))",0.757989759708359,no,,,10893,2.2952309520191614
3306,"CQL(RffqXRX, XmXCXLXQXX,X)",0.7742678181718621,no,,,10893,2.2952309520191614
3307,"L(X,C(FX,FqXXRLCqqXffX))",0.7740084334245543,no,,,10893,2.2952309520191614
3308,"R(XRfLX(X,XfX), McX)",0.6577359871934662,no,,,10893,2.2952309520191614
3309,"(Lc(CqXFXLCXmMXXX) ,mXXX)",0.8275181833386045,no,,,10893,2.2952309520191614
3310,XLLQXcX  RLcXXcXRXX,0.7026944547687891,no,,,10893,2.2952309520191614
3311,"(RFLXQCCLXFXmLCLCX(X), LX)",0.7441916021712457,no,,,10893,2.2952309520191614
3312,"MQ(LFLXqqCLCXCXLCXX, RX)",0.7457776467934386,no,,,10893,2.2952309520191614
3313,XcXqqLcXcXXmXX,0.8481551777641078,no,,,10893,2.2952309520191614
3314,(RmXCQmCXXXXFCXQXLXCqXX),0.6814138869729953,no,,,10893,2.2952309520191614
3315,"(, LMX, QFXMXCFCXQXQXX)",0.7373950741314955,no,,,10893,2.2952309520191614
3316,XcXqcXXfXLrcXQXcfX,0.6648032677841691,no,,,10893,2.2952309520191614
3317,XXcLcXqQcccQXLXXX,0.5290457458142253,no,,,10893,2.2952309520191614
3318,"QC(RCXC(LLCXllX), fX)",0.6260468348341525,no,,,10893,2.2952309520191614
3319,LXCCXQXFXXCXRLXLX,0.6289860715569685,no,,,10893,2.2952309520191614
3320,"(LXrqlLCCX(CfLXLX), fX)",0.5859344670343235,no,,,10893,2.2952309520191614
3321,"LL(qCfMXX(mCXXCX), X)",0.6215125945722221,no,,,10893,2.2952309520191614
3322,"LF(fX,RRXFLLLCfCXMFXX,X)",0.9932128965340294,no,,,10893,2.2952309520191614
3323,"qm(XLqCLCXCfXRFXXrX, mXCmmLX)",0.77654294398219,no,,,10893,2.2952309520191614
3324,"QFX(L(CX, ), LcQXcXXX)",0.5704400879291381,no,,,10893,2.2952309520191614
3325,"XLC(LqCXqCXXX, XfX)",0.5889254139184942,no,,,10893,2.2952309520191614
3326,"RLc(RLXmcXXcX, XX,)",0.643748159298273,no,,,10893,2.2952309520191614
3327,"mm(LXqM(LXLXLcXcXMX(LX), X))",0.7858425062021207,no,,,10893,2.2952309520191614
3328,"X(MXqqXCMLCXCLX, X)",0.661165708640371,no,,,10893,2.2952309520191614
3329,"m(LRRCXMCLCXXcX, (X))",1.0734187900486354,no,,,10893,2.2952309520191614
3330,"ccc(cX,, MX, qqXcLXLXX)",0.8627799423278292,no,,,10893,2.2952309520191614
3331,LXRFCCmQXmCLLXX,0.6836658165139828,no,,,10893,2.2952309520191614
3332,"L(rLfqCX(RqLL(qMX, X)), X)",0.7703807159186392,no,,,10893,2.2952309520191614
3333,"(RRCCFLFLXCXXXX, MLLX)",1.0320902597228132,no,,,10893,2.2952309520191614
3334,"q(X,XLXfccqLX FXLMX,X)",0.7050691100355465,no,,,10893,2.2952309520191614
3335,"(((qrCX(, XQLX), rqMmXrX)), (LMX))",0.599849226552481,no,,,10893,2.2952309520191614
3336,"cLcX((rXqXm(XXXX, X)), XX)",0.6098830817830245,yes,B2,15,10893,2.2952309520191614
3337,"L(X,rrcXcLcXXCXX)",1.4412658835658552,no,,,10893,2.2952309520191614
3338,LLXrLcXQcXccXMXXrcMX,0.6684515017096847,no,,,10893,2.2952309520191614
3339,"(,LXqCcXqLcXcXXcMXXcX)",0.7150654211001888,no,,,10893,2.2952309520191614
3340,LXRXfccFQXXXcQXLXX,0.6653101293986129,no,,,10893,2.2952309520191614
3341,"mFXFX(X(qXFCCXrX XX, ), X)",0.708411330230046,no,,,10893,2.2952309520191614
3342,"LX(,QXcXQcLfmXQX, qXX)",0.7503799057946559,no,,,10893,2.2952309520191614
3343,"qFLXFX(X(XrCXCXLX), X)",0.6842033972516642,no,,,10893,2.2952309520191614
3344,"LL(RRLCLXCXXqXX, X)",1.2282429695377493,no,,,10893,2.2952309520191614
3345,"Q(FL(CLXCXXCXX, ,cXrLLcX))",0.8958664557463487,no,,,10893,2.2952309520191614
3346,"(LLFCQXLXQCLXqXXCFX, mXQmXX)",0.7672968135854289,no,,,10893,2.2952309520191614
3347,"F(RLQCX(, FLXLX), X)",0.7416962644507553,no,,,10893,2.2952309520191614
3348,"LML(L(RQCXCCXRLFFX), qX)",0.6148961724386035,no,,,10893,2.2952309520191614
3349,"fX(qXqX(m(RRQcXmXX, )), fMX)",0.4975237187338678,no,,,10893,2.2952309520191614
3350,"L(FXL(,rLmqXcfcXXMX, X), )",0.7073259979566001,no,,,10893,2.2952309520191614
3351,"(FfX, LXMLXcQLmcXXXLcXqX)",0.8635993028551616,no,,,10893,2.2952309520191614
3352,"rcC(XQX,,rLCXCXXX, ,X ,XX)",0.7523480879458326,no,,,10893,2.2952309520191614
3353,XLXlCLCqXXXLfXXrCFX,0.7557428305585563,no,,,10893,2.2952309520191614
3354,"L(RXcX, FcQXFXfXcLXX)",0.8431524128687706,no,,,10893,2.2952309520191614
3355,ClFXMXqXLXCXqXLLCXCXXcX,0.7914350157037167,no,,,10893,2.2952309520191614
3356,"L(QXcXL(LXFQXX), XQX, X)",0.6926678928284373,no,,,10893,2.2952309520191614
3357,"CXL(rrLXmCmXLMXrX, LfX)",0.8783279301116003,no,,,10893,2.2952309520191614
3358,"F(LqXXccXfXXLX, XXlX,)",0.5821832441394462,no,,,10893,2.2952309520191614
3359,"(LXrrCfCX((X), LX), X)",0.67363646006695,no,,,10893,2.2952309520191614
3360,"L(CqXXCXL(XrLX), qXqX)",0.6657169398610522,no,,,10893,2.2952309520191614
3361,CXrfcmXrcXrFcLLlXXrrcQXX,0.5745479082435553,no,,,10893,2.2952309520191614
3362,"XL(LqCXFXCXLXXX, XrX)",0.8492759252080272,no,,,10893,2.2952309520191614
3363,"L(XcqXXcXrmXcXXmX, )",0.6184919486640214,no,,,10893,2.2952309520191614
3364,"fXq(rMXL(RXXX, QX), MX)",1.0533327651423354,no,,,10893,2.2952309520191614
3365,"(fXrqCX(QfCXXC(X), XRMX), FX)",0.6021250527952436,no,,,10893,2.2952309520191614
3366,"XC(X(RLQXrL(cMXMX,)), L(X))",0.7602150362164374,no,,,10893,2.2952309520191614
3367,"L(,FqmX, QFXcXRLcXrX)",0.6598514113388225,no,,,10893,2.2952309520191614
3368,"X(qLXLXRCqX(F(LXX)), X)",0.7183231067775094,no,,,10893,2.2952309520191614
3369,"L(fCqLXMXmCCXX, LXfCX)",0.6555282635566936,no,,,10893,2.2952309520191614
3370,rmXLXQMcLLcXMXXcLXmfX,0.9040720590632921,no,,,10893,2.2952309520191614
3371,"L(mXQXL(RcMLFX(XrX)), cX)",0.4522356699113971,no,,,10893,2.2952309520191614
3372,"(, (QXLLLXcXLF(McLX)), F mFX)",0.7077432806075235,no,,,10893,2.2952309520191614
3373,"C(CMQLQXCXCXqX, , FfcX)",0.6722295137087635,no,,,10893,2.2952309520191614
3374,"(,LCX(RCqXXCLqXCLXLXX), CX)",0.7236326453818253,no,,,10893,2.2952309520191614
3375,"((mcqXLMX(ccXLXX), , ), MXLX)",0.5934871518702073,no,,,10893,2.2952309520191614
3376,XrrcccXmcXXX,0.6372153564333394,no,,,10893,2.2952309520191614
3377,"(X, CCCXLmXqXXCXLX(XCX))",0.8347218955720064,no,,,10893,2.2952309520191614
3378,"XF(mL(XrqX(mLCCLX(X))), LX)",0.7138703460620426,no,,,10893,2.2952309520191614
3379,"Lc(X, mcMQXXcQXX)",0.6130011395155395,no,,,10893,2.2952309520191614
3380,"(QLlLLXXcXXLXX, LLmXLqLXX, )",0.745424961841998,no,,,10893,2.2952309520191614
3381,"L(cXRfX, qCCFXXLXCXLXRCX)",0.9172979916390593,no,,,10893,2.2952309520191614
3382,"c(LXrfCqFLXCXMQX(X), LMXX)",0.6833931155758785,no,,,10893,2.2952309520191614
3383,"(, QXLXcqcqXcMXLcXFmXMX)",0.807854862267542,no,,,10893,2.2952309520191614
3384,"L(RCXRfmCXRLCXXX, LX)",0.9818801599974543,no,,,10893,2.2952309520191614
3385,"fXrr(fXLCq(X, rX), (mQmX))",0.6288661630345078,no,,,10893,2.2952309520191614
3386,"(XrrCXXLXXCFXQX, rXX)",0.7737822268968519,no,,,10893,2.2952309520191614
3387,"(RRcFCCXL(CXmCXX), rX)",0.810931964837442,no,,,10893,2.2952309520191614
3388,"XCF(,QRLX(,(rXFXLX)))",0.8771777956665961,no,,,10893,2.2952309520191614
3389,"L(RfQCXq(,mXXqX), MX)",0.8722771068588123,no,,,10893,2.2952309520191614
3390,"L(RRmLMXCCXXXRqX, LXX)",0.8797027118780208,no,,,10893,2.2952309520191614
3391,"c(QXfXXMcXX, X(fX), X)",0.5494885018967697,no,,,10893,2.2952309520191614
3392,"L(RmXRX, rCcqLXR(cLcXXL(MX)))",0.8897076952648313,no,,,10893,2.2952309520191614
3393,"F(QQLCCmXCXLXFX(, XmLX))",1.0674536626102507,no,,,10893,2.2952309520191614
3394,"L(XRRcXcLcXLX, X(X), X)",0.8686121720415823,no,,,10893,2.2952309520191614
3395,"L(QLCXMXmCXXLXLX, XX)",0.7267750289178304,no,,,10893,2.2952309520191614
3396,"(XLMXLX, (rqfLfLcXc(XRXXX)))",0.7294048507071564,no,,,10893,2.2952309520191614
3397,RmQX(LXQfMccXcXfLcXLXX),0.7696911277578965,no,,,10893,2.2952309520191614
3398,"(RXcXXRRccXXXRX, rX)",0.6262949950607692,no,,,10893,2.2952309520191614
3399,"XLX(rXXCCqXXLX,  X)",0.7448668423810759,no,,,10893,2.2952309520191614
3400,"L(cXcXRLXXRqcQXmFXr(X(X)), RmX)",0.7389216806788138,no,,,10893,2.2952309520191614
3401,r(qXLXrcccXLXXXXfcX),0.7781056857009981,no,,,10893,2.2952309520191614
3402,CXRRLXRCCRmCXmXCXLLX,0.6667578836431091,no,,,10893,2.2952309520191614
3403,"(Q(XCfXXCQXXX), (XX))",0.5012115274812904,no,,,10893,2.2952309520191614
3404,(XXXLCQCQXLLXCXXX),0.6275071871106035,no,,,10893,2.2952309520191614
3405,"LQ(XLLXQcqXRMmX, LqX)",0.4418118279376758,no,,,10893,2.2952309520191614
3406,"L(F(qrcXqLmcXLMXmLMcXmXX), FX)",0.8337996564338808,no,,,10893,2.2952309520191614
3407,"(fXMX, LXRLLcXRcXcXX)",0.5975430403065022,no,,,10893,2.2952309520191614
3408,"L(MCQXXMCXXXRLqX, rXX)",0.71310699562855,no,,,10893,2.2952309520191614
3409,"F(LqLqqXRqqcccXqLX, cX)",0.5921850164746276,no,,,10893,2.2952309520191614
3410,"L(LXCCX,, RRLmXCCLmmXXQX)",0.8902874279078412,no,,,10893,2.2952309520191614
3411,"C(rmMcCCXXrX, LqXfCXCLXfX,)",0.6724656633857459,no,,,10893,2.2952309520191614
3412,"XL(rrXccLmXXrLXX, MXX)",0.8951424131106611,no,,,10893,2.2952309520191614
3413,"((QXFM(LXcQLcXXcXX, ), ), X)",0.6903806413371897,no,,,10893,2.2952309520191614
3414,"cFL( RX,c(rFLqXcFXLX))",0.5826656336322363,no,,,10893,2.2952309520191614
3415,"LL(RXCXXXRlCX, RXccXRfqX)",0.6158726148917404,no,,,10893,2.2952309520191614
3416,LXrqcccXcLLXRLqX,0.7349747659680193,no,,,10893,2.2952309520191614
3417,"L(RmQXrmCCCLXRXX, FX,, )",0.9690380976112709,no,,,10893,2.2952309520191614
3418,"CL((qLX), QXXccXLXX, , )",0.8623120347943998,no,,,10893,2.2952309520191614
3419,"(LC(qCXXmXXCXX, rrFLX), X)",0.5977235083917242,no,,,10893,2.2952309520191614
3420,"c(LXRLCXLX, QXLXcXfXQXFX)",0.8079745687131792,no,,,10893,2.2952309520191614
3421,RLCXQXQCLCXXCMXLX,0.7106808986057076,no,,,10893,2.2952309520191614
3422,"LX(qLXXCCXXX, XRX,  )",0.6483533573189916,no,,,10893,2.2952309520191614
3423,"XLX(Q(RLFX, LqXrCXCLXX))",0.6947061493635959,no,,,10893,2.2952309520191614
3424,"L(M(QQXCXLQCmqXXRX), mXX)",0.8412817059821871,no,,,10893,2.2952309520191614
3425,"(mLXCCfqmFFXLL(XXXXCfX), XrX)",0.7577076858324405,no,,,10893,2.2952309520191614
3426,"LcL(Fc(rrXXXXX(X), XX, XX))",0.6545517360993882,no,,,10893,2.2952309520191614
3427,"XLLLqMf(qqqX(XXXX, ,), XX)",1.051678236477779,no,,,10893,2.2952309520191614
3428,"(XqqX, rrMLcmXcLXXLLXX)",1.2495677423956852,no,,,10893,2.2952309520191614
3429,"QLX(FXXcQcXXcXXX, )",0.6236688315088296,no,,,10893,2.2952309520191614
3430,"LL(qF(mqXccXXQcfqX), cLX)",0.7968587731180292,no,,,10893,2.2952309520191614
3431,"X(, RQfXCClLMXX)",0.5111486316707166,no,,,10893,2.2952309520191614
3432,"(mmmQXXFCLXCQXXCXX X,)",0.7229974854559283,no,,,10893,2.2952309520191614
3433,"(XqF(LXXQcXcXLXXQmcXX), )",0.606450676096751,no,,,10893,2.2952309520191614
3434,"(L(Lq(XCqLXCXqX, XX), X), )",0.5994329773238516,no,,,10893,2.2952309520191614
3435,"FLXX(RXX, rrXXLCXXXLX)",0.9224760119505243,no,,,10893,2.2952309520191614
3436,"LM(X, rmrmLcXL(cXXXfMLX))",1.3936998312015894,no,,,10893,2.2952309520191614
3437,"L((LqXXFcXLcXX), fX)",0.6349625254992758,no,,,10893,2.2952309520191614
3438,"XFXmq(mXXCLLlXLXXX, XrLX)",0.7104131033670861,no,,,10893,2.2952309520191614
3439,"LM(RcQc(XrXXXX, XXX), XX)",0.8744300549130641,no,,,10893,2.2952309520191614
3440,"LXXF(XRRmXcXXLXFcX,LX)",0.9593052300626322,no,,,10893,2.2952309520191614
3441,"LX(LX(cX),, QcXQcXXLX)",0.7125227200141049,no,,,10893,2.2952309520191614
3442,L(cXXLqqcXcXXRqXqqQLX),0.8876676502346474,no,,,10893,2.2952309520191614
3443,"f(CQmXLXCmFXRCLLXX, LX)",0.7794646937557234,no,,,10893,2.2952309520191614
3444,"RL(m(mX), XmM(FXmX, X, ), QXmMLcXqX)",0.6973761766568249,yes,B2,25,10893,2.2952309520191614
3445,(qMqqXLcccXX XXQX),0.6494913982256227,no,,,10893,2.2952309520191614
3446,"(fQXLXFcXlXLX, cX)",0.6132296278465732,no,,,10893,2.2952309520191614
3447,"L(rQLQXcX, QcLLXmXcXLLLX)",0.8224644629537934,no,,,10893,2.2952309520191614
3448,"LL(XrCXqLmCXMLCXqX, X)",0.8033886609498457,no,,,10893,2.2952309520191614
3449,XLXcqccXXLXqcmLXXrX,0.7781511218682584,no,,,10893,2.2952309520191614
3450,"LqX(qXCLCCXMXrX,XX, X)",0.6237402037408983,no,,,10893,2.2952309520191614
3451,"L(X, L(qMXccXmm((LXrcXXcXX))))",0.8136422346204275,no,,,10893,2.2952309520191614
3452,"rML(qcXcLQXXX, FfXFX,)",0.7933017939059884,no,,,10893,2.2952309520191614
3453,"LXfQL(qX,XXccLXLX)",0.8147192324647075,no,,,10893,2.2952309520191614
3454,ccXLXcqXXXXcXqLXX,0.636568029247465,no,,,10893,2.2952309520191614
3455,X((RXLQQcXccXXcfXXFX)),0.6586345986174178,no,,,10893,2.2952309520191614
3456,cLXMfXcqMMXrLXmcQXLXmX,0.7059437309874189,no,,,10893,2.2952309520191614
3457,"L(QLMXCX(XCXRXLXFX), XrMcX)",0.841365863721114,no,,,10893,2.2952309520191614
3458,XcqLXXLXlXCXXX,0.3066375664606966,no,,,10893,2.2952309520191614
3459,LLXrXRcccfQLXcXrXMX,0.6181057299109293,no,,,10893,2.2952309520191614
3460,"X(qqMMmqLcLX(LXQX, ), X)",0.5642120949934201,no,,,10893,2.2952309520191614
3461,CCXRCFXXQXCLXMXCQXXX,0.6681507867831296,no,,,10893,2.2952309520191614
3462,"(,(rXrCmCLXrCCXX), XrLX)",0.6869122905535312,no,,,10893,2.2952309520191614
3463,LXXcLLXfQcXQcFXXRX,0.4764028408422512,no,,,10893,2.2952309520191614
3464,"LCX(rXCCqXrL(XX), XX)",0.7819737995685762,no,,,10893,2.2952309520191614
3465,cXFqLFcXcXrcXLXXLX,0.6493629108779285,no,,,10893,2.2952309520191614
3466,CLXrLcccqcMXcXcqLX,0.5168426868620095,no,,,10893,2.2952309520191614
3467,"L(,X,FCXrrccmcXXLLXLcLXFLX)",1.033218148907408,no,,,10893,2.2952309520191614
3468,"X(XfXQcX(cLLXLXQcLXXrcXMLX), )",0.8588376673025683,no,,,10893,2.2952309520191614
3469,RLXrCqCCLXXRLXmX,0.6592622257653099,no,,,10893,2.2952309520191614
3470,"LXCL(rrfCXCXX, X, LQMX, rrXRX)",0.6398812260312331,no,,,10893,2.2952309520191614
3471,qLXcMXLMcqXcXfXFXfXqX,0.7986308927624471,no,,,10893,2.2952309520191614
3472,"F(Q(LLXXMcfXmXLX), ,RLLX, LX)",0.939874259128157,no,,,10893,2.2952309520191614
3473,"(RCXCXXqCXXL(, XX))",0.5741380859095496,no,,,10893,2.2952309520191614
3474,"Lc(RXFf(X), qcXFXXLfcXXcXfXX)",0.7296229888551873,no,,,10893,2.2952309520191614
3475,"(CX, rrLLXcMLcXLLX(X))",1.217494668755623,no,,,10893,2.2952309520191614
3476,"L(mXqCXLXCXLqXLX(RmCX), mXfX)",0.820457601805201,no,,,10893,2.2952309520191614
3477,"CXXF(RRLcmX(M(X(FX), X)), QX)",0.7086970213806201,no,,,10893,2.2952309520191614
3478,LXfXCXXmQQLXCCXrfXXX,0.6395994720922389,no,,,10893,2.2952309520191614
3479,rFXLqXRLcMQcXXXmXXcX,0.7580555771493842,no,,,10893,2.2952309520191614
3480,"cm(, , RLfXQX((XmX), ), X)",0.6449453427086562,no,,,10893,2.2952309520191614
3481,"RfLLqLF(X,,QmXcXXXqX,, MX)",0.9898980856507839,no,,,10893,2.2952309520191614
3482,XCLXXCLQXXCQXXMXX,0.6431104328027867,no,,,10893,2.2952309520191614
3483,"LC(X, qCXXXFCXfX, , X)",0.7368151258486194,no,,,10893,2.2952309520191614
3484,"LL(rQXcXFLX(ffX, ), QQccXLfFXccX)",0.7972814346949401,no,,,10893,2.2952309520191614
3485,"LM(Xc(X), QcXXXLcXLX)",0.8256879807808722,no,,,10893,2.2952309520191614
3486,"(QmCXXCXXcCXX, rLXrqMX)",0.6712921542587337,no,,,10893,2.2952309520191614
3487,"L(X, CL(X, X, ffqflXXXXCLFX))",0.6248119076761219,no,,,10893,2.2952309520191614
3488,"mXqL(X, XXCXXqLX)",0.6662168120407949,no,,,10893,2.2952309520191614
3489,cCLXCLLXRRCXLCXXfXrqX,1.068907168006899,no,,,10893,2.2952309520191614
3490,"L(mXX, rrcXcXLXXrCX)",1.1353971983970617,yes,B4,6,10893,2.2952309520191614
3491,"(LccX, RRcmXMXXFLXM(cXLX), QX)",1.1599801189307477,no,,,10893,2.2952309520191614
3492,"L(QX, rcLcLqXMccFXrQX)",0.5744583578577183,no,,,10893,2.2952309520191614
3493,"(c((QXQXrcXXLX), qXXMMqX), X)",0.5709897310434238,no,,,10893,2.2952309520191614
3494,XrCLqLXCXrCXXFCXXfX,0.5883365806901175,no,,,10893,2.2952309520191614
3495,"(qXCLXLXCFXX, MXXQX)",0.6162540033938276,no,,,10893,2.2952309520191614
3496,"LL(rrCFmfXXXCMXX, RMmX)",0.8114630337364797,no,,,10893,2.2952309520191614
3497,"XLC(CQFXXRCXXXfCXRX,X)",0.7019573037109919,no,,,10893,2.2952309520191614
3498,QXFFfXrmCLCMqXmXLXXRLCQX,0.7304505855752051,no,,,10893,2.2952309520191614
3499,"rrLCLC(XmXXX, XX,XXX)",1.1214440520069737,no,,,10893,2.2952309520191614
3500,XmXLXRQCCMLCfXLLLCXrLXcX,0.8719840168965262,no,,,10893,2.2952309520191614
3501,XXCCXLCQXCQXLQCMXXX,0.6806238379677614,no,,,10893,2.2952309520191614
3502,"(L((X(QX(RccXLXX), X), rX)))",0.7288276953924766,no,,,10893,2.2952309520191614
3503,"XL(LRX, LQXcXXfXLcqX, FX)",0.8359568965026252,no,,,10893,2.2952309520191614
3504,"q(XXcXcLXX, X)",0.5717496102291043,no,,,10893,2.2952309520191614
3505,rmXcfqccXXXcqXcLXCX,0.6524718697808554,no,,,10893,2.2952309520191614
3506,"X(((X)), RRLCXCXXXcX,, X)",0.8211036304607101,no,,,10893,2.2952309520191614
3507,"(L(RRCXFfCCXXcLX, X))",0.8852742241780299,no,,,10893,2.2952309520191614
3508,"X(RRFXXmcLXXXrX, MX)",0.7667561624175883,no,,,10893,2.2952309520191614
3509,"(X, RQ(LXCFCXqXX), FLMMX)",0.6513484406648454,no,,,10893,2.2952309520191614
3510,"(C(RRcCXL((, XqXX)), , LFcMmX), LX)",0.8939388731955401,no,,,10893,2.2952309520191614
3511,"(QffCXXCXXFFXlFFLX, LXrX)",0.6946678369969258,no,,,10893,2.2952309520191614
3512,"CXLLf(qXCXCLfqXFX,XfX)",0.855814223557228,no,,,10893,2.2952309520191614
3513,"LqF(,FXL(X, rLXRLCXX), qMX)",0.8063253098245688,no,,,10893,2.2952309520191614
3514,"RLm(,QX(X,mXCXQX), XrX)",0.7842584326582518,no,,,10893,2.2952309520191614
3515,"LXr(,FX, rcXCFCXFXX, MXMX)",0.8000498445520876,no,,,10893,2.2952309520191614
3516,LqcXcLXqcLfFcXcXLXXrFX,0.7618320512871782,no,,,10893,2.2952309520191614
3517,"m(XCqXXC(XXLqXX),  RFXL((X)))",0.6615890138420352,no,,,10893,2.2952309520191614
3518,"(FLmXCLXrqCXRmCXLX, XLX)",0.5710187730322784,no,,,10893,2.2952309520191614
3519,q(rqfLXqcQcQXcXLXXMFX),0.6919627164193762,no,,,10893,2.2952309520191614
3520,"XLQf(QXm(, RmlLCXLXX), X)",0.84870816747927,no,,,10893,2.2952309520191614
3521,"ML(XQqCqXXCXXX, FX)",0.5926087684955061,no,,,10893,2.2952309520191614
3522,"(X, qcXXccqXXX)",0.5642613883772168,no,,,10893,2.2952309520191614
3523,"L(XX, qcXXXLLcLXRMcXX)",0.7225858426193157,no,,,10893,2.2952309520191614
3524,"LX(XrmFXCCqXL(XX), q(XX))",0.8140577858011311,no,,,10893,2.2952309520191614
3525,"MLX(rqLXrf(rcX(mXX), (MX)), X)",0.775332983150283,no,,,10893,2.2952309520191614
3526,"XRRL(fXCLCXXXqX, X)",1.042409405911259,no,,,10893,2.2952309520191614
3527,"CLqMC(,rCX,LLXXXrXX)",0.5596686328875363,no,,,10893,2.2952309520191614
3528,"(L(XcRQXcLLXX, X, (X)),, )",0.6579546447907535,no,,,10893,2.2952309520191614
3529,"(XRq(Q(FCXCXfXXX), LX), )",0.6240596081827363,no,,,10893,2.2952309520191614
3530,"L(rrCXmXXLXQCX,QX)",0.6422231347743166,no,,,10893,2.2952309520191614
3531,XfXfCCXrrCXLfCXXmX,0.5422590912258047,no,,,10893,2.2952309520191614
3532,XXLXRRCfCXRCLXXX,0.6141949891676565,no,,,10893,2.2952309520191614
3533,"f(,RQX(FX, XXLX), LLX)",0.8899229589437367,no,,,10893,2.2952309520191614
3534,CXXCQCCLCmQXLCXCFmXRX,0.7177035578665433,no,,,10893,2.2952309520191614
3535,"((mCQXLXCX(XLXX)), RFLXX)",0.8284443201480343,no,,,10893,2.2952309520191614
3536,"F(LX(LXCqXLCXLXqMCqXX), MX)",0.9379311170025003,no,,,10893,2.2952309520191614
3537,rXFXCMLXqCXCLXrCFXfXmlX,0.7581243804744775,no,,,10893,2.2952309520191614
3538,"L(,rMXrXCLXCfXX, MXX)",0.7665336351316911,no,,,10893,2.2952309520191614
3539,"XF((RRfLXcXXXRcLX), X)",0.9765838472306936,no,,,10893,2.2952309520191614
3540,QXcXrLqccXfXrLcXfXcXqLX,0.732354497030169,no,,,10893,2.2952309520191614
3541,"L(QFXcMXfLXFFcXrX, cXFQXFX)",0.7296914323602623,no,,,10893,2.2952309520191614
3542,LMXfcXrqcLcXRcmXXXX,0.7603336847853912,no,,,10893,2.2952309520191614
3543,"(XLc(ccX, RRXcXXX), X)",0.7820821181378884,no,,,10893,2.2952309520191614
3544,"XL(qXRcqX(XXcXfXLX), X,)",0.5611862727297042,no,,,10893,2.2952309520191614
3545,"FCmLq(CqXCMXX(X), rCXrX, CX)",0.765320205821982,no,,,10893,2.2952309520191614
3546,"LMXL(fQXLXcLcXXX, X)",1.0021378161593357,no,,,10893,2.2952309520191614
3547,"XL(XqCXXqLLfCXXQqX,qfX, rmX)",0.7003589596810489,no,,,10893,2.2952309520191614
3548,"LXR((CXCRXMXMLXX), LFXcX)",0.8086274406516499,no,,,10893,2.2952309520191614
3549,"(Ff(rL(rFXccMXFcXCX)), cfX)",0.7616595262643545,no,,,10893,2.2952309520191614
3550,"MLXf(MXCLQQXCXmXr(QXX), rLFX)",0.7495809625784352,yes,B2,4,10893,2.2952309520191614
3551,XCLXQCXXLLXMCXXX,0.6603463420153396,yes,B2,17,10893,2.2952309520191614
3552,"X(XX,LXRXQccXX  LX)",0.8019553112226571,no,,,10893,2.2952309520191614
3553,"cXLL(RX, RFQXccXLX,)",0.6246065812946167,no,,,10893,2.2952309520191614
3554,"(QXCCLX(RCMXFXCX), XqX)",0.5386212385923586,no,,,10893,2.2952309520191614
3555,"(r(qFXrcMcXXLXcXXX), , X, )",0.7877553953575613,no,,,10893,2.2952309520191614
3556,"((rrCLfXFLXXLCXX), XX)",0.8346457579408281,no,,,10893,2.2952309520191614
3557,"LX((CqXLfXX(, mFXX), LFX), X)",0.7490705771399657,no,,,10893,2.2952309520191614
3558,"QLX(,X, QXX(XLQmX,,RfQX,X))",0.8964628775345213,no,,,10893,2.2952309520191614
3559,"L(QcLXQcXrMLXfXX, XX,  fFXQX, )",0.9875729985338753,no,,,10893,2.2952309520191614
3560,"(LLXrLfCCXCqXXXMqX, fFLX)",0.654384344253392,no,,,10893,2.2952309520191614
3561,"((QLXMXLc(mXFcLLX), ), X, RX)",0.7462325701030423,no,,,10893,2.2952309520191614
3562,"(X, LXmQLcFXQcXrFXcX)",0.6912836285122714,no,,,10893,2.2952309520191614
3563,RRLXmmFXcqLcLXXLXcqcLXLXX,0.8299206983154361,no,,,10893,2.2952309520191614
3564,"XCmXMCqXXCXqLX(rX, LX)",0.6475557678947119,no,,,10893,2.2952309520191614
3565,"Lc(X, XLcqXXXFXfcLMXXFX)",0.7667670234742523,no,,,10893,2.2952309520191614
3566,"rL(CX, XrXccXMLXXRRlX)",0.8316340724329899,no,,,10893,2.2952309520191614
3567,RLXqCCXLXXCLXLX,1.0666512019980605,no,,,10893,2.2952309520191614
3568,"Lq(RX(CFqXCX(XLX), XCXqqX))",0.8932026389519486,no,,,10893,2.2952309520191614
3569,"L(cXRQCCXCFXLXFXLMCXmXLX, cMX)",0.9501888013037316,no,,,10893,2.2952309520191614
3570,XrrmMXmcccQXLXcXqXRX,0.6649269500839833,no,,,10893,2.2952309520191614
3571,"QcL(XfLXcffXLX,XXXX,FXX)",0.8490881872520631,no,,,10893,2.2952309520191614
3572,"L(mqMXCXCXLmXX, LXcXrX)",0.7111814071501965,no,,,10893,2.2952309520191614
3573,"L(Qc(XmXcXX,LQLLXXXcX), X)",0.8095062153013383,no,,,10893,2.2952309520191614
3574,"c(XrrlLX, LcXqXCXLFCXX)",0.7009661373451338,no,,,10893,2.2952309520191614
3575,LqM(FqXccXXfcX XRXX),0.8828578652188483,no,,,10893,2.2952309520191614
3576,"LF((m(RcXcQXXqXX)), RqXX, mXX)",0.9498768821706141,no,,,10893,2.2952309520191614
3577,"XL(QXmCLQCXCLXFqX(X, ), qX)",0.9104537132881867,no,,,10893,2.2952309520191614
3578,"CXL(rrLXFXCXXqmQX,X)",0.9474858459978414,no,,,10893,2.2952309520191614
3579,"L(LXmX, qqcfX(XLXLX, RX))",0.5884727338149485,no,,,10893,2.2952309520191614
3580,"L(X, qcXXXLccXXX)",0.7194519382474204,no,,,10893,2.2952309520191614
3581,"L(RXLMXQccXFXQX, MXFQX, X)",0.715816851271488,no,,,10893,2.2952309520191614
3582,"L((rrfX, FXcXRRLccXXXcX), )",0.6278568515505228,no,,,10893,2.2952309520191614
3583,"L(RRCfXL(, XfX), ,X)",0.7031990239271877,no,,,10893,2.2952309520191614
3584,"C((X), QmLLmLLQQmFXLCmXX)",0.6201679138418124,yes,B2,10,10893,2.2952309520191614
3585,"(LF(XrLCXqCXXrXX), XX)",0.674535958094666,no,,,10893,2.2952309520191614
3586,"(RRCmXLXLCXmXmXX, XLXRX)",0.9045808177699908,no,,,10893,2.2952309520191614
3587,"(rLXCXqX(,LXqfCXfX), LX)",0.6989745149023461,no,,,10893,2.2952309520191614
3588,XCX LfXXrrfLCCXmXXLXFLX,0.8390954829325308,no,,,10893,2.2952309520191614
3589,CLCQQCLXCXXCXmXQX,0.8599230695863196,no,,,10893,2.2952309520191614
3590,"XL(CQMLXccXRFXf(XrX), X)",0.6796961426634497,no,,,10893,2.2952309520191614
3591,"QLX(FX, X(LfXccMQXLqX,XX))",1.07080801975402,no,,,10893,2.2952309520191614
3592,"L(LLLCQXQccXqXrX, rX)",0.6712084574023274,no,,,10893,2.2952309520191614
3593,LXCXFLQXRLCXCXRXcLfX,0.7327736174565856,no,,,10893,2.2952309520191614
3594,XCqXCXmXXCqLXmXCXX,0.618045847802523,no,,,10893,2.2952309520191614
3595,"L(RRXmfXcFX(XLXcX), XXX,)",0.9063782609857699,no,,,10893,2.2952309520191614
3596,XXLccfQXXXLXcXqlX,0.6802409085773111,no,,,10893,2.2952309520191614
3597,"mXr(LX, LXrXCCmmLXLX)",0.7724724901053606,no,,,10893,2.2952309520191614
3598,"L(XmCX, QXXCCXQXXQX)",0.7097066702431238,no,,,10893,2.2952309520191614
3599,LXrccmqfLXFcXcLXfXLXmXLX,0.812251863354105,no,,,10893,2.2952309520191614
3600,RLXmXccQQXFXcXXcXrX,0.5817331044212698,no,,,10893,2.2952309520191614
3601,"mL(XXrXcCqLCXXLXL(,qX), FX)",0.8133555428973569,no,,,10893,2.2952309520191614
3602,cLLqcLXcQQXcXMcXX,0.6749194380900749,no,,,10893,2.2952309520191614
3603,"L(XLXCCLqmXXXRqXCXQX, LFX)",0.7320666272514157,no,,,10893,2.2952309520191614
3604,"mLF(RQCXq(f(LCCXRRXLX)), fX)",1.0143411330825272,no,,,10893,2.2952309520191614
3605,"LXM(XrMXLqCmXLCXqX, rX)",0.8020606760410594,no,,,10893,2.2952309520191614
3606,"LX(XRXRccXQXqmX, QX)",0.6586157098133847,no,,,10893,2.2952309520191614
3607,FCfmlXlQXLLXCXQCXCXLMX,0.4986050805244338,no,,,10893,2.2952309520191614
3608,"X(qXmXCXXRXX, FX)",0.7123575113699704,no,,,10893,2.2952309520191614
3609,XQXrCCLCqCMFXfXXXmX,0.6474115290288162,no,,,10893,2.2952309520191614
3610,lLXrqcccXcLLmXX,0.6950060174962736,no,,,10893,2.2952309520191614
3611,"LCL(QXLCFXRCXCXXq(FX,), FX)",0.7919988534871382,no,,,10893,2.2952309520191614
3612,"L((qXXccXXFX(X), (rMXrfX)))",0.6413742531860329,no,,,10893,2.2952309520191614
3613,"XL(RMLXRMcLXLXcX, fX,X)",0.6371989437737963,no,,,10893,2.2952309520191614
3614,QXmXRXrCCCLqXLCXRXRX,0.728677297853476,no,,,10893,2.2952309520191614
3615,LX cq(qccXLcXcFXMX),0.8336028448863301,no,,,10893,2.2952309520191614
3616,LXCXRXRLCXmRCXXfXX,0.8538157023171007,no,,,10893,2.2952309520191614
3617,"rL(qfXccmXcMX,  cX )",0.4582641915313873,yes,B1,14,10893,2.2952309520191614
3618,cXCrCXCCqXLXCrCXLXMX,0.6929936526339054,no,,,10893,2.2952309520191614
3619,"(XcXMcQXXXXMLcXX, XRX)",0.676157990003122,no,,,10893,2.2952309520191614
3620,LmmXRRqCLqCXCFLXfLLXXCLqXX,0.9026789508252264,no,,,10893,2.2952309520191614
3621,"fmL(RMQXrCCCXLLXmX, X)",0.8249590154129665,no,,,10893,2.2952309520191614
3622,"r(LXqqccXfccXX, (XmmX))",0.46063042576315855,no,,,10893,2.2952309520191614
3623,LXqqXcXLcXXXLlcXX,0.642627058462394,no,,,10893,2.2952309520191614
3624,CLLQXqLCX rCCXLXRXFX,0.8797329007998971,no,,,10893,2.2952309520191614
3625,"(LQQXCCXCXcqXrLX, LX, )",1.0711774463620085,no,,,10893,2.2952309520191614
3626,"XQF(RQLXXX, RCcXrLXcXXX(X))",0.8177097739795143,no,,,10893,2.2952309520191614
3627,"L(fXFMqXrFCCCXLX(XX, , cX), X)",0.6916017221709148,no,,,10893,2.2952309520191614
3628,"cFXrrcm(XcXRLFXmX, rcX)",0.6834078784744202,no,,,10893,2.2952309520191614
3629,F(QLQCXCXCXXX LXfX),0.7705139893881423,no,,,10893,2.2952309520191614
3630,"(CLX, rrLX(XX,LfX))",0.8026984682142307,no,,,10893,2.2952309520191614
3631,"(rLqccMLmXcLXX, , qX)",0.6572868361360773,no,,,10893,2.2952309520191614
3632,"(FfXRcX, cLQXXcXXX)",0.7602497120272734,no,,,10893,2.2952309520191614
3633,"X(((X)), , rrfXCCLCXX, )",0.6675842005115292,no,,,10893,2.2952309520191614
3634,"LXL(M(qXMfXCXXXRMX), X)",0.8140855064615912,no,,,10893,2.2952309520191614
3635,"Lc(LQLXcXLX, FXfX)",0.502591681705562,no,,,10893,2.2952309520191614
3636,"L(RXC(LLCQXXCXLXX), X)",0.910888038143941,no,,,10893,2.2952309520191614
3637,"qL(XfX, LXXCLCX(XX), m(qCX))",0.8629954131679886,no,,,10893,2.2952309520191614
3638,"qXL(XrmCmCXLX(X, qX))",0.633321706972486,no,,,10893,2.2952309520191614
3639,"LFX(QLXXLfcXXXX, LX)",0.9863756807439551,no,,,10893,2.2952309520191614
3640,"L(q(MLX), qcFXFXcFXLXcLXFX)",0.8459471857990695,no,,,10893,2.2952309520191614
3641,"mL((qfqCCXCCXmX, fXrLX), XX)",0.6276648081577142,no,,,10893,2.2952309520191614
3642,"(FXMLQXM(ccXQXLX), QcLXcqX)",0.721999675150706,no,,,10893,2.2952309520191614
3643,rcLX cFcQXXXcXRqlX,0.5961280833435032,no,,,10893,2.2952309520191614
3644,XXLcqXrFcXcXRXX,0.5639367413423306,no,,,10893,2.2952309520191614
3645,"(((RqXqCXCCXQLfXfX)), XLX)",0.6015618317941477,no,,,10893,2.2952309520191614
3646,"Q(XcXLqXccqXcXXXX, )",0.732916761335962,no,,,10893,2.2952309520191614
3647,"RLLq(QCX(, XXLX), QmX)",0.8341042760719982,no,,,10893,2.2952309520191614
3648,"((mLXCCLXrrCXXXLX), rCX)",0.5736836928421665,no,,,10893,2.2952309520191614
3649,"rcXQ(LLXX(M((LXLcX)), ), )",0.9624070853709216,no,,,10893,2.2952309520191614
3650,"(QMmX, mQX, rXrrLLmCCXMQLXX)",0.6194874170016019,no,,,10893,2.2952309520191614
3651,"rLX(XLLLXX, MQXccLQXXQX)",0.998131449525325,no,,,10893,2.2952309520191614
3652,"RLfF(cmX,,,RLCXLLCCXXqfX)",1.1238099402767454,no,,,10893,2.2952309520191614
3653,"q((XCFCXqXX), XMcXX)",0.5240071910060431,no,,,10893,2.2952309520191614
3654,"LLM(RQCX((X, X), XX), X)",0.9477115057176158,no,,,10893,2.2952309520191614
3655,"ML(, QXXccXXfmX, XX)",0.7093254364481194,no,,,10893,2.2952309520191614
3656,"L(LXrQqCXC(LlfCXLX), LXQX)",0.631445378451777,no,,,10893,2.2952309520191614
3657,"L(Mc(, QXmXXcfXX), cX)",0.6777241869594602,no,,,10893,2.2952309520191614
3658,"LL(RcXRcfX(QLXX), X, fLqqX)",0.8625873433538073,no,,,10893,2.2952309520191614
3659,"(LL(FcqXcqcXXFXXCX, XmX, RX), , )",0.9388240166157004,no,,,10893,2.2952309520191614
3660,"L(LQLXXRFqcfXQq(X(X) ), FXcX)",0.5963978510831579,no,,,10893,2.2952309520191614
3661,"XF(LLXRRCXCXLXXX, FX)",0.9221409279150407,no,,,10893,2.2952309520191614
3662,"CFXq(FXXX, MMXLcXFcXFLXXX)",0.8324505142141779,no,,,10893,2.2952309520191614
3663,fcmqXLXcqXMccLXXrMQXQXX,0.700035011875851,no,,,10893,2.2952309520191614
3664,"LL(,L((RcXRMXcLXFcQX), qcX), rX)",0.8993267252951462,no,,,10893,2.2952309520191614
3665,"L(MMcLLQXX(cQcQXX), X, FX)",0.6820003583880063,no,,,10893,2.2952309520191614
3666,"c(XX, C(FXQmQcXccXfLCcX, XLX))",0.6232089747573735,no,,,10893,2.2952309520191614
3667,"LfXL(qCXmX(F(qCXLX)), ,QX)",0.7802673953188706,no,,,10893,2.2952309520191614
3668,"L(CXLX, LqXCqXRLLCXQX)",0.7607475952305821,no,,,10893,2.2952309520191614
3669,ccXcXqlXXXfcXLXX,0.5560654699712723,no,,,10893,2.2952309520191614
3670,"X((XmX, qcXXcLXMqXXX) )",0.6524967833753049,no,,,10893,2.2952309520191614
3671,"X(qqX(XcMX(XX),X), X)",0.6894591670022657,no,,,10893,2.2952309520191614
3672,CLXXXrrCCCfXLXmXLFXXX,0.6083730514626439,no,,,10893,2.2952309520191614
3673,"(c(LXcXLmX), rLqFXCXCCX)",0.40786713729344864,no,,,10893,2.2952309520191614
3674,"(MqXCXXMLCLXXX, LXXcX)",0.7804308388572895,no,,,10893,2.2952309520191614
3675,"cL(RRXXLXcXQX, cLLXrrX)",0.8028524302923667,no,,,10893,2.2952309520191614
3676,"(, XLXrccmmfqXcLXXCX)",0.8146060327092,no,,,10893,2.2952309520191614
3677,"L(XrrCCXLXFXLXRCX, mX)",0.8660579892702713,no,,,10893,2.2952309520191614
3678,"(L(Xr(X)), fcqXLXcXLXcX)",0.6552111864016118,no,,,10893,2.2952309520191614
3679,LqfXfXrccXLXXcXqXRQX,0.8930570970914922,no,,,10893,2.2952309520191614
3680,cLCXQCCXLXLXLQCXfXLCLXX,0.7762386710686165,no,,,10893,2.2952309520191614
3681,CXRXRCXCLfQXXlXLfLqX,0.5112527016045707,no,,,10893,2.2952309520191614
3682,"C(LCRXFXQCXX, qLLXqXRmCXRX)",0.7899165800129511,yes,B3,22,10893,2.2952309520191614
3683,"LL(LfXX, cMqXXcXLXXX)",0.8268667602930425,no,,,10893,2.2952309520191614
3684,"L(rMqXF(X,CLFXcX),X X, X LQX)",0.9018774996578386,no,,,10893,2.2952309520191614
3685,"X(XrrfLMlCXcLcXXXLX, XrX)",0.8300932595613729,no,,,10893,2.2952309520191614
3686,LXCXrCLFXfXqXCCLXX,0.6837767188307302,no,,,10893,2.2952309520191614
3687,"L(MQXMXCCXXRXMX, rclLLX)",0.7678753084764508,no,,,10893,2.2952309520191614
3688,(LXXMQCCmXLXXCLXXQfX),0.6039800429858159,no,,,10893,2.2952309520191614
3689,"((X, XXCCCLqqXXfFLMfXLfX), )",0.5580719084369121,no,,,10893,2.2952309520191614
3690,"L(QQCLXCCXXX, X)",0.8484545475176372,no,,,10893,2.2952309520191614
3691,"XL(qX, XqqcXmcXXXRLX)",0.6828599354859995,no,,,10893,2.2952309520191614
3692,"((XLcCXCCLqXXXCXX), X)",0.6747278949785047,no,,,10893,2.2952309520191614
3693,"L(RRLfXL(CCXLXfXfX), (X), QfX)",1.1720238095825872,no,,,10893,2.2952309520191614
3694,RqmXLXRccXQXcmXXX,0.6577701057183585,no,,,10893,2.2952309520191614
3695,"FMXLCf(qXXfCXMXX,MXX,cX)",0.723154352490958,no,,,10893,2.2952309520191614
3696,LXCQQCXCCXlLXQFX,0.7635527628213544,no,,,10893,2.2952309520191614
3697,"XLL(rrCCXX(FXXfQX), LCX)",0.8111000028696909,no,,,10893,2.2952309520191614
3698,"FLcX(,XRLXQL(cLXXXX), X,)",0.7531487807236877,no,,,10893,2.2952309520191614
3699,"c(RX((cXXXRfX)), RXrLQXcX)",0.513095477651388,yes,B2,18,10893,2.2952309520191614
3700,"L(LXL((QXCCQXCXXfX), qX))",0.6888701904052932,no,,,10893,2.2952309520191614
3701,"CL(CqXFXmXXfLXCMX, qXRX)",0.8754427861101282,no,,,10893,2.2952309520191614
3702,"m(LmL(FQ(FXcRcXLX, X), mfX))",0.7028244007376133,no,,,10893,2.2952309520191614
3703,"RfXCLq(LXLCqXFXMXX, RqXcfXXRX)",0.9786297012435807,no,,,10893,2.2952309520191614
3704,"L(RQXrmLmCCXQMXfXX, XrcXXCX)",0.8971866180708598,no,,,10893,2.2952309520191614
3705,"LLXL(qmCX, XqXCXLXXCX)",0.8017391298440025,no,,,10893,2.2952309520191614
3706,cQXLmXcXrXrrLcXcMXLXffX,0.7204774469469858,no,,,10893,2.2952309520191614
3707,LX(RRcXXFQcXXLcXRcXXX),0.7778829777483871,no,,,10893,2.2952309520191614
3708,cLFMmXLXcqqcLXcXFLXX,0.7975170450951231,no,,,10893,2.2952309520191614
3709,"QLqCX(XLCqXCqXX,X)",0.6740100126806797,no,,,10893,2.2952309520191614
3710,"XFLRCCMQXX(, RX)",0.33057027866947153,no,,,10893,2.2952309520191614
3711,"(, XXLqMccXlLXrcMcXXXCX )",0.7672138419093538,no,,,10893,2.2952309520191614
3712,"L(fXX, q(LX), X, QQXcLcLLXfcX)",0.6965626947918946,no,,,10893,2.2952309520191614
3713,"QFqLX(rFXFCmXX(XLX), LMLX)",0.7874725959478658,no,,,10893,2.2952309520191614
3714,"(CQXXCLLCXQXX, LX)",0.7642770002698885,no,,,10893,2.2952309520191614
3715,"(X, Xq((LcXFXX((rX), r(XQqX), , LX))))",0.6387164303550837,no,,,10893,2.2952309520191614
3716,"(RRlCCLFXLCXXXX, , L(MX), )",1.1329676164854758,no,,,10893,2.2952309520191614
3717,"(MFXL(rmLqX(LCCXrLX), LLX))",0.6993115260728029,no,,,10893,2.2952309520191614
3718,XlCmCXXRQXCXXlXXLCXCLXRfX CX,0.7311077813387151,no,,,10893,2.2952309520191614
3719,"rF(lLX, XqcX(XXLfX,))",0.6078433628690921,no,,,10893,2.2952309520191614
3720,"C((, m(rrXmXfXXXrLmCX)), LXX)",0.5303157016208608,no,,,10893,2.2952309520191614
3721,"LXr(fqX, ,rMcXcfXLXLX(RqQX))",1.0545776723549276,no,,,10893,2.2952309520191614
3722,(rLXmcqXcLcqFXlLXmXQXqLX),0.7752340555323161,no,,,10893,2.2952309520191614
3723,"(Xcf(FQXfX(XLcXX), XX), cmLX)",0.7163460739455441,no,,,10893,2.2952309520191614
3724,"(XcX, rrLmcLmcXcfXXXX)",0.8962411871216936,no,,,10893,2.2952309520191614
3725,"LFXm(qL(MmXFXCXXXX), X)",0.8945782084291745,no,,,10893,2.2952309520191614
3726,"(CfqXCXLXQX, LQfXr(CqXqX))",0.6402353897831906,no,,,10893,2.2952309520191614
3727,"(RLqXLX, QcLXLXfcfXFMXQXmX)",0.7910337097243676,no,,,10893,2.2952309520191614
3728,"LXq(qLXl(CXQXXX), X)",0.650724814609745,no,,,10893,2.2952309520191614
3729,"(LRCQCMXrFXCXQXcX, LXrmX)",0.7103506124167508,no,,,10893,2.2952309520191614
3730,CXXCCQXXMmXXCXfXQX,0.5513894069128753,no,,,10893,2.2952309520191614
3731,"L(, (FXrLFcFFcXcqLXLXfcXXX,))",0.863178832309865,no,,,10893,2.2952309520191614
3732,(MXcLXQcMQXXcLXMXccX QcXXX),0.6234696305795646,no,,,10893,2.2952309520191614
3733,"XL(fmX, qffXCXXXrCX, )",0.6720740579991209,no,,,10893,2.2952309520191614
3734,"FLM(((XCfqqXCXLXmF(rX)), X),, lX)",0.7274787869814369,no,,,10893,2.2952309520191614
3735,"L(, QfmXCXXCLXXcX, XX)",0.7685770959963497,no,,,10893,2.2952309520191614
3736,"c(LXcqqXcXXX(X), X, )",0.7841768715755726,no,,,10893,2.2952309520191614
3737,"(CfXL(, X), rrcLcXmcLXLXfX)",0.9465664835681756,no,,,10893,2.2952309520191614
3738,"(XLLmX, cqXXfcXLX(RLX))",0.624646472735887,no,,,10893,2.2952309520191614
3739,"mXFX(LX,, RclLQX(qfLXfX, ))",0.6794087561347099,no,,,10893,2.2952309520191614
3740,"c(cXrQXMXLXLcXRXcXXX, )",0.6232466292170047,no,,,10893,2.2952309520191614
3741,"(mlLCFX, F(QLXXcXXLX))",0.7159571223447245,no,,,10893,2.2952309520191614
3742,"rL(XQX, rfcLXLcXXXLX)",1.1954140514014897,no,,,10893,2.2952309520191614
3743,"((XqLXCX(rCXLX), ), X, FX)",0.8035780396231438,no,,,10893,2.2952309520191614
3744,"L(LX, XcQXXcXFXX)",0.8344091108990243,no,,,10893,2.2952309520191614
3745,"(LX((rCCqXCXLX), X), LXcFX)",0.6019174090432483,no,,,10893,2.2952309520191614
3746,"L(RQLcfCXmCLCXXLQX, mXLLX)",0.8518017350972829,no,,,10893,2.2952309520191614
3747,LCFXRLlCLfQFXqLCfQXFLMX,0.658669674741686,no,,,10893,2.2952309520191614
3748,MXQCLCXFXQMCXLXLCXXFX,0.7870296639602178,no,,,10893,2.2952309520191614
3749,"L(LX, rcFXCqX(c(fXXQX), FX))",0.997652330729425,no,,,10893,2.2952309520191614
3750,"L(rCXfX, RRFMCXCXQLMXXCX)",1.1086320037755515,no,,,10893,2.2952309520191614
3751,"LL(XQXc(MXRcXLX), cX)",0.9072945912680148,no,,,10893,2.2952309520191614
3752,"XrLCL(XCqfXLXFFXCX,X)",0.7878144825762221,no,,,10893,2.2952309520191614
3753,"L(RMQffXfF(LMX, XLXRX), cfXRX)",1.0571781039717665,no,,,10893,2.2952309520191614
3754,"(X, XXRcccqQXLXXcXX)",0.6599305921276104,no,,,10893,2.2952309520191614
3755,"XL(XrXCLLqXCXLmMX(X), XFX)",0.8345590758954371,no,,,10893,2.2952309520191614
3756,"F(Q(CQQXLm(, FXRFXCX)), X)",1.0233132131675733,no,,,10893,2.2952309520191614
3757,"C(L(RQLCXrCXLXX, r(X)), , RX)",0.8273657785881549,no,,,10893,2.2952309520191614
3758,cLLmXrqcXcLMXQfX,0.6049676111615039,no,,,10893,2.2952309520191614
3759,"LL(XCFqCXfXX(XXR(, QX)), X)",0.6946489338699936,no,,,10893,2.2952309520191614
3760,LQqXrcLXmfqFccXXmcXXQX,0.7031514613422983,no,,,10893,2.2952309520191614
3761,"(L(rXCXm(rXCqXRXmXRX), XX), )",0.693818769468643,no,,,10893,2.2952309520191614
3762,"cLQ(XXFX(XX, ), FMXX,RXX)",0.8095839712209125,no,,,10893,2.2952309520191614
3763,"(FL(qqCXCCXX(X, ), RXXX), mrMLX)",0.7335646099433135,no,,,10893,2.2952309520191614
3764,RFfCXrqCXLXmLXCqX,0.5025590912860565,no,,,10893,2.2952309520191614
3765,MXcXcqXLfXLccqqcXXmX,0.7458315114171354,no,,,10893,2.2952309520191614
3766,"L(XLCrrCXCXLfX(X), XX)",0.8080378420986564,no,,,10893,2.2952309520191614
3767,"(XCQX(XCXLFXXX), mLFX)",0.595462986444485,no,,,10893,2.2952309520191614
3768,"(LXXMLQCCQXCXXX(X, , ), LFfX)",0.7859247088119068,no,,,10893,2.2952309520191614
3769,"FL((XrrMCCXmXLXfCFX), X)",0.7623771341136539,no,,,10893,2.2952309520191614
3770,"LL((LX, CX), rrCXCXXX, ,XX)",0.9064795232346258,no,,,10893,2.2952309520191614
3771,"L(RcXcQXXrXX, FQmX, XX)",0.9180731922231599,no,,,10893,2.2952309520191614
3772,"((XcQfLXRX, QcMLXmLXcFXXX), X)",0.8154206811055668,no,,,10893,2.2952309520191614
3773,"c(, LFQXX(XcLX), X)",0.5922715065207378,no,,,10893,2.2952309520191614
3774,"RqLQXm(rMqXL(, , QMXX), XXX)",0.9299858001170149,no,,,10893,2.2952309520191614
3775,rQXrLXqqCLCCFXLCXCfMXLmX,0.682321505853371,no,,,10893,2.2952309520191614
3776,"(,F(rLX), mLXQQXcXrXqXMX)",0.7816809112077328,no,,,10893,2.2952309520191614
3777,"(XLX, (RCLMQXCLqCLXrMXX, X))",0.7619373023219792,no,,,10893,2.2952309520191614
3778,"(rLcqXcLXmXLX, , , LXcMX)",0.8037701658397768,no,,,10893,2.2952309520191614
3779,"LL(mCXFCX, qXXmfCXMLXXX)",0.8260911957908637,no,,,10893,2.2952309520191614
3780,"L(QCX, rqXccXCmX,rX)",0.35622332234401094,no,,,10893,2.2952309520191614
3781,"RL(X(XRLQcX(MXX, ), X))",0.6361857587971937,no,,,10893,2.2952309520191614
3782,"FL((XCqXMXLCX(XqX)), XLX)",0.9419145021339451,no,,,10893,2.2952309520191614
3783,"XCCQXLQmXf(,mLX(,CcqfX))",0.5759391292345734,no,,,10893,2.2952309520191614
3784,"Xc(RRXLXLXcXX, cmX(XRcX))",0.6173532524413834,no,,,10893,2.2952309520191614
3785,"(LLCXRmqXrLCXCmXXrX, rLLCQXFX)",0.6984052953894324,no,,,10893,2.2952309520191614
3786,rcLqcLX(RcQcLXfX cLXFX),0.9038932765706186,no,,,10893,2.2952309520191614
3787,"(XX, XrrLLcXcfXLXXRX)",1.0188203595850336,no,,,10893,2.2952309520191614
3788,"L(rCMQXXCLQmXLCQXqLXQX, rX)",0.8612496188620214,no,,,10893,2.2952309520191614
3789,cXXLXRcLXmRcMcXXRQXFX,0.655970562776519,no,,,10893,2.2952309520191614
3790,rLLXcX LQXcXcQXLXMX,0.6754163300849,no,,,10893,2.2952309520191614
3791,"rm(RQ(LXRLCXLCFXX), X)",0.5458545641707757,no,,,10893,2.2952309520191614
3792,LXrrccccMXXXcXX,0.795676783554732,no,,,10893,2.2952309520191614
3793,"RMLmM(((fX)), RcXXXFXcX)",0.5527680153617097,no,,,10893,2.2952309520191614
3794,"L(Xm(LX, ,X), , XLqXLCqCXXRX)",0.7719409653359006,no,,,10893,2.2952309520191614
3795,"F(cLQ(XLFXcfXXX, XX), rqXLX)",0.8788602536147331,no,,,10893,2.2952309520191614
3796,"RFLX(LX(RcXRRLmcXXX), XqX,, X)",0.7146720077620469,no,,,10893,2.2952309520191614
3797,"XCCL((CXRQFX, qXXMCXX),)",0.5670582428540162,no,,,10893,2.2952309520191614
3798,"LXL(Lq(qXmccLXrXcfQ(LQqFLX), ), X)",0.8407612926297184,no,,,10893,2.2952309520191614
3799,"(cMLcq(X,XXLcqLXXXX),  (XXX))",0.8817771593350672,no,,,10893,2.2952309520191614
3800,"LL(CQX,RRFXCLCXXXX)",1.269677864791132,no,,,10893,2.2952309520191614
3801,FcXXcQXcQXRqqLcXcLX,0.6022004407529227,no,,,10893,2.2952309520191614
3802,"c(,L(RLLX, cqXXXcMLXLXLmX),, QX)",0.7957515980219466,no,,,10893,2.2952309520191614
3803,"(X,LXrccXqcXXmcXXFCX, )",0.6189854725082496,no,,,10893,2.2952309520191614
3804,"XFc(XX,QQmLcXFXXLX)",0.5141242739993369,no,,,10893,2.2952309520191614
3805,"R(,LXRCCXRClLXXXXqX)",0.8106615963358642,no,,,10893,2.2952309520191614
3806,"L(rCqXLQ((XCXX), XrmX), Q QXXX)",1.009701318481494,no,,,10893,2.2952309520191614
3807,"MLX(frrXXCXLXX(CX), X)",1.0139422749143963,no,,,10893,2.2952309520191614
3808,"L(X, fqXXCXCCX,   )",0.4951649421591551,no,,,10893,2.2952309520191614
3809,"(FX, XrrLfX(rQCXfmX, X, XLX), fX)",1.0128519309164927,no,,,10893,2.2952309520191614
3810,QQXCLCLCqXrXCXLFMX,0.8440609121822458,no,,,10893,2.2952309520191614
3811,XLXCXrfFfFCXrXCLXXXX,0.7501731322713715,no,,,10893,2.2952309520191614
3812,"rcMqL(XqX,cXLcXLXRX)",0.9389045774595081,no,,,10893,2.2952309520191614
3813,"(Fm(qLXLXCLXXmXrCCXX), LX)",0.7574130438246477,no,,,10893,2.2952309520191614
3814,"(RLXcL(XcQXXQcmXqXrX), , mLX)",0.8343251093379292,no,,,10893,2.2952309520191614
3815,"XCLC(QfXMLXRCXXCX(qXX), X)",0.6930368388515934,no,,,10893,2.2952309520191614
3816,FXLC(LQXRCXRfCqXRXLX),0.711425203474306,no,,,10893,2.2952309520191614
3817,"LLF(cX,rLcqMccXRcXrXX, )",0.9229651352279167,no,,,10893,2.2952309520191614
3818,"L(RRcXXcXmLQQLX, X, RX)",1.0280984730186924,no,,,10893,2.2952309520191614
3819,"C((mCLXrqMXCX(XLX)), rLXLCX)",0.7064436142060425,no,,,10893,2.2952309520191614
3820,"L((RRCCXL(CXFLXX)), CLmX)",1.1367243157633848,no,,,10893,2.2952309520191614
3821,"f(RqLmLQX, cqXLXffLXcXmXCX)",0.6490277589194554,no,,,10893,2.2952309520191614
3822,(LXLXrCXXqCXX rCXXX),0.6542521040508955,no,,,10893,2.2952309520191614
3823,"LLXC(rqXRCXQX, FX)",0.5892003761630986,no,,,10893,2.2952309520191614
3824,"M(XrrCMCXXCXQX, LX)",0.5684272927706049,no,,,10893,2.2952309520191614
3825,"L(XMXM(qX), qcXLXcLXLXX)",0.6820276933405421,no,,,10893,2.2952309520191614
3826,r(cXmmXRqcccLQXcXXqX),0.6402702293285042,no,,,10893,2.2952309520191614
3827,"LFXrqf(MCX(LXX, LX),, X)",1.0020693935160188,no,,,10893,2.2952309520191614
3828,"rL(ffLX, rfcmXcXLXXMcX)",1.2189527366322341,no,,,10893,2.2952309520191614
3829,"L(,XRRCXCXXXX, LmmX)",0.8327169297077267,no,,,10893,2.2952309520191614
3830,"F(LqmXrCCXX, rcLXcXqX)",0.5562720930854466,no,,,10893,2.2952309520191614
3831,qXXXRcqXXFXcXXMXXfXcqX,0.6304050957544715,no,,,10893,2.2952309520191614
3832,"RLcc(, LXXQXcXX, mXF(rX), qX)",0.7909495595650033,no,,,10893,2.2952309520191614
3833,"L(XRFRXcfXXXX, FLLcX)",0.8704862935713022,no,,,10893,2.2952309520191614
3834,"(fCXLqmXXRRCCXRCXLXX, )",0.4097334530585518,no,,,10893,2.2952309520191614
3835,"CXXLL(qqXC(CXQXQfMX), LXLX)",0.8325935296404121,no,,,10893,2.2952309520191614
3836,"(LQXLXr(MX,,, cX), XLLX)",0.5321769804641785,no,,,10893,2.2952309520191614
3837,"(LXCLXrrmCCXXL(mXCX), X)",0.6751889906244409,no,,,10893,2.2952309520191614
3838,"L(LqX, LXrqcXcXQXLX, ,)",0.6370426830115186,no,,,10893,2.2952309520191614
3839,"L(QQLCCXCXmXLX(, XXX), )",1.0400155679512424,no,,,10893,2.2952309520191614
3840,"(X(cX), rcXrcXrLcXXMmX)",0.7404160917012954,no,,,10893,2.2952309520191614
3841,"XRLL(RCCXCLXXXX, X)",1.0829616736298149,no,,,10893,2.2952309520191614
3842,LXXQLccQXrLXXXcXcQX,0.6077871820882579,no,,,10893,2.2952309520191614
3843,"CXL(LqX(rCLCXXQLX), XX)",0.719232129323581,no,,,10893,2.2952309520191614
3844,"CcqLLX(,XCXLFCXX,XMX)",0.8844153883454919,no,,,10893,2.2952309520191614
3845,"r(qXc(XrCXLL(mXX, (X)), fX) )",0.9370353657961208,no,,,10893,2.2952309520191614
3846,"(LLLXRX, rcqLXRcXXfXrqX)",0.9042693050625529,no,,,10893,2.2952309520191614
3847,"c(LLX, rLXqLFcLcXmXcLX(rXX))",1.033707408505007,no,,,10893,2.2952309520191614
3848,"L(,(LcXqq((X),CXMCXLXX, X)), mX)",0.7279208716935426,no,,,10893,2.2952309520191614
3849,(MXXCLXRCQXCfLqLQXXf(X)),0.7277773023944312,no,,,10893,2.2952309520191614
3850,"(XrrCXXLXCXFX, qmXX)",0.7519263622715183,no,,,10893,2.2952309520191614
3851,fFmcLXFXrcFrcLXXcXLXCX,0.8110580445707312,no,,,10893,2.2952309520191614
3852,"(qmXmXccLXmX(FqcXfmFX), LcX)",0.8291596499478538,no,,,10893,2.2952309520191614
3853,"((CmqXLXCXXqLXX, LXX), lX)",0.8264971099173488,no,,,10893,2.2952309520191614
3854,XXMcFcQXXXLXLcQLXFqXLX,0.7059053865960111,no,,,10893,2.2952309520191614
3855,XXLccCqccFqXccXMLLXX,0.7695112202700328,no,,,10893,2.2952309520191614
3856,"LXL(rCqXRmCXXFCX, XRX)",0.6493181073957348,no,,,10893,2.2952309520191614
3857,XqXRMcQcLcXXmXLXXX,0.7440337680845047,no,,,10893,2.2952309520191614
3858,"L(LQXXccXXX, X,,)",0.8883564584789805,no,,,10893,2.2952309520191614
3859,"((LXCLQXXXXL(CXLXX)), rCcX)",0.6123089069879637,no,,,10893,2.2952309520191614
3860,"(Mmc(LQLXcLQXcFXfLXcQXXX), X)",0.7116218539163661,no,,,10893,2.2952309520191614
3861,"(rrCLMfXFXXXF(,LX), FMLX)",0.8202794246184539,no,,,10893,2.2952309520191614
3862,"FLX(qXX(MCMXLLXX), X)",0.7072134634335047,no,,,10893,2.2952309520191614
3863,"ccLX(qXXX((cXLXCX)), X)",0.6230092733606373,no,,,10893,2.2952309520191614
3864,"L(X, XqcXmXLXcXXX)",0.5810220279760315,no,,,10893,2.2952309520191614
3865,"X(LX(MXFcQcXLfXXXLcXMX) ,X)",0.8808940596399208,no,,,10893,2.2952309520191614
3866,"XrL(rfXX(LXrLX, RRCX), lX)",0.7378297374155742,no,,,10893,2.2952309520191614
3867,"X(fXCX, ,QLcXcQXFQqXLLX)",0.7025044549352544,no,,,10893,2.2952309520191614
3868,"LqXL(XrCCXQXcCXQX, X)",0.9521777805615246,no,,,10893,2.2952309520191614
3869,XrcrccXfcLXXX,0.9448665521695809,no,,,10893,2.2952309520191614
3870,"m(CLqX(XCXX(LX(X)), LX), LmX)",0.9773270544093026,no,,,10893,2.2952309520191614
3871,"(QXXCCfqXXXCXXX, X)",0.6409614337241589,no,,,10893,2.2952309520191614
3872,"rXLL(CqXCqffCXXX,XX, fLmXX)",0.7679953983011687,no,,,10893,2.2952309520191614
3873,"((FXMLrqcXLcLcXRQQXmX), cLcXfX)",0.8053248910765811,no,,,10893,2.2952309520191614
3874,"FL(f(cX, rrcXrLcQcLXXX))",1.1106378778880701,no,,,10893,2.2952309520191614
3875,"LLXL(qCXrLlmCXmLQXLQX, ,,mX)",0.9306053661241187,yes,B3,8,10893,2.2952309520191614
3876,"Qc(mXXLXcXQLFX, LLXX,QXX)",1.0621662221263006,no,,,10893,2.2952309520191614
3877,"(XQX, , RCqLqXCXXCLXXX)",0.6852755265500684,no,,,10893,2.2952309520191614
3878,"(rXQcX, QXXCXLXRX)",0.46291049029397247,no,,,10893,2.2952309520191614
3879,"(X XmqL(XqCCXXX, rCX))",0.6458883219004314,no,,,10893,2.2952309520191614
3880,"RLm(RCXfCXLMXmXX, LX)",1.281022773019551,no,,,10893,2.2952309520191614
3881,"qL(rFX, rXLcccXrmX)",0.6545031346797726,no,,,10893,2.2952309520191614
3882,"(cX, rQXcXXXcQFXLcXXClX)",0.6251427963865962,no,,,10893,2.2952309520191614
3883,"L(FLX, qLcXXCMCXXQLX)",0.9061736236089372,no,,,10893,2.2952309520191614
3884,"L(RXCfCqXFLXLXCXX, )",0.8587232753539374,no,,,10893,2.2952309520191614
3885,"FL(QXXcXXXFX, RFcXMX)",0.8210691964815131,no,,,10893,2.2952309520191614
3886,"R(,RLFMXCCXrXLXX,QLX)",0.9163774819898226,no,,,10893,2.2952309520191614
3887,XQcfXXXXRcXLLXRcXLQQXX,0.737172193060987,no,,,10893,2.2952309520191614
3888,"FMLL(rCqXLM(X, X), (QX))",0.7364789493877087,no,,,10893,2.2952309520191614
3889,"L(LqLX, fXcQXXcXfFXmmX)",0.8454204779926893,no,,,10893,2.2952309520191614
3890,XrLXCqCqXLCXLXLQCXflX,0.7158358855891775,no,,,10893,2.2952309520191614
3891,"L(LFqLXLXcXcXXmX, L(qX), )",0.7529485450362763,no,,,10893,2.2952309520191614
3892,L((LCXRRfMCMCXXFCXXcX)),0.8382760972735245,no,,,10893,2.2952309520191614
3893,"LXLL(, X, LLXrrXCXFXLFQXLX)",1.1546772608154485,no,,,10893,2.2952309520191614
3894,"L(XCmLM(fXQXMcLLLLMcQXL(LcLcmX), fX) ,)",0.8788332637282181,no,,,10893,2.2952309520191614
3895,LcqqXQMLFccQXFcLXmXRMLX,0.8074127781559847,no,,,10893,2.2952309520191614
3896,"L(LXMqCX(mMLCXMXrLCXfX), X)",0.9160490363304848,no,,,10893,2.2952309520191614
3897,"(L(LXRR(fX, X),), RRXcXcLLXRX)",1.1211382642322598,no,,,10893,2.2952309520191614
3898,"L(RRLLX(,, LMXXXqX), FX,)",1.6789154369743573,no,,,10893,2.2952309520191614
3899,"(qXFCXfXCLXQXX, RXqMXrX, X)",0.7919856141706807,no,,,10893,2.2952309520191614
3900,CqFXQLXCLQX(CXLLXCfXLLXMX),0.934627283021297,no,,,10893,2.2952309520191614
3901,"LLc(QmQXcccXLX, ,q qX, qqfqX)",0.9054159043180691,no,,,10893,2.2952309520191614
3902,"(LCCXRFFccLLqXrLccXfmcLXXXX, )",1.0284169154610097,no,,,10893,2.2952309520191614
3903,"MQ(L(QQLLLXf(((X,CXrXRRX))), X, ))",0.9247145479379727,no,,,10893,2.2952309520191614
3904,"XL(XqXLCFXfXXLLCMFMX, rLXRccXX)",1.118652504408646,no,,,10893,2.2952309520191614
3905,"M(CQQXCCCLLXXX, , LFcqX)",0.9811724513164085,no,,,10893,2.2952309520191614
3906,"R(FXRXcXXLLXX,  XRqXLX,RRLX)",0.9853635355566512,no,,,10893,2.2952309520191614
3907,"Lf(QXFCXCfCQLXmLLXffMX, RX,,)",0.9521067314056223,no,,,10893,2.2952309520191614
3908,"CL(FLXFXqCFLXLXmqCCXLQXrqFLX,)",0.8045323199327222,no,,,10893,2.2952309520191614
3909,"LXLm(mX(QLXF(fLmXcRXqXX, ), RmCX))",0.9555251013420039,no,,,10893,2.2952309520191614
3910,"XML(mLXLFX, RcQXLLFXcMqXXX)",0.9153714077812259,no,,,10893,2.2952309520191614
3911,LFXMLXRQCCFXLFfCXrqXX,0.8275983564216762,no,,,10893,2.2952309520191614
3912,"FL((RQCLCXLMCXllLmqXX, ), FLQfX CX)",0.9145181008113077,no,,,10893,2.2952309520191614
3913,"(, LXcqcccqLXcXmLXMX)",0.9459092110168135,no,,,10893,2.2952309520191614
3914,"LL(qLXXC(CfXLLCX), fX, )",0.924105071969669,no,,,10893,2.2952309520191614
3915,"LXL(qXXq(L(rLcXLXX), ),, )",1.0415040544211773,no,,,10893,2.2952309520191614
3916,"L(X, XXXCCMqXXLXXCXX)",0.700024189859437,no,,,10893,2.2952309520191614
3917,"FXL(XrFqmX(, XXRXLCX), X)",0.9483355193494503,no,,,10893,2.2952309520191614
3918,"FXR(RFX,, L(LcXRXL(L(cXc(fX)))))",0.8648540935123874,no,,,10893,2.2952309520191614
3919,Xm(MCqXRXCqXXCLmmXLQXX),0.7399408647551361,no,,,10893,2.2952309520191614
3920,LXRXQfcXmQLcLXcXrcXLlXX,0.8226897042539447,no,,,10893,2.2952309520191614
3921,"rCLLc(mMX, rcXLcXXQLXX)",1.4006391310880495,no,,,10893,2.2952309520191614
3922,XMXCfLFXLXrrFCFXLCXrLFLXXX,0.8168170855699645,no,,,10893,2.2952309520191614
3923,"fL(XrMfLrXfXCCXLX, cX)",0.7824574270135995,no,,,10893,2.2952309520191614
3924,"LL(mX, rrLcXcXXFLXX)",1.289641844612728,no,,,10893,2.2952309520191614
3925,"Lmm(cfX, rrcFmcfXFcLLXLXrmmLX)",1.2543077947686316,no,,,10893,2.2952309520191614
3926,"QX(FXLXRCCLXLQXR(M(cX, RXrLX)))",0.7384254362081406,no,,,10893,2.2952309520191614
3927,"FXLX(cLX,RQXMclllXqXfqXLFX)",0.9125740485399169,no,,,10893,2.2952309520191614
3928,"L(QCX(FCffXCXQLXrX, ), QQX)",0.7269669739749862,no,,,10893,2.2952309520191614
3929,"Mq(fLFX,LXXccLXmqXXX,)",1.1001241764487968,no,,,10893,2.2952309520191614
3930,"(L(RLQXCCLXRfMFXLcXLX), LLXrLX)",1.3665528641642204,no,,,10893,2.2952309520191614
3931,"L(L(MLX, rrcXcXLXqXX))",1.3659450178762256,no,,,10893,2.2952309520191614
3932,"LLq(rCXRXCXLXMXr(RLFX), XLXLX)",0.8770325836224563,no,,,10893,2.2952309520191614
3933,"LmF(XrMLMXCqXMLXLLLMXrrFLCX, XmXRX)",0.8747968056410697,no,,,10893,2.2952309520191614
3934,"L(fFCQQXCCfCfLXXLX, rfMX)",0.9593956516233351,no,,,10893,2.2952309520191614
3935,"Lm(Lf(XfX,, cqcqccXcXXX(cX(MX))))",0.8246560123085256,no,,,10893,2.2952309520191614
3936,XLXCQCCXXccXXrLLXX,0.7963465046939089,no,,,10893,2.2952309520191614
3937,"mLqL(XX, McMmXL(XcXfXfFqXfX))",0.8121857658726434,no,,,10893,2.2952309520191614
3938,"(mX, XLXMCCXLqXXFCXXX)",0.745156142503365,no,,,10893,2.2952309520191614
3939,"RLLFL(RLMXCCLmXrXFFXRLcX, X, )",1.4412846346600336,no,,,10893,2.2952309520191614
3940,"LL(,LFLXMmqXqCCXX(rX, rFX,))",0.8565192384022748,no,,,10893,2.2952309520191614
3941,"(XLRRCXLqL(fQ(LX, XLX), ), LXX)",1.0264299475196468,no,,,10893,2.2952309520191614
3942,"X(q(CX(QX), XCLXXCXfX),fLXcX)",0.7254802684561431,no,,,10893,2.2952309520191614
3943,"FL(LXX, LL(cQXXcmLXLXXQX))",0.8643419561022326,no,,,10893,2.2952309520191614
3944,LL(MQXCXQCCXLXrX XFQX),0.7471676168173879,no,,,10893,2.2952309520191614
3945,rmLLMXXqmCXCXMLLXrCLXX X,0.7871940046857068,no,,,10893,2.2952309520191614
3946,"LLCq( MMXLqXL(, QLQXQX), qXX, X)",1.0110593053273547,yes,B4,9,10893,2.2952309520191614
3947,"LXX(rrMCLLXCXRLqXrmX,, mXX )",0.9666643512353991,no,,,10893,2.2952309520191614
3948,"((X), RRLmMCXCLCfQCFQXLffXrXCLqXQX, )",0.9890912267307509,no,,,10893,2.2952309520191614
3949,"L(QFXXLcFXRRFcLQLX,, FX, RX)",0.8709920407100177,no,,,10893,2.2952309520191614
3950,"XXLLL(X, RRXLL(ccfcmMXqX), X)",0.7886603714996259,no,,,10893,2.2952309520191614
3951,cLXcLccqXXLXcqMXfMMcXcLX,0.7334467548247506,no,,,10893,2.2952309520191614
3952,"(L(QXLMX, LQXX, , ), RRLXc(MXfXLcX))",0.8952681378602825,no,,,10893,2.2952309520191614
3953,MqXqXcLcQLFcQXmXMXmFfqXXX,0.8309627622469726,no,,,10893,2.2952309520191614
3954,"(LmLXLX, cqXLXcFXFXFXX)",0.8205839977928067,no,,,10893,2.2952309520191614
3955,"(QLCLLQCXCXXrXX,, LLX)",1.1509355138907602,no,,,10893,2.2952309520191614
3956,"rLC(FC(rXFXXX(L(RX)), LFXXX,XLLX))",1.4994177010526064,no,,,10893,2.2952309520191614
3957,"MLmLC(,RRX(L(,  rLXrXXLcX)), LX)",1.5053197092870696,no,,,10893,2.2952309520191614
3958,"ccqLL(c(QX,  LL(XXcXcqqXLXfX)))",0.78326799412181,no,,,10893,2.2952309520191614
3959,"CQ(LXCXCQMLXRXX,XcFXX,)",0.7992747673116499,no,,,10893,2.2952309520191614
3960,"LFC(qCXLXXLXCXFLmX, XX)",1.0971265697360364,no,,,10893,2.2952309520191614
3961,"(L(qqFqMLXLLcLccmLXLX), ((rX)))",0.8167115232496251,no,,,10893,2.2952309520191614
3962,"QfL(LXcXQcLXLXcccQLXFXX, X)",0.9078741493045945,no,,,10893,2.2952309520191614
3963,"c(mLXLXCmccLfqccfqXLcLXXRXMFlFMX,)",1.1954426766419146,no,,,10893,2.2952309520191614
3964,"(XX, XLXRLcXRcmcXRXXX)",0.7048175352363089,no,,,10893,2.2952309520191614
3965,"M((LfcqXXcXLqmX(XX), RX), , LXX)",0.7955102263554952,no,,,10893,2.2952309520191614
3966,"L(XQLCXMXLCXRLXmmCXXXX,QX)",0.8859901110055598,no,,,10893,2.2952309520191614
3967,"L(rLqmcXcXLfXXrFcXfLX(LX), )",1.0406797550003772,no,,,10893,2.2952309520191614
3968,"LMXL(fLXqCXCXqXFXX, rrQXRcXX)",0.721298369473192,no,,,10893,2.2952309520191614
3969,"L(lX, , ,qXrCCXCLXXrLCXCXRmX)",0.7768244736783909,no,,,10893,2.2952309520191614
3970,LXLLXcqqcLXcXfFXMXLQX,0.9296238104389477,no,,,10893,2.2952309520191614
3971,"L(rcc(rccXMXXcXX, , , ), mX, QX)",0.7594410743312248,no,,,10893,2.2952309520191614
3972,"qL(qMCXLXX,CXrX, XmCXCLX)",0.7509815526428306,no,,,10893,2.2952309520191614
3973,"Lq((L(, rcfLfXRLmcXXrMX), mMX), X, )",0.8718269348387374,no,,,10893,2.2952309520191614
3974,"L(X, QXfXcXfXRqLXMX,)",0.8561237158895019,no,,,10893,2.2952309520191614
3975,"XLL(XrqCmX(cXX, Xrm(X)), X)",0.9007888913958341,no,,,10893,2.2952309520191614
3976,XQLLXqccXrLXcXXRXQX,0.8408091362842092,no,,,10893,2.2952309520191614
3977,QLmXmXLLQCCXXCXLXX,0.9325299146056816,no,,,10893,2.2952309520191614
3978,"L(L(RQLLCX(rCXLFXCXcX), LX), fX)",1.0709169277294361,no,,,10893,2.2952309520191614
3979,"(mXXX, RLcXQXLcXrqfXXX)",0.70485296789204,no,,,10893,2.2952309520191614
3980,"FL(LLXCqXfMXLCLXX(qFX), XX)",1.1508985307980113,yes,B4,4,10893,2.2952309520191614
3981,"CL(L(qXmXqLCCXLX(, LX), X), , (X))",0.8667492079680186,no,,,10893,2.2952309520191614
3982,"(XX,FLXRcRcX(lXLXXrCcX))",0.781874503368066,no,,,10893,2.2952309520191614
3983,L((XRQCfCXRqCLLqLLLCXLX )),0.8210568731990697,no,,,10893,2.2952309520191614
3984,"(FXX, LLXcQFmXFcQXRLqXXmFX)",0.6564947508769107,no,,,10893,2.2952309520191614
3985,"LLQCC(qXCXLX, RLXCLLXXFXFCMX)",1.129050355068117,yes,B4,24,10893,2.2952309520191614
3986,"m(mXLQXrLCqCXCLXXLX(mXCX), MX)",0.910375267150322,no,,,10893,2.2952309520191614
3987,"L(XLqCXXMFCmXMFXX, RX(F(X)))",0.8124645417356775,no,,,10893,2.2952309520191614
3988,"LX(FQ((FXRLccX(XXF(fX(,X), X)))))",0.6798471764953044,no,,,10893,2.2952309520191614
3989,"L(,MLfX, RFQFXCLCCLXLXFmqcqX  )",1.1943325151495676,no,,,10893,2.2952309520191614
3990,m(RCLmXRCXRmLCXFmXRFXrLmXX),0.9001755170425421,no,,,10893,2.2952309520191614
3991,CqLmcFXFccLQXQmXLccXmLMFqqX,0.850092063714833,no,,,10893,2.2952309520191614
3992,"mLLMXFL(RRMXL(, , (LXXXX)), X)",1.526898852141703,no,,,10893,2.2952309520191614
3993,"CXF(LqXXLMCXqX(F(Q(qX))), LX)",0.8701603407563081,no,,,10893,2.2952309520191614
3994,"L(RRmmFCXCXLXX(rX, ), LFFX)",1.3202218827089858,no,,,10893,2.2952309520191614
3995,"L(FXXfcXrLcX, RQccXrXXrMXFX)",0.8307533178324742,no,,,10893,2.2952309520191614
3996,"M(LXqX,LXXRLqccLQXXLcLXfFX)",0.951804928253629,no,,,10893,2.2952309520191614
3997,"f((LQCXLLXLCXLXLLXX), LXLX)",0.9605497372059113,no,,,10893,2.2952309520191614
3998,"cXr(rLCLmXXCLX(LXX), , rX)",1.102304219502287,no,,,10893,2.2952309520191614
3999,"(MX (LFX,RXRLmXcCCX(XLXX), ))",0.8867502060256056,no,,,10893,2.2952309520191614
4000,"LFXM(LLXL(rrLmfCXCXLXrX, ), rX)",1.1507463044333142,yes,B4,12,10893,2.2952309520191614
4001,XLXcfQccXXLXRcLXLLXQQmLmX,0.8340346573957739,no,,,10893,2.2952309520191614
4002,fQ(RLXCCQLXCXXrLmXRCX ),0.9511544106712522,no,,,10893,2.2952309520191614
4003,"LXL(CQQQX(, LXQXXLMX) , LmX)",1.3641133230968823,no,,,10893,2.2952309520191614
4004,"L(L(M(QQCX(, LXXCXX)), qQMX))",1.256332488782195,no,,,10893,2.2952309520191614
4005,"r(rLXcfLMcXRXQlMFccXLLXX,)",0.8893605156302363,no,,,10893,2.2952309520191614
4006,"MLQX(qLXMCqCXLCXX, XXrX)",0.8150618806544164,no,,,10893,2.2952309520191614
4007,RQLXCCCqLLX LXLCXFMXqX,1.113197528927112,no,,,10893,2.2952309520191614
4008,CCLXfQQLFXCXLFXLCMXXXmX,0.9712006858016441,no,,,10893,2.2952309520191614
4009,"(((XCQXXCXRXX(LLX, LX(RX))), qX))",0.7430480730618452,no,,,10893,2.2952309520191614
4010,"rLX(fLqmFXCXCLLXX, XX)",0.841551516497881,no,,,10893,2.2952309520191614
4011,"XL(,,LQX, QXXCLXCXfXX)",0.7365100702356839,no,,,10893,2.2952309520191614
4012,"CLFXQ(M(,(LQX(, XFXfCLLXrFX))))",1.246136143409039,no,,,10893,2.2952309520191614
4013,"(L(mLqX qX, rrLcXcXXXX), )",0.9875869447062311,no,,,10893,2.2952309520191614
4014,"MLC(FLXCqqX(CLXfMX), rLXccXXX)",0.9086786524151054,no,,,10893,2.2952309520191614
4015,"((mMLX, cqqXccLXXqX))",0.9199546776510122,no,,,10893,2.2952309520191614
4016,"L(,cX, rrccXMLffcXXXX)",1.182880037011908,no,,,10893,2.2952309520191614
4017,(rcXrrLQcXMXLXRfcXcmLXLFLX X),0.787596862149474,no,,,10893,2.2952309520191614
4018,"rmm(FLX, rLMcXLcXX(L(LXMX)))",1.4597174412832308,no,,,10893,2.2952309520191614
4019,"Lm(LXrX, LqXXCXmXXqFX, ,)",0.8231650693368205,no,,,10893,2.2952309520191614
4020,QFXRccXLX  LQccXcLXXcQXqX,0.8734215657905242,no,,,10893,2.2952309520191614
4021,CCLXrQLMX CQLXCXLLXCXRmX,1.0058365403759222,no,,,10893,2.2952309520191614
4022,"cMC(,X,  RRXCmfLCLXfXMLX)",1.1069135843506357,no,,,10893,2.2952309520191614
4023,"XFX((CQXQXrLCLqXLXX), LX)",0.631831715117509,no,,,10893,2.2952309520191614
4024,"M(,L(X, X, qXLCXLCqCXFXCX), X)",0.8185692497377429,no,,,10893,2.2952309520191614
4025,"(LFRXrLFCqXCXLXXFX, QQXFX)",0.8406340823186731,no,,,10893,2.2952309520191614
4026,XrCXrLLXrfcLqcXLmXXcXQLX,0.8118802993500509,no,,,10893,2.2952309520191614
4027,"L(L(, LXCLCQQXCX(fLXMXcX), ),, qX)",1.148831518738909,no,,,10893,2.2952309520191614
4028,"L(MXFCmLqLXXMCXFFXX, (rmMXrFX))",0.8232029549833074,no,,,10893,2.2952309520191614
4029,"M(RLCX,LLLXrrmLmXFCXFXQLLX)",0.9722687569304539,no,,,10893,2.2952309520191614
4030,"CL((rLLX), QQXCLCXXXlX)",1.20350394106224,no,,,10893,2.2952309520191614
4031,"qL(,,,(QX, ),rcXccFQXLXCX)",0.9147286628990027,no,,,10893,2.2952309520191614
4032,"LF(RCMXQCX(MMCXMmXX), X)",0.7189916810711584,no,,,10893,2.2952309520191614
4033,"((XRM(RLCXffLfffCXmMXXX)), XrLX)",0.9949843085521676,no,,,10893,2.2952309520191614
4034,rcLqfXLMrLccccXXXXX,0.8199128349491963,no,,,10893,2.2952309520191614
4035,"fCq(qXLmXLCfXX,XLXXX, XXRqqCX)",0.8869243447463186,no,,,10893,2.2952309520191614
4036,"Xr(,XXqQQCCCMXXLmCXF(LqXX))",0.7262108682730667,no,,,10893,2.2952309520191614
4037,"C(LXLLQFCXCCQLXCXrmXcFCX, ,)",0.7966546574353507,no,,,10893,2.2952309520191614
4038,"L(rcCXrXRqL(QXM( X),  XX), rFXRqqX)",1.0011248413344402,no,,,10893,2.2952309520191614
4039,"m(M(RMQfLXCLLLCXX), rfLX)",0.739983973479808,no,,,10893,2.2952309520191614
4040,"CFXL(L(RQX(, fX(XXrcX))),RRX(CX))",1.0570399351334037,no,,,10893,2.2952309520191614
4041,r(LLXCQCXCLfXQCLCFX(QmLXX  )),0.8710626270080116,no,,,10893,2.2952309520191614
4042,"(MLmrLqXRLcLcXqXmX,XX)",0.9723183889495771,no,,,10893,2.2952309520191614
4043,"XXLL((QXX(rLQXcFXX, X)), FX)",1.004870095522482,no,,,10893,2.2952309520191614
4044,RCCXrCLLCXXLXMqXCCLXmCffX,0.894672531655202,no,,,10893,2.2952309520191614
4045,"(cXLQX, rMLcMLLLqXcXRQMXLX)",0.7894755301944256,no,,,10893,2.2952309520191614
4046,"XQ(LLXXqCCMXXLXXL(, LXfmX) )",0.818359996696321,no,,,10893,2.2952309520191614
4047,"(,L(RMCQXrCXMXQQLmXX, rFXrX))",0.9979616559444654,no,,,10893,2.2952309520191614
4048,LXLXfcXRRmLccLXfcLXLXRMLFLX,0.9217671866963385,no,,,10893,2.2952309520191614
4049,ccmXXrLXRqcLqqqXccXXrXX,0.8349632149634207,no,,,10893,2.2952309520191614
4050,"LCcCXL(qqCXC(fL(CXLQX)), ,mX)",0.8992269947835024,no,,,10893,2.2952309520191614
4051,"M(XlX, XLXcQXXcXLXQcX)",0.6973996116724304,no,,,10893,2.2952309520191614
4052,"L(FXrrMLCfXmXMLLXCXrMX, MXX)",0.9370000583678104,no,,,10893,2.2952309520191614
4053,"F(frrfCmmXCXLXCqXLfX, FXRLXLX)",0.8010402832928851,no,,,10893,2.2952309520191614
4054,"M(RLX, XRqcQXXLmXFXQcLcLX)",0.7473810254972423,no,,,10893,2.2952309520191614
4055,"(LLLXCQCXfXfXf(mLXCXm(fLXQX)), MmX)",0.7859557571566441,no,,,10893,2.2952309520191614
4056,"rLLXM(RLQXLL(ccX, LX),  lLX)",0.9611729836339782,no,,,10893,2.2952309520191614
4057,"LX(QXXcXMFLXrXXQX, X)",1.2694942747563414,no,,,10893,2.2952309520191614
4058,"(fcMLcfQXXmLXcXLmXLX, CMLXLQX)",0.8994722245126273,no,,,10893,2.2952309520191614
4059,"((LmXqLqLXLCCCXLX), QfX, )",0.8809413909489915,no,,,10893,2.2952309520191614
4060,CCXLXQCXXmXCXQXXqX,0.725963182742256,no,,,10893,2.2952309520191614
4061,"XrL(XXCMLqCXXRX(rMX), mXX)",0.98095566165936,no,,,10893,2.2952309520191614
4062,"(RqX, CCQLMLmCXRLfMCCLXMFCXLLXX)",0.8894873338652264,no,,,10893,2.2952309520191614
4063,"mFf(mLXmlXqCLXfLLCXXqLCqmXrX, LX)",1.006395513076237,no,,,10893,2.2952309520191614
4064,"LC(QCLQFXCXrXfXL(X,rX), LX,)",1.1079900230954352,no,,,10893,2.2952309520191614
4065,"RQqXL(,QLlX, XqLXLCCXQFXqqQMX)",0.8716438021207487,no,,,10893,2.2952309520191614
4066,RLLLqCfXXrCCXXXrQCLLLX,0.7635692244567157,no,,,10893,2.2952309520191614
4067,"rL(LXrCCXfX, ,ccXFXrLcQQLXfQfX)",0.8469168547396141,no,,,10893,2.2952309520191614
4068,"(XC(mQXMX(XLCCXfXfX) ), X)",0.5817731991235169,no,,,10893,2.2952309520191614
4069,"rmM(X,X, rLCXLCLXLCXX)",1.0566098761312643,no,,,10893,2.2952309520191614
4070,"Q(, QLLXCCLXRqXXLX, LqX)",1.3382590875581286,no,,,10893,2.2952309520191614
4071,FXLCXLCqMXXXLXXXXmCqmXCX,1.026497960629633,no,,,10893,2.2952309520191614
4072,"FXL(QCXXLLCLXXmX, LfXfQX)",0.7061166524833844,no,,,10893,2.2952309520191614
4073,"L(RRFfXccFmXXX,,LmX, fMLX)",0.9785946968859005,no,,,10893,2.2952309520191614
4074,"LXCc(, RQXLq(LLXqX, qXX), , X)",1.1180378719409216,no,,,10893,2.2952309520191614
4075,"LLXL(RXQcQcXrXLMX,XqX, QX)",0.8573141153400465,no,,,10893,2.2952309520191614
4076,"L(CcLLX,ccqqXccmXXCXX)",0.9548042945477598,no,,,10893,2.2952309520191614
4077,"rrL(,LXXCXXqLXX, qqX)",1.0765849870580955,no,,,10893,2.2952309520191614
4078,"RmcL(XFXXfmcLXX, RcXXMXLQX,LXX)",0.9948882320693258,no,,,10893,2.2952309520191614
4079,"(qMcLcXXMqcmFXcfXXlXR(LLX), )",0.6381869191070456,no,,,10893,2.2952309520191614
4080,"LL(XrX, L(RRfcXFXLXLXcmXX))",0.9371897044704472,no,,,10893,2.2952309520191614
4081,"(XlXRXrLCCLLXLXqXLCFXLX, )",0.8541614072166561,no,,,10893,2.2952309520191614
4082,"(rqMLX(XFLLXfX, MFX), XX, )",1.1005280072441816,no,,,10893,2.2952309520191614
4083,"lmLL(FXQQFccLXLcfcXLLX,LX,  MX)",0.99302105814116,no,,,10893,2.2952309520191614
4084,"rL(CqXccL(fLcXRQfmXFfX), X)",1.1138792152890893,no,,,10893,2.2952309520191614
4085,"QXXRM(rXrQcX, mXRRLccqXrcXX)",0.8277744210559311,no,,,10893,2.2952309520191614
4086,"mXmLXfClCQ(XXXX(, LXRRqXX))",0.7023354644640634,no,,,10893,2.2952309520191614
4087,LfXcXMLcXqcXLXrmMcXXMXX,0.7133049421882218,no,,,10893,2.2952309520191614
4088,"(X, ffXQFcmcfXXLXcFXQX)",0.6814554639512296,no,,,10893,2.2952309520191614
4089,mFCXMFXRCCQXMLLCXLCXXXrXMlX,0.7787804102358729,no,,,10893,2.2952309520191614
4090,MLLLXcccqLXmXXfXLcXFqXmX,0.779225041928899,no,,,10893,2.2952309520191614
4091,"(rX(L(CXqXLCLXXrCXLXRX)), X)",0.8281222826397596,no,,,10893,2.2952309520191614
4092,"(Lm((FqXX(CCXMX)), qqLXc(X), X), )",0.5762768670286239,no,,,10893,2.2952309520191614
4093,LLcXQcXFXLcQfXcLFXcXFX,0.826024620183094,no,,,10893,2.2952309520191614
4094,"rqX(m(LXCCqX LXL(, XLXFX)))",0.7600197268545047,no,,,10893,2.2952309520191614
4095,"LXL(qmXMXLcXcXLXX, XX)",0.6944093877597768,no,,,10893,2.2952309520191614
4096,"LFXLf(RRLLX(,,XX(LFXX)), RX)",1.3551496119023376,no,,,10893,2.2952309520191614
4097,"L(,qLXXfccXLFXXccQLXLl(QfX), X)",0.7266618788538052,no,,,10893,2.2952309520191614
4098,"LLcFF(XQFMQccXXrLXLqX, qfX, LX)",1.0947001605804205,no,,,10893,2.2952309520191614
4099,"(RRLXCXCXLXL(X, ), mX RmcX, )",0.8412598243315335,no,,,10893,2.2952309520191614
4100,"L((RfCQLXrCCMLfXXqXLX), mfLqX)",1.061800225889349,no,,,10893,2.2952309520191614
4101,"LXL(XqCXLfXLCX FXX, FMXMqFX)",0.9936063476964684,no,,,10893,2.2952309520191614
4102,"LLc(qqXFCc(XXXqLccqmXqX, ), X, )",1.1990403731144021,no,,,10893,2.2952309520191614
4103,"CXLq(,rMQXQX, FFqXcFXcXXccFXLXX)",0.6928906355640218,no,,,10893,2.2952309520191614
4104,"(X, LMXXLcQcXLcXRMMcXrX)",0.8319584674301838,no,,,10893,2.2952309520191614
4105,"FLL(LLQXXcXLLXLX, McX)",0.9989128899335912,no,,,10893,2.2952309520191614
4106,"(L(fqXLMXccXrqXrmXX, LLX), )",0.9948204738382299,no,,,10893,2.2952309520191614
4107,"(Lc(RRXLcMXLcXX, X), fQXlfqX)",0.9645323295894592,no,,,10893,2.2952309520191614
4108,"QXL(rX, LQX(cXrLLcXfX))",0.9339007161044336,no,,,10893,2.2952309520191614
4109,"F(MCX,LLXcFcqcqXcLXXFQXCFX)",1.1132845842764771,no,,,10893,2.2952309520191614
4110,"Lf(L(rrXL(LXRFqXLX, fMmMXX), cX))",1.3419276447499249,no,,,10893,2.2952309520191614
4111,"LM(rqCXffLcccXRXMFX, FX)",0.9560079276155173,no,,,10893,2.2952309520191614
4112,"(rcL(MQX, rfLMLX(cFXmXLXX), ), )",1.2897391767339967,no,,,10893,2.2952309520191614
4113,"XLL(qXLXLLcXcfXXFqX,X ,)",0.8522827421763491,no,,,10893,2.2952309520191614
4114,"(LLX, LqqcLcXcXfLLqXrmX)",1.0580582876621554,no,,,10893,2.2952309520191614
4115,rqXCCLLXLXqCXXCXX,0.8488241824522009,no,,,10893,2.2952309520191614
4116,"(X, LcXLcqqfXcXMXmXrX)",0.9051589539610725,no,,,10893,2.2952309520191614
4117,"LC(CLXRRLCCXmXXRLMQCXRX, , X)",0.9015400424969439,no,,,10893,2.2952309520191614
4118,L( XRXrLqcXcLLLXcfXLXLXLmXcX),0.9545007962490801,no,,,10893,2.2952309520191614
4119,"LRLcQQcm(,mXqXcXX,XX,(X))",0.8268949410054843,no,,,10893,2.2952309520191614
4120,"Lf( QCQXCXrLL(XXX),X, QX)",1.188197441227938,no,,,10893,2.2952309520191614
4121,"c(,FLLcqcXmXcLXqXLcLXFXqX)",0.7196205604331207,no,,,10893,2.2952309520191614
4122,"L(rcfqfCCXmML((cMXrMqXX), ), mX)",1.1432384350560656,no,,,10893,2.2952309520191614
4123,LXRQCfXCqLCqXCXRmXRLXLX,0.8694479227282891,no,,,10893,2.2952309520191614
4124,"L(qLqX,cqXXLccLqXXLX)",0.992940326309412,no,,,10893,2.2952309520191614
4125,"(CqXFXRLqXX, rLLXLcXrcLXX)",0.7152718457789706,no,,,10893,2.2952309520191614
4126,"cLL(qLXLXL(LqXX(XCmX, ), ), fXfqXX)",1.0188914563728173,no,,,10893,2.2952309520191614
4127,"fCXL(X, X,, rXrXFCXrLX)",0.7385107019610784,no,,,10893,2.2952309520191614
4128,CCCCLmXRLCLQfXCLqQLCLXcCX,0.8074936928863549,no,,,10893,2.2952309520191614
4129,rLCXXQCLXCXQCXXXX,0.792634542663585,no,,,10893,2.2952309520191614
4130,"LLMX(X, fXRRMLmXcXFXLXRLX)",1.2783269228503282,no,,,10893,2.2952309520191614
4131,"F(rLXFXlCFFLXrQqLXmCXXLCX, X)",0.8206533147230904,no,,,10893,2.2952309520191614
4132,"((qFLLXrCXCqMXCLCmMXCMLffXXX), X)",0.8206389594770807,no,,,10893,2.2952309520191614
4133,"LLL(RRCLX(, LmLLXLMXRcQXX), FqX)",1.9182979424053774,no,,,10893,2.2952309520191614
4134,"rXL(rLXmC(rMCXXXX), XMLcX)",0.8403137744552054,no,,,10893,2.2952309520191614
4135,"L(mFfX, LLXRRccLXXcMXrX)",0.7323793981229257,no,,,10893,2.2952309520191614
4136,CCRRLFXQCXLmXFLCXmMXRLFX,1.0155943153945393,no,,,10893,2.2952309520191614
4137,"LXL(RQMX((rqXX, , )), qXCXX)",0.7585330251241789,no,,,10893,2.2952309520191614
4138,MLXQQLFXMCXCXXXLMCXrX,0.8282627639231805,no,,,10893,2.2952309520191614
4139,XLCLCXqLMQXCCQXXCCXcXCXX,0.6787634608254027,no,,,10893,2.2952309520191614
4140,XLQQCXLFCXCXXfXLX LX,0.8859464362180275,no,,,10893,2.2952309520191614
4141,"LL(XCqfXXXFmCXq(LX), qX)",0.8179883358449993,no,,,10893,2.2952309520191614
4142,"RLf(mCX, RLFLXmCCXXXMX)",1.0926464367110018,no,,,10893,2.2952309520191614
4143,"LFL(LX, qCmXFCXCMqXrLXLLX, , XMX)",0.8245312320819632,no,,,10893,2.2952309520191614
4144,"LF(fLXrcqcXfclLLLcmXcX, )",0.6965344998965651,no,,,10893,2.2952309520191614
4145,L(qXLqXQc XQcXcXrXL(M(LmX))),0.6973490661417486,no,,,10893,2.2952309520191614
4146,"M(Xf(, cLcfX(LXcQXX(cXLXX))))",0.7637887587731388,no,,,10893,2.2952309520191614
4147,"LL(CqXX, rXrFcFFXcLXLXrfX)",0.9812399551757904,no,,,10893,2.2952309520191614
4148,"L(FLRRCXCXLXXLMLX, XqX)",1.1763959700688391,no,,,10893,2.2952309520191614
4149,"f(fCQMXLXCXXLXrL(FCX), LXMFX)",0.8780522058419067,no,,,10893,2.2952309520191614
4150,"XmL(qXLXCCLXXX, X)",0.9939851300198121,no,,,10893,2.2952309520191614
4151,"LMcfL( (LX), rrcXfcLXXX(X))",1.2728915456986314,no,,,10893,2.2952309520191614
4152,"L(XRM(RccmXXlXFLXLX, rqfXRCX), mXFX)",1.2701936258223445,no,,,10893,2.2952309520191614
4153,"cMXLXFXFXfL(mXX, QXQcLMcXmLLXQQ(mFLX))",0.9952511695897267,no,,,10893,2.2952309520191614
4154,"mm((RmLLQXCLLC(XmQ(X))), rLX)",0.7200258815164076,no,,,10893,2.2952309520191614
4155,"L(, FXrLCQXRFLMCXCmXQXXX)",0.9630781104221571,no,,,10893,2.2952309520191614
4156,"CcL(X,rrCMLccmXcLLXXXqX)",1.4621979984067648,no,,,10893,2.2952309520191614
4157,"LF(CLCQQXCXLLXLLX,  fX)",1.090219435839734,no,,,10893,2.2952309520191614
4158,"LL(r(X), QCmLcXXFFcFfXLFXrrLX)",1.1623946075961185,no,,,10893,2.2952309520191614
4159,LLXRLXCXrrLCXCfXRqFXRXrMX,0.8975185954281995,no,,,10893,2.2952309520191614
4160,c((RRmLLXX XcQLQXccLXfXqMXqX)),0.8000714871678581,no,,,10893,2.2952309520191614
4161,"L((qLXCXLlLXXMCXRX), LXqmcMX)",0.8672942559612362,no,,,10893,2.2952309520191614
4162,"qL(qXX, cXXLFcLqcXrX(X))",0.8497333053284001,no,,,10893,2.2952309520191614
4163,"XLLL(qXMCfXXCLXqX, FX)",1.0608865983709044,no,,,10893,2.2952309520191614
4164,"XL(QXXCCXRQLQfXmXrX, XMLX)",0.84763548578104,no,,,10893,2.2952309520191614
4165,"L(L(L(XQLXLLQccXLXmLX, LX), , cqX))",1.2078372947874962,no,,,10893,2.2952309520191614
4166,"FXLXm(rrLX(LMXXXX, X), X,)",1.346335075835459,no,,,10893,2.2952309520191614
4167,"L(RRfXlcMXXXX, (cFX), X, X)",0.8329582474402769,no,,,10893,2.2952309520191614
4168,"LLXL(X,, ,RQfcccXrfmcmXqX)",0.7158904872402924,no,,,10893,2.2952309520191614
4169,"l(RMX, XqcXLLcXrcXRqXXcXX)",0.7155033996682286,no,,,10893,2.2952309520191614
4170,"(LcRRFfXLXcfLcXX, X, rqFmX)",0.9342637003338655,no,,,10893,2.2952309520191614
4171,"L(X, RRmXCCFLXXLLX,)",1.0681769020581402,no,,,10893,2.2952309520191614
4172,"(L(fMRRXXcLcLLLFfcXMLX, , cLX), mLX)",1.1531750381019317,no,,,10893,2.2952309520191614
4173,"L(LMqXCCXXCLqXqXX(LX,, (X)), mXFX)",0.7890615254620987,no,,,10893,2.2952309520191614
4174,RFmCLXCqCXCLXCmXQmmX,0.7149296329612164,yes,B2,8,10893,2.2952309520191614
4175,"CL(QMqLXqCCXXXXCmqqX, mXX, X)",0.7339965767259905,no,,,10893,2.2952309520191614
4176,"FLFXLX(qrLXRMCXLXLXFX, ,LXX)",1.0265850393999403,no,,,10893,2.2952309520191614
4177,"(,mL(R(RLLCXCX(XXfX)), X), )",1.1997216069356336,no,,,10893,2.2952309520191614
4178,"LL(qXFQccXM(QLXL(FXLX, cX)),,,)",1.1686935226762272,no,,,10893,2.2952309520191614
4179,"L(XFX, (qcXLfFXcMXfXX((X))))",0.7666830422753343,no,,,10893,2.2952309520191614
4180,"(L(XRRmXLcXFXX, , X, X))",0.7816198521605893,no,,,10893,2.2952309520191614
4181,"CFXXmL(f(LqXrCLMCXLQXmX), LXX)",0.8669942048946155,no,,,10893,2.2952309520191614
4182,"MC(LXCCCQXLMXXQCXrXr(RX), QX)",0.7248680284900342,no,,,10893,2.2952309520191614
4183,"L(RRmLCLFXCXQXXCLXRLLqXX,  )",1.100670849607293,no,,,10893,2.2952309520191614
4184,"(RCXLXQCLXXfCXRXX(rCX), RCX)",0.7979691820535559,no,,,10893,2.2952309520191614
4185,"LFC(qLCX(FX(FLCqLXX)), mX)",0.8241151992938547,no,,,10893,2.2952309520191614
4186,"LXXMfLf(CqX(fCXXLLqXFLCCmXXFX), CXCX)",0.9639577761555221,no,,,10893,2.2952309520191614
4187,"(,LL(, FX, , rrCccXLMcXXXrrQCX), )",1.419065257135783,no,,,10893,2.2952309520191614
4188,"FXQ(XcXqQXQLX, QcXLmXcXRFmcX)",0.6910396244526698,no,,,10893,2.2952309520191614
4189,"RcL(XQFXLcXX, ,XXXX,qmQXXXlLX)",1.1440724329602752,no,,,10893,2.2952309520191614
4190,"LXF(rrLLCXXXLFCXX, , (fFX))",1.130873240660906,no,,,10893,2.2952309520191614
4191,"L(,LXMQXRcLcFXcXFXXRLcXcXX)",0.7933075688033712,no,,,10893,2.2952309520191614
4192,"L(LQXXccXFXX, FX, , )",0.8893525938833261,no,,,10893,2.2952309520191614
4193,"L(QmXcX,,, ,RFLcXmQcXFXX(FX), LX(X))",1.049543592804057,no,,,10893,2.2952309520191614
4194,"LQLXRL(XcfcMXFfXFXLLX,mQMfXX)",0.805003641860774,no,,,10893,2.2952309520191614
4195,"L(RXRCLXRCCXLLXm(Cf(rX),), QfX)",0.9205195023573463,no,,,10893,2.2952309520191614
4196,"(L(mMX), XXRRccccLXLcLXQLX(LX))",0.8291672364420744,no,,,10893,2.2952309520191614
4197,LLFcXrrcfLFXcLcXRQXmX,1.0309434719851378,no,,,10893,2.2952309520191614
4198,"XQ(,   , QXL(fCfCCCXqXrFQX))",0.716180788203675,no,,,10893,2.2952309520191614
4199,"L(LQXLXFcXXLLXFX, cfQLXFX)",1.0974660467399362,no,,,10893,2.2952309520191614
4200,LLXqXfLcqXcmXLXcXFXXQX,0.8539873558130244,no,,,10893,2.2952309520191614
4201,"Q(CXLXC(X(RCLfX(X))), LX)",0.7261769077694538,no,,,10893,2.2952309520191614
4202,"q(L((RcLLqcMXfccqcXLcXLXf(CX)), ), RmX)",0.9926720234902366,no,,,10893,2.2952309520191614
4203,"(XL((LX)), XX, RRCXLccMXLXX)",0.8812812442992813,no,,,10893,2.2952309520191614
4204,"(RRLLCXCXLXLLX, QX)",1.0459953958096997,no,,,10893,2.2952309520191614
4205,"CcLL(MX, rrLcXcXMXrLXMX)",1.2149801358107803,no,,,10893,2.2952309520191614
4206,"cMQ(L(QXL(LLX, X, )), LMLmQXcXFX)",0.9607820754562093,no,,,10893,2.2952309520191614
4207,"Q(CMqLX((qfXF(CXQFXRLMmLX)), ),X)",0.8904009962826871,no,,,10893,2.2952309520191614
4208,"QLLM((, XFLXcXXXX), FMXmX)",0.7839421335810776,no,,,10893,2.2952309520191614
4209,"CLQ(QCMXCLLLCFXLMXLX, RQX)",1.2275091671382878,no,,,10893,2.2952309520191614
4210,"LLcXcMm(Lqm(qXcfXQqLXX, FqX))",0.8021376284507674,no,,,10893,2.2952309520191614
4211,"qLqXL(QXcQLXrcXRL(FX), X)",0.9468971134092089,no,,,10893,2.2952309520191614
4212,"((LL(L(CQQXL(mCmCXFFXLX)), rqX)), , )",1.073560348493017,no,,,10893,2.2952309520191614
4213,"LL(CQCXQXCLlqXrLXcQ(FX), rFX)",0.7862708084891598,no,,,10893,2.2952309520191614
4214,"L(rmqXMXX, (LXLcQXLXcFXLXqX))",0.9813449649804116,no,,,10893,2.2952309520191614
4215,"cXL(rrfXL(MX(X((XcL(qX)))), ), mX)",1.323558491027601,no,,,10893,2.2952309520191614
4216,"M(LqLLXLXCXLXFFXX, MXMXrMX, )",0.939079673993094,no,,,10893,2.2952309520191614
4217,"(rMLmX, qcXLXcXXLcXRLX)",0.8211118458320407,no,,,10893,2.2952309520191614
4218,"XcL(RXX, (RcQXLFXXLX))",0.6203842135678879,no,,,10893,2.2952309520191614
4219,"(RfCXQXXmX(cX, LLCXCXLXXRXCXrX, ), X)",0.7692215509631026,no,,,10893,2.2952309520191614
4220,LQXLcXcLQXLcXcQXfXrX,0.8492152470171457,no,,,10893,2.2952309520191614
4221,"q(, cLXcXRLcQXccXqXQX)",0.7896107119831051,no,,,10893,2.2952309520191614
4222,"cL(QLXCQfXfqX, cFQX(XXXXF(m(X))))",0.6581406981171671,no,,,10893,2.2952309520191614
4223,"(LXF(cfX), cLXLXRXLcQLccXMQX(qFX))",0.8221659514041884,no,,,10893,2.2952309520191614
4224,"LL(FqXX(FXFXX, rLXCXCMmXXX), mXX)",0.8720668508321819,no,,,10893,2.2952309520191614
4225,"LM(RFXQCLXqLCXmXrX, QXcfXcX)",1.0022995215682848,no,,,10893,2.2952309520191614
4226,"(C(L((MLMXm(rCXrCXfXCLX), X)), ))",0.7327678417719766,no,,,10893,2.2952309520191614
4227,"rqXr(LM(XCfX((fXLXFX)), RX))",0.8081770581236851,no,,,10893,2.2952309520191614
4228,L(fQmLXcccXFXLcXMcQXXXcXqX ),0.8878127655899838,no,,,10893,2.2952309520191614
4229,XrCLQFXCCMMLCqqLXXRLXfLCCfX,0.8594013797242113,no,,,10893,2.2952309520191614
4230,"L(LLQXXQCLLCXrXLX, LX)",0.9351946122312462,no,,,10893,2.2952309520191614
4231,"LFc(rX, rmLLfcqXLLLcFLXR(QLLX))",0.8084176986942321,no,,,10893,2.2952309520191614
4232,"(rrLLCXXLCqCQLCXX, (XX))",0.8328418723435971,no,,,10893,2.2952309520191614
4233,"(LQXFCLXCQLXLXLmmCXXX, LLX)",0.9560724506874065,yes,B3,21,10893,2.2952309520191614
4234,FQLLccXqXcLqFFXcXXX LQX,0.9610551101680447,no,,,10893,2.2952309520191614
4235,"(rFQFLFqX, rrcLLXfcXXLLXRQX)",1.274151054371975,no,,,10893,2.2952309520191614
4236,"(RLLXQCCLXLXCLXQXX, MXLX)",0.9818859717331385,no,,,10893,2.2952309520191614
4237,"CXLLLLRR(,RX,LXCXXXFMLXmX)",1.2609049496478637,no,,,10893,2.2952309520191614
4238,"LLXcq(X(LLFXcLqFXLXX), L LX)",0.8231662791270925,no,,,10893,2.2952309520191614
4239,XCLLMXXqLCXfXXCqLXLfQFMX,0.8651466324121165,no,,,10893,2.2952309520191614
4240,"L(qX, qLXfmXL(MCCXXX), CX)",0.9455284977060866,no,,,10893,2.2952309520191614
4241,CFcXfMqLXRFccXLQMXFcXXLLX,0.8211067628161712,no,,,10893,2.2952309520191614
4242,"M(LfmX, (rrCclcmLLMXLcXmX(XLX)))",1.345918849761889,no,,,10893,2.2952309520191614
4243,"LXR(Xf(cMQQXXFcXLX,rQX), mFCX)",0.7149740435848014,no,,,10893,2.2952309520191614
4244,"LLC(m(QXXCXXXRmX),rrFmXX, )",0.8875319766190989,no,,,10893,2.2952309520191614
4245,"FLXL(cLX, XRRcXMXLcXX)",0.9754095218361417,no,,,10893,2.2952309520191614
4246,"L(LXCcXcX, rmcqMXRLcXFMXXXRffX)",0.914716370126195,no,,,10893,2.2952309520191614
4247,QFXCXLCQCXXLqXCX,0.7392896770687725,no,,,10893,2.2952309520191614
4248,"XFMXrL(MX, XrFXCMXLMXLX((X)))",1.1055121795765996,no,,,10893,2.2952309520191614
4249,"RLcL(RXLCCXfXLXr(mX), fX, )",1.4679978409249121,no,,,10893,2.2952309520191614
4250,"L((XrCXXFqmXLLmCfXLX), XX)",0.9077834066245664,no,,,10893,2.2952309520191614
4251,rClLMXRXRLCCLXRXLmLCXLFXmX,1.034507829964044,no,,,10893,2.2952309520191614
4252,"cLXLM(rqmXcqQXLXXX, fXCX)",0.9298403566617935,no,,,10893,2.2952309520191614
4253,"XCFXXrQXff(CqXqLX((,LXXX)))",0.7854864218768488,no,,,10893,2.2952309520191614
4254,rqL(XXfXLcXLXFcqXcXLXX),0.7694485347271008,no,,,10893,2.2952309520191614
4255,"fXL(XqXLfqCfCXmLXqLX,rX)",0.7795712273008321,no,,,10893,2.2952309520191614
4256,"mqL(XX(X(X(X), LX)), XqX)",0.5349463769633951,no,,,10893,2.2952309520191614
4257,"Lf(,qXXcXMcMMLmX(QXqQFX), L(X))",0.8152604775024331,no,,,10893,2.2952309520191614
4258,"FLXL(LLMQXCX, QXLXCCMXLQXLXccX)",0.9091325127941724,no,,,10893,2.2952309520191614
4259,"L(fLX, QXLFLCXCLLQXrXFXX, mXX)",1.0617674484419066,no,,,10893,2.2952309520191614
4260,"L(RfMQXRqfrFL(QX,QLXXX), RLX,, )",1.3968150573641345,no,,,10893,2.2952309520191614
4261,"fXLc(cQLXFQcXLcX, QX, fcX)",0.7153363877026784,no,,,10893,2.2952309520191614
4262,"(MRRLLCXMCXXrLXQX, , RLfMfX, )",1.2481124022475965,no,,,10893,2.2952309520191614
4263,"M(cmLcXmXXLF(r(CqX), qCXXmmCXXX))",0.7610272576762496,no,,,10893,2.2952309520191614
4264,"cLL(rX, rcfccfqXcRfMXrXCcXX)",1.014860951710162,no,,,10893,2.2952309520191614
4265,"(, LmXmqX, rfLXrLmcXLcXLqLXX,)",0.9824354189044147,no,,,10893,2.2952309520191614
4266,qXrCXCLCLCXfXmCqXXCLXrCX,0.9024830064880449,no,,,10893,2.2952309520191614
4267,"LLM(FqLLXLXcXcXRFmXX, RQqX)",0.763055516097711,no,,,10893,2.2952309520191614
4268,"MLXL(QQCXCXLqXr(XX), q(qLLX))",1.1212203493529593,no,,,10893,2.2952309520191614
4269,"LL(, L(RRLCXFCXLXXX),,FLX)",1.4205378102898358,no,,,10893,2.2952309520191614
4270,"lL(qqXLCmXFX, rLcLXFcXXMqXLX)",1.0366517927968995,no,,,10893,2.2952309520191614
4271,"MLXL(rrXMccXLfXfX,, )",0.9699840199361536,no,,,10893,2.2952309520191614
4272,CXXRRLCXCLXRMXLX,0.8743423665059716,no,,,10893,2.2952309520191614
4273,"X(XRqmMQlX(mXLccMX X),X)",0.6033637157577383,no,,,10893,2.2952309520191614
4274,"XLXL(, QX(XcX , , X), RRLXcLXX)",0.8626421194263657,no,,,10893,2.2952309520191614
4275,"L(mXrrXCXLXLfXFX, RLXXrX, X)",1.1429501119772612,no,,,10893,2.2952309520191614
4276,"L(LX, RLQcXLLF(mQX,(X,XX,XLX)))",1.1641224075191419,no,,,10893,2.2952309520191614
4277,"(, qXL((RccQLcXXXXLX)))",0.9211181099980964,no,,,10893,2.2952309520191614
4278,"L(RcX, L((fLqXCXXXFXL(XQCX), LXLX)))",1.2598119953797902,no,,,10893,2.2952309520191614
4279,"(rLfXRccXmXXRFcXRmLLcXLcFlX, ,)",0.8772842166006097,no,,,10893,2.2952309520191614
4280,RMfFLXqXcXLLcLqXcXMLXXFX,1.0203807810209027,no,,,10893,2.2952309520191614
4281,"Q(LLQXQXccXLLXfXQLcXLXmFLX, ,, )",0.8301077815206567,no,,,10893,2.2952309520191614
4282,"LXL(mfXrCqXLCXRLLXX,mqXmXCX)",0.8148511164502331,no,,,10893,2.2952309520191614
4283,"XrlMcL((LqXLC(((cmLXLXX), )), X))",1.1068494687134343,no,,,10893,2.2952309520191614
4284,XmRFCQLXRLCCXXCLXfXX,0.9025947614005884,no,,,10893,2.2952309520191614
4285,mXRCC(m(mLMXRFCXRLLMXCXXX) ),0.8099995194478703,no,,,10893,2.2952309520191614
4286,"L(LX, qcXcXXqMcXRqFXRQRQX)",0.7310305449919825,no,,,10893,2.2952309520191614
4287,"LX(QmXXcXXLqXmX, X)",0.9463823704215245,no,,,10893,2.2952309520191614
4288,"f(((L(RLXRLCXLCXcCQXCXX)), FXFXX, ))",0.9151626379785408,no,,,10893,2.2952309520191614
4289,RXfXFcXLQcXLXcXLQXLcXX,0.9149747295289798,no,,,10893,2.2952309520191614
4290,"(XL((RRLXXcLLcXMLX)), cFLX)",0.8731637430642301,no,,,10893,2.2952309520191614
4291,"(cXFqccXLXcqcMXLLX(QX), CMX)",0.7572477218178966,no,,,10893,2.2952309520191614
4292,"Rc(X(rcX), Q(XqcMXX), RRXrfcXL(X))",0.8373576937494946,no,,,10893,2.2952309520191614
4293,"LMLQ(RmXLF(X, L(CX), rFQX), cX)",0.8932034954955128,no,,,10893,2.2952309520191614
4294,FLMXLmcX rLqcLXcFLXLqXCX,0.9676431864289345,no,,,10893,2.2952309520191614
4295,"Lm(mX, XQLcXMXcXrLcX)",0.819901880005593,no,,,10893,2.2952309520191614
4296,"L(,QXmX(cXXrXFXX), LXLXrFX)",0.9500911276699786,no,,,10893,2.2952309520191614
4297,LXCXRLfMQXLLCfLLCfLCLXLX,0.6517110586032231,no,,,10893,2.2952309520191614
4298,"(FLX, CFLFLXqCFCXMLXXXLLCCX)",0.8847350236786051,no,,,10893,2.2952309520191614
4299,L(LX (rrFccLXL(mFcXLXMLX))),1.1805429489096606,no,,,10893,2.2952309520191614
4300,"L(CQXLcXX(RFLFXrX, ), XX)",0.9031377716469553,no,,,10893,2.2952309520191614
4301,"qLL(QLQXccXrQLLX, XCX,XMMX)",0.8729413264307284,no,,,10893,2.2952309520191614
4302,(FXrCXMXX qmLXCXrCCLQLQfXMX),0.6883421922203835,no,,,10893,2.2952309520191614
4303,"LL(RCX, rXrLmFXLLCXFFLXX)",0.8783897098446292,no,,,10893,2.2952309520191614
4304,"LXm(RXMXMFQcXRqcLLXX, FLX)",0.9137577569699739,no,,,10893,2.2952309520191614
4305,"L(XXFX, QLXMXFLcXLLcXX, )",0.8908287805472671,no,,,10893,2.2952309520191614
4306,"F(r(QcX, RRFcqQXLfXFXLcXFX), QX)",0.8695247695997552,no,,,10893,2.2952309520191614
4307,"fQXLX(R(X,LXFCCMXXm(QfXLX(,RXrFCXF(mX) ))))",0.8580590206666524,no,,,10893,2.2952309520191614
4308,"LXf(LCmXXlX, rFLLqXCCXRLXQLmX)",0.7943621563605284,no,,,10893,2.2952309520191614
4309,"M(rX, FqqqXrcqLL(XLX, ))",0.7519558401058811,no,,,10893,2.2952309520191614
4310,"LfFXrLmL(rLX(QMLXFLFXfMX,, ),, )",1.3568760836800378,no,,,10893,2.2952309520191614
4311,"((rfFLXrrFCMCXQXLX, mXLX), LX)",0.8274216776190835,no,,,10893,2.2952309520191614
4312,XLLCXQCFCXLXfXLCfQXXX,0.8331591419389195,no,,,10893,2.2952309520191614
4313,"L(lQ(XMXLCCXMQXXX), X, )",1.052204822323726,no,,,10893,2.2952309520191614
4314,"LL(F(X), LXQcXMXXcLXmX)",0.9767854089631915,no,,,10893,2.2952309520191614
4315,"((rXXcLLLQccXmcXXFfLXqX), RX)",0.8684662325139633,no,,,10893,2.2952309520191614
4316,"XL(fFLqXLXCXFXLXX, X, )",1.0656627859790524,no,,,10893,2.2952309520191614
4317,"RLFF(CrXRRFLLCCMX(, XcXmX))",0.9692271284597503,no,,,10893,2.2952309520191614
4318,"LFXQcXcQQXFL(,, fCXrqXfqQQLX)",0.7482366882469311,no,,,10893,2.2952309520191614
4319,"LXL((CQXcXFXLLcXLX), ((fMX(X))))",1.0452955894738114,no,,,10893,2.2952309520191614
4320,"(XrMLX, XQLcXcXRcFXLmMLLX)",0.7994968952350215,no,,,10893,2.2952309520191614
4321,"L(rFQX, rcXcLqXMLcXLXcX)",1.0170324595313986,no,,,10893,2.2952309520191614
4322,"(,FqXfXLccXr(XrXFX), L((X)))",1.0674401647691298,no,,,10893,2.2952309520191614
4323,"FCQ(CMQLXCXrLXXX, RLX,)",1.18233990583739,no,,,10893,2.2952309520191614
4324,"XFLcL(XX,FcQQXX(XLqXrfX))",0.7153916774363189,no,,,10893,2.2952309520191614
4325,"MLX(rLMXrMCX(LLXRqCXX), XLX)",0.9607731979960735,no,,,10893,2.2952309520191614
4326,"L(mLfQLXLFXrFL(LXX,, LXMX), RQcFXFX)",1.2479326655705985,no,,,10893,2.2952309520191614
4327,"(, (QLmMLXFfXccLLLMXX), X)",0.8102307440220027,no,,,10893,2.2952309520191614
4328,"(XLfq(XLLMXCCLXmX(rMqMX), X) )",0.9945269136128408,no,,,10893,2.2952309520191614
4329,"L(CmMCQLXX(LCQXXqXXlMX),,XXcX)",0.8927138975147598,no,,,10893,2.2952309520191614
4330,"fL(fX, X,rrMFcfXcXLXFXMMX, )",1.0967480681953594,no,,,10893,2.2952309520191614
4331,"C(, F(rLLMqX(L(cXMXLcCXX), )), RLQX)",1.6435573458215684,yes,B6,10,10893,2.2952309520191614
4332,"(f(LMLXRQCCCLLXXrfXLX), fLX)",0.6670708433857521,no,,,10893,2.2952309520191614
4333,"RLL(XQCCFXXXLXmQX, XX,rX)",0.890934651535038,no,,,10893,2.2952309520191614
4334,"F(QCX((CXCLXQXq(XQX)), ), X((LX)))",0.9266907396032231,no,,,10893,2.2952309520191614
4335,rLLqqLXcQXcQXXXrLXLccqQmQmXfcX,0.7989933528518692,no,,,10893,2.2952309520191614
4336,"RCQ(LMXrL(, LXXfX),CX,,)",1.220790105355807,no,,,10893,2.2952309520191614
4337,"LLQL(LqCX, XX(cXXrXX))",0.9046810908927818,no,,,10893,2.2952309520191614
4338,"LX(cfMfX, XrrXCLCXLXmcX)",0.8796641890192388,no,,,10893,2.2952309520191614
4339,"(LXccXrrcccXFXXLLLXRX, )",0.9728852846134494,no,,,10893,2.2952309520191614
4340,"LL(rLXqCCXFX(CXRX), X)",0.6987820939930193,no,,,10893,2.2952309520191614
4341,"fcmL(X, mX,qLXcXqLXcXXXqcFXLX)",0.787884300705514,no,,,10893,2.2952309520191614
4342,"LL(RRMLCXCXLXFX(, (X),, X), qqmX)",1.4481550596607253,no,,,10893,2.2952309520191614
4343,"QL(QX(mCX , MLXLCXCXLXqX), )",0.9843551665007501,no,,,10893,2.2952309520191614
4344,"LLqqXLL(CXLLMLXfCCXLX, XrrQCX)",1.0208628472791688,no,,,10893,2.2952309520191614
4345,"L(rmLrCXLX(MCLXLX), LX)",0.908182722528866,no,,,10893,2.2952309520191614
4346,"FX((LX), FXLXQXcLMfcQXLXLX)",1.0837276853909397,no,,,10893,2.2952309520191614
4347,"FL(,mccLXcmcqXXLXrcMcMLXXX)",0.8959833519871973,no,,,10893,2.2952309520191614
4348,"L(QffXL(XmQ(F(RX, rQXLMFCXX))), rLXrLX)",0.8818708532633376,no,,,10893,2.2952309520191614
4349,RRFCLfXqLCCCqXmLXRCXQQXMX,1.0420164663159839,no,,,10893,2.2952309520191614
4350,XM(LCXRRCXCCLLXQLXFLLcX),1.0339978226408273,no,,,10893,2.2952309520191614
4351,"(MLXL(rCmLXL(XqXCXFX), ,X))",0.775343808071406,no,,,10893,2.2952309520191614
4352,"XR(FXRX, XRfXXcLcXrqFLX, )",0.7142862741861363,no,,,10893,2.2952309520191614
4353,"C(rfXCqLfXLXrfCCXFCLXXrqX, X)",0.9131241940277872,no,,,10893,2.2952309520191614
4354,"(X(LLLLQQXcccXLFX), cfmX)",0.7522546927289496,no,,,10893,2.2952309520191614
4355,"LFC(Lccf(mX, LfQQXmccXrLX), CX)",0.8777114304356195,no,,,10893,2.2952309520191614
4356,"L(rXcLccLqXfXLLcXrXqX, ,,MLX)",0.9963143870498843,no,,,10893,2.2952309520191614
4357,"M(LMFMFFCX, XRRXLcXXFXMX)",0.6933710431411975,no,,,10893,2.2952309520191614
4358,"L(rXLF((XqX),(qCXCXXLLX), LX), mXrrFX)",0.8411707408030854,no,,,10893,2.2952309520191614
4359,"mL(FXX, XRcfLQXcMXrFXqqX)",0.6516940952500904,no,,,10893,2.2952309520191614
4360,"LfX(rrfLXCXFLLXLCXX, r rFX)",1.2504341503843988,no,,,10893,2.2952309520191614
4361,"LLFXLL(XmqLX(f(C(mXfCLqXfMLX))), X)",1.016719409353189,no,,,10893,2.2952309520191614
4362,"MQXRML(qXcfXcQLXRccXcLXMX,)",0.8701944004332071,no,,,10893,2.2952309520191614
4363,"LL(, f(, qXXccXrqXrXqX, ), X)",0.9158637719715027,no,,,10893,2.2952309520191614
4364,"RML(q(QX), RmLcXMXLfLXcXFX)",0.9357586369667199,no,,,10893,2.2952309520191614
4365,"LXLF(qXCX(XXLCLX), fFmX)",1.069090925939056,no,,,10893,2.2952309520191614
4366,LXcQXLLXXcLQcXLXcXQXX,0.8323511599133757,no,,,10893,2.2952309520191614
4367,FRXLXXcQmfcXLXX QLQcLQcXQX,0.928390735478993,no,,,10893,2.2952309520191614
4368,FXfXQCCXXRmLCCXLXX,0.7417593265918334,no,,,10893,2.2952309520191614
4369,"LL(RRcfXXLLX(XLX, ), X, QX)",1.371387303594152,no,,,10893,2.2952309520191614
4370,"FXRL(FXQccXLfLXmLX, rLXLX, LqXrqX)",1.2266506270883324,no,,,10893,2.2952309520191614
4371,"CL(CLmqXfL(MXCCFqXX), XMmQX)",0.6830761922265932,no,,,10893,2.2952309520191614
4372,"Xr(X, rLXCXXXCLX)",0.9790402615904381,no,,,10893,2.2952309520191614
4373,"((FLX),XrcqcQqLXcLXMLXMX)",0.941831480542188,no,,,10893,2.2952309520191614
4374,"LFXLL(RmXQXcXqXXMX, FfcmX)",0.8726772261061826,no,,,10893,2.2952309520191614
4375,CLXrrCLccLcXcLcLcLMfXRXQX,1.0398128730612501,no,,,10893,2.2952309520191614
4376,"fXCRRLL(X, LXCXXXfX,)",1.0291088109924262,no,,,10893,2.2952309520191614
4377,"L(rMqLLXRMLLcLcXLLX, X)",0.8078630734881332,no,,,10893,2.2952309520191614
4378,LXQqMXLCLXRQCXCLXmXfXrfQX,0.7284459823206958,no,,,10893,2.2952309520191614
4379,"rfLc(qLXcXQLLXX, X, , fqX)",0.856594240505018,no,,,10893,2.2952309520191614
4380,RLXQCCXRLCLCXqXmMXqXRLLX,1.0152427336956338,no,,,10893,2.2952309520191614
4381,"cfL(m(, LLXLX), qXLXcFXmXLLX(X))",0.9526504858286556,no,,,10893,2.2952309520191614
4382,"((XLXRccLccXQX(XFXLX)), fXX)",0.6737732441205235,no,,,10893,2.2952309520191614
4383,FMfLXRRCFLCCXmLCXMLLmXfX,1.1706909857033787,no,,,10893,2.2952309520191614
4384,"LXF(RRLLFXX(LXX, , , RqXX), X)",1.340897752518995,no,,,10893,2.2952309520191614
4385,LfXRRCLCCFXCmLFXXRLQqLCX,0.9730058577346151,no,,,10893,2.2952309520191614
4386,"(LMCX, LfLfqXCFLXXFMCX)",0.6434919675967077,no,,,10893,2.2952309520191614
4387,"c((cQX), LLX(rcqXcLXRQXRX))",0.8256419198824291,no,,,10893,2.2952309520191614
4388,"CML(rX, CFLQCLMXQCXRmLCXXXLX)",0.8065463819272223,no,,,10893,2.2952309520191614
4389,"LF((lF((rqCXCLXLLX),), LXLQX), XLfX)",0.8773001215221051,no,,,10893,2.2952309520191614
4390,"(LLXRCLQCLXfCLFLXXcX, CqLX)",0.9681940156377463,no,,,10893,2.2952309520191614
4391,"LM((FX,  rcXcfqXcXLqXRX))",0.8454729514527201,no,,,10893,2.2952309520191614
4392,"(XQMXQccXf(FmLLMXX), LX,X)",0.8441912786858821,yes,B3,7,10893,2.2952309520191614
4393,"L(QX, qq(LXX), RqQXLcLXcXRLMX)",0.9933838699059705,no,,,10893,2.2952309520191614
4394,"LXL((fMQLXXf(, X(CLXMXRMX)), X))",0.8741084704698524,no,,,10893,2.2952309520191614
4395,"FL(MLXqCXLXCXMMfX(FX), rXrcqX)",0.9359423857597526,yes,B3,5,10893,2.2952309520191614
4396,LL(L(LccLXL(rrLCccXcXLLXX))),1.1040021756086904,no,,,10893,2.2952309520191614
4397,LXXQlfcXXccLLmMQXcXqXX,0.7569480448789803,no,,,10893,2.2952309520191614
4398,"((qXLXCXmX(LFLFCLqXRCqX(X))), RX)",0.7991966298325353,no,,,10893,2.2952309520191614
4399,"LL(mCmX, (RRCXCXFXfXmX, X))",0.9901764132536875,no,,,10893,2.2952309520191614
4400,"FFL(LmcX, cmMFXRcXRmXCcLcXX)",0.8344775955566863,no,,,10893,2.2952309520191614
4401,"L(XrqCmXLL(LcXX, X, fX), LX)",0.9232259586545002,no,,,10893,2.2952309520191614
4402,"(RfLqXLXCXCqFLXXLCXrLX, X)",0.9198009166930112,no,,,10893,2.2952309520191614
4403,"(rLLLMqCMXcM(mXXLX, ), RLX)",1.0203481898444051,no,,,10893,2.2952309520191614
4404,"LL(XMX, , fX, FQCXXmLXCXXXcX)",0.7850001085205806,no,,,10893,2.2952309520191614
4405,"(FLLXrfCqCLX(rmCmX,fQLqX),X)",0.6955350032008173,no,,,10893,2.2952309520191614
4406,"fL(FL(rqXLLL(L(XX), mX)), QX, )",1.140246084262059,no,,,10893,2.2952309520191614
4407,"LLXfX(fXFQX,, XRRccXXXMLXFLX)",1.2113286325194088,yes,B5,25,10893,2.2952309520191614
4408,"(RLXfL(X, , rLqXfccMFFXXXX), X)",0.8526675879551174,no,,,10893,2.2952309520191614
4409,"(rrqXRXLcqXcLXMcXXrX, rXQX)",0.6251076268327413,no,,,10893,2.2952309520191614
4410,"cL(rLCqXRL(LLcccXfqXfX), rqXmcX)",1.059832516243158,no,,,10893,2.2952309520191614
4411,q(LXRfXCLLXCfqCXXLCX X),0.8749357173279383,no,,,10893,2.2952309520191614
4412,MLqXrXCLCmqXCMXMCXrXFqXX,0.8202479095526409,no,,,10893,2.2952309520191614
4413,"(qMXL(XCqXRfF(, LXRX), X))",0.8874539131458873,no,,,10893,2.2952309520191614
4414,"L((LMfXMFCqfFfXXLCXXMX), LLQXFX)",1.0012682899071221,no,,,10893,2.2952309520191614
4415,"L(mXrrCXmXXLLXFCXX, XQXX)",0.9599996659725801,no,,,10893,2.2952309520191614
4416,"(((LLXQQCMCXCXrQXRX(X))), )",0.9846132875536445,no,,,10893,2.2952309520191614
4417,"L(LX, qmXf(cXXcXfXqXLcX), X)",0.7337774178998867,no,,,10893,2.2952309520191614
4418,"(MLmLLXCqXXCLmXMXX, rXX)",1.0238681607350204,no,,,10893,2.2952309520191614
4419,"LL(MQXqqQX, rcXrXcXqfXLXCX)",0.9453946285552282,no,,,10893,2.2952309520191614
4420,"rCmLF(cXLLqCXCXLX,MX, X)",0.9829096435833208,no,,,10893,2.2952309520191614
4421,"L(LRccXRm(XLLXMXFLX), , LQXCXXX)",0.878607968268615,no,,,10893,2.2952309520191614
4422,"(MXrLLqMCLLMXfCFFCXMfX, RFFQX)",0.5790396863300332,no,,,10893,2.2952309520191614
4423,CXRLLFFQXCCQCmLXXCQLqXXX,0.9490914443211932,no,,,10893,2.2952309520191614
4424,"(, XrrcXcfXLLLmXLX, LX)",0.8098689908572583,no,,,10893,2.2952309520191614
4425,"F(cfqLqXLccXfXXX,LX, ,,, )",1.1984129543160178,no,,,10893,2.2952309520191614
4426,"XLLrf(rFXXmLmCCFXLFCX, RQX)",0.8238800508894472,no,,,10893,2.2952309520191614
4427,"F(LXrLCXqfXCXLLqFX, XqX)",0.7526094703604311,no,,,10893,2.2952309520191614
4428,"Lf((XrqFCXLLF(X(FX, ), LFX)), XqQX)",1.009903121314504,no,,,10893,2.2952309520191614
4429,"r(qLX, XMqCLXCXFXqCfX, LCXFqLCX)",0.8987873230931395,no,,,10893,2.2952309520191614
4430,"L(L(mqMXXccXrMmXXX,QX,) )",0.8540755087418929,no,,,10893,2.2952309520191614
4431,"Lm(rrXCLXmXLXLX, f(LMX, ), rqqX, rX)",1.1214650337508247,no,,,10893,2.2952309520191614
4432,"XFX(RmLQMXrLcmX(fFXXXX), X)",0.8977612182801137,no,,,10893,2.2952309520191614
4433,"LL(FXc(qFXfcXcqXmLLLXX, ), X)",0.7562125304731732,no,,,10893,2.2952309520191614
4434,"LLX(XrrXL(CXXXRX), X)",0.9394478841000732,no,,,10893,2.2952309520191614
4435,ccLcqqXcXfXFcXQFLXLX,0.8657231182670763,no,,,10893,2.2952309520191614
4436,"(((r(XCXqLmXrLCCmXRLXX))), X(LX))",0.8213162847709795,no,,,10893,2.2952309520191614
4437,"mLX(FXXlLqXrCCmXRLXX,X,)",0.8216657318047199,no,,,10893,2.2952309520191614
4438,"LLXQX(RX, LLC(qqXCXXLLLXFXRX, ))",1.0351113326441541,no,,,10893,2.2952309520191614
4439,C(RLLXLCCqXXLFCXXQX ),1.0062999161968256,no,,,10893,2.2952309520191614
4440,"Lq(CX, XmXCmXFXR(FXFX))",0.79678727587742,no,,,10893,2.2952309520191614
4441,"L(X, rqcMLXccqQXRmMXCXX)",1.1648111178319227,no,,,10893,2.2952309520191614
4442,"(LFLXX, X, qCCmXFLXLXLCXX)",0.9342150200403857,no,,,10893,2.2952309520191614
4443,"L(,, QXFLXmCCXLFXlXX, RXX)",0.8228125385781055,no,,,10893,2.2952309520191614
4444,"L(QXX, LFXFQcFXRcXqmXXX)",0.877352449457641,no,,,10893,2.2952309520191614
4445,mc(qLccLqXfcXfXcXXqLmfX),0.9568339612275831,no,,,10893,2.2952309520191614
4446,"(L((LrqXmQLccLXFFX), fX))",0.7197747773572296,no,,,10893,2.2952309520191614
4447,"(, CCXLLXCCLFLQCXmXLMXMQCXLXqXqX)",0.9988941318966905,no,,,10893,2.2952309520191614
4448,"FL(ccXrcLMqXcXqFXLC(LXLX), LX)",1.1920075276555893,no,,,10893,2.2952309520191614
4449,"(mqqQXqLLQX, XmqcXXcFXrfXLLXX)",0.7486257698923001,no,,,10893,2.2952309520191614
4450,LXMXRCCCQXLLLfCXrrMXFmX,0.9610214009497718,no,,,10893,2.2952309520191614
4451,"rLLfC(,rfX(F((XXLX), XX), ), QX)",0.9180367287830866,no,,,10893,2.2952309520191614
4452,"(LlLCLQLQXLCmCXFfXfLLCFCXLX, )",1.04513072681433,no,,,10893,2.2952309520191614
4453,cLXfXqfcXLXcLmXfffXqcXLXfcX,0.8470593080184401,no,,,10893,2.2952309520191614
4454,(CCXCmqXXCXLXCqXCXCqXX),0.693005012990342,no,,,10893,2.2952309520191614
4455,"rCLXfM(RmXQCXCLXmXLmX, RLqX)",0.8138037153621442,no,,,10893,2.2952309520191614
4456,"(M(RLXCLLXrqXLCCLXLXLXX), FX)",0.7514222708195575,no,,,10893,2.2952309520191614
4457,"L(, XLXRQQXFcqXL(LL(LXcX)), LLX)",1.1071279096715583,no,,,10893,2.2952309520191614
4458,"L(QCLfQQXf(, LXXXRqX), RXX)",1.3133562397525558,no,,,10893,2.2952309520191614
4459,"(,LQLQCCX CXXCXXrXQX)",0.9832710184614581,no,,,10893,2.2952309520191614
4460,"Lc(F(rrMLX(RfqcmcLXLXCcX)), X)",1.111297686274699,no,,,10893,2.2952309520191614
4461,LqLXmmMXccRLXRLfFXRcXLXqXX,1.0025925136320124,no,,,10893,2.2952309520191614
4462,"L(cXCfQXQfCXLCLXX mX, QX, )",0.847018545255947,no,,,10893,2.2952309520191614
4463,"(rLXXMqLMCXCLMXLXqCFXX, LFX)",0.8315675197428319,no,,,10893,2.2952309520191614
4464,"LQ(CmLX,RFX(MQX, RRLfLXFXX))",1.38360348016389,no,,,10893,2.2952309520191614
4465,"mXCXRLFLQXLM(,RLQXL(RQ(qX), FMX))",0.770567742915468,no,,,10893,2.2952309520191614
4466,"LFX(RXlX ,fQMLXLMXcMXMXFXFLX)",1.0077336693324697,no,,,10893,2.2952309520191614
4467,"(L(rrX(CLLX(RXX), ,, X, ), fX), CX)",1.1878649713727503,no,,,10893,2.2952309520191614
4468,"XLXqL((RQXcXXLLXcX), MQX)",0.9585649038230597,no,,,10893,2.2952309520191614
4469,"L(LRRMXmCCXfXXmcX, LlLcX)",1.125694567396633,no,,,10893,2.2952309520191614
4470,"LcLQ(RXrFcLcFXmX,L(,X,LXRfX, fX))",0.8871150509650475,no,,,10893,2.2952309520191614
4471,"LLXRL(XqmXrX, RLMcXLcXlXLXX)",0.9106609822067702,no,,,10893,2.2952309520191614
4472,"(FCLXrrcXLL(LXlqC(FFcXFX),), mX)",0.9310958111742635,no,,,10893,2.2952309520191614
4473,"(m(rrLXCXFFXXXX, LXX),, XLX)",1.054848345092353,no,,,10893,2.2952309520191614
4474,cLXrfccccFXqLXcmcXrXrqX,0.7415799244056954,no,,,10893,2.2952309520191614
4475,"L(RFCRXfCXLXXX, QQLMXQLMX)",1.0966066464108892,no,,,10893,2.2952309520191614
4476,"(XqLfXrfLccXcLXXmXXXLX, LLmX)",0.8670212694175451,no,,,10893,2.2952309520191614
4477,"L(qmXLLXccXLLXRX, XMXX)",0.6498579929842192,no,,,10893,2.2952309520191614
4478,"(rLXccQXXX(FXX, ), ,)",0.7894150283068749,no,,,10893,2.2952309520191614
4479,"(LCXRCfX, LqXXLfCXMCXRQX)",0.7997434046391935,no,,,10893,2.2952309520191614
4480,RXFLQXCLCLMCqLXLXLlXLCqXMX,0.9439660622221613,no,,,10893,2.2952309520191614
4481,"fXML(FX, RmXRLcXLcXcLX)",0.9475787831246048,no,,,10893,2.2952309520191614
4482,(RLFLXLXCCqqLXlCLfXRqXRMXL(MX)),0.8456596406711582,no,,,10893,2.2952309520191614
4483,"XRC(X, RfLMfXCLLXCMXllXLX)",0.9071013116933565,no,,,10893,2.2952309520191614
4484,"L(X(rrLLX, X), cLmQXXcXMXQX)",0.8465542903373893,no,,,10893,2.2952309520191614
4485,"LLLXM(RX, qLXFXMLCmCXXfX)",1.016928166061231,no,,,10893,2.2952309520191614
4486,"XLL(qXCXFX((CXLXRXX, )), XX)",1.2391652911390636,no,,,10893,2.2952309520191614
4487,"LXr((FFX(rCLXL(LLXCX)), qX))",0.7381492136126808,no,,,10893,2.2952309520191614
4488,"RMMLm(LXRCCXQXlXLX, LXRmcXRX)",0.9280302918857216,no,,,10893,2.2952309520191614
4489,qqLXRFQcccXXmFXMXcLX,0.891164538131284,no,,,10893,2.2952309520191614
4490,"XL(rCCCqXRLXLXMXCLX,, XLX)",1.1079826961502237,no,,,10893,2.2952309520191614
4491,r(LFFLXrmX rccmXLXrLXcXQLXRX),1.0728607380410646,no,,,10893,2.2952309520191614
4492,"L(Lc(,QXXFLXM(FFFmXrFFX, ), QXrX), QX)",0.9338338922191433,no,,,10893,2.2952309520191614
4493,"cL(cmc(QXmXRcXrqFLX), qmX, RLX)",0.9406085196648039,no,,,10893,2.2952309520191614
4494,"XRcQL(mXRX, FXLccLXLcMcLXcLXMX)",0.9378884213387504,no,,,10893,2.2952309520191614
4495,"(L(X, mXLLcQQXcXMrXX),, X)",0.7480110292237291,no,,,10893,2.2952309520191614
4496,"LmL(QCXFXCXRLXfXX, LXXmQX)",0.870535050406234,no,,,10893,2.2952309520191614
4497,"F(QQQLLCXMMCCXcCCXLccXCX, QLfX)",1.257218121442307,no,,,10893,2.2952309520191614
4498,"LcL(LX,,RRfmXXcqXLX, qXmfCXRXmCX)",1.0217754073607714,no,,,10893,2.2952309520191614
4499,"(RRLXmXLFqCLCXLX(LXLCXX), ,, , , )",0.9767284570070609,no,,,10893,2.2952309520191614
4500,"XF(XmXqq(CXCFCCLFXrX), mmX)",0.6494369624339004,no,,,10893,2.2952309520191614
4501,(X RRLXqLCCXXCXXXLLLX),1.0135432490397296,no,,,10893,2.2952309520191614
4502,"mm(RL(LMXXF(LcQXcXX), RFX,  ), X)",0.770587229265107,no,,,10893,2.2952309520191614
4503,"R(,LXXrLLCCqXfCXXQXX, RMMX)",0.6076716073417411,no,,,10893,2.2952309520191614
4504,"L(mXmX, mqcqXcLcXqXfqXfX)",1.088694275909439,no,,,10893,2.2952309520191614
4505,LLCcXRCLXCqXCFXXMClLLFX,0.6594441232018772,no,,,10893,2.2952309520191614
4506,"(,cX, XcqXcLXXcqLXqcXX)",0.7354685412879474,no,,,10893,2.2952309520191614
4507,XLcq(XLXfcXrcXXfcLXX),0.7279840562342047,no,,,10893,2.2952309520191614
4508,FXmLmXXcCCXqfXLmXCmFXLXqX,0.7613530812388135,no,,,10893,2.2952309520191614
4509,"LXCQCQXLQ(, fXRLXRX)",0.9822253399641376,no,,,10893,2.2952309520191614
4510,QXRXCQLqqCLX CLXmXRXFXFX,0.9163024412383604,no,,,10893,2.2952309520191614
4511,"(L(LXX), LXFLLRccXQcXLXmmX, )",0.8322553942252989,no,,,10893,2.2952309520191614
4512,q(ML(XqXrCCCXX(MCX XcX))),0.6247181044628277,no,,,10893,2.2952309520191614
4513,"LXL(L(MqfXXCXLXXLFfX), mX)",1.1201226495189487,no,,,10893,2.2952309520191614
4514,"c(rLqXLL(XXXLX, ), LfXX)",1.1959328423233118,no,,,10893,2.2952309520191614
4515,(fLX QCXLFLCXRCmXLXCLXRMfXX),0.8972615242476432,no,,,10893,2.2952309520191614
4516,rcLXQccLXcLfXXLXMQX,0.9099987305503191,no,,,10893,2.2952309520191614
4517,"ffLc(FXXLX, fQcXmXXMFXLX(cXfX))",0.943780840320772,no,,,10893,2.2952309520191614
4518,"(XL(RLLXRcXcLXFX, X), X)",0.9207322827543208,no,,,10893,2.2952309520191614
4519,"LF(mFXMXCqCXMXqCFXLLX, qqXMX)",0.8015821631197497,no,,,10893,2.2952309520191614
4520,"r(MXCX,XMmXrX, rFXCmLXLXXQCX)",0.8337141090023866,no,,,10893,2.2952309520191614
4521,"LFXf(rLXLXrCrCXRLXRXX, qQLXqX)",1.1397434678038958,no,,,10893,2.2952309520191614
4522,"LXMF((QMLXXcLLcXXX), LMLqX  )",1.0572097904892042,no,,,10893,2.2952309520191614
4523,"m(rL(LqXL(QccXXfX), rm(LXcX)))",0.9287573753351757,no,,,10893,2.2952309520191614
4524,"LL(QXmMLCQLXrCXQXFMXLX, QXRQX)",0.9918938607438577,no,,,10893,2.2952309520191614
4525,"fL(X, qcqFLmXccLXXFX)",1.0243471395838961,no,,,10893,2.2952309520191614
4526,"c(FcQcXXLf(LX(LcRcFmXRcMLXXX)),)",0.8687011294508695,no,,,10893,2.2952309520191614
4527,"rFLXr(MLXrMCXCXLX, LX)",0.9067263983424393,no,,,10893,2.2952309520191614
4528,"QXL(FQXfXFfX, XRLcXrcXLXMCcX)",0.8980137363967738,no,,,10893,2.2952309520191614
4529,"(LfXRQCCXMFLCXrmXmX, ,rfX)",0.7872888350276405,no,,,10893,2.2952309520191614
4530,"MXL(FLQXLX(RQLcXmX, X), lX)",1.0403242142676998,no,,,10893,2.2952309520191614
4531,"X(RLFQXrcXXL(LMFXrX), qX)",0.8157135100229144,yes,B3,16,10893,2.2952309520191614
4532,"mcXL(rQcX , XcX,QLXXMcXXFLLX)",1.1119682724714386,no,,,10893,2.2952309520191614
4533,"((LLXRCLCXRCmLX((CQXLLXmX)), X))",0.9011280571631596,no,,,10893,2.2952309520191614
4534,"L(RLc(MXMX, LLFXXcX), QXcLXRcLXFX)",1.1105067604416163,no,,,10893,2.2952309520191614
4535,(LCLCXQMCXXXCLQCfLXQX X),0.8622475322305231,no,,,10893,2.2952309520191614
4536,f(QcCXLXCLQCXLCXrXX X(X)),0.9473099872414413,no,,,10893,2.2952309520191614
4537,"XFXM(FXQcXcXmLFXRXRcFX,mLFMX , LqQX)",0.9584399287031449,no,,,10893,2.2952309520191614
4538,"qfqLXRcLcXRLQX(XLXX, qX)",1.177803840792477,no,,,10893,2.2952309520191614
4539,F(Lf(LXrrLccXcXLLXX) ),1.048809376324523,no,,,10893,2.2952309520191614
4540,rXMXRmMccLXRLcXLXLXccX,0.8230838962774442,no,,,10893,2.2952309520191614
4541,"L(cfqX, RRmccXFXcLXqX,RmcX,X)",0.8823448478528244,no,,,10893,2.2952309520191614
4542,FLXcmMLXqXFLcXLXccqXrXXmX,0.8958525248621283,no,,,10893,2.2952309520191614
4543,"QL(fMX, X rqqX, RXCLLCXqfXrCXCX)",0.9238599137233805,no,,,10893,2.2952309520191614
4544,"L(L(LQQCXCLCXLXCXqXLLX), f(mX))",1.1475214799791542,no,,,10893,2.2952309520191614
4545,"(Ml(rLXX), LXXRLcFQXLLLcLXfqXmX)",0.8408697208908459,no,,,10893,2.2952309520191614
4546,"LC(f(,MMqLcXqXcLcLMXFXclXLXLX))",1.0725261151805612,no,,,10893,2.2952309520191614
4547,"LXL(qcXm(rccFmFXL(mXLXX)), LfXcX)",0.9275676718651834,no,,,10893,2.2952309520191614
4548,"c(FqLqXXLXcXXX,(LXcLQMXXmXMcLX))",0.8192551862343438,no,,,10893,2.2952309520191614
4549,"F((XQLXRCCCXLXXLXFLXX), )",0.9099548558709295,no,,,10893,2.2952309520191614
4550,"L(RXX, (QFcXfLXCCCLXQXRMX(X)))",0.903567222447729,no,,,10893,2.2952309520191614
4551,"F(LXXqCXL(FXF(LCXrLCXlX)), X)",0.8491083129038612,no,,,10893,2.2952309520191614
4552,QXLXcLLcXRLLcXXRcXQXqcX,0.8435257382773289,no,,,10893,2.2952309520191614
4553,"L(LXrrCXFMXCLXMLQX, rFLXRmCX, rqCX)",1.0703049630070423,no,,,10893,2.2952309520191614
4554,"(LXmLLm(MX, qXrcfccfcXXLMXccMX), )",0.8225401262793158,no,,,10893,2.2952309520191614
4555,"lXLFL(X, XRRcLLXXLcmXLLX)",1.0676116706032868,no,,,10893,2.2952309520191614
4556,"L(QCXLLXCXLX(FXrCX), QfXX)",0.8141909867374703,no,,,10893,2.2952309520191614
4557,XQXLLCXLLQCXCXlXXLXX,0.905866017916318,no,,,10893,2.2952309520191614
4558,"RLc(LFcXcFX(RXXX), XcfXXX)",0.7542094928526605,no,,,10893,2.2952309520191614
4559,"F(QLXLXcXrXXX, LLXX, )",0.8114791692181907,no,,,10893,2.2952309520191614
4560,"L((RRLCX(CX(cCXX((RXX)))), rXLXcX))",1.1379196210812075,no,,,10893,2.2952309520191614
4561,LLLXRFCCfQXrLfLCLCXXX,1.1046599844505194,no,,,10893,2.2952309520191614
4562,"LL(RC(RMLFXfCXXffCXcLLcXX), RLX)",1.2982563839158818,no,,,10893,2.2952309520191614
4563,"FmLXL(XX, (qXXCXLXMXrX) )",0.9336850842284315,no,,,10893,2.2952309520191614
4564,"L(RRLX(qX, rXLXX), LXRmX, )",1.1435156632287697,no,,,10893,2.2952309520191614
4565,"L(QXLLXFMccXXX, , rQX, , X)",0.87064230886242,no,,,10893,2.2952309520191614
4566,"LMLc(QX(cXm(RLmLXFXMX)), RXX, McX)",1.0065604315200023,no,,,10893,2.2952309520191614
4567,XRQLCCCXCrCXXX,0.6864725440149283,no,,,10893,2.2952309520191614
4568,"Lf(LXX, qcXXcMXXXX)",0.7275851878875361,no,,,10893,2.2952309520191614
4569,"XLX(X, XRRXLccLX(XX))",0.9153831263356526,no,,,10893,2.2952309520191614
4570,"(XXLCrrCXXXLFXX, XXrlfX)",0.7532411589455057,no,,,10893,2.2952309520191614
4571,"RLX(LX, RFXXLQFMcccXLXX)",0.9888793530755936,no,,,10893,2.2952309520191614
4572,"LcL(rFLX, rrFcXfcLXmXXrX)",1.2744090023631987,no,,,10893,2.2952309520191614
4573,"(LLLXQX, cQLXLXcfXLXXLX)",0.8754302913113657,no,,,10893,2.2952309520191614
4574,(XcQLCQCXCXXfMXCMLXXX),0.8834934311684512,no,,,10893,2.2952309520191614
4575,"(, rrLMLfXLccXXXrX, XX)",1.0849003508680877,no,,,10893,2.2952309520191614
4576,cCXMXCQCXXLXXCXRLXQX,0.6425240149546148,no,,,10893,2.2952309520191614
4577,"FL(CX, rrXLccXcMXQCmqXQX)",1.2389073709400351,no,,,10893,2.2952309520191614
4578,"c(LL(qXqCLLXCQXXX, XFX, ), , )",0.9074086632050087,no,,,10893,2.2952309520191614
4579,"fL(RQXqcXRX(RqMcX), , L(F(MX), X))",0.6740405723283649,no,,,10893,2.2952309520191614
4580,mL(XRLQqqCCXXLXLCqCXLXCLXrCfqX),0.8855947878422752,no,,,10893,2.2952309520191614
4581,MLXLcXrrMMcXLMcXXX X,1.0651873339890878,no,,,10893,2.2952309520191614
4582,"(L(c(rcXqcXXXXXcX), (LLX)), LMXFXX)",0.8008195298856623,no,,,10893,2.2952309520191614
4583,"L(RMcXmccqfQLXQXcXcXX, cX)",0.7912458092754557,no,,,10893,2.2952309520191614
4584,"mqLML(qX, rCCXLCFMLXrCMmX,rCCQFXmqX)",0.797631236784535,no,,,10893,2.2952309520191614
4585,mXRRXRcLXrLcXqXXCccXLX,0.7931729909477606,no,,,10893,2.2952309520191614
4586,LXRCCLLQLLCLmXfLCCXrMX,0.7007481020468774,no,,,10893,2.2952309520191614
4587,"CFL(X, Lm(X), LXrrCLCCCXXMXX)",0.9077006194407479,no,,,10893,2.2952309520191614
4588,"qMLXF(LcXrCLFXCXXRX, MX)",0.8482343719437168,no,,,10893,2.2952309520191614
4589,"(LXX, XcLFXXRlcXQcLXmXqXcX)",0.7687909150229464,no,,,10893,2.2952309520191614
4590,"LL((qXXccXXMmXLX), QXmmX)",0.6876099268207844,no,,,10893,2.2952309520191614
4591,"LXQ(RMXL(QMXX, ,cXLX), X)",1.060962610450193,no,,,10893,2.2952309520191614
4592,LLLXLcXQccMXXXLMcXQFQX X,0.8622720790761063,no,,,10893,2.2952309520191614
4593,"L(qfCcXX(,XfF(,XFLXXX)), XX,,FX)",1.0036208958900203,no,,,10893,2.2952309520191614
4594,"L(LrrFMCXXmXFXXLCX, LXfmfX)",0.8382059086449952,no,,,10893,2.2952309520191614
4595,"L(rrCXLLfX(CXfLXCX), MXX)",0.8725967554694205,no,,,10893,2.2952309520191614
4596,"X(, RRXLCCLXXlXcFX, LX)",1.1672831079294186,no,,,10893,2.2952309520191614
4597,"LM(qLXFXcmcXXrLLXQX, XX)",0.731886639877676,no,,,10893,2.2952309520191614
4598,MXF(cXfLXrcLqXRcXrLX qqXq(X)),1.0201646495580858,no,,,10893,2.2952309520191614
4599,"L(mqLXLXLCXXXQLFX, XrXrfX, )",1.0020835840852826,no,,,10893,2.2952309520191614
4600,qLfRXRQCCXLCXRMCLXCX,0.9019302716022232,no,,,10893,2.2952309520191614
4601,"L((X), RXrmcqLcXcLXLMXrrcLXLX)",0.895226045658827,no,,,10893,2.2952309520191614
4602,"L(cLXLQMcQMcXLcXXLMcXcXXX, cFLX)",1.0015149823854808,no,,,10893,2.2952309520191614
4603,"qLXL(rCXfmQCqXLLXFfX,CLXCX,)",0.9809571212844485,no,,,10893,2.2952309520191614
4604,LXQCfXLCCXmcXMcLcXLqLFX,0.8409735657214534,no,,,10893,2.2952309520191614
4605,"(XqCLmXMFXCXXRRX, FXX)",0.7208851720271744,no,,,10893,2.2952309520191614
4606,"M(LF(M(rLXqfcXccLLXqXrMX)), LRLcX)",0.9600460793246761,no,,,10893,2.2952309520191614
4607,"rCLL(,LX, rXLccXM(LXFXqX))",1.5507298032816474,no,,,10893,2.2952309520191614
4608,"FqXrrXRLL(XRCCQXqfXLX rX,X)",0.987718461377874,no,,,10893,2.2952309520191614
4609,"C(X, FLLXCXRCLQXCXMXcXX)",0.7944871366527182,no,,,10893,2.2952309520191614
4610,"LFCQ(,(QLXCQ(CCLLLXqXX)), FX)",1.143920745644325,no,,,10893,2.2952309520191614
4611,"(FX, XQLLXMXL(FcXfFLLXLX), X)",0.9717126772203317,no,,,10893,2.2952309520191614
4612,rrLccLXRLLcXRccXmLXMXfX,0.9832990439008661,no,,,10893,2.2952309520191614
4613,"L(M(fQQmXCFfCXmqXLLXcqX), cFX)",1.1403599230613877,no,,,10893,2.2952309520191614
4614,"c(LX((CQXLcXXcXX, (CX))))",0.8270554124189221,no,,,10893,2.2952309520191614
4615,"fL(LQXRCCCLCXXXFLXXRX, X, )",0.9294622232577271,no,,,10893,2.2952309520191614
4616,"c(mXqmCXfXLCmLCLmXrqCX, LXMX)",0.7449881522888094,no,,,10893,2.2952309520191614
4617,"L(,RfmXRXffLLCLCXmXXLX, LFX)",1.186641730111329,no,,,10893,2.2952309520191614
4618,"mXLL(CX, RRmCXCXfLXqXX)",1.171203454502522,no,,,10893,2.2952309520191614
4619,"LL(RMQXMLc(, rCXLmXQXFX), X, )",1.761252108669257,no,,,10893,2.2952309520191614
4620,MLX RLXrXFcXRRcLXXLXcXRQX,0.7549245906798152,no,,,10893,2.2952309520191614
4621,"XFFX(QmXfmXF(LcmfXXXLX), X)",0.837249082428048,no,,,10893,2.2952309520191614
4622,"L((XrcX),X, XrrfFCCLmXLXXLXX)",1.0795532100246625,no,,,10893,2.2952309520191614
4623,LFXCXRQCLXCXQmMmXMfcqXfX,0.9529862354691991,no,,,10893,2.2952309520191614
4624,"fL(QfCXLXFffCfXLXQFXmCLX, RXLX)",0.9610300219766139,no,,,10893,2.2952309520191614
4625,"L(C(QLXFlLLcXXL(FcXRQX)), Q(QX))",0.940654485983248,no,,,10893,2.2952309520191614
4626,XXRfmXrLCLCXrLXLFCXLXfX,0.8983340965746085,no,,,10893,2.2952309520191614
4627,"LL(rLqXQmQL(f(qLXrX), FFX), cX)",1.084678378939706,no,,,10893,2.2952309520191614
4628,"X(XLQQCMX(rcX(McmXRQLXF(LX))), mXQX)",0.9859230903487906,no,,,10893,2.2952309520191614
4629,cXccLLcqqXccXqXrMLX,0.8566229896677875,no,,,10893,2.2952309520191614
4630,"L(MXQCXfCXLXfQCXRfXRLQX, mX)",0.7890659159547061,no,,,10893,2.2952309520191614
4631,"LXL(cqXrccXLXcXcX, (X))",0.78496527858616,no,,,10893,2.2952309520191614
4632,LFXrrcccccXcLLXQLXmMX,1.1695122432717147,no,,,10893,2.2952309520191614
4633,"((lLX,RX, L(RQFLCXrLCLXXXrX, X)))",1.0949978883742963,no,,,10893,2.2952309520191614
4634,"LL(cfX,mcqcqXmcLXLQLXrX LQX)",1.5248019492568596,no,,,10893,2.2952309520191614
4635,"RXL(L(LL(QXRccXXQX), LX , ), XRX)",0.9212579322644023,no,,,10893,2.2952309520191614
4636,"L(rrfLmXcfLLcLXLXX, LXlmcX)",1.0749583181998756,no,,,10893,2.2952309520191614
4637,XCXLMXRmqQCXQmCMXLLXXLQX,0.6434523965638237,no,,,10893,2.2952309520191614
4638,"F(L(r(rqXFL(LLXFccMQQXcXrXXXX))),,, )",0.7751868817479816,no,,,10893,2.2952309520191614
4639,FLmXRRMCCLXLCXLLXLX,1.2202088599390108,no,,,10893,2.2952309520191614
4640,qXRLLXqcFXLcXXLXLcXLQmXRQmX,1.0874448409684627,no,,,10893,2.2952309520191614
4641,"(LLMLCQQX, RRllLXLXcXXLXFX)",0.9994757788634201,no,,,10893,2.2952309520191614
4642,"LXL(LcLXqqfcXf(cXXXqLX), )",0.8581778073742639,no,,,10893,2.2952309520191614
4643,"(XQFLrMLCqXXXCLXX, LqXqX)",0.8601570889638098,no,,,10893,2.2952309520191614
4644,"rLFmL(((FX, cXFqFccXqcmLMXMX(rLqX))))",1.0079969546039282,no,,,10893,2.2952309520191614
4645,qXcFXRcMLfLXXcQXXRLFmcXX,0.8170402023688084,no,,,10893,2.2952309520191614
4646,"FX(rMqcXQL(QLL(mLX(LmX)), ), )",0.860195046054954,no,,,10893,2.2952309520191614
4647,"MCLX(QFfCXQFXmL(, L(RXmmLX)))",0.6907650599305579,no,,,10893,2.2952309520191614
4648,"CL(X(((QXCmCmLLCFFQXXXCXXXMX), X), ),, X)",0.7653348236235086,no,,,10893,2.2952309520191614
4649,"L(rrLLMCXF(Xq(M(XCLfLFLX, ), LX)), X)",1.137085892022277,no,,,10893,2.2952309520191614
4650,"Lmq(FXCXX, FFXcXLcXmXX)",0.8425508773020974,no,,,10893,2.2952309520191614
4651,"L(rrFLX, c(X), rrMcccXmXXXFcXX)",0.9430507798553645,no,,,10893,2.2952309520191614
4652,"L(rrLmmX(ccX(QXLrqX)), qX)",0.913702579175025,no,,,10893,2.2952309520191614
4653,"mFXL(,MXQXLccLQXLXLX, X)",1.0090853767953067,no,,,10893,2.2952309520191614
4654,LLCLXLCCCCQXLXLXRCCXrXqX,0.8190897308478394,no,,,10893,2.2952309520191614
4655,"R(qCCcQX,, LQXqMCCXLXLX(, rXXX))",0.9662003892643796,no,,,10893,2.2952309520191614
4656,"L(RLXCX, LXmcXQQXLFMFcXLLFMXFX)",0.8467124579321289,no,,,10893,2.2952309520191614
4657,"XL(XqXCXL(LLXqCXRFFX), rXX)",0.9363199335734742,no,,,10893,2.2952309520191614
4658,rLXXMQLcfcXXcXXLX,0.9185570388179507,no,,,10893,2.2952309520191614
4659,"FFML(XQX,XLX, , RXcQcXX(LXccX))",0.9233018205083794,no,,,10893,2.2952309520191614
4660,"LcL(FQXFccLQXLcX, (,X),,LX)",0.8483886994362121,no,,,10893,2.2952309520191614
4661,"cXRL(qqX,RLfXCCLXLXFXqX)",1.293337630751451,no,,,10893,2.2952309520191614
4662,"(MLXRQmCCXrCLXLLLMXX, X)",0.9576980218750559,no,,,10893,2.2952309520191614
4663,"LXfCF((RXX), XXRccRccLXXMLXFX)",0.7807598938290706,no,,,10893,2.2952309520191614
4664,fq(fLFLCXcLCLCXLXMFqCXLCXlL(CMXQX)),0.9956988180814702,no,,,10893,2.2952309520191614
4665,"LL(m(RRLMfCXCMmXXfXLX),X)",1.2216781357623956,no,,,10893,2.2952309520191614
4666,fCCXLfCXRRFCCfLXFFXLXCXqX,0.9647521917362334,no,,,10893,2.2952309520191614
4667,L(RcqXfccXqffcXcFXLqXX ),0.7583136422410542,no,,,10893,2.2952309520191614
4668,"MXF(rrCXXLXMCLXX, ,X)",0.9432381198223923,no,,,10893,2.2952309520191614
4669,"cXLQL(qLqX, qcmMqXFXcMXmLQXCX)",0.8160828417672717,no,,,10893,2.2952309520191614
4670,"LCX(LXRRcFXXL(XLX, ), X)",1.0925619949819478,no,,,10893,2.2952309520191614
4671,"(,, mXLLq(XfmfCXXFXLLmCX, XX))",0.9487148678756925,no,,,10893,2.2952309520191614
4672,"(, , RL(RmCLXCXXLmXQX, , RRFX, ))",1.2438960482156094,no,,,10893,2.2952309520191614
4673,"L((FXLLCqmLXLXQLCqXrLMXX), XX)",0.9403927456002698,yes,B3,3,10893,2.2952309520191614
4674,"XLCqL(XCqXLXX,XXX,XXCX)",1.146799954121564,no,,,10893,2.2952309520191614
4675,"R(, LX, RFX(, X, RLXLqQXfX(X)))",1.4683388760217306,no,,,10893,2.2952309520191614
4676,"L(XMLLqXCLXCMLXrXCXX,  X )",0.8934471188084079,no,,,10893,2.2952309520191614
4677,"L((XLCX),RQLXCCXLXCXLmXX X)",0.8934604352895654,no,,,10893,2.2952309520191614
4678,"qcM(LX(,RL(,LX)), XcLXFfcXX)",0.7892153056410329,no,,,10893,2.2952309520191614
4679,"qLMXrLf(XC(XXXLX), MX)",0.756302039261035,no,,,10893,2.2952309520191614
4680,"rL(,XCCX, XrccFXLXrMX)",0.846788036793687,no,,,10893,2.2952309520191614
4681,"Lf(QLMMCXXX(cmX, fXLXX), LX)",0.8840794757643151,no,,,10893,2.2952309520191614
4682,"FML(RRLcXcLXXLX, mX,LX)",1.0940435409727458,no,,,10893,2.2952309520191614
4683,"(XCFQQCLXLCMXfLCLX((X, )), qX)",0.9119621291099306,no,,,10893,2.2952309520191614
4684,"CmLL(X, RRLFXr(, QLXXX))",1.183801988320862,no,,,10893,2.2952309520191614
4685,CXfMCLLLXRfCMQXLC(LMXrrLXLX),1.0142325444244662,no,,,10893,2.2952309520191614
4686,LLXQQXrLqMCCffXFCMLMXXfXLCLX,1.015143254963307,no,,,10893,2.2952309520191614
4687,"Lq(qLXfccLFXLLF(LXX),  RfXX)",1.0159875769025628,no,,,10893,2.2952309520191614
4688,"L(Fc(L(RRMXcfLXXX, )), qX,XfX, CX)",0.9706521971900623,no,,,10893,2.2952309520191614
4689,"cXFmX((qXfcLXrccLXqXL(QX)), )",0.8197816725482399,no,,,10893,2.2952309520191614
4690,"MXL(LX(MX, ), RLcXcMcQXmXRfX)",0.7577099090080957,no,,,10893,2.2952309520191614
4691,"RX(XX,LXQcXLcXmMXLX)",0.8701127853004517,no,,,10893,2.2952309520191614
4692,"FLLLX(r(cX), RRFXFXrLccQMLXLcX)",0.9863481532839345,no,,,10893,2.2952309520191614
4693,cXcXqMlXLXfmcqcXLXRMX,0.6475397587815468,no,,,10893,2.2952309520191614
4694,MqqLXRQLcFcQcXLFfmXfqXLLXFX,0.8995968562313746,no,,,10893,2.2952309520191614
4695,"LFL(RFX, MLFXqQQcXLLXLcXR(LmX))",1.0430416536258194,no,,,10893,2.2952309520191614
4696,"(RRccXLXXrQXcX, qLX, XX)",0.839360578052582,no,,,10893,2.2952309520191614
4697,"LXrl(qXLLF(, CmXX), FX)",0.5139253804882437,no,,,10893,2.2952309520191614
4698,"(LXmcQXmcXLXmL(RcXcXXX), fX, )",0.7716567582702114,no,,,10893,2.2952309520191614
4699,"(mLQQCX(, cXXX, cXX, ), (XfLX))",0.61517672631894,no,,,10893,2.2952309520191614
4700,"L(,, LmfqqXccXRXrLXQX,RX)",1.1691090038332368,no,,,10893,2.2952309520191614
4701,"(LQLXmXcqFcmQXLLX, QcFLX)",0.840400216736856,no,,,10893,2.2952309520191614
4702,"L(fX, RQfFXCCCLLXrQMXcQX,,)",1.1160309287738688,no,,,10893,2.2952309520191614
4703,"L(rMXrCXlCMLLXXrX,RXXcXcX)",0.870311215412409,no,,,10893,2.2952309520191614
4704,"RML(LLX, RLXLFCCXXLX)",1.0919138491275397,no,,,10893,2.2952309520191614
4705,"(cfXr((rX), ), rLL(XqfCXCLFXLX, rqqX))",0.8898950820441911,no,,,10893,2.2952309520191614
4706,"F(qqLMLXFcccXLqXLLMX, rCcmX)",0.9939703206035596,no,,,10893,2.2952309520191614
4707,RCLXqcXmLcXLXqcXcXLXcCX,0.7816439329843086,no,,,10893,2.2952309520191614
4708,"RcLFL(X, MXLX, QXRccqXLX)",0.9134865126316057,no,,,10893,2.2952309520191614
4709,"rmC(CqFXFXQXLLLX,XXXLX,XLMXXX)",1.0272231757388626,no,,,10893,2.2952309520191614
4710,"LL(, QXLLXflLFcXrfLXX, X)",0.8641162556292517,no,,,10893,2.2952309520191614
4711,"RL(L(R(FLCX)), RfXcXLXLXccX)",0.886002910172774,no,,,10893,2.2952309520191614
4712,"FL(rFLXrCMXLCmXFmX, XLX, X)",0.9104720069263722,no,,,10893,2.2952309520191614
4713,"Lm(LcqFCXXXCLLXX, rMQX)",0.9028706745680958,no,,,10893,2.2952309520191614
4714,"LQ(CXXCXXRQfXLX, RXmX)",0.7414060085671982,no,,,10893,2.2952309520191614
4715,"L(X, rLQQC(XRXX, XXCXmmLXmcCXfqX))",0.7405329043514092,no,,,10893,2.2952309520191614
4716,"F(MmLQLXCXCXR(XmX), cLQXFXFX)",0.7464219357077468,no,,,10893,2.2952309520191614
4717,"LFXqL(rLmLXRL(XX,CmLmX),RX)",1.3245522035461679,no,,,10893,2.2952309520191614
4718,"LXfFQX(mX,CQX cXccLXX)",0.6989640695816137,no,,,10893,2.2952309520191614
4719,RLXcQXXLcXLXRLcXXRmcMcLXQX,1.041901925769765,no,,,10893,2.2952309520191614
4720,"X(rcqLXRLLM(LLXX, ), )",0.8450086394035766,no,,,10893,2.2952309520191614
4721,"rLMCC(rfXXLXQXX, XXX,XCMCXXrqX)",0.9779323207958976,no,,,10893,2.2952309520191614
4722,MLLXRcqFXXrcLFXLcXFXrqXLX,1.0219827208672931,no,,,10893,2.2952309520191614
4723,"CC(LXrrX(L(XXX, ), X), XLLlX, )",1.0517707398288139,no,,,10893,2.2952309520191614
4724,rLXQccXFFL(mXcXFmX LX),1.0366309482376346,no,,,10893,2.2952309520191614
4725,"(c(FXLQXMXcXLLXLX, RX), (LXlX))",1.2183447157426868,no,,,10893,2.2952309520191614
4726,"rL(,X, qLX,rCXCCXX)",0.7019433929547425,no,,,10893,2.2952309520191614
4727,"L(X, cqXCFXXCXX)",0.712318677332144,no,,,10893,2.2952309520191614
4728,"L(LLXRCLCQXfCXrLXqX,qX)",0.7829384081582333,no,,,10893,2.2952309520191614
4729,"LXRL(FXCCQXXLXrMXCX, LX,)",0.81871197557613,no,,,10893,2.2952309520191614
4730,LXmLLm(rcrcXLmfcXffLXmfmX),1.1759797705579795,no,,,10893,2.2952309520191614
4731,"L(RQLXLL(mX, XrXLXX), LLMXcX,)",1.8468326942062867,no,,,10893,2.2952309520191614
4732,XLXl(rLcMXLLQXFcXXXXLXRcLXMX),0.9505935379684329,no,,,10893,2.2952309520191614
4733,"L(QXFXQ(,LCLXfX(MRMX)), FcX)",0.8239133962751455,no,,,10893,2.2952309520191614
4734,"(M(L(LXqqCXmMCLXXX)), X)",0.6911807014781773,no,,,10893,2.2952309520191614
4735,"LXLLL(qqXCC(MLXLmLXFQX), RRX, X)",0.9559393055295161,no,,,10893,2.2952309520191614
4736,"LL(XQX, qcXXcFXfLXqXRLLcX)",0.9333768732437883,no,,,10893,2.2952309520191614
4737,"c(,Cl(MLQXFcXqMXrLccLXcfXfLXX),, )",0.7010078024691185,no,,,10893,2.2952309520191614
4738,"L(lX,qX LQcmXFXXmMXRfLMcXFXXcX)",0.7550664402847372,no,,,10893,2.2952309520191614
4739,"LMFMXL(qXMXcX(cXX(CX)),,, )",0.7060479720155198,no,,,10893,2.2952309520191614
4740,qXrmXQLQcccXFXFmXLfqLLXcMX,0.8441680175737444,no,,,10893,2.2952309520191614
4741,"L(, qXLXcLFLccqMXrQqmXRX, X, )",0.9365408477926731,no,,,10893,2.2952309520191614
4742,"L(CXQLXLCQXr(Lq(CQXLXFX)), X)",0.8583744207692325,no,,,10893,2.2952309520191614
4743,"L(RLLqLCQXLCCQXmmLX(X), Cm(X, ))",1.1603360630864075,no,,,10893,2.2952309520191614
4744,"L(X, LMXXQXL(cQcXrXRLX), mX)",1.0228038425006343,no,,,10893,2.2952309520191614
4745,"LXF(FLQXX(cXLXXX), X)",1.0115363298917563,no,,,10893,2.2952309520191614
4746,"cLF(MmLQXXXLcXMLLX, FXQmX, X)",1.14582318675682,no,,,10893,2.2952309520191614
4747,"qLqMmXL(XCLXCXRFXfQX, XX)",0.9125248467249019,no,,,10893,2.2952309520191614
4748,"L(LQLXffXCCLLQmXX(FX), X)",0.9005277192384996,no,,,10893,2.2952309520191614
4749,"f((, LfQXcMmcfQXXMXcXXqRFLfX) )",0.6608834145069459,no,,,10893,2.2952309520191614
4750,"LL(RcQXcLXFQMXCqX,X, QX)",0.7831822748503652,no,,,10893,2.2952309520191614
4751,"(XXqCXCLLXXrCLXXCFX, fX)",0.8465877651626248,no,,,10893,2.2952309520191614
4752,"( rLLXcQFcmXMLXXcLXLX, )",1.1099631034287558,no,,,10893,2.2952309520191614
4753,"L(rMXRRRLLLX(LX, , XrmFX), qcX)",1.0565635081327667,no,,,10893,2.2952309520191614
4754,"X(((MmX), MLqXrLXfCCqQCQLXLmX))",0.7729477090247006,no,,,10893,2.2952309520191614
4755,"L(rLCF(L(qXCCXLFX), XqmXMX, rX MX), )",1.0039448081872744,no,,,10893,2.2952309520191614
4756,"(L(X), XXcQXXccLLqQXXqX)",0.8225848147297075,no,,,10893,2.2952309520191614
4757,"L(LXRCQXrLCLLQXLXMX, X)",0.9896465547724661,no,,,10893,2.2952309520191614
4758,"(, LLcXMQ(QXcFXqXXMX, lX, QX), FLX, )",0.9741290155861401,no,,,10893,2.2952309520191614
4759,lXLLq(LqXRQccLcXLfcXXXfXFX ),0.8929212284372327,no,,,10893,2.2952309520191614
4760,"(FffLFXLX, MffcqXmmFLXcXXLXRX)",0.9219371919522753,no,,,10893,2.2952309520191614
4761,"(FLXCQCCQCXCLXqXRRQFXCX, )",1.142379807311152,no,,,10893,2.2952309520191614
4762,"L(rrMLmfLX(ccXXLXFMX), cX)",1.0781961239398272,no,,,10893,2.2952309520191614
4763,rrmfmLmLcXQccXXcLXXLLX,0.9349263182848879,no,,,10893,2.2952309520191614
4764,"(FLXXRfccLcMLMMXXX, RRcXqcLXLX)",0.809053310075596,no,,,10893,2.2952309520191614
4765,RLXmXfLqCCXLXXCLLXmX,0.9550523825167169,no,,,10893,2.2952309520191614
4766,"F((X), RFmLXCCCXrrCXRmCXXX)",0.7091378519808079,no,,,10893,2.2952309520191614
4767,"(LLCLXRCCQXLfLCXXm(X,), CX)",0.9460212554983999,no,,,10893,2.2952309520191614
4768,"L(rLXmX, XrLcqXcXQXXX)",0.7539259151506088,no,,,10893,2.2952309520191614
4769,"LcLc(Q(X), fXrqcXLcXRLmXcffX)",0.8394559729070347,no,,,10893,2.2952309520191614
4770,"(QQQLXqfCCXrLXFCXQLXrqXX, rqX)",0.9477547028746436,no,,,10893,2.2952309520191614
4771,"(L(QXLfX, qMcmXXcLXXrcXX), )",0.8679391568443124,no,,,10893,2.2952309520191614
4772,XcqL(XLLcqLFXrfLcccXFMlX X),0.7778493763488926,no,,,10893,2.2952309520191614
4773,"XL((rrcLCXXXmmCLLXFMXX,XX))",1.135636927177715,no,,,10893,2.2952309520191614
4774,"FL(LX, rrLLXccXXMX(L(,,X)),, )",1.2367453148070249,no,,,10893,2.2952309520191614
4775,LXcM(qXClqLCXLCLXCXqfCXXqX),0.9306456892614627,no,,,10893,2.2952309520191614
4776,"LXL(cMqXCXXcm(mXLmXX,), )",0.7410729995181289,no,,,10893,2.2952309520191614
4777,"RL(LXQCCXXmX, XcfcX(fX))",0.7725174467979842,no,,,10893,2.2952309520191614
4778,"(X, FQqLXXcLcLQXLXfXLcXX)",0.7939822005536163,no,,,10893,2.2952309520191614
4779,"cLX(MfQXXMcXXFX, LX,X)",0.7577969932089773,no,,,10893,2.2952309520191614
4780,"((FLXLLqCXCXCLqXfLX), RqXLLFX)",1.002385277085842,no,,,10893,2.2952309520191614
4781,"F(L(rCX), rLXLLXCfMqXfXLFXFX)",0.9816707147450132,no,,,10893,2.2952309520191614
4782,"mXM(XLcmqLXLqcXcLXXLLX, )",0.8754536225349195,no,,,10893,2.2952309520191614
4783,"Cf(QLLXMCXRLCXXX,rLLXX,rLX)",0.83576359942496,no,,,10893,2.2952309520191614
4784,"F(QCXLLLX(CfCmXLXX), LLX)",0.8171154398905623,no,,,10893,2.2952309520191614
4785,"rLc(qX(LXFFmFmLFXCX, ), LfcX)",1.2543418687175114,no,,,10893,2.2952309520191614
4786,"L(Rq(fQMCXfmXCXLXQmFXFCX), FXX)",0.8909601489561919,no,,,10893,2.2952309520191614
4787,"(LXCLqXFXLmCfCqXRfFX, mX)",0.7991594247740805,no,,,10893,2.2952309520191614
4788,"FXLQ(fX, L(FXXcMLXXXQX))",1.0232504568899887,no,,,10893,2.2952309520191614
4789,"FX(Q(LLXmXcXLmXX), MfX)",0.8018108095919184,no,,,10893,2.2952309520191614
4790,RcLLQCQMQCXCMXXXFLMCXFX,0.854501328998702,no,,,10893,2.2952309520191614
4791,"(XqLqLcFfXcXLXXcLXXLX, X)",1.0481910673660466,no,,,10893,2.2952309520191614
4792,"CL(rrLLLCCXLXXLX, X)",0.8328125837916659,no,,,10893,2.2952309520191614
4793,"L(L(XRL((rX)), QXXCCLXQXrFXX,), )",0.9686796002865536,no,,,10893,2.2952309520191614
4794,rCXRLXccqXfXLcXXMXRcXlLX,0.8426179855224567,no,,,10893,2.2952309520191614
4795,"L(CfFFqXLXCXmXXrLX, fLXX)",0.796505864677627,no,,,10893,2.2952309520191614
4796,"L(rLqX(f(XX(fXX), FX)), LX(rmX), )",1.3619613987277277,no,,,10893,2.2952309520191614
4797,"(fL(cL(qLXrccXMLXLLXmX, fXcX)), , )",1.1232486457850037,no,,,10893,2.2952309520191614
4798,lL(mXrrLcLccXcfXLFXCX),1.0629028786134351,no,,,10893,2.2952309520191614
4799,rFXLcXXmMXQMcXcXmXrFLXLcX,0.8018069929801835,no,,,10893,2.2952309520191614
4800,"LLXL(rrLfXM(LfXLXXlQlLX,X), X,)",1.7322970733867837,no,,,10893,2.2952309520191614
4801,cXmqFXXcXLXXXrLcXcLXX,0.7671912310529124,yes,B3,11,10893,2.2952309520191614
4802,"qX((XqFLXCFXLXrrLX), ,cMMMqLX)",0.584018820508766,no,,,10893,2.2952309520191614
4803,FQLMXfcLQXXXRcLcXLFcXLXFX,0.942814759259941,no,,,10893,2.2952309520191614
4804,XXqccXfXLXrfcmXFLLXX,0.6947050826809752,no,,,10893,2.2952309520191614
4805,"L(cLX, rrcMccXLLXcXfXQX)",1.1354734831622852,no,,,10893,2.2952309520191614
4806,"c(RqFXrLXcLXqcXcXQLXrLX, )",0.874258607042804,no,,,10893,2.2952309520191614
4807,"(,LLX(rFCqX(LX, RLXLX), XmXRffX), X)",0.8080195159299663,no,,,10893,2.2952309520191614
4808,"L(rqCXLfLLM(RmcXrXFX, ), X)",1.2955100813503242,no,,,10893,2.2952309520191614
4809,"QLm(MXqQX, LCXcXMcXmXMX,,CX)",0.855931184683512,no,,,10893,2.2952309520191614
4810,"L(qXXCXLMLFXLXFFX, rLCmX,rrCX)",1.2521620042150587,no,,,10893,2.2952309520191614
4811,"L(QQfXLQf(, FmMQLCXcCXLqX), rQLX)",1.1366515500916676,no,,,10893,2.2952309520191614
4812,"FcL(MXqCCX, qfXLXmXcFXLLqXMX)",0.7063192704369516,no,,,10893,2.2952309520191614
4813,"rL(rCLMLXFXQ(LcXXqX, X), RXMfX)",1.1915621039609419,no,,,10893,2.2952309520191614
4814,"qFXLL(FFXC((LXrLCXmmXRX)), mX)",0.9539698591280883,no,,,10893,2.2952309520191614
4815,QLXXCCqLLXLLXLMfCXXXX,1.1115832869612976,no,,,10893,2.2952309520191614
4816,"(X(CLXCqXLXLXCLXXX,),X)",0.8143794334043785,no,,,10893,2.2952309520191614
4817,"(, RRLLCXLCXXXrLX, , X, X, )",1.1997800661440416,no,,,10893,2.2952309520191614
4818,XCXLQLQCXLLfCMXMXCXXLLmXX,0.9860627120978421,no,,,10893,2.2952309520191614
4819,"(fLXRCRCXLXCLXLmXcmX, X)",1.1015698463992318,no,,,10893,2.2952309520191614
4820,"LQ(LRFLXLL(M((rX), LQFXX)), cmX)",1.1162980285053068,no,,,10893,2.2952309520191614
4821,"rLLC(qFLXm(RLcqXXX, ), X)",1.1829502648153047,no,,,10893,2.2952309520191614
4822,"(Q(XXLCCXXRXLX), qLXfX, )",0.8599075597109525,no,,,10893,2.2952309520191614
4823,"(MLLXXcQX, QLXcXXXLXcXLX)",1.007960220700575,no,,,10893,2.2952309520191614
4824,"(, qqLLXcMMcXXLX(, mX), rLX, , )",1.2365826149137522,no,,,10893,2.2952309520191614
4825,LMXLCFmXRRMLLfCXLLCXXqXlX,1.2472513491241002,no,,,10893,2.2952309520191614
4826,"LLLLXF(rQCqXXCLFXL(qr(,cX)),, X)",1.0505111636467959,no,,,10893,2.2952309520191614
4827,"LLL(qCXmLXXXLCMCLX, (, FcX))",0.8922531880380664,no,,,10893,2.2952309520191614
4828,"LLM(RLFQCXrFCmLmCFXQFXXX, MX)",1.1541593628534508,no,,,10893,2.2952309520191614
4829,"((qXfCmXLXLFXCXLMX), RqLXQQX)",0.8166640660507933,no,,,10893,2.2952309520191614
4830,"XmLLL(C(rrLcLXLccXXMX,))",1.0906021715161713,no,,,10893,2.2952309520191614
4831,"(RFL(XLXCXLX, XrQLcQXXcXmX))",0.760808696700645,yes,B3,24,10893,2.2952309520191614
4832,"QQLXLC(, XX, XLccMXXFLcXMX)",1.035940479138304,no,,,10893,2.2952309520191614
4833,"LXQ(X, MFXfXcXLLmXFqXX)",0.9497158090934076,no,,,10893,2.2952309520191614
4834,"Lc(RFQX, rrLcXcLMXLXMX)",1.1700064894602173,no,,,10893,2.2952309520191614
4835,"XmXF(rmX,LqLmXXCmXXLXQX)",0.8610372093432823,no,,,10893,2.2952309520191614
4836,"LLL(rLX, rrfcXMcXLXmQXX)",1.4072409508182018,no,,,10893,2.2952309520191614
4837,"LXRC(XCQClLXLfXLXX, fXRcMX)",0.9070020923434202,no,,,10893,2.2952309520191614
4838,LXmmcXcLXRQXcXrrmXfX,0.6353389704771594,no,,,10893,2.2952309520191614
4839,"(LmXL(CX), rcLqmXRcLMXXXX)",1.126692591971183,no,,,10893,2.2952309520191614
4840,"LL(LCX, (QMXRXCCqXqmXRRRQCXQX))",0.7753933514983506,no,,,10893,2.2952309520191614
4841,LqCLXXrFqCXMCLXCXCXXCXrX,0.7198513880732871,no,,,10893,2.2952309520191614
4842,"R(RCXc(X), XRLXcfXFXXcX)",0.7904214703535392,no,,,10893,2.2952309520191614
4843,"LL(CX, XRQmFLLXccLXLX)",0.7828586538210593,no,,,10893,2.2952309520191614
4844,"LFXfM(qXLcXFCLXRFf(MXRFX, rX), )",0.6997442425170401,no,,,10893,2.2952309520191614
4845,LXcXrrccfXLfcXrrLLXrrX,0.9573114383407018,no,,,10893,2.2952309520191614
4846,"mLqMXLLm(FXrCCCXLFXLLX,  mmmX)",0.9519814850455856,no,,,10893,2.2952309520191614
4847,"L(RLLQXCCCX(MLlQFLX, ), rqX)",0.6313457970209235,no,,,10893,2.2952309520191614
4848,"LFL(CXqCXrCLCXFQXFMMMX,CQqXqLX, ,FX)",0.8890660496723584,no,,,10893,2.2952309520191614
4849,qcLcX LcFQmQcXFcXFfXLLX,0.815117019894847,no,,,10893,2.2952309520191614
4850,"XLL(QXXcXLLXXMcX, cfXMX)",0.9053491665647805,no,,,10893,2.2952309520191614
4851,LXLLXrCXCqXLXXqCFLXCXXLXX,0.8537622328206956,no,,,10893,2.2952309520191614
4852,LXLXLCqLfFCmXCLMXLLXrCXqXX,0.9532127989815495,no,,,10893,2.2952309520191614
4853,"(FX, LXQccMXLXLXLmcXqQX)",0.891298116671987,no,,,10893,2.2952309520191614
4854,"(L(RqQCX(RfCCLXLXfX), X), X)",0.9126586507430106,no,,,10893,2.2952309520191614
4855,"cCLL(CC(RRCffXXLXrfLCfXmX), X)",1.203532813829214,no,,,10893,2.2952309520191614
4856,"L((rXrrlLCmLCXLQLXFX, XLX), XLX)",0.9793419587763056,no,,,10893,2.2952309520191614
4857,"L((lqLXXLcccqLMXLXrX), LqQQcX)",0.9417296224919081,no,,,10893,2.2952309520191614
4858,"RMFf(, XXcQXXLX, X)",0.5005669757164098,no,,,10893,2.2952309520191614
4859,"qX(XR(QXM(cfmmLFX, MMXFFXmX), LX))",0.9879517327936262,no,,,10893,2.2952309520191614
4860,CXXMMLqfCLMXMFXXCXmXCX,0.6404252523206967,no,,,10893,2.2952309520191614
4861,"(L(rqMCXLQL(LLfcFXLX, ), X))",0.8742311785888495,no,,,10893,2.2952309520191614
4862,"M(LXCLXL(CFqXLLXrCXQQXX), rX)",0.8027840860855535,no,,,10893,2.2952309520191614
4863,"F(, rrLXrccLXrLcXLMcXmXqQX)",0.9966960426345755,no,,,10893,2.2952309520191614
4864,"L(X, (XrrLccXLLcfX(RXX)),)",0.9609495141786981,no,,,10893,2.2952309520191614
4865,cfLXqccXmfLXccMqXMXRXmqX,0.8953602363252796,no,,,10893,2.2952309520191614
4866,"ML(rXcqXL(F(rLXXM(QX)), ), cX)",0.9914201518614012,no,,,10893,2.2952309520191614
4867,m(QCQLXLCMXXCXFXLXfCfQXLX(X)),0.8665153005928702,no,,,10893,2.2952309520191614
4868,"mLM(rrLCX(X(LCXqX), XX), XfXX)",0.7765048205772929,no,,,10893,2.2952309520191614
4869,(mLcMXfLXRLmcQLXcXXFLXccXX qcX),0.7393633070466487,no,,,10893,2.2952309520191614
4870,"LL(LcX,RMLQXrLcFXXXXX,rXCX)",1.2605686088299577,no,,,10893,2.2952309520191614
4871,"X(RqXLLX, XRcQfXrcLMcXXXX)",0.7471083974162157,no,,,10893,2.2952309520191614
4872,"q(X, MLXLLccQXmXQcfXLXLMqX)",0.8551845614796068,no,,,10893,2.2952309520191614
4873,"m(,LXCQLXQLMXLCXXXXRCXmX )",0.7532932901805753,no,,,10893,2.2952309520191614
4874,"L(rXX, XcQLXXcXXX)",0.8001730717040142,no,,,10893,2.2952309520191614
4875,cc(rLLXRQccLLFMXmXLXrqXMX),0.819031071968268,no,,,10893,2.2952309520191614
4876,"L(QXfXLccLXXRRX, RmXX, X)",0.9970649178577707,no,,,10893,2.2952309520191614
4877,"LL(X, RcLXXmQXcMLXqX)",0.749507564662237,no,,,10893,2.2952309520191614
4878,"qLFf(MCX(, XX), qLXqccXMXX)",0.9137060065815542,no,,,10893,2.2952309520191614
4879,"Lmf(XLMX, cQXLLXcXXXLX)",0.8896874135869915,no,,,10893,2.2952309520191614
4880,"rfcc(LmXrLFFXcX, fqmqXLqqLLQqqXQX)",0.5411218771589194,no,,,10893,2.2952309520191614
4881,"LXq(X, rXL(X(XXfX), LqX))",1.5233905586097345,no,,,10893,2.2952309520191614
4882,"L(QXXCXRMLCXMLX(, XXX))",0.9198227670155024,no,,,10893,2.2952309520191614
4883,LLXCXLqXffCXLXXrCXFX,0.8744575327865659,no,,,10893,2.2952309520191614
4884,"(RRCLLCX(LCXMXqXRqX), CLX)",1.2855419740653073,no,,,10893,2.2952309520191614
4885,"(, mXRLXCCQXXMMXLFCXrL(mCXX, ), X)",0.8246015870594522,no,,,10893,2.2952309520191614
4886,"L(QM(, LQCXCCXLXQX), , LLX)",0.9724340937438044,no,,,10893,2.2952309520191614
4887,"XF((LFQLfLXMLfLXcccXLX), (QqX))",0.8305226985931704,no,,,10893,2.2952309520191614
4888,"L(LrX(CLCqmXXLCXRX), FXQLLX)",0.9413341807522451,no,,,10893,2.2952309520191614
4889,"cLXrrLmcLXqcfLXLLcFXF(XLfqX,fX)",1.1673001100923257,no,,,10893,2.2952309520191614
4890,"(LFCLXQQCCLXCXrXRqXFQX, , )",1.04289283951372,no,,,10893,2.2952309520191614
4891,LQQFXCMqLqCMFXXCLLXqCLX,0.9273039884503743,no,,,10893,2.2952309520191614
4892,"f(LLfXX, qcLXXcXLXrXLX)",0.8426163028927022,no,,,10893,2.2952309520191614
4893,"C(rrXmmXXLXLCXQmqX,LqXLqX, rLQX)",1.301982951100407,no,,,10893,2.2952309520191614
4894,"LLXrq(XMFQ(fLXRqXMX(X, ), X), X)",1.3966522385789721,no,,,10893,2.2952309520191614
4895,"L(Q(Lq(MFQ(, mQX), ), ), rcX, qLXlFXCCLmLmXXRX)",1.1429217805698746,no,,,10893,2.2952309520191614
4896,"LfLm(, rLLqXL(XfMLX(XX), LX), FXFX)",1.8272601034000504,no,,,10893,2.2952309520191614
4897,"LLXLL(MX,LX RMQXrFcXLmXRRLfqXQX)",1.2370422722799175,no,,,10893,2.2952309520191614
4898,XLcXRLLXXCccQXLXcLXXcLX,0.9497572095580851,no,,,10893,2.2952309520191614
4899,"XML(FqXLF(CXfLXCLXQLX), XFX)",1.1413621734397963,no,,,10893,2.2952309520191614
4900,"LL(QX, cqMXlLLLXcqcLFMXLXX)",1.0222215163214012,no,,,10893,2.2952309520191614
4901,"L(LXf(FQXccXLFRmXmXX, XFX), X)",1.1764391587743237,no,,,10893,2.2952309520191614
4902,"FLL(Q(RcX), rccqXRLLLcXLXRRLXm(,LX))",1.534993823698935,no,,,10893,2.2952309520191614
4903,"L((XCrLqXRCCFXqFLXX), X(LQXX))",0.7898742422885392,no,,,10893,2.2952309520191614
4904,"rL(LmXrFCXXQX, mXMLcXLqcXqXFqX)",1.105236003804341,no,,,10893,2.2952309520191614
4905,"L(rqcLFcXRMLmM(cXrXQXX), , , QML(RX))",1.3655777975590035,no,,,10893,2.2952309520191614
4906,"FLL(RLmLLXXLcQXFXLXX, qcX)",1.0199318556921881,no,,,10893,2.2952309520191614
4907,"C(qCXLXLXqqL(X, qXRX), rLL L(XXX))",1.178173296246837,no,,,10893,2.2952309520191614
4908,"(LXR((FXXRXcLcLcXLm(RL(LQQLX))), rX))",1.1069923095033882,no,,,10893,2.2952309520191614
4909,"LC(fLLXMQQCLCXLCXLXFXlX,, (QX))",1.2209829449885135,no,,,10893,2.2952309520191614
4910,"rf(FmLqXRLLLmcmLmcLmcXLLX, rMLmX)",0.8385959334546307,no,,,10893,2.2952309520191614
4911,"LL((RRFXR(LX, qFqXXLX), LcX))",1.294559311901681,no,,,10893,2.2952309520191614
4912,"LLXF(XRCmXQcXMm(LF(LXM(MX)),rrX), QXLmX)",1.1108517063714387,no,,,10893,2.2952309520191614
4913,"CXL(rrfL(XXCfLLFXXmF(MX)), X)",1.151478033901371,no,,,10893,2.2952309520191614
4914,RQXrFLXCqCLXXXLCXXX,1.0593231301503587,no,,,10893,2.2952309520191614
4915,rMLqccccXLcLMXLXMMcXLLXLX,1.3158447191611153,no,,,10893,2.2952309520191614
4916,"LL(RRX(MLX,(X),LXFLXRFX),,QLX,X)",1.4911229838184892,no,,,10893,2.2952309520191614
4917,"(Lq(XXcXLcLXlQXX, , cMX, ), )",0.8626491249698087,no,,,10893,2.2952309520191614
4918,"((XRQLqQqQCXLLCXmfmLXMLXCLMX), fLLXc(LX))",1.2134241921343705,no,,,10893,2.2952309520191614
4919,LMLCXRmQCCLLCXrLCXXrqMLMX,1.0676345759052652,no,,,10893,2.2952309520191614
4920,LLXcqcXLXcfXrXXmcXLXMfmX,1.0192309032676836,no,,,10893,2.2952309520191614
4921,"L(RRCXCLXLXLLX X,qqX)",1.542429682958544,no,,,10893,2.2952309520191614
4922,"(LqLCXFfXXCmXqX, XCX)",0.6785563550829483,no,,,10893,2.2952309520191614
4923,"LLL(RRfXFL(LQfX,MX LXRX), R(rcX))",1.5696441792837126,no,,,10893,2.2952309520191614
4924,"rcq(LqXMcX, cLLFXfFLcXLFmXCX)",1.0501904914546452,no,,,10893,2.2952309520191614
4925,"((LLQmFXmmCmmXRCXCLLLXXFXLXX), LX)",0.8327489564464242,no,,,10893,2.2952309520191614
4926,"LX(fFQLX(XcMLcXX(X)), X)",0.9902585511705864,no,,,10893,2.2952309520191614
4927,"RL(RLFXCCfQXLXfCXXrX qfX,)",1.044362066776752,no,,,10893,2.2952309520191614
4928,"(, XLXFcLLcQXXXLXLLLX(((RqLX, ))))",1.124543304938156,no,,,10893,2.2952309520191614
4929,"L(RRLCXLFL(, XrrLQXqX), RRQX)",1.3445183858557892,no,,,10893,2.2952309520191614
4930,(RLLXCQCfXXLfCXLMXX RMX),0.9340638279929703,no,,,10893,2.2952309520191614
4931,"LL(qXmmX, qXcXLXcLqXRXmXLLX)",0.8929397064223574,no,,,10893,2.2952309520191614
4932,"LFL(cX, rmmcrMmcMXcXQXrrfXX)",1.0795282234149708,no,,,10893,2.2952309520191614
4933,LQXRFXQCLLmCXMXCXLLXFQqX,0.9760101876290368,no,,,10893,2.2952309520191614
4934,"((mFLX(LLfXfCCmFqXXMXXMXrLCX)), ffXqX)",0.8975924485001239,no,,,10893,2.2952309520191614
4935,"RcXmqXL(LqXLLccFXLmXLXQ(MX), QX)",1.1707621101571275,no,,,10893,2.2952309520191614
4936,"L(,MFXr(X), fqXcXLXLcXLLXRX)",0.9343342459047944,no,,,10893,2.2952309520191614
4937,"(FCcLXX, , fccLXRLXFQcXLcXXX)",0.7904897966392352,no,,,10893,2.2952309520191614
4938,"rL(fX, cQfLLMLqXCmXXR(,LLQX))",0.8307019449197695,no,,,10893,2.2952309520191614
4939,"L(XLX, LFLXLQcXLlfXXcLMLXFX)",0.960120570455897,no,,,10893,2.2952309520191614
4940,"LLC(, rrCLLXF(cLXmqXfXX, ), X)",1.6247787256013828,no,,,10893,2.2952309520191614
4941,"CLCL(QXm(RCCXLLfXRLXQqX), c(CX),(RmmfLX),)",1.1661984642907965,no,,,10893,2.2952309520191614
4942,LFLLXCfqCXXXMLXXCFCLX,1.091460520742631,no,,,10893,2.2952309520191614
4943,"L(, RQXLCMLfLCCXQLX(fX, ), LXfX)",1.021075102154842,no,,,10893,2.2952309520191614
4944,"rLLL(, qXLF(FXLXXLX, FqX), mXQX)",1.820735182576394,no,,,10893,2.2952309520191614
4945,LFfMXQMCCCMXXLFMLXRCLCFLXLXX,1.0205587587574045,no,,,10893,2.2952309520191614
4946,"(((CfQXfXMCXLXRMCmXX)), LX)",0.7808534165720245,no,,,10893,2.2952309520191614
4947,"LM(LmcLX, rccqLXRLcXXXrX)",1.277592157032767,no,,,10893,2.2952309520191614
4948,LqXFLLXqccLmXmFXXRLcLcX LX,1.1171453487412537,no,,,10893,2.2952309520191614
4949,"MLF(, qXXLCFXLXXRLX, RQX)",1.2155484146000683,no,,,10893,2.2952309520191614
4950,"(L(XRLX), cMqXLXcMXmXMXX)",0.8185300190231323,no,,,10893,2.2952309520191614
4951,"FXL(LQX(fX,, X), fFQcXLXMXcXLQX)",1.1029798814391192,no,,,10893,2.2952309520191614
4952,"L(LLX, QcqXMfqXCccXRqLLfXfX)",0.814312174785414,no,,,10893,2.2952309520191614
4953,"Xr(LFX rLLLCXRLqCXFXX,mXLLX)",0.9918011085946686,no,,,10893,2.2952309520191614
4954,qfXLXcXrcXLfXcMfXLXqX,0.8908686083976521,no,,,10893,2.2952309520191614
4955,"LL(qFfFCXXmXmFLXmFXCmm(LLLX), rXCFXX)",1.0551732372352687,no,,,10893,2.2952309520191614
4956,"F( ,LMXLcXLmQXXLcXLLLXcXrX)",1.091965266310056,no,,,10893,2.2952309520191614
4957,"lqFM(, (RMfLX), LLXLXRqCXLXX)",0.891798351665822,no,,,10893,2.2952309520191614
4958,"L(rFMCqLXRCMXLLLXCX, ,qQXLX, fX)",1.125147939445216,no,,,10893,2.2952309520191614
4959,"LL(RRCXf(l(lX), LXX(RLXfMLX, )), X)",1.4785070501002209,no,,,10893,2.2952309520191614
4960,Ll(MXRfcLCCfmXMQCXLLXCXFXFX X),0.9866047338618299,no,,,10893,2.2952309520191614
4961,(qXXrcccLLXMXMXLcLXFLX),1.1282678361322924,no,,,10893,2.2952309520191614
4962,"cXLL(QQXXRX, QXXcXLXLLXrcX)",1.2722350441321568,no,,,10893,2.2952309520191614
4963,"((XMrrfMmCCXMFXRLCXmXRX), XFXfcX)",0.743502283543665,no,,,10893,2.2952309520191614
4964,"L((qmXLXCXLXqXF(QCX)), XX)",0.8049749219432941,no,,,10893,2.2952309520191614
4965,"LLL(LX(QCXXCX(MXLXL(X))), X)",0.7734104404427046,no,,,10893,2.2952309520191614
4966,LXRXccMLqcfMXXqFcLLLLXcXXrX,0.8736709580517241,no,,,10893,2.2952309520191614
4967,"L(X, CfQLQCCCfXLLXLLCXCX(mX(q(XX))))",1.034479375092182,no,,,10893,2.2952309520191614
4968,"RFcL(LXX, RXXfXLX(L((LmcXX))), rCQX)",1.4376006657568006,no,,,10893,2.2952309520191614
4969,MLQqXcLLXfqcmXLcFXrcXLXX,0.9611192655482202,no,,,10893,2.2952309520191614
4970,"FL(X,LXRMLXfX, mqLXXCMXmXRLLfXLMmMX)",1.1763366364852257,no,,,10893,2.2952309520191614
4971,"rC(m(CLqXL(R(fLcX(MLqXMX)), ), MLMX))",1.3870504399370054,no,,,10893,2.2952309520191614
4972,"(LLXX,cqXLMMXcMfXLXqXrMX)",0.957926243589221,no,,,10893,2.2952309520191614
4973,"FLFX(QXX,rrLLXCXXFXfFMX(X))",1.0700439537698023,no,,,10893,2.2952309520191614
4974,"LXL(XrrLXFCXLXLmXXlX,X)",1.4823392400852038,no,,,10893,2.2952309520191614
4975,"L(RRCfXLLCCLXMX(X, ), qX)",1.248881268112028,no,,,10893,2.2952309520191614
4976,LLcqXLcQmMFccXXFXRcXrX,0.8551076912696127,no,,,10893,2.2952309520191614
4977,"XL((L(LL(rrLXCLCXRX, rfX, ))), (fcX))",0.7994201986392966,no,,,10893,2.2952309520191614
4978,LMXLXLqMCCXMXXLXLFXRMqQCLQQCLQX,1.0992045991786534,no,,,10893,2.2952309520191614
4979,"rcqcLc(LLXXQmXXX, RRQX, fLXFFXXX)",1.0433667937262996,no,,,10893,2.2952309520191614
4980,FLXRLCQCXrCLCLXRXfmX,1.0972446712526824,no,,,10893,2.2952309520191614
4981,LLLfXRcFcXFLcQLXXq(cX),0.8233827797447284,no,,,10893,2.2952309520191614
4982,"M(cQ(XXX, LLQXcMXrFLfXL(X), ),  rX(LX))",1.0416119910857358,no,,,10893,2.2952309520191614
4983,"( X,XLMXLFLCCqXLXXXXLXmCqXrX,)",1.0301573959103791,no,,,10893,2.2952309520191614
4984,"L(fMX, rfXrccfLXXrXcfXcLXqRCCQX)",0.7459837978890907,no,,,10893,2.2952309520191614
4985,"F(LrLqXQLLcLcXrrfLXX, rLXMcX)",1.1132300981730658,no,,,10893,2.2952309520191614
4986,"ML(rLLqXF(XLFX FX, X), fQLcMX)",1.366803936748829,no,,,10893,2.2952309520191614
4987,"LL(rrCXFXLLXmCXrfqX, RmX)",0.9365322182006818,no,,,10893,2.2952309520191614
4988,LLXRRMMLLCCCXmXLXLLLFFCmXrMX,1.2557802542866772,no,,,10893,2.2952309520191614
4989,"mLL(RL(LLX), RLMQXrCCXQmQXmLFXqqX)",1.277161447188306,no,,,10893,2.2952309520191614
4990,"M(R(Q(cmLXLmmf(X, CLXfLQcX)), qX, qX))",1.0350837917240396,no,,,10893,2.2952309520191614
4991,"LLLXLmMF(QXX(fcFXLXXqmQX), RlX)",1.1166241160402217,no,,,10893,2.2952309520191614
4992,"rmLfMXLc(RRLXMLXmcQcqXLLX, )",1.075865257849623,no,,,10893,2.2952309520191614
4993,mXLLLQCXrCqCXCLLXmMXLFQXLX,0.9441536516476273,no,,,10893,2.2952309520191614
4994,"CCL(LL(RXQCXMXCqXR(fXRX, ), mX, ), fL(RqX))",0.941023808971785,no,,,10893,2.2952309520191614
4995,"(XQFQLXcLccXQLLX, , FLX, q(LX))",0.9802465621776161,no,,,10893,2.2952309520191614
4996,"ML(LXLCQMXCQXCLXfXFcX, RQmX)",0.8847033186346838,no,,,10893,2.2952309520191614
4997,"L(, RLLCXCfqLCXXFLLXLXCLLX)",1.0577834905893826,no,,,10893,2.2952309520191614
4998,LMqqXcMcXLXmLXcLMX LX,1.074541577220538,no,,,10893,2.2952309520191614
4999,"F(f(rlCX), ,cLLqFXqLcLcXLcXRXXXX)",0.9743817107134805,no,,,10893,2.2952309520191614
5000,"LL(f(RRLCXLF(, LXLXRcMXX)), X)",1.8696499619675655,no,,,10893,2.2952309520191614
5001,LXcLLcXrQcqXLcXrLmXrcXmX,1.08835369566288,yes,B4,2,10893,2.2952309520191614
5002,"Lm(X, RqQcXMXLX((LL(cLLccX))))",0.7820391110013969,no,,,10893,2.2952309520191614
5003,"RLL(XL(fX, mLXLXLX), XRfcXRL(XLX))",1.2283659521211356,no,,,10893,2.2952309520191614
5004,"LFLXLm(qLXf(LXCXFLXFXFX), rX)",1.211511297810414,no,,,10893,2.2952309520191614
5005,"LLq(cFXXCCCLXLXX,qX,RX)",1.1670153738909474,no,,,10893,2.2952309520191614
5006,LFfCCLXRRCLmXCLXLMmLXMX,1.2118748723376225,no,,,10893,2.2952309520191614
5007,"LQ(X,, X, LXLFLf(LcFQcXFMFFXX), CLX)",0.8780853472577441,no,,,10893,2.2952309520191614
5008,"RqLmXLF(rXCLLXMCXF(X), X)",0.9078057642678447,no,,,10893,2.2952309520191614
5009,mLXccXLLqXrcLXRLLcXXCLCLX,0.9815216549957256,no,,,10893,2.2952309520191614
5010,"(FmLX, CmLXCqqLCXXFLQXLX, , , , XRFFX)",0.8644543583472781,no,,,10893,2.2952309520191614
5011,"qLXM(LLXCXqXRMXr(, R(LX)), FfLX)",0.8501342585327477,no,,,10893,2.2952309520191614
5012,"(qFXLXLcXRLcX(QXcfLXrmqXRXRX), rX)",0.9128011643961293,no,,,10893,2.2952309520191614
5013,"qmLXLXLL(rCLXCCLXLX,XX, X)",0.9927864369678516,no,,,10893,2.2952309520191614
5014,"F(LLL(qXX(cLXcLLLLLXMqX), LMX))",0.8483932821435622,no,,,10893,2.2952309520191614
5015,"(FLX(X, RRXXFXCccXLLXrX), )",1.1854237995688492,no,,,10893,2.2952309520191614
5016,"(LXrXrCLq(CLMXCXrmLmLmLX, XQX))",0.8492064127639971,no,,,10893,2.2952309520191614
5017,"(, fLLCLCXfQCmQmXfmfCXFXQXX)",0.9936933948741816,no,,,10893,2.2952309520191614
5018,"LL(((rrLLMXcMcXLLLXmXCCCLMX)), cX)",1.4439756797654806,no,,,10893,2.2952309520191614
5019,"L(LXrL(LqXRccMXrLXrXfX, ,, ))",1.2895360190545597,no,,,10893,2.2952309520191614
5020,"LX(cL(,  RqQXLLXcXMXLX,LXLX))",0.9848473198576277,no,,,10893,2.2952309520191614
5021,"L(RRXLCXLLLCXFXmX, X, )",1.3045157117060882,no,,,10893,2.2952309520191614
5022,"fL(X, ,mcqcLcqXFmFmcXLLXqMmX)",1.048671647063651,no,,,10893,2.2952309520191614
5023,RFLXRcXLXfqmcXLMXqLcXXfXLmX,0.895668554889428,no,,,10893,2.2952309520191614
5024,"lLL(LQXXcXfFLXXX, rFQX,CCX)",1.0958275854522526,no,,,10893,2.2952309520191614
5025,"(MLqCXm(RX ), qmLXXCLXMXFXmX)",0.8087872624103212,no,,,10893,2.2952309520191614
5026,"F(mCqCCLfX ,RRLCMMfXCmXLLXmXFX)",1.3648074237650036,no,,,10893,2.2952309520191614
5027,"(RmLLX, LcqqXLcLcXLmXX)",1.1920544783645532,no,,,10893,2.2952309520191614
5028,"LFFcML(RcQXFXqXrLXQLXqX,qqLcLcX,RLcXLX, rmX,)",1.3740520975065413,no,,,10893,2.2952309520191614
5029,"mL( Q(X),rrLLcXcXFmXfLLqQXlX)",1.3137985361262992,no,,,10893,2.2952309520191614
5030,LX(XRcLLQCCCCXrLCXXX rqX),0.9403733220598323,no,,,10893,2.2952309520191614
5031,RRmFXLXmCFfCfqfXLLXmCXRXXRLX,1.1110557316009875,no,,,10893,2.2952309520191614
5032,FLmLXrccXL(qLXcMXQLQcXLCX ),0.8755353156953255,no,,,10893,2.2952309520191614
5033,"L(rqCXRLLF(L(L((cXqLqX(RX))), )), L(fLX))",1.3919388257501777,no,,,10893,2.2952309520191614
5034,"qLmL(RqMXFfqX, mcXcfXrLcX(qXLXLX))",1.0486877730491928,no,,,10893,2.2952309520191614
5035,"(LLcXlLFXX, LFQccFFXLXfXXXFXcLX)",1.0961289023034235,no,,,10893,2.2952309520191614
5036,"(rfLLXfLmCXqXLCCLXMX, FLXMX)",0.9392992164855026,no,,,10893,2.2952309520191614
5037,"LQ(, LXXL(LXLcmX, LX), QQMX)",1.097613586277481,no,,,10893,2.2952309520191614
5038,"(FCLX(rrLCFXXXXXXX, qXXmFX), X)",1.1563310447070316,no,,,10893,2.2952309520191614
5039,"(LFX, MMFLCXRLLCQCXLLcCCXFMXFX)",0.8844885450000618,no,,,10893,2.2952309520191614
5040,XLLcXcmcmLqXmLXXrMcLFfLXLLXLX,1.0149171916001836,no,,,10893,2.2952309520191614
5041,"F(LqqLX(ccFX(LXLLX)), XRRFQX)",0.8556389538580208,no,,,10893,2.2952309520191614
5042,"(mX, LLXccLmqqX(cXLXMMXrCcCX))",1.1222353225144834,no,,,10893,2.2952309520191614
5043,"L(ccX, L(LqqXccLXR(qXXX), RRQFLX))",1.1615581336817116,no,,,10893,2.2952309520191614
5044,"FL(F((FXqCXLLXCXLXX), QFFXX))",1.0589541718657218,no,,,10893,2.2952309520191614
5045,RqFXXrfXmqCmCXXCMfLLXCXrLLXCLcX,0.9019999313794673,no,,,10893,2.2952309520191614
5046,"(((mXfQFLLXRCCLXLL(CXRXX))), X)",0.9051547241777558,no,,,10893,2.2952309520191614
5047,"XfL(qLMLfXXCCLXFXX, rLX)",0.9987931435559927,no,,,10893,2.2952309520191614
5048,"(qCfXLLLQLMXqCXXrCfXmMXfXFCX, LFX)",0.8619058614715628,no,,,10893,2.2952309520191614
5049,RLLLXQcXLFXFXcmLQmcfXLLcXLXmfX,1.031376536172318,no,,,10893,2.2952309520191614
5050,"Q(LqXC(QXccfQXcLXX  ,  mX))",0.8455431101709407,no,,,10893,2.2952309520191614
5051,"(rM(FLqX(RmLLLXLXmMfX, , )), rLLLcfX)",1.4608322470540904,no,,,10893,2.2952309520191614
5052,"Ff(LQCXMFXRLCCXL((XfMX)), rLLLX)",0.9449452944728102,no,,,10893,2.2952309520191614
5053,"LL(LqXLXLL(cMMqLcXQXLMX), CcX)",0.997818644428361,no,,,10893,2.2952309520191614
5054,"(cmLqLmXMlXcXqqMFqXLqXqmX, LfcXrmX)",0.7867708235177007,no,,,10893,2.2952309520191614
5055,"CMLLXRRLCLmCCXMCLLLXqXcFm((CX,X))",1.4742752688414957,no,,,10893,2.2952309520191614
5056,"L(FQfCX LXCXMXRLXLX,LXLX)",0.905466783161349,no,,,10893,2.2952309520191614
5057,"LXXL(QXLXL(((FXL((r(LXrX)), )), )), (RX))",1.2113705976834788,no,,,10893,2.2952309520191614
5058,fCcccXRLqXrfcLXcXqFXXX,0.9518104283975561,no,,,10893,2.2952309520191614
5059,"LL(Rf(RLXCCXLmXlXX, (cX)))",1.1976929785394943,no,,,10893,2.2952309520191614
5060,"(L(rrfLXLLccFXfXXlX), CFcXrLX)",1.1955419920289752,no,,,10893,2.2952309520191614
5061,"F(FLLXLCQCQmfLXCXmCLXrmcXX ,QX)",1.123949893692131,no,,,10893,2.2952309520191614
5062,McqLXqLQQcMmXXfXmLMLcXQLcLXQcXX,0.8957293203098321,no,,,10893,2.2952309520191614
5063,"fLXLL(qfCCXqLXRCXQMX, ,,FFX)",0.8755608557393276,no,,,10893,2.2952309520191614
5064,"(LLc(mX, (cqcXXMXrFcLXLXLX)), LX)",1.0016260899602656,no,,,10893,2.2952309520191614
5065,"FL(RLqMX(qcCLmXCLmXXXLX), rXX(X))",0.8749301433774641,no,,,10893,2.2952309520191614
5066,"L(, q(fXm(FX(FLCCX))), qLXMcXLcXLLfmXmCCX)",1.1109242246372577,no,,,10893,2.2952309520191614
5067,"(rrLLmCXFLLX(cQMXXX, MLX), RLXX)",1.2351219351330764,no,,,10893,2.2952309520191614
5068,LXLXLmCCQQCXLLCmXfXmXrCFCqFX,1.144248521342515,no,,,10893,2.2952309520191614
5069,"L(cX, F(LFXrLMXrmCLCMLfXrfFXLX, LX))",1.0021804767590305,no,,,10893,2.2952309520191614
5070,"QL(LXCXCXfLX((X), MX(fMXrX)), LXcXLX)",0.9534491502637942,no,,,10893,2.2952309520191614
5071,"rLLL(rfMFCXXMLXMCXX,  X)",0.937021406972075,no,,,10893,2.2952309520191614
5072,"XLq(X(rX), fMLXccXqcXrXLXMX)",0.7709344217726908,no,,,10893,2.2952309520191614
5073,"RmLL(q(, LLX), QXCLLCXCLXmccLLX)",1.1789894166732333,no,,,10893,2.2952309520191614
5074,"C(XL(, QLL(, (XX(X(LLX, , X), XqX)), X)))",1.0428593331156288,no,,,10893,2.2952309520191614
5075,"(XLLL(L((qCfqXCfmXQLLFXFX, XqX), MFXX)), F(RMqXX))",1.113408323802405,no,,,10893,2.2952309520191614
5076,"LLL(XXX, LQcXXcLXXXMmXL(LX))",0.9160509220923588,no,,,10893,2.2952309520191614
5077,"LF(LLLXqMCfXLXFXCLXrXRCXFC(QqX), X)",0.885058186076657,no,,,10893,2.2952309520191614
5078,"((mLfLXCqXMXCLLCmX(RRLX)), MXLRX)",0.9446958293719203,no,,,10893,2.2952309520191614
5079,"LL(RCLQXqC(CFLXLXrcX((rrMX))), rLX)",1.34900839488486,no,,,10893,2.2952309520191614
5080,"L((X, X), MCFXRXFXqCfXX(CmXmX(LXQX)))",0.7177295067875099,no,,,10893,2.2952309520191614
5081,"LFF(LX, qcXLcXmmXqcXRLXX)",0.9143231209062602,no,,,10893,2.2952309520191614
5082,"L(rqLXL(LfXXLXQX, RLX), , MX, , qqX)",1.9048616777875802,no,,,10893,2.2952309520191614
5083,"L(FXFXCqXLXCLMXCLLXX, X)",0.8789379672983647,no,,,10893,2.2952309520191614
5084,"LmL(RLQXfCCLXLLXrQcFX, RFQXRCX)",1.1176142835360594,no,,,10893,2.2952309520191614
5085,"( ,qLLXLm(RLccQcXXMXXM(LLX)))",0.9959669436788621,no,,,10893,2.2952309520191614
5086,LQXFCmLFLXrqMmCXLFfCfLLXCXmqfX,0.7589862929461464,no,,,10893,2.2952309520191614
5087,"LmL(rrCXLXLXf(Q(rL(fX, )), qX), rqX)",0.8273251788573982,no,,,10893,2.2952309520191614
5088,"LLL(MX, qqXcLcLcXFLXFLX,)",1.2059792094166095,no,,,10893,2.2952309520191614
5089,"c(LqffXrLcccFXLXrLL(XX), LXLX)",1.1793411159120966,no,,,10893,2.2952309520191614
5090,"RRLfFXmXLL(RQXcFccXRLXFX,XQX)",0.9713245614860363,no,,,10893,2.2952309520191614
5091,"(MXRRCFLCXRqLCXXQXCX, LX)",0.9420838527086793,no,,,10893,2.2952309520191614
5092,"C( ,lLLLFXCqqCMXCXLCLLLXFLX, )",0.7892700411649328,no,,,10893,2.2952309520191614
5093,"(rXrfFLCX(LX,LmXcX), LLXm(LX), )",1.0919084607908365,no,,,10893,2.2952309520191614
5094,c(LXRqLXrLcMcXLcXqXqXmqMX),1.1628186255258839,no,,,10893,2.2952309520191614
5095,"rrcL(qQX, fcXfLcLXLLXX)",1.2805050546314087,no,,,10893,2.2952309520191614
5096,"L( ,XQLQLXqCLCX(mXXLqCXLLMXX))",1.000315254788665,no,,,10893,2.2952309520191614
5097,"LLL(XrrLFmCMXLXXCXfm(RLX), (X))",1.1234997494160253,no,,,10893,2.2952309520191614
5098,XLXcLfFQcXmXLXLcLXRRFcLX,0.9828566935221177,no,,,10893,2.2952309520191614
5099,LLMXmcqXqcLcLXLcXLXMX,1.0216934088024947,no,,,10893,2.2952309520191614
5100,CXmcLQcXfXLmXFQLcXMLXqcLXMXrFX,0.9619438849830569,no,,,10893,2.2952309520191614
5101,"FLX(LXrrXClXfXFXFLLX, X)",1.2662364725562079,no,,,10893,2.2952309520191614
5102,"LMX(qqLLXfcmccLXrlXF(XLX),, )",1.1281514009995242,no,,,10893,2.2952309520191614
5103,"L(LMMLXLFcfcXQXXcLXXLXRRcXcX, , )",0.8584936852462337,no,,,10893,2.2952309520191614
5104,"r(LX, FXFfqLccXcXqfXQXrX)",0.9418160456884667,no,,,10893,2.2952309520191614
5105,"(FLLQLXFXLFcXLFXqqX, QXqMX, )",0.8338098077599491,no,,,10893,2.2952309520191614
5106,"L(, rLmXMXrFFMCX((LLCXX)), MXX)",0.9891949246530376,yes,B3,10,10893,2.2952309520191614
5107,"Lf(RRCfXCLfXLXfLXX, rmX)",1.5719050911878705,no,,,10893,2.2952309520191614
5108,"LXMLF(X,rFXCfqCXXLX, mX(rcLX))",0.9984731043609599,no,,,10893,2.2952309520191614
5109,"MXQLcmXcLLXRccXXR(LQQmX,)",0.8414883060044974,no,,,10893,2.2952309520191614
5110,"LLFXLc(,,XRmQcX(rLccXrLLLX), X)",1.0040089676819093,no,,,10893,2.2952309520191614
5111,C(LXCCCCQLQXXrmXLCXM ((LFX))),0.9505071295609974,no,,,10893,2.2952309520191614
5112,"LL(LLqMCXMXCXFXQX, XRmCX)",0.8994750804783044,no,,,10893,2.2952309520191614
5113,"XQc(XRm(MXRLXX, XMFX, ), XcXL(X))",0.9203409200473704,no,,,10893,2.2952309520191614
5114,"LXf(,rLLXLCMMfXcqqLCCfCMXLLXqX)",0.9337123836782039,no,,,10893,2.2952309520191614
5115,"LLmmcq(qfLXRmcXrXXFX, cqqMXLXrMcX)",1.0680646856568436,no,,,10893,2.2952309520191614
5116,"qQXLM(LQMLXccXcQLLX, McXLqMX)",0.8953360534220867,no,,,10893,2.2952309520191614
5117,"L((cMXLqcLqXLcXlLLfXRQFXMMX),, MX)",1.3073243773209031,no,,,10893,2.2952309520191614
5118,ccXQLFXQLCCqCCqFLXfXXRmXLXmX,1.0073098697798797,no,,,10893,2.2952309520191614
5119,"rLL(LCXMfCqXXCXMX, LX(XX, LX, X))",0.9483252617675627,yes,B3,13,10893,2.2952309520191614
5120,"M(rLXLCCqXLXqCXCLfX, ,, qLRX, rLX)",0.8560660453651957,no,,,10893,2.2952309520191614
5121,"qQmXcXLL(XLLXcQLXRccX(rXmmX),XcfX)",0.9113934399169146,no,,,10893,2.2952309520191614
5122,"mXmccL(m(QXM(FXFLLXQLXqX), LXcX))",0.6718947647703554,no,,,10893,2.2952309520191614
5123,"(MLmFmLLXcX, RLLLfXQcXXLMXLmFXFX, )",1.031004581655857,no,,,10893,2.2952309520191614
5124,"FLL(X, QLXQmXrcmXrXQLX, )",0.9397901540025192,no,,,10893,2.2952309520191614
5125,"LCQL(LqqCXLMXRL(m(RMX, QcX, FX), fX), rrQX)",1.0141851435523106,no,,,10893,2.2952309520191614
5126,RmRfLXXLLCCqXXCXXLLXX,1.0702112193230906,no,,,10893,2.2952309520191614
5127,"L(mM(LLXX, cqXXcLXrXmMXRRqX), LX)",0.8845353730104116,no,,,10893,2.2952309520191614
5128,"F(LXLqmqCLXCXLLXRX, XX)",0.7852876459869419,no,,,10893,2.2952309520191614
5129,"L((qcqcmXcLLLcXXrX), , , LX)",1.1370133580078499,no,,,10893,2.2952309520191614
5130,"LFFXL((lXqXL(CqXqQXLXLX)), mX)",0.9197193977309113,no,,,10893,2.2952309520191614
5131,"L(QXcXXLmXXc((rLmX)),XFX, X qFlX)",1.2251287036858398,no,,,10893,2.2952309520191614
5132,LFmXcqmLXcLXLXcqXcXmXcCX,0.8367473539815977,no,,,10893,2.2952309520191614
5133,"LL(FXMX, XcQXXfcLXFXRqX)",1.0225324357236683,no,,,10893,2.2952309520191614
5134,"LL(L(qXMCqXCQLXLFfX, QXcX), FFX)",1.1187597922908492,no,,,10893,2.2952309520191614
5135,LCXRCCQXCLXXRC((mXMXX)),0.730916413992003,no,,,10893,2.2952309520191614
5136,"FqLLcf(,qqXmm(LmXqXMLX(LMX), ), X)",1.6907855952222512,no,,,10893,2.2952309520191614
5137,LcX cXQLXXQLccLXFX,0.8593317126094882,no,,,10893,2.2952309520191614
5138,"(mX, ,QLLLXRccXLXXRccLXcXLXCMX)",1.0239005707224367,no,,,10893,2.2952309520191614
5139,"cLXLf((q(qX), qLLqLXLCCCXFrMFfX))",0.763174784253723,no,,,10893,2.2952309520191614
5140,"(,rrfLLMfXfLccmXLLXfLFX, mX)",1.234153319661144,no,,,10893,2.2952309520191614
5141,"L(LFcX, rrFcFmLcLXmcFLLXXFXfQQX, )",1.405076670524376,no,,,10893,2.2952309520191614
5142,"RLF((XmXCLLLCQLXRCLXLLXXXfCLmX, ), RqFX)",1.097203571281864,no,,,10893,2.2952309520191614
5143,RQXrmcXRLXFXccQLXFcXRLfXmFXX,0.9757374388142607,no,,,10893,2.2952309520191614
5144,"rL(X, rmMcLLXLccXXLL(mCXX))",1.686435495920638,no,,,10893,2.2952309520191614
5145,"rXL(LFX(rmfqlXL(X, LLMXmCX)), X)",0.8286355781354554,no,,,10893,2.2952309520191614
5146,LqmXMXrCLLccccLXXLXLXFXRLX,1.0706437687836579,no,,,10893,2.2952309520191614
5147,"M(FllLLX, f(LLqqLcXcLcLX(X(QXCFX))))",1.450757314673213,no,,,10893,2.2952309520191614
5148,"L(MFqLXMXCXmXLmXX,X, )",1.1123944159197432,no,,,10893,2.2952309520191614
5149,"LL(crqXcfMX(FXXMCXX), cLXQXXrmqLcX)",1.1866088954783356,no,,,10893,2.2952309520191614
5150,"FXLMLm((FQX, mQXXMcMLXXRqXqX))",1.0313185582782676,no,,,10893,2.2952309520191614
5151,"L(LqLcccmqXcLXmXcXFfXLX , , )",1.149774256262888,no,,,10893,2.2952309520191614
5152,"(lXRLXcXRRccmLXLXrX, X)",0.9224185150216064,no,,,10893,2.2952309520191614
5153,"CL(L(LqLCLXLMXCqLX(LMLQX),  qX))",0.9596385982531225,no,,,10893,2.2952309520191614
5154,"L(,X, LXRfLCmXqCXLXfCXLXfLXX)",0.9980576730174302,no,,,10893,2.2952309520191614
5155,"L(X, LqCqcXccLLfXmXQXX)",1.4172263110618575,no,,,10893,2.2952309520191614
5156,QLLFXrqCCCfXXXLLmXmmLC qQLX,1.0272712641871542,no,,,10893,2.2952309520191614
5157,"LM(FCXqLXrCLCCXmXfX, LqLmX((XXmX), X))",1.1403344570633578,no,,,10893,2.2952309520191614
5158,"F(LLL(rfqXLmmL(rfXX, , FXRX), RX), mLMX)",1.4675914010082527,no,,,10893,2.2952309520191614
5159,"f(MmrcMLrX(RLLLcLXQccFXLX(LrLXFFQLX)), )",1.0636350112019315,no,,,10893,2.2952309520191614
5160,"Mc(RRLXLXX(LXX, ), FXLXL((rL(LmX))))",0.9961334036873013,no,,,10893,2.2952309520191614
5161,"mC(Q(LLccqXqXMLcXXXLcXX(LX)), LcLX)",1.0722153140964994,no,,,10893,2.2952309520191614
5162,"MLm(rrCXLXLXLXRRLCX(, X))",0.7914547659616855,no,,,10893,2.2952309520191614
5163,"L(RXRXcMXFXXLLX, LLcXFX)",1.0850827609884892,no,,,10893,2.2952309520191614
5164,"(LmFXfQXRCLCmLfXCLXR(LXcX), cQQ(MX))",0.9643683487331404,no,,,10893,2.2952309520191614
5165,"(fLqLFMXLFXLccQXLXXcXLLXRX, )",1.2046493584369726,no,,,10893,2.2952309520191614
5166,"(CmXLX, ,LmLmQLQLFXLLCCXXXRfX, )",1.2350445075218444,no,,,10893,2.2952309520191614
5167,(CLCXLFXFCFfQXFXLLXC(LLXLXLX)),0.8327741391105219,no,,,10893,2.2952309520191614
5168,lFXLXccQXLXX(m(LXMcFXX)),0.8308506564599324,no,,,10893,2.2952309520191614
5169,"fLqL(LXLfcXXrX, ,,,XCXlXXRmXrMFFX)",0.9428845437212267,no,,,10893,2.2952309520191614
5170,LXrXCqLXLLXCqLXLCFXCXQX,0.890095405815818,no,,,10893,2.2952309520191614
5171,"(X, cFL((FFLf(LqXLcLXLqcXLLXcXmLfXRMLX))))",1.1526418157918046,no,,,10893,2.2952309520191614
5172,"(X, LF(Rf(R(rFCLXcX)), qXMXCCmLXXqX))",0.934790865658024,no,,,10893,2.2952309520191614
5173,"LL((X), RRcX(LXLLLFXcffFXqqQX))",0.9846524838533578,no,,,10893,2.2952309520191614
5174,"CmLL(lLXrMLX,rMMqXX, rrLXCLXLXFFX)",1.2192952341946905,no,,,10893,2.2952309520191614
5175,FLQXLLXRCfCfXLXlLClLLXMFXmLmmXCX,1.1207957811071378,no,,,10893,2.2952309520191614
5176,"LM(LXCLqCXfLXXXFLLXCX, mX)",1.0904211202693546,no,,,10893,2.2952309520191614
5177,"(rXccqXXfMXLXrX, , L(LX, fLX))",0.7967260300459554,no,,,10893,2.2952309520191614
5178,"LL(RQXX, mlqcXXXlcLLQXrrLLXR(RFfqLX))",0.7930596247433802,no,,,10893,2.2952309520191614
5179,"r(rmQmLLLXqFX, rMLcXMXf(CXCXLXX))",1.0254917857127326,no,,,10893,2.2952309520191614
5180,(RQLFXLCfCXFQCXrCMXqXX),0.9771878461539627,no,,,10893,2.2952309520191614
5181,fqXLMXCLMXrLCXLXrCCXLXFX,0.8619451424347438,no,,,10893,2.2952309520191614
5182,McXffLXcqLLqcXcmXFmmXrrXrMX,0.9838859989674029,no,,,10893,2.2952309520191614
5183,"(FXfXrLLmXLCCXrrXXRqLFCXfX, LmmX)",0.925644877188337,no,,,10893,2.2952309520191614
5184,(XXccfqcXXXMqcLXX(X)),0.6784008291272339,no,,,10893,2.2952309520191614
5185,"LXLf(RQLXR(X, LLLXLXX), X)",1.3987046514717443,no,,,10893,2.2952309520191614
5186,"mXLL(qL(rXfCXFQXLFfXrFqX, qm(RmqX)))",0.8559523027932892,no,,,10893,2.2952309520191614
5187,"LL(FX, CmcXRQmXLcFLXrrFFXMqX)",0.9128937035433035,no,,,10893,2.2952309520191614
5188,"LL(qX, (RLcLMQX(rmcLMXfmXcqX)))",0.8309851041235473,no,,,10893,2.2952309520191614
5189,LFXqFLcXqcLfXmcfXLXLX,0.8842454637885084,no,,,10893,2.2952309520191614
5190,"LX((rfqXLm(XRqqqqXXQX, X), X))",1.5053673790256288,no,,,10893,2.2952309520191614
5191,c(RX cXLqcFLXLXfcLXXrcXmXXrX),0.9582614504873889,no,,,10893,2.2952309520191614
5192,"ML(LLL((X, ), RFffMcXcQXXLXX), XRmfX)",0.951547618371092,no,,,10893,2.2952309520191614
5193,"LXRF(,MXXcQXMLXrLXLLXqX,FmXQLXcCX)",1.357603809030164,no,,,10893,2.2952309520191614
5194,mL(q(qcLXLcXcXFLXcMXLX)),1.066043341461826,no,,,10893,2.2952309520191614
5195,RMfXLLXqCCXMCLLXFlXmffXQXX,0.7885700331735153,no,,,10893,2.2952309520191614
5196,"L(X, rcmqLfXRLLLcLfXqcXXfX)",1.26856393029001,no,,,10893,2.2952309520191614
5197,"(LMLL(qX, rrMcFXff(LXmLLXCX, )), )",1.363348354410049,no,,,10893,2.2952309520191614
5198,"LM(QLCLXC(LMXfXMLXMCXLX), MffXqqMX)",0.8331288295185363,no,,,10893,2.2952309520191614
5199,"((LmLXmfLXCqCmFXL(lXFCL(L(LXCX)))), cX)",0.9108462289891764,no,,,10893,2.2952309520191614
5200,CXLqFqQXCCFQXLXRLCLCXmXRLX,0.9055777463267562,no,,,10893,2.2952309520191614
5201,"XLFL(FLX(CX), QXRFcmcXrXXX)",0.8293548787200443,no,,,10893,2.2952309520191614
5202,"L(LXClX, fLcqqXcLcXXrXX)",1.0907928054537734,no,,,10893,2.2952309520191614
5203,"((QXcXLXRLXQcLcXLcXXqqX,, ), FX)",1.0231485389295323,no,,,10893,2.2952309520191614
5204,"(LLL(RLLFQXLCCXLqXX, XRX), , )",0.9675546791989256,no,,,10893,2.2952309520191614
5205,"rLf(,XrLLCXCLFXmXRLQX,rLXRfLLX)",0.8921098927463627,no,,,10893,2.2952309520191614
5206,"(LX, LL(Lmc(QQX(Q(LFXLfX), mXFcXLXX), QLXX(X))))",1.3862667838903402,no,,,10893,2.2952309520191614
5207,"(, LXrrmLMccLFmLXcLLXLXrrrLX)",1.2779684887722134,no,,,10893,2.2952309520191614
5208,"FmF(F(L(LLLX)), RllcXRmXcXcX)",0.5583531289679536,no,,,10893,2.2952309520191614
5209,"L(rLXmX, MMXRRcXLXLXLXcfFXmmX)",1.0439604069801274,no,,,10893,2.2952309520191614
5210,rLcqLXclMLXLXrcXfLLXQmXFX,0.9960798854594061,no,,,10893,2.2952309520191614
5211,"q(,LLLXXCffXQCCLCFLX, RfX)",0.8193465359811948,no,,,10893,2.2952309520191614
5212,"LL(RRclmFXLXXLXcXLX, X, RQmmX)",1.3478121687563345,no,,,10893,2.2952309520191614
5213,"(L((rrLXLqccXX(MXX(QcXLMmX)), ), ,), X)",1.0677581453358913,no,,,10893,2.2952309520191614
5214,qLLXcQLcXfcQfmXXRMLFcLXLCX,1.0192610182823887,no,,,10893,2.2952309520191614
5215,"RFML(QmMX,LMX,FXMXXcLcQXMLXXcmLXXcX)",1.022972512333383,no,,,10893,2.2952309520191614
5216,"LLXF(XrFXqC(XFLLXLCLX), RcMMmCX)",1.0114873504199884,no,,,10893,2.2952309520191614
5217,"L(LLqXf((XL(X(rCCfXRLFXLFX)), FX)))",1.1251103687886952,no,,,10893,2.2952309520191614
5218,"RLmL(XmQCCX(RFCCLX(XLLX)), L(qX))",0.9602716969797853,no,,,10893,2.2952309520191614
5219,"(LqLFFmfXFXCfXXLLXFX, LQXX, )",1.1592783039379624,no,,,10893,2.2952309520191614
5220,"L(qMXCLXrLCFMLCXRMCFX, RFLX)",0.8597796755355342,no,,,10893,2.2952309520191614
5221,LMqXLXcMcqXLLXcXRFXX qLLFX,1.1562181655302606,no,,,10893,2.2952309520191614
5222,"LQXLqM((FXqfCmCXLX(rLmXX)), (XmXX))",0.9234409950608482,no,,,10893,2.2952309520191614
5223,"(XLX, qLLcXcmLXqLcqcXXRXX)",1.0552745723178678,no,,,10893,2.2952309520191614
5224,"((RLLLLmXCQMFfLXCfXXXRqLX), (XRcmX))",0.9695482590802585,no,,,10893,2.2952309520191614
5225,"L((LLXqFCCXXFLXLXCXRmMX), cXLX)",1.0516864736783194,no,,,10893,2.2952309520191614
5226,RRLLXrLCCXrLLCXXLXRXmX,1.1077289128259893,no,,,10893,2.2952309520191614
5227,"rLFLQXm(, X, RcfXL(RLLXX, QX), FXqX)",1.089377743030403,no,,,10893,2.2952309520191614
5228,"Lc(XCFXrrMFCFXCLXLLLX,rXLcXRLX)",1.0103238416818394,no,,,10893,2.2952309520191614
5229,"fLX(rFfLqCfXCLXRRQmX, XFXrFFCXCLLXX, )",0.941798706821542,no,,,10893,2.2952309520191614
5230,"LL(L(qLLXXFCfXfXQmLXL(X)), X, )",1.3480087669252894,no,,,10893,2.2952309520191614
5231,"Lcm(L(MrqXccqQLLLLXLLX), fcfX)",0.8353529681248371,no,,,10893,2.2952309520191614
5232,"lXLXL(QXXcFXfLXXX, , )",0.8945586520989771,no,,,10893,2.2952309520191614
5233,"mFL(X, rLcXLcMqXcmfXLXlXLXLLmX)",0.9525469982367951,no,,,10893,2.2952309520191614
5234,"L(LFXrCXLLFX(rCrCX(RXRFX)), qXX)",0.8353727476904862,no,,,10893,2.2952309520191614
5235,qqClXCmXCCLLXfqXCLXLXfXrCLXLffX,0.8883170266622205,no,,,10893,2.2952309520191614
5236,mLX LrfLcXfqcXcXmXXXRqX,0.7435126236830674,no,,,10893,2.2952309520191614
5237,(qXrQXqCLmFCLXfXLLCqLXCLXX rX),0.9519349579977852,no,,,10893,2.2952309520191614
5238,rLFLXCLXLXrqCXCCmFLXMLXFXX,0.899871138097679,no,,,10893,2.2952309520191614
5239,"Ffq(XfLLC(rXCCLLXrqX((, LX), , ), XXXX, FXfX))",1.466787599431001,no,,,10893,2.2952309520191614
5240,"m(LqXX, , rcLcLLcXrLXrFcLmXFXFFXfmX)",1.0274124174968335,no,,,10893,2.2952309520191614
5241,"FLXmL(XRfXF(cMcLLmQXLXXXcLLfLXX), LX)",1.1129416918461006,no,,,10893,2.2952309520191614
5242,"Lf(MqfqLXLLcfLLccXLMXrqXfX, CcMX)",1.4002427681960492,yes,B5,11,10893,2.2952309520191614
5243,"RFLLL(RCXCXXmL(rcCXCfqfX), X)",1.212552596112186,no,,,10893,2.2952309520191614
5244,"LL(, ((RmCXL(LL(QXCXrmq(fXffX))))), RX)",0.8041204444226073,no,,,10893,2.2952309520191614
5245,LQLXLXCXXLFLXCMMXXXQXLMCQXmX,1.051741146850642,no,,,10893,2.2952309520191614
5246,"FLLXML(LmqXFLFXCXLXXr(rLFX), mQX)",1.4212969015391594,no,,,10893,2.2952309520191614
5247,LqLqXLXCCqXLCFXLCXRCQXLFX,0.7885074506244563,no,,,10893,2.2952309520191614
5248,RLLLXqmCCLXFXlLXLCXFQFLX,1.190454395196615,no,,,10893,2.2952309520191614
5249,"M(rcFmm((rLXcFqLLcXXXXrmLcLMLX)), FlLX)",0.9419876676691303,no,,,10893,2.2952309520191614
5250,"L(Lf(X, fF(RQFXCFLCmXrrrXFXrXCX), fLX))",1.4761442827656013,no,,,10893,2.2952309520191614
5251,"cXXRLmL(RCFMXLccXLXRX, rFX,LXFX, X)",1.146041437475925,no,,,10893,2.2952309520191614
5252,"(QXM(LXFLLF(ccfXLXqqcX)), cQX)",1.0044582407152012,no,,,10893,2.2952309520191614
5253,"L(XQXX(F(LX(cLqfX)), LX), (mmXX), )",0.8832379324624114,no,,,10893,2.2952309520191614
5254,"L(, RCLXLLfQXCCLLXQXQFX, , LX)",1.0316357936217346,no,,,10893,2.2952309520191614
5255,"Lf(QX ,,RmCLQXCLQXCXmXL(rmXLCCQFX))",0.9295536901784444,no,,,10893,2.2952309520191614
5256,"LLXcFM(CQXLcXXFcXm(X), CX)",0.8506450209676918,no,,,10893,2.2952309520191614
5257,"Xm(LQFcX, LXRFQLcccXXrMXMLX)",0.815624165250255,no,,,10893,2.2952309520191614
5258,RLXQFLLXRLCCXXCLXlFXX rX,0.9401009569922036,no,,,10893,2.2952309520191614
5259,"LXRfFLQcL(XFX,, ,,XrcXLLQXFX, ,XXX)",1.3946168443926104,no,,,10893,2.2952309520191614
5260,"(McXLcLLqcLcqXLccXLXLMX, FX)",0.9260033238029751,no,,,10893,2.2952309520191614
5261,RLQXRCqCLCFqXLXCCLXLX,0.9864679006757037,no,,,10893,2.2952309520191614
5262,"Lf(L((RRcXXFm(M(XfX, )), FL(cX))), (cX))",0.8780737757036768,no,,,10893,2.2952309520191614
5263,"Lq(LLXX(rqcXXM(CX,cX), ),  F(mQX))",0.8416674855335383,no,,,10893,2.2952309520191614
5264,XrXLQLCCCLMCXXRLLfCCXFFXmXXX,0.9501673076018953,no,,,10893,2.2952309520191614
5265,"LXF(LXqXXCLXLLXCMX, L(X))",0.9807770888325232,no,,,10893,2.2952309520191614
5266,"FLL(mqCX(cXFCXCfFLL(MLXLLFX)), MX)",1.1645853535480986,no,,,10893,2.2952309520191614
5267,"L(FX, qXLMXrrfLcLcQcXQXX, )",0.9353211378103348,no,,,10893,2.2952309520191614
5268,"F(cX, C(L(fX(RFLQccXLcLXLX))), , FX)",0.748697403944176,no,,,10893,2.2952309520191614
5269,"CmLc(RcX, qqLLcXLcFXQcLXmmX , )",1.0076952208499341,no,,,10893,2.2952309520191614
5270,"RL(RXL(,X, LXFXqXX), fCcfX)",1.519294516935995,no,,,10893,2.2952309520191614
5271,"LC(LXQCfCXLLXQCMLCXLXmX, LqqX)",0.9593691880644366,no,,,10893,2.2952309520191614
5272,LLfLmXCCQMFXLXCCQXfXFQXX,0.930096812104379,no,,,10893,2.2952309520191614
5273,"(L(QLXfXQm(L(LX, , XX))), LXX, )",0.8589980870614321,no,,,10893,2.2952309520191614
5274,"LXMX(LcfmCX, ,QQXmcLLcXrXXcX)",0.9248211729731279,no,,,10893,2.2952309520191614
5275,"L(mRRmLLXRCCqXXfXcQX, LX, )",1.1761706964422116,no,,,10893,2.2952309520191614
5276,"cLqL(rFX,XXcXrLXFFXX, RfXLLCX,)",0.8885957498705113,no,,,10893,2.2952309520191614
5277,"LL(CqXXLLX(L(cLQXqXqX,)), MXX)",0.8789654205136606,no,,,10893,2.2952309520191614
5278,"(fXcLXccqXLLLXXLcLqXLFXX, )",0.9626070839287053,no,,,10893,2.2952309520191614
5279,"L(fX, qccLXX(rmccXLXrLQX))",0.8348451723518799,no,,,10893,2.2952309520191614
5280,LXRLqcXmXqcXcLXXQXX,0.9425226137153131,no,,,10893,2.2952309520191614
5281,"LM(LXmFCqmXFFXXLFCLLXX, FX)",1.0872799446572206,no,,,10893,2.2952309520191614
5282,"QFXcFXF(F(RXFC(LLX,X)), LX)",0.5760638543674127,no,,,10893,2.2952309520191614
5283,"(F(RRMCMXCfXXXLLX), fLFX, X, )",0.7708984270847379,no,,,10893,2.2952309520191614
5284,"( ML(mLXmCQXCLLXCCQfXXXX, X))",0.899738248602507,no,,,10893,2.2952309520191614
5285,"fL((LQXQL(LX((cXRcXXFX)), QXX)), fqLX)",0.8252655937908765,no,,,10893,2.2952309520191614
5286,"LLm(,RQXRmCCqXrXrXfQX, LX)",1.1575378994562242,no,,,10893,2.2952309520191614
5287,"LXQM(RXccXFLXCLX, (Q(X), MmMX))",0.8721221440886188,no,,,10893,2.2952309520191614
5288,"LF(RLMcX, XQlLXRmLmccXFLLLLXcccqX)",0.9204923041122766,no,,,10893,2.2952309520191614
5289,"LXL(qCXXLLXCFmFqXRQ(rFX), , rLLX)",0.8179854502903677,no,,,10893,2.2952309520191614
5290,"LQL(Xcmq(X), LLXmXFfccLXLX(X), FX, , )",1.0438691486640341,no,,,10893,2.2952309520191614
5291,"(lL((, , rrLmLXfLcLcLXLLXX, )), X)",1.3363383322472246,no,,,10893,2.2952309520191614
5292,LQMcXLqLXrLLccXfLcX(mXXLmmXmlfX),1.0385332480352583,no,,,10893,2.2952309520191614
5293,"(CXLmmXCmLFQQCXCFXLLqXX(X, , ))",1.1782345074100857,no,,,10893,2.2952309520191614
5294,LfXLCXQMQffCLLXCXXRRfXLmX,1.003995206792697,no,,,10893,2.2952309520191614
5295,"(LmXLf(X, rqcXRcLXXXRX))",1.142911247919077,no,,,10893,2.2952309520191614
5296,"M(CFLX, RRLLfCXCXLXLXQFX, )",1.4043632473078875,no,,,10893,2.2952309520191614
5297,"L(Lm(qCqfXf(LX, FqLXQXRX), XXLQXcX), XLLX)",1.2209740453504037,no,,,10893,2.2952309520191614
5298,"L(,LCLXLX, RLCLQLXrCXXLXQX)",1.1112370372145992,no,,,10893,2.2952309520191614
5299,RfXMLLfXrLCCXrmCXlXXmXLX,0.9437544413357487,no,,,10893,2.2952309520191614
5300,"M((XRcLqXfcLqqXLqMqM(qLMXLXX, ),))",1.0959712433152724,no,,,10893,2.2952309520191614
5301,"L(LXM(CLXrXCCqXLXRqX), rXqX)",0.8822866506030801,no,,,10893,2.2952309520191614
5302,RQLLLXCqqCMXLFfLXRLCfXrXQXfX,1.1500640414721326,no,,,10893,2.2952309520191614
5303,"LLM(L(XrfCCLqX(m(Q(,mcXXX, ), LfQX)), RQX))",1.2848390926629107,no,,,10893,2.2952309520191614
5304,"rccccL(X,X,,rXLmCXLCXXMX)",1.1542174247322285,no,,,10893,2.2952309520191614
5305,MLXqXcQLcXXXRFmcXLfXrqX,0.7569777134761904,no,,,10893,2.2952309520191614
5306,LXLXcfXQcffXfmXcLfXLQXRX,0.7582910412193922,no,,,10893,2.2952309520191614
5307,"LLX(LX, FqfXXLCCLXfmX((mQX)))",1.0654578912540074,no,,,10893,2.2952309520191614
5308,"L(RXCCLLLXX, XFQMXLcXfXXXXRcfXFX)",1.1368633638255516,no,,,10893,2.2952309520191614
5309,"LXq(QXmc(qLX), RLcMQFXXcLLXLX)",1.0299672844659529,no,,,10893,2.2952309520191614
5310,"(LcccqLXRcccQLXLfLXLXqXXQFX, , )",1.125222264771115,no,,,10893,2.2952309520191614
5311,"LLQC(LQMCXCMfMXLLLXLmqX, rrfLFX,)",1.1369879243046828,no,,,10893,2.2952309520191614
5312,"(fX, XcmLXLcmLQXXRMMcXFLX(rrqfffX, X))",0.8789511040812529,no,,,10893,2.2952309520191614
5313,"FL(mX, rrLXLF(rXrCmXXmXFXLLCX, FXmX))",1.3100712309819211,no,,,10893,2.2952309520191614
5314,"LX(qLXfXlLLccXLXRRMcMXmMCX, qX)",0.9202449624146837,no,,,10893,2.2952309520191614
5315,XLfqXcfMcLfXrLfXcXXXMX,0.8704484259564933,no,,,10893,2.2952309520191614
5316,"Lc(XX, mLcXRRLXXcLmXLX)",0.9728567839899377,no,,,10893,2.2952309520191614
5317,"L(F(FXLCLqXLFXLCXXLX), rLFXrX)",1.112125720887912,yes,B4,13,10893,2.2952309520191614
5318,"Lm(RQLMCmfXfFLLm(, rXXX), X)",1.2587703215991162,no,,,10893,2.2952309520191614
5319,"(cLXL(QXFXLM(MXX(rfcFX), ), ),  XFLCX)",0.8127250898520098,no,,,10893,2.2952309520191614
5320,"c(LXccqcqXcLXLMLXX, , , , ,QX)",0.9378022436276837,no,,,10893,2.2952309520191614
5321,"LF(f(, RRC(XCFXLXrX(f(X))), FCX, ), )",1.2844404898621764,no,,,10893,2.2952309520191614
5322,"XLM(XQLXXlLcXLXLXX,Rcm(XrX))",0.9648788479328819,no,,,10893,2.2952309520191614
5323,"M(c(LX, X, LQMcXMXXLLXXcFX), mMXX)",1.0655643369438659,no,,,10893,2.2952309520191614
5324,"rMq(,qLXcLcLLcQFQXLXrcLXfXRLLX)",1.4345363664497282,no,,,10893,2.2952309520191614
5325,"LXfLF(rMX, fXRQXLccMfFfLXLLLX)",0.9997663900325954,no,,,10893,2.2952309520191614
5326,"fL(FCX,  rrFXLcXMcXXRqlXRX)",0.9958061021376896,no,,,10893,2.2952309520191614
5327,"LM(LLX, LXfcQXXF(LLLccLmXLQXX))",0.937318129487712,no,,,10893,2.2952309520191614
5328,"rLLXL(rXMmLqCCXL(RXLFX), FX)",1.088446958458799,no,,,10893,2.2952309520191614
5329,"L(QmQXCLCXqLXQXMX, fQ(RX), X)",1.1950081272465405,no,,,10893,2.2952309520191614
5330,"LLm(RLQLXRCCLCXXMLCXXLmX,)",1.1917282550916395,no,,,10893,2.2952309520191614
5331,LLLmXRFcLLLLXQccXLXMMcMX X,0.8279160725974268,no,,,10893,2.2952309520191614
5332,rrLXLXcLXcLQmLXcXFlXrrLLLXLqmX,1.09594491177239,no,,,10893,2.2952309520191614
5333,"rLX(LrLXXrMCCCXLfLLXMX, LqXrX)",1.1022272228224346,no,,,10893,2.2952309520191614
5334,"(, mqLcfLqXmLcXcXLmXX(XLX))",1.0080474899502974,no,,,10893,2.2952309520191614
5335,"QLLC(((CXXL(CMLmXMXFMX), Xc(RQQQMcX))))",1.053023086810093,no,,,10893,2.2952309520191614
5336,"cMXML(,((XQXFXcXLX X)),mX)",0.9770326414515157,no,,,10893,2.2952309520191614
5337,"L(X, m(FLXX), LqLMqcXLcXRLXXcX)",1.1017015910614567,no,,,10893,2.2952309520191614
5338,"CCXfLL(XLqqXCCXqM(L(qLLLX)), RlLX)",0.8963339030214702,no,,,10893,2.2952309520191614
5339,lLmcLXcLXcfqqXFmcMXMLXXRqCX,1.040060739554865,no,,,10893,2.2952309520191614
5340,cqQcXCfLQLXRmCLCXCXLXmX(CRRLX),0.9006414815306732,no,,,10893,2.2952309520191614
5341,"L((RMCQXL(, qXLLXRLcX)), X)",1.3320284152603494,no,,,10893,2.2952309520191614
5342,"(r(XCLXFCLmqXCqX(LFX)), LXXRX)",0.8491961404802816,no,,,10893,2.2952309520191614
5343,"L(rrLLCXXXLXMCXqQX, LL(LLX))",1.0148493296192662,no,,,10893,2.2952309520191614
5344,(RRLX CLCLMfqXCmCXXRXX),0.9670821423648965,no,,,10893,2.2952309520191614
5345,"Lf(,L(qqMfXMccXLXXlCLX), q(X), )",1.3642202082650972,no,,,10893,2.2952309520191614
5346,"(FFXL(rcX), cQfXMLXLLMcXcFfXQQX)",0.8111951111676687,no,,,10893,2.2952309520191614
5347,"LML(rrFmLCXFXXFLLXQXFX,  X)",0.7308073261902338,no,,,10893,2.2952309520191614
5348,LCXfXRFLlCMXfX QLXCLFLXmXrLXX,0.8323939353367413,no,,,10893,2.2952309520191614
5349,"cLLLfL(LLX, qqcFXcXQLXfXrfX)",1.3368030595530391,no,,,10893,2.2952309520191614
5350,"MqqXLmL(RcQcXfXFXLX,X, LX, LMX)",0.8923509493155177,no,,,10893,2.2952309520191614
5351,"(LqXXLCXCCX, rcLLLfMXccXmXX)",0.8793320755936719,no,,,10893,2.2952309520191614
5352,RMLX RXCCLQLXmXCXLXrmXMX,1.0838608667114042,no,,,10893,2.2952309520191614
5353,"L(L(rQX, QXL(LMXcmcXFXrmX), ), Rl(RlmMX))",0.820326728646447,no,,,10893,2.2952309520191614
5354,"(LmFXrrLccmcXcLLXLXCX, )",1.2934970203263727,no,,,10893,2.2952309520191614
5355,"LL(RfLXRLLLFCCXLFXqCQXcqX, fXfffX,,)",0.8749759476027541,no,,,10893,2.2952309520191614
5356,"LFm(fX(qCLXCfMXLmXrLfCXFX), X)",0.9275525514243204,yes,B3,18,10893,2.2952309520191614
5357,"FXL(LXrqCXCLXcF(CQQXMXLX), mXMX)",1.2275702257979997,yes,B5,14,10893,2.2952309520191614
5358,"C(, LLL(,QCQLXCXCMXXMXXX))",0.79872796106378,no,,,10893,2.2952309520191614
5359,"L(FqCFX(XLXLCXRMXLX, ), RfXqM(q(RX)))",1.0230014814142128,no,,,10893,2.2952309520191614
5360,"fCL(RfLCQCMXrfLMLLCXQXXX, X)",1.4208637323858613,no,,,10893,2.2952309520191614
5361,rmX LXRfLCLMXrCMFLXqXCCXLLLX,0.9638515465391212,no,,,10893,2.2952309520191614
5362,"LL(fLXrMMXrCXXrLLCLXCmLX, QqX)",1.010628444222996,no,,,10893,2.2952309520191614
5363,"((XMXrCmCXXqXCXXF(r(MFfX)), rX))",0.6508677664140672,no,,,10893,2.2952309520191614
5364,"LL(MMX, rrLcXMcLXLLLXmLQQXrqX)",1.7358764156411963,no,,,10893,2.2952309520191614
5365,"(ML(LXfQX),XRRfcLLXXXFCcXXQLFLX)",1.056021706184068,no,,,10893,2.2952309520191614
5366,"ML(rcqLXL(Lf(FLffXXrQQQXqX, )), cLXX)",1.3234891579104908,no,,,10893,2.2952309520191614
5367,"f((CLQMfXfXRLCCLLX(LFXX)), rfLLFX)",1.0842687422476107,no,,,10893,2.2952309520191614
5368,LLMFMXFcLmcqcqfXccLcLLXLXMLX,1.1366519598683549,no,,,10893,2.2952309520191614
5369,"RXLmXCqLCLXqXfm(Ff(RLX, QXqMLX))",1.0509456682571217,no,,,10893,2.2952309520191614
5370,"L(, QLMXX, QLXXcFXLXrLcX)",0.8751854065544256,no,,,10893,2.2952309520191614
5371,"mLXLL(X,X, (qmX), rrLcccXXLFXXXX)",1.2054155647518294,no,,,10893,2.2952309520191614
5372,"L(LXFFX,RRLcX(XXLlXL(Xr(q(XRX, )))))",1.0537258528649833,no,,,10893,2.2952309520191614
5373,"LL((, cQfXXLcfLXFmX, FXX,X) )",0.9672801461885265,no,,,10893,2.2952309520191614
5374,"LQLX(rmX,rX CccXRMmmXFcXLLLX)",0.8889582680685569,no,,,10893,2.2952309520191614
5375,"(LL((cX), rfFqcXLLccLLX(RLFL(qX), qX)), )",0.9268808704121139,no,,,10893,2.2952309520191614
5376,"L(RX,rrcXcLLmFcXQLL(qXC(c(FCX))))",1.3066798922817422,no,,,10893,2.2952309520191614
5377,"LL((rCqLLLLFXmLmL(F(LX), LLQX)), (RLX))",0.8476511389171446,no,,,10893,2.2952309520191614
5378,"LXLM(LXrrCmMLXLFCfXMXX, XR(MX))",0.8948823421458879,no,,,10893,2.2952309520191614
5379,"LF(CLXFL(QCXmMXXLFLLLXMCXXX,LLX))",0.7655831932758628,no,,,10893,2.2952309520191614
5380,"rML(LM(X), LXcMcqLXqLqLmcXLmqX(X),,RX)",1.1631959741514977,no,,,10893,2.2952309520191614
5381,"LL(QLXX, cqXLXLcLXXrLmcXX)",1.0296953046948614,no,,,10893,2.2952309520191614
5382,"FL(XrmFXX, LcQXfXffcXRLXr(MX,XX))",0.9147147966177045,no,,,10893,2.2952309520191614
5383,LLXRRLCCCXCXRcLfLCXrX,1.115262681578742,no,,,10893,2.2952309520191614
5384,(XmMXQcLfLXccLX LXQcmmXXRMMX),0.8327264637685348,no,,,10893,2.2952309520191614
5385,"CLQC(X,XCQXRCLLfXrmXCfLXqCCcfCLX)",0.9296094424252602,no,,,10893,2.2952309520191614
5386,"LLMLL(MX,cFQQXXrLXrfcLXc(X))",1.009889851427571,no,,,10893,2.2952309520191614
5387,"F(FLQX, rLqcXRccLLXQ(MXCXfX))",1.4554395078906521,no,,,10893,2.2952309520191614
5388,"LLLXrL(rffLCX(LXLMMLCMXX(fX)),,LmX)",1.3483460363980606,no,,,10893,2.2952309520191614
5389,"LMLq(, (rMLmcLXLL(FXQXXmX, ), RLqX,,),)",1.4910940516921365,no,,,10893,2.2952309520191614
5390,rXLXCXrrCCFXLXCQMXX,0.736770272136801,no,,,10893,2.2952309520191614
5391,"(LL(mFX, X, qCLLXFXL(X(L((CQX), ), LLX))))",1.0379831938425745,no,,,10893,2.2952309520191614
5392,"L(QLfXRcQX, LqcmXLXcFXXXLX)",0.9674626938143227,no,,,10893,2.2952309520191614
5393,"f(Fc(RXRfLXLcMXXX), rXQX, FXQX)",1.0030758289347739,no,,,10893,2.2952309520191614
5394,LLXQQCFCXQCQCCLXmqXrFFX,0.944926810725709,no,,,10893,2.2952309520191614
5395,"f(mXfcX, rrLcLLXmcXXrXX)",1.0315332619512088,no,,,10893,2.2952309520191614
5396,RRFcmQXXLLfXXRcfLcXMcQXLXRXX,0.8953403936605046,no,,,10893,2.2952309520191614
5397,"fFL(LX, XLLQLmcfXMXcLXQXqX)",1.0380656931782524,no,,,10893,2.2952309520191614
5398,"L(RRfXRF(LqX,XLLXLXlX), XfX,)",1.5822094010433276,no,,,10893,2.2952309520191614
5399,"LL(mX, LqLqXccLLXXmXCXX,MX)",1.5510505756464639,yes,B6,5,10893,2.2952309520191614
5400,"QXFLLqfXLXL(QQXLfF(XcXX, rXcXX), X)",1.2597124884929967,no,,,10893,2.2952309520191614
5401,"RRLc(fX(LLXLX,X), LLXQMXfX,fLFXX)",1.4578329412433826,no,,,10893,2.2952309520191614
5402,m(M(LmqXLLFcXfLfLqfccXFcFXMXXLX)  ),0.8838507088867537,no,,,10893,2.2952309520191614
5403,"L(XX, LXcFQXLXcLXXX)",1.0195716047664798,no,,,10893,2.2952309520191614
5404,"FLfLL(X, qcXCLXfFmXLXLLCX)",0.9802499675715588,no,,,10893,2.2952309520191614
5405,"X(LX(MqXCLFXLXCLqMXX, ,LX))",1.1082956652546772,no,,,10893,2.2952309520191614
5406,"(,,MQQXFCCXLXLXfCXRQX, )",0.8174648613416606,no,,,10893,2.2952309520191614
5407,"CLm(LX, L(rrMLXcLcMXLLXFXRX),)",1.6521340627361956,no,,,10893,2.2952309520191614
5408,"CLm(, XrqcLXRLL(XqqXmqm(mLX), ), mMX)",1.1030442762814996,no,,,10893,2.2952309520191614
5409,"Q(XQLLX(lfQX, , ,RLLXccLXXXX))",0.9741078781070055,no,,,10893,2.2952309520191614
5410,"L(RX, rmLcqLXcXLFXXrcLXLXX)",1.0183942062644105,no,,,10893,2.2952309520191614
5411,"((MLLXCQCXXXXCLXfMXfX), X)",0.7630280059796064,no,,,10893,2.2952309520191614
5412,"L(LcXCCQFQCXCXX(X(X, )), )",1.0086272769212736,no,,,10893,2.2952309520191614
5413,"LXLL(rrLmCXLCCXFmmLLXRX, XqLmLMMX)",0.9964541319398975,no,,,10893,2.2952309520191614
5414,LLLLMcfXqcqLcXLcXfXXX,1.3128198271316618,no,,,10893,2.2952309520191614
5415,"(cX, QCXCLXMLfXRfLCfXFXLCXqXRX)",0.9350443406835238,no,,,10893,2.2952309520191614
5416,"L(, , LF(qXXccXLLfMXqqXqc(X), qfcX))",0.9772047072473095,no,,,10893,2.2952309520191614
5417,"(RCXRCXRLCXXCX, LLmX)",0.8227514539702792,no,,,10893,2.2952309520191614
5418,"m(LrXc(LX), CLX, RQLLCCLXLfCXqqXFXfQX)",1.085025218030598,no,,,10893,2.2952309520191614
5419,"ML(X(((qcFqXLccXfLXL(LfX))), ))",1.0907784920912413,no,,,10893,2.2952309520191614
5420,"LM(fqXLmX(CcMcXXrLXrfLX), LLFXRFX)",0.9268050829869169,no,,,10893,2.2952309520191614
5421,"LL(X, crrLXcLXLXX(qMLmRX))",1.5875405855486806,no,,,10893,2.2952309520191614
5422,"LF(MXl(q(L(QX))), FfLLXcQXLXLcMXFXX)",1.0642736416334018,no,,,10893,2.2952309520191614
5423,"cXLXLX(RXrrFXX, RXQccXLLXXcX)",0.9934439452106608,no,,,10893,2.2952309520191614
5424,"mL(fFRLQCFmXrCCXrFLX(qX, , MM(cX),), fX)",1.1379961671518155,no,,,10893,2.2952309520191614
5425,L( mCCMCMXRRLCMLXCLLLXLLXX),1.330652986115433,no,,,10893,2.2952309520191614
5426,"LL(LLXRRmCCCXFXMXfXCXmX, RX)",0.9333788000922457,no,,,10893,2.2952309520191614
5427,"M(fLXRMCLmX, QLXLLXmCCXRRLXQFXX)",1.0749510355596166,no,,,10893,2.2952309520191614
5428,fLLMLXrcmcLcQqXcQqXrLLXrmmXmcX,1.3611177461986164,no,,,10893,2.2952309520191614
5429,"L(rCXLCqLX(LCMLXCqX), CmLMXL(qX))",1.0046259082529814,no,,,10893,2.2952309520191614
5430,cLFLXrcfqcXcqXLXRXLMcqXLqX,0.8754606598755849,no,,,10893,2.2952309520191614
5431,LXLXFCFFCqXXLLLXCXQXX,0.9727363122534027,no,,,10893,2.2952309520191614
5432,"(L(M(LFLLRRCXLfLLLL(, XLXcX))), RLX)",1.4659037932366146,no,,,10893,2.2952309520191614
5433,LC(XRCCQLXrCFMLMXRCFLMXf(X)),0.9550218806361489,no,,,10893,2.2952309520191614
5434,"L(RRLCCXCXfXlXLX, RRLmMQX)",1.0209812368287832,no,,,10893,2.2952309520191614
5435,"cL((LcXCFX), cQmXLXLLXLXcXX)",0.9788866150451808,no,,,10893,2.2952309520191614
5436,"LFXF(cqMXXMX(fXrLLMXX, ), CMccX)",0.7092969691069793,no,,,10893,2.2952309520191614
5437,"cX(LLLLc(X, RRccXXFLLXrcQX))",1.0493491624540399,no,,,10893,2.2952309520191614
5438,"QLLc(,qqqfXMmfcLcXcf(LCXQXX, ), X)",1.5608217064263248,no,,,10893,2.2952309520191614
5439,LXFLmXccqXMLLXrcfcXrQXrFXCX,0.881202192583605,no,,,10893,2.2952309520191614
5440,"XrXlL(qfXM(mCLCXXRXR(rFM(RmX))), LX)",0.8944729455566388,no,,,10893,2.2952309520191614
5441,"MXLM(rMfXLXCmLmCmqXX((mXFX)), XLX)",0.887200403587797,no,,,10893,2.2952309520191614
5442,"LXLfq(rLfLXr(MXLLLXX(McLqlX), X), LX)",1.6662951813936175,no,,,10893,2.2952309520191614
5443,"XLLL(CX, qXLFXLCCX(LLXX))",1.1302126981414582,no,,,10893,2.2952309520191614
5444,"MX(L(McQX,RRcXXfFLLFXcXrQfQFX))",1.0403446212937015,no,,,10893,2.2952309520191614
5445,"XLCFXm(rrmmXf(,XLXrqqlL((((X))))), XqX)",0.9622426203559402,no,,,10893,2.2952309520191614
5446,"LFF(L(XqLXCmLF(XrmCmXLLQX), X), , RmX)",1.1045328704606732,no,,,10893,2.2952309520191614
5447,"Lcff(QL(cXQcXLXF(X), (LmX)), (fLMLqFX))",0.9536566070124176,no,,,10893,2.2952309520191614
5448,"LLF(MCmQXmXmQLCLCXLXRqqX, FX)",1.0487183266637468,no,,,10893,2.2952309520191614
5449,"fFLLMFX(XQLMQCXccMLXLLcLX,qX)",0.9002396309014925,no,,,10893,2.2952309520191614
5450,"LC(XRRCCLXLCXCX(cXccX), X)",1.0913235869331521,no,,,10893,2.2952309520191614
5451,"(LFLXfXrLCCXqXMLXLCXrfXrcX,,)",0.8999713508769946,no,,,10893,2.2952309520191614
5452,"L(RRCXLCLmCMXMXcLXX, X)",1.5751432509886127,no,,,10893,2.2952309520191614
5453,"RL(FXCXLQXCXrXrX, fmXcmLXMXcX)",0.8992976025101139,no,,,10893,2.2952309520191614
5454,"LFXL(L(RX), rrLMX(CXLXXXCfLX))",1.4084647469375782,no,,,10893,2.2952309520191614
5455,"L(RX, LXXLcLXRXcLmLQcXmXFXrXmX)",0.8496338859912934,no,,,10893,2.2952309520191614
5456,"Lq(QXLCmfXXRLCXXmmX, rXCXFLXmQ(MX))",0.9917776323737895,no,,,10893,2.2952309520191614
5457,LqLXrLLXccqLXFmFXLcXLMXLX,0.9932086829191333,no,,,10893,2.2952309520191614
5458,"XLXLL(CQX, (rlqFCXqLLLQ(mX, MXX), ), XLX)",1.1274992131488932,no,,,10893,2.2952309520191614
5459,"LLXL(LmQXQX, ,QcLlXFXcLXF(cLX))",0.8982669731332514,no,,,10893,2.2952309520191614
5460,"((LLQMFCXCmLXRLCXLXRCfXLXX), LX)",0.9900753874208013,no,,,10893,2.2952309520191614
5461,"FLLXLcXqqLMXr(XX, , FX)",0.6176220422000973,no,,,10893,2.2952309520191614
5462,"rFL(MXqCXLLLXR(LX, rLqX), LLX)",0.8326435191736636,yes,B3,4,10893,2.2952309520191614
5463,"LfL((MCQXFLXCX(XM(XrLLX)), (F(rXCfMX))))",0.9823694546816137,no,,,10893,2.2952309520191614
5464,"LF(RRLCccCLCXLCXmLXrq(rMqXrX), LX)",1.5900762730919633,no,,,10893,2.2952309520191614
5465,"LL(XrrCXXLmMXLLX(CXmLX), LXRX)",1.2235279355578987,no,,,10893,2.2952309520191614
5466,"L(MX, X,rrCLXCXLLLMLXXLCX)",1.5027526967510205,no,,,10893,2.2952309520191614
5467,CLCFLQQXfCXLmXCXFLMX rrmXMX,1.1418048167574641,no,,,10893,2.2952309520191614
5468,"L(CQXfLXCMXffLXFQXCFX,LLXLX)",0.9871593906197882,no,,,10893,2.2952309520191614
5469,mLm(qqLXcQcXRLXcFXLLXMX ),1.0275103363562736,no,,,10893,2.2952309520191614
5470,((rMLLLLXRLccXRffcMXXFX(XX))),1.0441497707229412,no,,,10893,2.2952309520191614
5471,"(CcX, RQMCLMXmCQMLCXXrLCXFMQXLX)",0.973203075785271,no,,,10893,2.2952309520191614
5472,"LL(rqXF(XqLXXRRcX, XQX), (X), )",1.6050690198006072,no,,,10893,2.2952309520191614
5473,"cQL(fXmLLXcXLQXX, RMLLFXFMX, RXfX)",1.3991700091017083,no,,,10893,2.2952309520191614
5474,"LCf(RQCCLCLmXCLLXLLXcX,RLXCX)",1.1570463928571961,no,,,10893,2.2952309520191614
5475,"L(fFmLFLXRmQclXcLXMLX, , MX, MX)",0.7422849905442426,no,,,10893,2.2952309520191614
5476,"(CCLXXXX, rrCFCXLMXXFXQmCX, (MXX))",0.7542865691471337,no,,,10893,2.2952309520191614
5477,"MLLLQ(LqX, RLLLFXL(, , XLXLLXQX), )",2.0155139731747074,no,,,10893,2.2952309520191614
5478,"((rM(X)), CqLXm((XrLCXmCXLLX, LFXmXX)), )",0.9333291833910112,no,,,10893,2.2952309520191614
5479,"(LMQLX, FFqqLcXMLcLLcXLLqLXLX)",1.337535877176977,no,,,10893,2.2952309520191614
5480,"XL(qX, QMXXcfLXXFXqFX)",0.9097045919017662,no,,,10893,2.2952309520191614
5481,"FFLXLX(F(QXfMcXFXXXRFcLX), qX)",0.8762292954148921,no,,,10893,2.2952309520191614
5482,"LL(LRQfCXrFCfXQXLXLX, RmXlmLX)",1.1585577036266363,no,,,10893,2.2952309520191614
5483,"LCfXF(X(LmqXCCXLqXXCX, rXRX))",0.973773964836166,no,,,10893,2.2952309520191614
5484,"(RLfXcLQXLXRcXLcXXmXcXLX, XMCqX)",0.8624012382382236,no,,,10893,2.2952309520191614
5485,"XXLL(,QXcXLMXXLXrcX, XRX)",1.1333264042921056,no,,,10893,2.2952309520191614
5486,(cRMqfLX ccmqXcLcqXmcQLMXCmqX),0.9974541994546496,no,,,10893,2.2952309520191614
5487,LXmFLXcqcmXXLXcLLLXqXqLX,0.795848250621731,no,,,10893,2.2952309520191614
5488,"CXrm(LLFLFqXML(XfX, XQX), lLX)",1.2851141722081183,no,,,10893,2.2952309520191614
5489,"F(FXLXrlLMCXrfCMXLXrFXCX, RX)",0.9213435558663021,no,,,10893,2.2952309520191614
5490,"(((cLcXcqcmLqqcXcLLMLXXCLfX), ), LffX)",1.056741717531663,no,,,10893,2.2952309520191614
5491,"CF(f(F( L(CXrrLcLccXLLfLfcXLXLLX))), )",1.311635366602568,no,,,10893,2.2952309520191614
5492,"ML(mF(LLqqXcMcQQXLX(cLXLXX)), )",0.9766997212901833,no,,,10893,2.2952309520191614
5493,"cLqM(LMFLLX, FqLLcXcXrqLcfXqX)",0.9304700071992609,no,,,10893,2.2952309520191614
5494,"LL(CQXXCLLfXLXC(LQXLX), LXrX)",1.0675729215567638,no,,,10893,2.2952309520191614
5495,"LfL((rMqX, (RRfcXXXFLXRqc(rLcQX))))",0.8673393086857825,no,,,10893,2.2952309520191614
5496,"( , rcLLXQcXXXLmXLLcLmLmLXX)",1.1483486615716187,no,,,10893,2.2952309520191614
5497,"((MLXrLFQX), cqXLLXMcXFfXFLqXX)",0.9426741817176675,no,,,10893,2.2952309520191614
5498,"LLm(, X, rrMXLLcLcXMX(QMXlQMX))",1.4598169271554042,no,,,10893,2.2952309520191614
5499,"L(MXqCXFXXLLmCXRX, FX)",0.9952579730186598,no,,,10893,2.2952309520191614
5500,"LL(MFmXRQCLXLLC(LcCCXqqXQX), fX)",0.9670541068014813,no,,,10893,2.2952309520191614
5501,LXRffXqFMcXmcXLXrrLFccLcXRLLXqMmmX,0.8726401056043803,no,,,10893,2.2952309520191614
5502,"Lq(MqX(rX), , LccLcqXcLXXrfXX)",1.1556876983640334,no,,,10893,2.2952309520191614
5503,"R(qF(mcX,), LcMcqXLXcqXFcLXXXX )",0.9771252409298089,no,,,10893,2.2952309520191614
5504,LFMQmXrLLCqCCXLXXLmMMXrfLX,1.0054765562460817,no,,,10893,2.2952309520191614
5505,L(LqcLXRccMcccLQLXXcmLXMqX),0.9462619913398946,no,,,10893,2.2952309520191614
5506,CLXRCQXCXLXMXCXLLXfFX,1.0816156511049704,no,,,10893,2.2952309520191614
5507,"L(L(m(mrQqXqCCX(RLLLX), ), qL(FX)), LX)",0.9311600775781128,no,,,10893,2.2952309520191614
5508,"L(QLCXMXXCLLLXLLXX, RXX)",0.8848907466371416,no,,,10893,2.2952309520191614
5509,"RLLc(,  MXQXL(FX, RQCX(XX)), QQcX)",1.4512687779777542,no,,,10893,2.2952309520191614
5510,"L((RRMcXXFXXcLXX, X, ), X, )",1.1956951701483296,no,,,10893,2.2952309520191614
5511,"(LMcX, CLMmLLC(qqFXCfC(LCLXMLX), RqX))",0.9760076681177736,no,,,10893,2.2952309520191614
5512,"F(LL(L(XqFqLCXLCXLLXLX, LXX, ), QcXX))",1.1202055254440797,no,,,10893,2.2952309520191614
5513,LFXLXRMccXRLXXXmXRXFcX,0.9204134450002093,no,,,10893,2.2952309520191614
5514,"LrLL(rX(FLqXmXrXq( , mX), X), rfQXX,  )",1.5676149454931168,no,,,10893,2.2952309520191614
5515,"L(, X(X), XQXXccLLLXXX)",1.051042869453239,no,,,10893,2.2952309520191614
5516,FmMLXLLX(mcFcqXLXrccLXqX(RQQXfqX)),1.0122184706784052,no,,,10893,2.2952309520191614
5517,"FmXLFLLF(LXCQXRccLccXL(L(LcLfX)), (qX))",0.8456013521471532,no,,,10893,2.2952309520191614
5518,"( FLXRCXRfCXXrX(X ), qqXCXX)",0.8002511870549898,no,,,10893,2.2952309520191614
5519,"(RLC(RCfXXX, RLXL(, qFLXXXX), RX), )",1.2028337401587652,no,,,10893,2.2952309520191614
5520,"((LF(LFcX, cQXXlXlcLLLXCLXccXmX)), mX)",1.1806313202323826,no,,,10893,2.2952309520191614
5521,"FXq(mMXLXLLCXL(LXXCRX), LXLX)",0.9758807456201268,no,,,10893,2.2952309520191614
5522,"rcML(RRqX, LXqLLccXLLXcLXRmmXmLX,)",1.2322978433821399,no,,,10893,2.2952309520191614
5523,"LL(fqqCLmX(mCMX),FLqXccXqLLLFFXrMXX)",1.4140540563203827,no,,,10893,2.2952309520191614
5524,"LQ(FmmXLFLXcXfFXLX, rLMLMMcX)",0.8794203000251278,no,,,10893,2.2952309520191614
5525,"(RRLfLmCCXLCXffLLXFX, CX)",1.2194501441533503,no,,,10893,2.2952309520191614
5526,"LL(X, rrcLXcLXXFXLfX)",1.4212623162454021,no,,,10893,2.2952309520191614
5527,(LLLXCCLLQQXCFXXrX(fX) ),1.1452340796351599,no,,,10893,2.2952309520191614
5528,"m(LLLCCXRRfMMCMXLLCXLMLLFXLX,  )",1.3141789959392507,no,,,10893,2.2952309520191614
5529,"(fLXL(LfRCCmXLQX(CXXQMQMQXX)), rCfX)",0.9379646694030517,no,,,10893,2.2952309520191614
5530,"L((XLQFXcXMX(MXLXLLQXrcccX), XcX), FX)",1.4808703434285648,no,,,10893,2.2952309520191614
5531,"LLcm(cQQXXcLLMLMX,(RXX, MLMmQMfXLXcX))",1.095541154627096,no,,,10893,2.2952309520191614
5532,"LLqF(LXQX, LcXLLXcfLXLmXLXLFX)",0.9639936177055409,no,,,10893,2.2952309520191614
5533,mLlLXmCmFXRMCXLQLLMXLMCCXRQXqX,0.8424207305564605,no,,,10893,2.2952309520191614
5534,"QcLXLM(RMXFX, fXFLX, fXQccXLfqXLQQX)",1.3346472816652386,no,,,10893,2.2952309520191614
5535,"L(XL((QXcQLc(ccLXccLX), MX), FX))",0.9292500459617162,no,,,10893,2.2952309520191614
5536,"XlLXfQ(XM(FcLXmffXLXm((XqQX),)), )",0.8470008419071473,no,,,10893,2.2952309520191614
5537,"LL(QfCX(, QmXCLfXLLXX),  X)",1.103562010895416,no,,,10893,2.2952309520191614
5538,q(RcCCXCCLQLXLXQCXLmCXFXqXMLX),0.8883184622371612,no,,,10893,2.2952309520191614
5539,"L(XFQX(XLL(fcXLXFX)), rFcFX)",0.9009503050549145,no,,,10893,2.2952309520191614
5540,"(X, XrLLL(FF(fXrLCXCLqXLX, XCMfCX, ), QfXmFX))",1.1258889544093622,no,,,10893,2.2952309520191614
5541,"L(L(mXQCCQCXLLCXmfXFXcX), X)",1.2342862868546847,no,,,10893,2.2952309520191614
5542,LXrrCcLfccLXcXLLmXRmLCFMFX,1.1638527749353358,no,,,10893,2.2952309520191614
5543,"L(, LQXXRLLCCXLLCmXffCXXX)",0.9443566740905673,no,,,10893,2.2952309520191614
5544,"lL(, L(LXX), rLXcFXMcQXcXXrLQXLX )",0.8102082146094621,no,,,10893,2.2952309520191614
5545,"rFL(rCXLXLMXLCXXFX, qXlLXqFX)",1.0003929518112833,no,,,10893,2.2952309520191614
5546,"FmLXRfLLc(fX,fFXXrX, FXcQXLXXLX)",1.202657257124231,no,,,10893,2.2952309520191614
5547,FXLLmXLFMcLXRRcffcXMXLXLXcX,0.8772611364057881,no,,,10893,2.2952309520191614
5548,LrXXRccXRXLLXcXXX,0.9448501890678984,no,,,10893,2.2952309520191614
5549,CCFM(LX(mXLCQQLMXCXXqXfMFX)),0.9573112189629406,no,,,10893,2.2952309520191614
5550,"F(mLQCMXLXRLLLCCXRLmQXfLX, rQfXX)",0.9696607819290344,no,,,10893,2.2952309520191614
5551,"FqXLqq(qLqXLLFMLM(LXXX,  MX), LXccXCX)",1.2296170309277625,no,,,10893,2.2952309520191614
5552,"RFmc(XLXLLmcQXX, cmLQMXXXX, RLXX)",1.182958136104771,no,,,10893,2.2952309520191614
5553,"(LLMFXXRX(((RcmLcXQXQLLX))), RcLXmX)",1.1099678876122727,no,,,10893,2.2952309520191614
5554,"LXL(XLqXCXLqCXMLqqX, ((RRFX)))",1.0505387118320255,no,,,10893,2.2952309520191614
5555,"(fF(LLXLCLXRqCqXm(LXFMfCXLqXQX), LqX,))",0.9647391421927146,no,,,10893,2.2952309520191614
5556,"((LfcXXcFMmMQXcLLXXRcXL(MX)), (LLX))",0.8939109554207715,no,,,10893,2.2952309520191614
5557,"L(rXmqLX, FQcLFFXLX(cfXLFXmMXRX))",0.8769422848915185,no,,,10893,2.2952309520191614
5558,"L(,, LX, rrLLXCFXFXXCX)",0.8294366399540941,no,,,10893,2.2952309520191614
5559,XRLLcfXrqcLmXLcXLLqccFmXFXrCLX,1.0331655297271407,no,,,10893,2.2952309520191614
5560,"LqLXL(LXLX(, rfXrLQQCXLX), rrX)",1.10546403457707,no,,,10893,2.2952309520191614
5561,LLMCXLLfXfQCLfXCLXmCQXXXrLX,0.9327413064976273,no,,,10893,2.2952309520191614
5562,"LF((rrLLcXcXLFXXX), , , X)",1.4009006439665972,no,,,10893,2.2952309520191614
5563,"L(XqXLmfCXmFXLL(XFX(rCXMmX)), XcLX)",1.0805691734072995,no,,,10893,2.2952309520191614
5564,"rL(rMXRRcMcccLLXLXXLXcLX, FXfX)",0.9148789943132529,no,,,10893,2.2952309520191614
5565,R(MQXCqLCFXf(mXqCXMXLX)),0.8522822133846814,no,,,10893,2.2952309520191614
5566,rrcLmcXcLcMqXXcXQXfX,0.9697419421632745,no,,,10893,2.2952309520191614
5567,"(, XLCQXRCXmCXXXL(MCX(MX(L((rX))))))",0.8585308157744636,no,,,10893,2.2952309520191614
5568,RRclcmMccXLQLXLmXcLcXQXcfXLXfX,0.9943476359179539,no,,,10893,2.2952309520191614
5569,(QLfXLcFXmQXLXRMccFX(cLXLX lfFX)),0.9068343849632449,no,,,10893,2.2952309520191614
5570,"(LX(Ff(CqCCqXCXrQLLX), LXCX, , LX))",1.0043936538717648,no,,,10893,2.2952309520191614
5571,fLXRCLRCXFCXXLQX,0.8698809989445108,no,,,10893,2.2952309520191614
5572,f(  LXqcqXcLLXFcXXf(LXXFqLX)),0.9477814019589775,no,,,10893,2.2952309520191614
5573,"qXMmL(rmLCXML((mLXLX, QX), RX), X)",1.0662326955794612,no,,,10893,2.2952309520191614
5574,"LLL(mCmX, FLqLXLXCCXmXFX)",0.9757223698127074,no,,,10893,2.2952309520191614
5575,"LLL(qX ,qqFcXccXFQLMXRQmCXLX)",1.5121555564983298,no,,,10893,2.2952309520191614
5576,(LFX RQLCLXmLLCXRqQXLCCLXqfXX),0.9957406494123896,no,,,10893,2.2952309520191614
5577,"L((MXXX), qXFXXLCXRfFLXLXXmX, )",1.3348260054572598,no,,,10893,2.2952309520191614
5578,QLmLmXCqLCXmXXCLqLXLXFX,1.0280328560082046,no,,,10893,2.2952309520191614
5579,"L(,,,LLXmFcQcXX(MXcLLXfqfcX))",0.9561026264545686,no,,,10893,2.2952309520191614
5580,"(cL(CLMccXrrcLcLX(LLLcXLLXCLX)),, )",1.419875500076569,no,,,10893,2.2952309520191614
5581,"(LXLmXCCCQX(X(CLQXXXLLLX)), X)",0.8844066924408651,no,,,10893,2.2952309520191614
5582,rLXRQccLFXLFLX rcQmXLXLcFXRFLcqXQXQX,1.0751471556581014,no,,,10893,2.2952309520191614
5583,"mmLM(RRmcmXmcLXLLXfXcQX,X, rX)",1.2863155453617716,no,,,10893,2.2952309520191614
5584,"FL(,QcQCXCCLXrLLXFX, r(rX))",1.145839375463027,no,,,10893,2.2952309520191614
5585,"f(C(LLLMXRmCQXCLLLLLXrrXLX), X)",1.0209796964106796,no,,,10893,2.2952309520191614
5586,"L(QLMXF(q(LX)), rLMLMLLcqXfcXRQXLXqXX)",1.395850386577716,no,,,10893,2.2952309520191614
5587,"L(qqXLLc(rmccXMLXFXFXLXLfX), RFX)",1.0376645395330772,no,,,10893,2.2952309520191614
5588,"L(cLXLQcXcXLQXXX,(MX), XX)",0.9841119909401764,no,,,10893,2.2952309520191614
5589,"LXr(LXrLmmXrF(,RXcX, LXqXMmX), FX)",1.386293552003075,no,,,10893,2.2952309520191614
5590,LqXLFXRLfcLcmQmXmLFLXmLcmLXfXX,1.0179469082706782,no,,,10893,2.2952309520191614
5591,RLLCFcLXLCCqLLXCXlXrfXmMLXFX,1.02727014150182,no,,,10893,2.2952309520191614
5592,"m(rfLFXCLfXCqLqXLCCXQX, rMLLXX)",0.958154612776913,no,,,10893,2.2952309520191614
5593,"(LXfmLXrCLQqCmXmXmXfXqCXFX, )",0.8498581873336858,no,,,10893,2.2952309520191614
5594,"L(qLX, LMLXcQXcXLXRLcXX)",0.9798345325960377,no,,,10893,2.2952309520191614
5595,c( CLLcmXrrLcFfcXmcLLXLLQLXCqX),1.3569336261195606,no,,,10893,2.2952309520191614
5596,"FL(RLQLcCCXmrCXQQXLXcX, MqLX)",1.3345078590865214,no,,,10893,2.2952309520191614
5597,RFFQXcXLLMXcFLQcmXLLmcXRmXMfLcXX,1.0243986679908612,no,,,10893,2.2952309520191614
5598,"c(RMFmXLLX, LqccMXFMXfFLXcXQFLXFqqX)",0.8947715148491839,no,,,10893,2.2952309520191614
5599,"LFL(F(fX, ,), RRffCLCXLCXXXLLX)",1.2786526332969494,no,,,10893,2.2952309520191614
5600,"f(mMXMXrrfCLCXFXfXFlLXLX, FXXQX)",0.7503793426602736,no,,,10893,2.2952309520191614
5601,cXRLXrMcLXrmMcXqcLXLXmXqX,1.1223196975218244,no,,,10893,2.2952309520191614
5602,"rL(L(qL(cX), X, XrLcfLcXrFLcMXqqXX))",1.032620708950819,no,,,10893,2.2952309520191614
5603,XqCLLXXXLXLCXqLXCXXMFqX,0.9099570303048736,no,,,10893,2.2952309520191614
5604,(cX LXLcqXMLqcXLLcXFFqQXLX),0.9255407635500038,no,,,10893,2.2952309520191614
5605,"LcXrccL(, mccXrMXFLXmQXLX, rMXLXXrLLX)",1.0480841035115247,no,,,10893,2.2952309520191614
5606,LXLXcLXRccccLcQXrLXLmMXqQLXmX,0.8279151440883448,no,,,10893,2.2952309520191614
5607,"LLf(QcLX, rcqLmMXcFcFLcFLLLXfLqLX)",0.8188053193500314,no,,,10893,2.2952309520191614
5608,"LF(XmmXXCQX, QXcXLXfXcFmXLX)",0.8289646010505974,no,,,10893,2.2952309520191614
5609,"fLF(mCLQXfLXLCXLXLXMLX, LMLXQqqX)",0.9575063357701096,no,,,10893,2.2952309520191614
5610,"(qLLXLX, qLcLfXfXL(cLXfXr(M(LcXLqX))))",1.012807609056852,no,,,10893,2.2952309520191614
5611,"XLFF(LMLQQXCCXXXMCXrLmXMmmX, )",1.0712408748376105,no,,,10893,2.2952309520191614
5612,"lLL((cX,), MLLXRCLFCQXCLXrmXrX, )",0.8541973041983217,no,,,10893,2.2952309520191614
5613,LXMCXRRLLCXCLfXXXX,1.1509026569945997,no,,,10893,2.2952309520191614
5614,"LX(lXrqLLXLQ(CLLXLX,, qMX), FLfqX)",1.0533645031381813,no,,,10893,2.2952309520191614
5615,"(McmLcFqLLXf(XrLcXL(LcXrLcXXmX)),)",0.8744377304690933,no,,,10893,2.2952309520191614
5616,"L(L(r(CLqX), fqXLmL((XMCXCCLCMLLX))))",0.8640795407348062,no,,,10893,2.2952309520191614
5617,"(LmX, lLLCXCqXMmXLXLXCLmXRCLX)",0.9747746229782892,no,,,10893,2.2952309520191614
5618,"FLLXLF((LMXX), QXMXcXMXLXLX)",1.224542976340663,no,,,10893,2.2952309520191614
5619,"LL(RLQcCXLCCXrrmq((MFXLmXCLX)),  MXRLX)",1.3642814955632845,no,,,10893,2.2952309520191614
5620,"FXLL(, RQX, XRXRmXmmcLX(MXLXLFX))",1.4586255574507585,no,,,10893,2.2952309520191614
5621,"lXrL(rFcCXMXLfXCLLXLXmmq(rFX), (LX))",1.2615805430714437,no,,,10893,2.2952309520191614
5622,XlXFLqLcccXrLFXRLLcLXMFLLLXrQX,1.0604564234973866,no,,,10893,2.2952309520191614
5623,"((, mLqLqXqLq(QFQXcmXcLXLX, RX)), )",1.0324564934538671,no,,,10893,2.2952309520191614
5624,"(L(XLL((rqCCXQmL(FcCfX, (LqX))))), X)",0.8214469736442767,no,,,10893,2.2952309520191614
5625,"L(LQXLXLcXLXFLLmX, , rX, rrqX )",1.10187885439908,no,,,10893,2.2952309520191614
5626,"mLL(,MFXFX,QXMLmcXLmcXMLLcX)",1.003533005046509,no,,,10893,2.2952309520191614
5627,LXLXLLQcXQcLXcLXLXcFqMXX,0.8776460619888728,no,,,10893,2.2952309520191614
5628,"RLL(qfFXX, RmcXXXXLcFXmMX)",1.0257950050051392,no,,,10893,2.2952309520191614
5629,qXLLXLcMcqXmXclFXLMMXLX,0.9659433425108583,no,,,10893,2.2952309520191614
5630,"LLfCm(RfQXLCXLF(rrF((XLXL(RQX)))), MXrcXrfLX)",1.248081028084807,no,,,10893,2.2952309520191614
5631,"CXfFLLL(CMQQXCLXQLLqXfqXlX, X)",1.3578392728043835,no,,,10893,2.2952309520191614
5632,"LML(qXcMLLfXrccXLXX(LMXQX, ), X)",1.03189685951246,no,,,10893,2.2952309520191614
5633,"FLX(LXX, XQfLXMcXMXLXXcqFX)",1.124318028813619,no,,,10893,2.2952309520191614
5634,"LXFL(qLXL(ccqLmX(RqLcXqLXX)), X)",1.057746101591804,no,,,10893,2.2952309520191614
5635,rLMXLcQcXcQQLXqLXRqXLFFLX,1.0357485774439552,no,,,10893,2.2952309520191614
5636,"L(LXLXrQqLCCXmCXmLqFXXcX,XX)",0.7927669737837537,no,,,10893,2.2952309520191614
5637,XXLLXLQCLQLCXmLCfXMLLXXXCX,0.9033117015731906,no,,,10893,2.2952309520191614
5638,"(L(FmLfQLXLXLfcFLFXLXLMmX), XffX, )",0.9659825808578791,no,,,10893,2.2952309520191614
5639,"LL(RXfLX, LXRRLMcXFXXLLLLcXmX)",1.1849727580812033,no,,,10893,2.2952309520191614
5640,"LL(XRRLCXCLXMXfXLX, QMX,)",1.1941231830471353,no,,,10893,2.2952309520191614
5641,"RL(L(FX,LLQXCCXXcLX), f(,M(mX)))",0.82315831510685,no,,,10893,2.2952309520191614
5642,"((LCFqXmqCLXLCXLXLmCXMX, , XLfX))",0.8930540543269384,no,,,10893,2.2952309520191614
5643,"C(FmcX, rcqcFFXRLcLFcLXmFXlX)",1.0466924220427463,no,,,10893,2.2952309520191614
5644,"LX(FX(rrXLFCXXcLCXX), X)",1.2708007760134723,no,,,10893,2.2952309520191614
5645,"LL(LrccLXQcXFXcXLLcLX, CX)",0.8417221512893907,no,,,10893,2.2952309520191614
5646,"LL(RMLCXRCXLXmXCqXLqX, XRRM(X))",0.7992706189277252,no,,,10893,2.2952309520191614
5647,"(cmFqL(FXCLXLFfXQL(rQcX, QLX), XrMX), X)",0.8727278672226643,no,,,10893,2.2952309520191614
5648,"r((qXX),mXflLLccffqmXfMmcX rXXRqCX)",0.9164069368249086,no,,,10893,2.2952309520191614
5649,"LF(fX,LLXmXRRccXLMLXLXLLXRcXLX)",1.2650469236978643,no,,,10893,2.2952309520191614
5650,"XMLL(X,,RRcLcXXLLXXXRcX)",1.294306319300698,no,,,10893,2.2952309520191614
5651,"(LLXLLCCqXXXMLMFXXLCMX, MCqffX)",1.060264362797227,no,,,10893,2.2952309520191614
5652,"FfXm(LX(QLFQLLXMcXmqLXcX),  fX)",0.8633768473888899,no,,,10893,2.2952309520191614
5653,"L(cmF(XRX ), cLXLXRRccXMXLXXX)",0.9433376638895079,no,,,10893,2.2952309520191614
5654,"LF(LqCXMXMFX(LLcLXRfFX, ), Q(L(RmqX)))",0.6399659296587793,no,,,10893,2.2952309520191614
5655,"LLqm(CX, X(cXLXLfrcfcXMXCX))",0.9548127726334785,no,,,10893,2.2952309520191614
5656,"LLL(cQQXcXrLXRQQX, XrccX, cX)",0.9970877469152035,no,,,10893,2.2952309520191614
5657,"((, ,QXLLXCmLCXRfXClMXXLXX))",1.069876209118136,no,,,10893,2.2952309520191614
5658,"L(rXqcXrmM(FmLLXrXlLX, ), X, )",1.0187387055737807,no,,,10893,2.2952309520191614
5659,RqXccXFXrLXcMXmLLXLmX,0.7809680730681997,no,,,10893,2.2952309520191614
5660,"LLL(rqLXRLCCXmXFX,FMX LX,rrMX)",1.0712618685614965,no,,,10893,2.2952309520191614
5661,"cXLL(RRLXcXmXXRcLX,rFFFfFcmX)",1.0134383718142814,no,,,10893,2.2952309520191614
5662,CLXLXLLfFXrrfCCXXLXLLMLXX,0.7961394646840023,no,,,10893,2.2952309520191614
5663,"fLXL(L(LXrL(cX)), CqCLXmLCXrCLXCX)",0.9992190285873609,no,,,10893,2.2952309520191614
5664,qLqLXLcFMLqQcQXFLLFcXmXXfX,0.9277961152247195,no,,,10893,2.2952309520191614
5665,"(LRLfXRLCXCQXFLXCXXrQXX, , )",0.9756002547760215,no,,,10893,2.2952309520191614
5666,"cFL(R((mLX, RcLFLX)), qCXXXCLXLX, )",0.9841119806068529,no,,,10893,2.2952309520191614
5667,"(,LXQM(LXLXmCXCQLMLXrFX, ))",0.7350755062285481,no,,,10893,2.2952309520191614
5668,"(RfLQX, rrLcLXcLXXLLLXQX)",1.5189266326210715,no,,,10893,2.2952309520191614
5669,"L(X,  rccXcLqXLXLcXXqLX)",1.0788282464148007,no,,,10893,2.2952309520191614
5670,"(M(cQQLX), rrmCcLcLXcXLXrQMXrC(CX),)",1.3805277745520708,no,,,10893,2.2952309520191614
5671,L( QXcqMXrcLXcmXLXFXcX),0.9286485568632584,no,,,10893,2.2952309520191614
5672,"RLfL(, RXLL(mX, LfqXLQXXX), XX)",1.8838114890305115,no,,,10893,2.2952309520191614
5673,XQfFXrqCCLLCCLXXLXRXXX,1.0209178846929094,no,,,10893,2.2952309520191614
5674,"(RRLLCmXLCXXXRQLX, LX)",1.3936998312015911,no,,,10893,2.2952309520191614
5675,"L(L((XrrCLmCXXLXmLCX), FX))",0.9857837845604716,no,,,10893,2.2952309520191614
5676,MCLCfLXRLMCQLfCXrfLLLQCXLX,0.8027353063674998,no,,,10893,2.2952309520191614
5677,"mLMLF(c(FX), LX, , ,RclXXQXcXMqLLX)",0.9791825268306237,no,,,10893,2.2952309520191614
5678,"L(fFXF(, LX), LqXmCXFLLXCLX)",0.9846448775975519,no,,,10893,2.2952309520191614
5679,"(fLX, LmXccLQXLLXfLLXLcmXX)",1.0188072291168213,no,,,10893,2.2952309520191614
5680,"L(MFX,QFMXLX, qXmXLLLLCFCMXXRMqX)",1.1102047105740978,no,,,10893,2.2952309520191614
5681,"RLm(,mLXM(,,XqXX), XRfXcX LXFLXLX)",1.2770680967074357,no,,,10893,2.2952309520191614
5682,X LqqLXfLccXLXcXXQXFfXX,1.1294351646597276,no,,,10893,2.2952309520191614
5683,"(qXRLXX, LcXLQmqlXMFqCCXLFXXXX)",0.8160624107196384,no,,,10893,2.2952309520191614
5684,"M(XMLX, rLmXRmQcLXcMXXLXrX)",0.7813753210762562,no,,,10893,2.2952309520191614
5685,"LMcLqFc((X, cQFQcmFX(LXLXRRLRLX)))",0.8300533745142998,no,,,10893,2.2952309520191614
5686,"LLL(RQX(L(X), LXXX), rcX)",1.4601355472781508,no,,,10893,2.2952309520191614
5687,"LLML(X, mFLrrmcXMcmcLXLXCLXLX)",1.7347271406017073,no,,,10893,2.2952309520191614
5688,"LXL(LX,,LXX,ccFcQQXMXrXRRLMLX)",1.0831152463256828,no,,,10893,2.2952309520191614
5689,"L(QXLLLLMXRL(LQX, ,fX), XX)",0.6957316096071244,no,,,10893,2.2952309520191614
5690,"cf(rFfcqcLLXcqXX(mLXX, LXLX), FMX)",1.22070802182689,no,,,10893,2.2952309520191614
5691,"MLmX(Mc((rrLXLf(fF(LL(cLcXmXX)))), ))",1.1917890219341725,no,,,10893,2.2952309520191614
5692,"F(m(LXX), XQcLXXFFXLcXqX)",0.7170490529167403,no,,,10893,2.2952309520191614
5693,"L(cQLfX, rrfMLLMFccmXmcXRLLXlXX)",1.2826421217183073,no,,,10893,2.2952309520191614
5694,"L(L(MqL(LCMLX), CFQQXCmXCLLXcLQXX, ) )",1.5114819856561341,no,,,10893,2.2952309520191614
5695,RLXLXLFCqCXFLXFCXLXX,0.9996758795274092,no,,,10893,2.2952309520191614
5696,"C(f(LLCX), , , , rrLcLcXcLMXXFXfMX,)",1.3597765970596394,no,,,10893,2.2952309520191614
5697,LLfXClCffQXlLMCLXcXcXX LX,0.8461283025474644,no,,,10893,2.2952309520191614
5698,"MLXXLF(rLMX, rMLXrXCXXXLX)",1.130285662113873,no,,,10893,2.2952309520191614
5699,"cLXMQ(LXXmCCMXLXRLXmX, LMX,)",0.9669615445742913,no,,,10893,2.2952309520191614
5700,LXLXCqCLmLLXlXFXXLXmmXqCX,0.9986052926319211,no,,,10893,2.2952309520191614
5701,rCqLCqCMcXccXLXLcLXXLMqX,1.0299730364661384,no,,,10893,2.2952309520191614
5702,LmXLLCLXLCCfFqLXMXLmXmCXqX,0.8985925669009391,no,,,10893,2.2952309520191614
5703,"(RRFXLcLLM(XCX, XRLccQXrccLXLXLCX), )",1.1222607136262361,no,,,10893,2.2952309520191614
5704,rLLCqcXmccqXLmmXcmLXRLXLFLX,1.1442108849314112,no,,,10893,2.2952309520191614
5705,LccrrMcLXRcLcmQcXcXrXXmX,0.960971950494866,no,,,10893,2.2952309520191614
5706,"X(, rqmLX, rrFLXXXCXLXXFLMFX)",1.2948706975047801,no,,,10893,2.2952309520191614
5707,"L(LLmmLXLCXLqrCCXRffXrMFXXX, RX)",0.7418683345632229,no,,,10893,2.2952309520191614
5708,"LCXRL(X, RLXCXXLLXLLFMFX,)",1.1763707877102456,no,,,10893,2.2952309520191614
5709,"L(mM(RRMCXmCXXXX), ,X, )",1.0599544490245847,no,,,10893,2.2952309520191614
5710,"L(CXLLMQcq(, mX), rLXrCMXLXLXCX)",0.860327805668472,no,,,10893,2.2952309520191614
5711,"L(MX,QLLXRCCCXMXqXqXfX, XLXmM(f(X)))",0.7655886915326858,no,,,10893,2.2952309520191614
5712,"rMQX(L(CX, QXCCLLXFXRCLLXX), fX)",0.94971155711285,no,,,10893,2.2952309520191614
5713,"L(MRcCXXRCLXRCFXLXCXQX, FX)",0.8438756022001491,no,,,10893,2.2952309520191614
5714,"LFXf(X((,FX)), qXXLLCCXLMXX)",1.0070646285083293,no,,,10893,2.2952309520191614
5715,"((QFCXLX(CXXLXrX)), LfXL(LX))",0.9100487389051938,no,,,10893,2.2952309520191614
5716,"L(qMcXQX, rccLqXcMXRRXR((XCcX)))",0.9974045741969476,no,,,10893,2.2952309520191614
5717,"LM(LRlQXL(rFcLXXXXcX), , X, LX)",1.106778204284301,no,,,10893,2.2952309520191614
5718,LcMXRRMCLLCLLCmXCXXrqFXMX,1.0958707168797854,no,,,10893,2.2952309520191614
5719,"L(, , RRLLmmmXCFCLLLMXL(XX(X, )), X)",1.5844625305776394,no,,,10893,2.2952309520191614
5720,"MLQLQ(XCQ(, RLXLXXX), RRmLcX)",1.5655653136661127,no,,,10893,2.2952309520191614
5721,"(RMQXLXCffCMqXXFXLXLCmFXmX,)",0.9516206407499878,no,,,10893,2.2952309520191614
5722,"LL((MLXFCqXFXCFLLX(FXX)), (XmF(lX)))",1.128450801350839,no,,,10893,2.2952309520191614
5723,"(,XRCffLLXQCXCXLXXqX  rC(MX))",0.8508920363823361,no,,,10893,2.2952309520191614
5724,"L(RXqLLqMCCCXmCXfLQXfXX, FX)",0.9398883063142511,no,,,10893,2.2952309520191614
5725,"LXXLLC(qqCXmLCXRFLXLX,fXRMXcXFX)",1.0868286924391826,no,,,10893,2.2952309520191614
5726,m(LcXXmcXRRcXmLcLXLXXX),0.8660549276404298,no,,,10893,2.2952309520191614
5727,l((QXLLXcMLCqCXCLXFLXfXXRLCX) ),1.0449137516259275,no,,,10893,2.2952309520191614
5728,"(CQQXCXrXCXRX, LqX)",0.6877179831004552,no,,,10893,2.2952309520191614
5729,"F(FX,QcCLXLCCqCLXLXLXrLCmXLfX)",1.0438038877230662,no,,,10893,2.2952309520191614
5730,"L(X(X(rfCFmqCCXRFLLCXXXX)), XM(FX))",0.8917573929278169,no,,,10893,2.2952309520191614
5731,"LLmXF(QXfX, qXLCXLXLXCX,)",1.0775269343192841,no,,,10893,2.2952309520191614
5732,"FXmFmLF(LMfXrmcFcqQQX,XRX, rXLCqXCLLXL(MX))",1.0002478006131572,no,,,10893,2.2952309520191614
5733,"CL((RRLXCXQX), QMMXRCFfCfXLLXFX)",0.9444294868209087,no,,,10893,2.2952309520191614
5734,"rLLXL(MQXLXcLcMXcLLLcX, l(L(QX)))",0.8848443777572329,no,,,10893,2.2952309520191614
5735,"XL(rrLCFCXXLX(LXrX), XCCLFX)",1.0781824841931844,no,,,10893,2.2952309520191614
5736,LcLXqCLXCqCXXLLCMXCMLXqLX,0.8640215613016317,no,,,10893,2.2952309520191614
5737,"L(QFFMXFCXRLCCmXXLFX rXLLX,)",0.9174392960300158,no,,,10893,2.2952309520191614
5738,"C(MMLFX, XcLQXXMmXfcFLmXQLX)",0.9594813631777842,no,,,10893,2.2952309520191614
5739,"LF(RLCXCfCQXLQLXMLQXL(M(X)), qFXCX)",1.282887198323552,no,,,10893,2.2952309520191614
5740,"(l(L(RmcRCXLL(LL(LCCXXMLX)))), fLX)",1.247642945683685,no,,,10893,2.2952309520191614
5741,"(LLrCXrqX, LfLXmXrrMXCLXFXXX)",0.9728504114240187,no,,,10893,2.2952309520191614
5742,LqXMLXCffLffqCXXCLLXCLXqmXX,1.016874656870364,no,,,10893,2.2952309520191614
5743,"LXL(QXLXcXMXL(mqXX), X)",1.107979354188935,no,,,10893,2.2952309520191614
5744,"(FL((qfCCXLFX(XCXr(qLX)), (X), X)))",0.998366846032201,no,,,10893,2.2952309520191614
5745,"F(FFLLCXQCCXmLXXQCLX(FXX), QFCX)",0.8422299875886236,no,,,10893,2.2952309520191614
5746,"(FLXXrLMCqXCLFL((FXCLQLX)), FLX)",0.747795489345846,no,,,10893,2.2952309520191614
5747,qLLXRQFcccXMLXMXLX FLXLfX,0.9976760564589006,no,,,10893,2.2952309520191614
5748,"LLX(FQXMfXcXXrLX(rrFX), rQX)",1.067259783603432,no,,,10893,2.2952309520191614
5749,"((L(LLQCMQQXLCLCXLL(LX))), qX)",0.7969422504390307,no,,,10893,2.2952309520191614
5750,"FcLL(rmqLX(LXRLfXXQqQ(,CX), ), RRLcLX)",1.5754932502757772,no,,,10893,2.2952309520191614
5751,"(((XFXL(RmQXmcqXQXXQXLX, XQX))), mX)",1.1176182737339482,no,,,10893,2.2952309520191614
5752,"rL(, rCLFXcQccXlFXXrLcmXLX)",0.9193077962832816,no,,,10893,2.2952309520191614
5753,"XLL(ffQCXCLLXXRCLXCmX(X, ), X)",0.9179281299525895,no,,,10893,2.2952309520191614
5754,"(LCLLqLFXcQcLcXXLQMmLFXqLFfcXfX, , )",1.0486047449010907,no,,,10893,2.2952309520191614
5755,"(Lm((, LLQXXLLccXXX, XX, )), ,)",0.9458531852713502,no,,,10893,2.2952309520191614
5756,"Lm((cLrrXFcLXLMLXrXX), , , LmLX)",1.6430046102566456,no,,,10893,2.2952309520191614
5757,"XfXLXrCfCXrLLXL(C(XLX), LFfXFQX)",1.046077976006827,no,,,10893,2.2952309520191614
5758,"L(LQLXFXcXFXLMXfFX,  MFQfcqLXXX)",1.077190688602497,no,,,10893,2.2952309520191614
5759,"X(fLXm(QfLCqfqCXmLCXrFLm(LXLX), X, ), X)",1.0781779327316743,no,,,10893,2.2952309520191614
5760,LLXqLcLMmLLccXLLXcqcXXLXX,1.0763114807859677,no,,,10893,2.2952309520191614
5761,LXqXRccfLXQmFXcXXMXX,0.8306497402637973,no,,,10893,2.2952309520191614
5762,"rXLqCmLLXCqLXCXmXLLXffM(, X)",0.852389577825599,no,,,10893,2.2952309520191614
5763,"(, LFX(mqLXMXCFfLXRLCLCQX), mLX)",0.8719865246360403,no,,,10893,2.2952309520191614
5764,"LL(fXrLfLCqXFCXLXcX,,MqX, FX)",0.9887577058137625,no,,,10893,2.2952309520191614
5765,"lLF(X, (QQLX(L(L(LmCCXLCXcXLqX)))), LX)",1.3676516790021176,no,,,10893,2.2952309520191614
5766,"LXrLL(qXRQ(q(LXrrfX,FFC(Rqq(LX)))), FX)",1.2584444220869944,no,,,10893,2.2952309520191614
5767,"Lq(QLXQmLCCXCXQmXRLLXLX, mX)",1.1557818256932773,no,,,10893,2.2952309520191614
5768,"((FLX(RLqMCXMXXrCXFLXXCmX)), )",0.8975714322146167,no,,,10893,2.2952309520191614
5769,"XLXRL(RX(LXLXX(XL(FX), ), X), rMX)",1.3060529407762926,no,,,10893,2.2952309520191614
5770,"M(LXcqcqLLLLXqccX(XLX),  )",0.9214817711312706,no,,,10893,2.2952309520191614
5771,RRlcXXXLLFcLXQcMXXRLLcXmXmfX,0.9985641795248055,no,,,10893,2.2952309520191614
5772,"L(rLcXfQcXXFLcLXLXrXX, XRX)",0.7520328893076699,no,,,10893,2.2952309520191614
5773,"(LXQXFCLXRMCXXLXRCXX L(FX),)",0.9645640758519277,no,,,10893,2.2952309520191614
5774,"L(fXFX, RRFcmXXXXXcMX(X))",0.8003865552705249,no,,,10893,2.2952309520191614
5775,"(LmXLFCqXXCLXX(X), LXRLX)",0.9701016160795362,no,,,10893,2.2952309520191614
5776,LF(FFrFLXcfcQFXLXcXXLmX),1.0812442877152009,no,,,10893,2.2952309520191614
5777,"L((Xr(XCqFqfLCLCXRXMX), qXX), , X, )",0.8783881793312294,no,,,10893,2.2952309520191614
5778,"LXLmLL(mX,, RRFmclFXMXLLXLFmcXX)",1.1978833689823165,no,,,10893,2.2952309520191614
5779,"LLm(LXCMCQQXCXQqXXX, (RRX))",0.8441357562058238,no,,,10893,2.2952309520191614
5780,"FLM(, FLmMXRXcmQX(LXX), X)",0.6733378905443946,no,,,10893,2.2952309520191614
5781,LXFXqccXLXLXrFLLcLcFX RqQXCX,0.884951751601249,no,,,10893,2.2952309520191614
5782,"mmLL(F(RRfLcmmXFXL(XcLXRLqFQX)), qX, X)",1.4179949267639003,no,,,10893,2.2952309520191614
5783,"LLcL(, RLqLQXM(mXRcXLX), rXcXqXXX)",1.2410546616767302,no,,,10893,2.2952309520191614
5784,"rXLqf(L(LXCCXMXLLLXX), qlqLXLX)",1.0227246093787585,no,,,10893,2.2952309520191614
5785,rMLXccLcqXrrccQXLXRXRFQQX,0.8756403320151039,no,,,10893,2.2952309520191614
5786,LLXCqLCXXMLFXXXLCmX,0.994068580376552,no,,,10893,2.2952309520191614
5787,"rCLMq(RQX, CFFcXRccLLXrLLLXX)",1.2997595035675062,no,,,10893,2.2952309520191614
5788,"qLM(MqLLcX, LXMXrLmCf(, XrFLX), ,qX)",1.0915413724152612,no,,,10893,2.2952309520191614
5789,"L(LRQLCXCXqFLXLXLX, LLXMfLXQX)",1.0029012636409924,no,,,10893,2.2952309520191614
5790,LccXLXfFLXcQXMXcXLXmX,0.8709281444121649,no,,,10893,2.2952309520191614
5791,"LL(XrcX, LcQXMLFXMLcLXfXX)",1.007904163352908,no,,,10893,2.2952309520191614
5792,"(RFCXqcLLcX, QQFX(f(LLcfXccXRFLX)))",0.8594622220315554,no,,,10893,2.2952309520191614
5793,"L(LFX(fMXqCXrFCmXLXLMX, , LX), )",0.9041792048648926,no,,,10893,2.2952309520191614
5794,"LfXFLL(LqFFXfLf(CXLfXmCXrX), LX)",0.963279735685034,no,,,10893,2.2952309520191614
5795,FLLXCXXrrLFCLMMMXCXLfqLXRRXRqQX,0.8807577184929831,no,,,10893,2.2952309520191614
5796,"(RM(F(QMXrQLLccLXLLXQLccXcXX)), )",1.0227999360176976,no,,,10893,2.2952309520191614
5797,"(q((MX)), LXLqXLFXfCXL(LXLX), LmX)",0.9681324285800381,no,,,10893,2.2952309520191614
5798,"lL(LLXQMLCQCXLLCXmXrr( QXLX), MmX)",1.238438576341397,no,,,10893,2.2952309520191614
5799,"C(, FQffXmXCCLLLQX(qLXRQqLQX), LLX)",1.0766286696700225,no,,,10893,2.2952309520191614
5800,qX FXLcLcQcfXLXLfXcXRqmQX,0.8671658294294071,no,,,10893,2.2952309520191614
5801,"(LfQXLXCCfXLMmXQXX, LcLX)",0.9883365481596765,no,,,10893,2.2952309520191614
5802,"f((LXLLqCXmLXmrCCrQXRX), FX)",0.71042641649108,no,,,10893,2.2952309520191614
5803,"rFLfL(X(X), , LqmccXMLcXMmLQXCLX)",0.990650340101563,no,,,10893,2.2952309520191614
5804,QQLCXrCqFLCCXXMmXFLXXMLX,1.0320190647226075,no,,,10893,2.2952309520191614
5805,"L(rXLX, fQXLcMLXfXLXcXmQX)",0.9113021792111605,no,,,10893,2.2952309520191614
5806,"ccFL((RLLcLXXRcXRqmX), RMcXXQqX)",0.7268381038153838,no,,,10893,2.2952309520191614
5807,Cc(( RCLQLXRLCCXmXLXCFLX(fX))),1.1115972376117702,yes,B4,19,10893,2.2952309520191614
5808,LXrrccLcLcLXmXFXmcLMMXRCLX,1.1863893768897227,no,,,10893,2.2952309520191614
5809,"(L(X, MqXfcXrcMLLLmLmXXLMXRMX), X)",0.7770865070441588,no,,,10893,2.2952309520191614
5810,mFXLXmXqLCLCXmXXFfXLXlCLX,0.9344062368598351,no,,,10893,2.2952309520191614
5811,rLXqCXRLLXqCCLXXCXLXQX,0.886575296858794,no,,,10893,2.2952309520191614
5812,"FXLLm(mXrFXFL(L(rrrLCQfLCXLXLX)), (X))",1.0630344438323576,no,,,10893,2.2952309520191614
5813,"fLXLm(RRmXL(fqX, XLXRXfMX), MX, )",1.7173383177761363,no,,,10893,2.2952309520191614
5814,"FL(rrLLXLL(LXXqX(lX), , ), qQX, )",1.8228255952339754,no,,,10893,2.2952309520191614
5815,"LLcL(FQLX(XLXLXrLcFX), ccccX)",0.9024755115707153,no,,,10893,2.2952309520191614
5816,"F(rL(X,  XrmXCLXXXFXX, lX), )",1.222517111837418,no,,,10893,2.2952309520191614
5817,"LLX(rrFX((LQXXfXrLMX), fX),  L(rX))",1.4022874617138668,no,,,10893,2.2952309520191614
5818,"LLXRfF(qX, MLXRFFcLXLXmccLX)",0.8843661759723622,no,,,10893,2.2952309520191614
5819,"LCM(X, , rqCqmCXCqLLXCMFXLLCXRXLX)",1.0340958921651857,no,,,10893,2.2952309520191614
5820,rLcqmLXccXLXLXcXLLX,1.181196880243764,no,,,10893,2.2952309520191614
5821,"lLL(rX(qLXCmXLCXLX, LqX))",1.0367658011036036,no,,,10893,2.2952309520191614
5822,"fMLc(qLLXmmqcXLL(rrqXLQX, ), mLLLX)",0.7851783600927529,no,,,10893,2.2952309520191614
5823,"(rqX, RLRmLXCCXfX(MLXX,), X)",1.1670788921786874,no,,,10893,2.2952309520191614
5824,"LLMXQFXFLM(FMX(RLcXL(FX, )), RRfcX)",0.9787883573619222,no,,,10893,2.2952309520191614
5825,"LLF(fLX(CqXXLCLXXrX), XrlMX)",1.1463256060758453,no,,,10893,2.2952309520191614
5826,"L(LQCXCFf(RCCFMXMLLXRQQqXqX), LX)",1.2734247250965067,no,,,10893,2.2952309520191614
5827,"RF(m(RLMCLXCXLLXmXfF(X), R(((LFX)))))",1.454723566035594,no,,,10893,2.2952309520191614
5828,L(LXrfqccXRcLLLLLcXX LX),1.1395652428849055,no,,,10893,2.2952309520191614
5829,"L((RcMRcXXXLXQX, , ), X)",0.7262932799846299,no,,,10893,2.2952309520191614
5830,"C(RMMLLqCqXXrCCLFFXX, RX)",0.6830950266692114,no,,,10893,2.2952309520191614
5831,"LXmLL((R(LX)), ,RRccXLLLLXcfXRqX)",1.0061603499176182,no,,,10893,2.2952309520191614
5832,"mF(LLf(((fQXcFcQXrLXX), qX), X,X))",0.8992959590505406,no,,,10893,2.2952309520191614
5833,XcqFXcLXqcXLXcMXFXqX,0.7798705223805168,no,,,10893,2.2952309520191614
5834,"Lm(L(RRLCXLL(,LXLLLXcXX), QX))",2.0254781241823885,no,,,10893,2.2952309520191614
5835,"C(L(mLcX), rLcLLcqcXRfcLLLLLXqLLmXLX)",1.3828667130612695,no,,,10893,2.2952309520191614
5836,"(,LFLXLfXffCLMCLqXLXXXLFXCX, X)",1.0269943900731324,no,,,10893,2.2952309520191614
5837,"L(RRmXLCCXLXXccccX, rmcqX)",1.4027598110143478,no,,,10893,2.2952309520191614
5838,"LQ(, RLXLm(LX, XXqqLMLFXX), LXX)",1.7601595200671425,yes,B6,18,10893,2.2952309520191614
5839,"MFXLC(MLXCX, RMLXCCfQCfQXLXXqX)",0.8967244676051143,no,,,10893,2.2952309520191614
5840,"MLLF(, RFQXrLCCCLLLXL(X rX), RQX)",1.177450819053613,no,,,10893,2.2952309520191614
5841,LCLXLLXQcMcXMcLXQcXcFX,0.8223758251889054,no,,,10893,2.2952309520191614
5842,"XLmLL(X, fQXXCLXLCmLXrXX)",0.948088954803607,no,,,10893,2.2952309520191614
5843,mLXCqXCLmLMCqXLCLXfXXX,0.7936078164886898,no,,,10893,2.2952309520191614
5844,"LXL(QXffXm(cFXLLXrXLQX), QX)",1.2307362585539783,no,,,10893,2.2952309520191614
5845,"f(r(, fXLXrCLXmCFLmXMXX, LMLXfQFX) )",1.0352173831234264,no,,,10893,2.2952309520191614
5846,"X(LXqLXqccLLLMXcMXMXXRLCX, ,)",1.0197376265154714,no,,,10893,2.2952309520191614
5847,"lLqXMXMMm(XFqXClLCXFQXXLX, RfXLX)",1.08212328639202,no,,,10893,2.2952309520191614
5848,"(cFLX(X), rqmFMLccXLcXrFLLfXCX)",0.9963870000902976,no,,,10893,2.2952309520191614
5849,"LXLmmL(cqXcXmL(cqXXLcmLX), rccqmX)",0.743847390660126,no,,,10893,2.2952309520191614
5850,"LF(X(MqCmXLLXfCXLXQFX), fXMX)",1.0666000494084562,no,,,10893,2.2952309520191614
5851,"MlL(fQ(CQQLXF(, LXRMmXXMX)), LqX)",1.5706718310483598,no,,,10893,2.2952309520191614
5852,"cXLq((fmX), fXXLfCCXFX((RX)))",0.8406668023269712,no,,,10893,2.2952309520191614
5853,"XLX(Rm(mFX(RLcmmXcQLXrFLX)), RfqCCX)",0.8115418168226207,no,,,10893,2.2952309520191614
5854,"(rLCLmLmQLXRCXCXM(mLXRRXmmmFX), qX)",1.041753381958177,no,,,10893,2.2952309520191614
5855,rMmFLQLCCCXRCLXCLfXXCmXrlX,1.0730428811272898,no,,,10893,2.2952309520191614
5856,"cL(mXmMcX(rLX), qcXLfXrcmLXXXLXLQLQX)",0.8757293161522041,no,,,10893,2.2952309520191614
5857,"fLF(qQFX, rqLcXMQqf(QLLXLfLXqX, ))",1.353019609452255,no,,,10893,2.2952309520191614
5858,"FF(XLL(LXrQX, RMXRXcXFXLXLX, ), )",1.2299671110725885,no,,,10893,2.2952309520191614
5859,"LQ(XFX, ,XqCXLLXrCCLMXLMXLXX)",0.8301401596932741,no,,,10893,2.2952309520191614
5860,"LFLL(QXfXLL(FXRqLX, LX), QLX,)",0.7502841587637339,no,,,10893,2.2952309520191614
5861,LXRLCLfCCQfCXrLLCCXRQMQQXFX,1.1378053697174149,no,,,10893,2.2952309520191614
5862,"LcCM(, FqXLXCXLLF(LCCX), RqX)",0.9018533201977817,no,,,10893,2.2952309520191614
5863,"(L(LccQXXXXQLXcMQLQcX(RXFqX)), RQXX)",0.8153010167795732,no,,,10893,2.2952309520191614
5864,"LqC(M(L(rmQX), fX, ), XLXmXCXX)",0.8143092177499115,no,,,10893,2.2952309520191614
5865,cCLLXcqccqXcXQXRmQXqX,0.9246884656053644,no,,,10893,2.2952309520191614
5866,"q(L(m(LfX(XqfLCXCQ(LmmCFXMLX), RRLX))))",1.072582884792794,no,,,10893,2.2952309520191614
5867,"LL(mFXLX(LXX, FlX), RcXRcFXMXrLX)",0.801397578307645,no,,,10893,2.2952309520191614
5868,"F(LLLMF(rFqXCCLLLXrLX, LFX), LX)",0.9276985296380803,no,,,10893,2.2952309520191614
5869,"Lm(RRcCXL(, mXL(L(XCmXfX))), qqLX)",1.6415222295384957,no,,,10893,2.2952309520191614
5870,(LXqXLCXLmqLXXLCmqCLXCLLXmXX),0.9991163657030538,no,,,10893,2.2952309520191614
5871,C(rLcLXccQLXXLXcLMXX ),1.0644427863816648,no,,,10893,2.2952309520191614
5872,QXFLXQCLCXfXCXLLXX,0.9137452573336606,no,,,10893,2.2952309520191614
5873,"qCFL(mXqCCFLmLXXrmmX,XXX, rXFXrMX)",1.246113300235458,no,,,10893,2.2952309520191614
5874,RcL(mLXqMMLmXrLcXLcXLFXLmX),1.0107202037425398,no,,,10893,2.2952309520191614
5875,"(RLLQFCXRCLLCXCfXfMXXXX, , )",1.0633104605876667,no,,,10893,2.2952309520191614
5876,"LLLLX(X, rqXF(LLmXfXLQXfMX, QLQQX))",1.7870165274084469,no,,,10893,2.2952309520191614
5877,"(LLmXCQLQCXLLCXLXRMQXX, LX)",1.3367499087953771,no,,,10893,2.2952309520191614
5878,"L(FX, FLrrcXcXmfXRXX)",1.158799440697856,no,,,10893,2.2952309520191614
5879,cLLXrrMfccXfcmLLLX(LLmLMLXLX),1.3412525956368082,no,,,10893,2.2952309520191614
5880,"LXrXf(QXMRccXcQLqLqXXRcX, L(rqX))",0.9416522694911648,no,,,10893,2.2952309520191614
5881,"m(CFX, RRFX(, XRLLLQLQCXLQ(fX)), MMX)",0.8159901664633322,no,,,10893,2.2952309520191614
5882,CX qLXFXCMX qLLXLmCmCXMLXCQfmqLXQX,1.0084509609529746,no,,,10893,2.2952309520191614
5883,"ff(LLXqXqX, RRLLLcXcfXrMXrLLX)",0.8897178820141142,no,,,10893,2.2952309520191614
5884,CmCmMXCCXRRLLXCXLLLXfX,0.9269053639443932,no,,,10893,2.2952309520191614
5885,"L(XrLXLQLMCqXCqLXLXCFX,qXCMX, mX)",1.0607718012411385,no,,,10893,2.2952309520191614
5886,"LLcLc(,(QFX), cqFXLL(mX(cqcLXcLqLqXX )))",0.9913036155218345,no,,,10893,2.2952309520191614
5887,"c(RLX,cLLmQQcXLXqXQ(L(LX,)))",0.9551570456084206,no,,,10893,2.2952309520191614
5888,"L(LLLqqXccXqLLLqLXX, X(QMX))",0.9584142945046791,no,,,10893,2.2952309520191614
5889,"L(f((FcFX, qLXRQcfcLfXFcLXXLXfLmX)), QX)",1.2096557627110898,no,,,10893,2.2952309520191614
5890,"mL(X F(mqmMLXCLXmXmLCXX, RLXX))",1.0128632731769944,no,,,10893,2.2952309520191614
5891,"L(,LXLXXMCCqXfXXXFLXLCXX, qMmX)",1.0979254292875733,no,,,10893,2.2952309520191614
5892,"cLc(fXRQCMLCXrLLLCXQXXfL(qX), X)",1.3721560107497088,no,,,10893,2.2952309520191614
5893,"L(CX,RlcXQcXLXXrmQqcqX, , X(, , rX))",0.7698198533998484,no,,,10893,2.2952309520191614
5894,"L(RLL(, X(m(RfLXfcXcLLXFX))), Xm(, , , FLX, , ))",1.0340564294637726,no,,,10893,2.2952309520191614
5895,CCLMmXXqqLXCFXLFXfCXMXFfCX XXX,0.814399667065294,no,,,10893,2.2952309520191614
5896,"FL(X, LQQXLccfXFLXrX, XrX(cXXX), X, , )",1.07894812791348,no,,,10893,2.2952309520191614
5897,"FLLL(LXF(lLqCFXXLmCLXXX), RmXrQX)",1.1602315777519463,no,,,10893,2.2952309520191614
5898,"LF(, c(f(rCqXRLfLXcmLccLXr(rXrFrXmX))), LXRqMQX)",1.12799526917362,no,,,10893,2.2952309520191614
5899,"mF(cX, RXLLXcXQXFLfQLcXrqLQcmXMXX,)",0.9779839585363419,no,,,10893,2.2952309520191614
5900,"LLXC(Rmf(rQF(X), RLccXLcXLQX), CX)",0.85051205382428,no,,,10893,2.2952309520191614
5901,"CLC(RFCLfXQXCLLLFXRLQLXX,  QFFX, Q(,, rCfX))",1.119760677546214,no,,,10893,2.2952309520191614
5902,"LXL(LLFf(LXrrCXLL(rL(LXQMCX, ), LXFX), X))",1.5442638047544721,no,,,10893,2.2952309520191614
5903,((ffLXCXCRQfLFXrmCmXLQXRQXCX) ),1.128521887784121,no,,,10893,2.2952309520191614
5904,c(CCCLLMXLLLXCfQQXCMLXrLXRQLXRX ),1.3261188565840722,no,,,10893,2.2952309520191614
5905,"LC((QLfL(, QXCLLCXQLXqLX)), LX)",1.2532807232994083,no,,,10893,2.2952309520191614
5906,"LX(RRfMMX(LX, XLXRLXX), X)",1.4321665839419322,no,,,10893,2.2952309520191614
5907,lLflMLXRLFqmQqcXqcFXLXfcXqLLXLX,0.8453911813544149,no,,,10893,2.2952309520191614
5908,"LLL(RRLmXLLL(RFqQX, XQXRLX), cQX)",1.6378476529894606,no,,,10893,2.2952309520191614
5909,"LXLMFXfL(,RRFCXXclXccLfLLXLLmLX)",1.0217714042087582,no,,,10893,2.2952309520191614
5910,FLXQXRFXccqLLXLLrXMMccXrQfXq(QmLQ(lX)),0.9729953959777786,no,,,10893,2.2952309520191614
5911,"M(L(RfMLCQXLLM(qL(, LXLXLcX))), (RLfX))",1.477670374466907,no,,,10893,2.2952309520191614
5912,"MLCC(((fCqXXLmL(qXCLX), ), RmfLX), X)",0.934565093639215,no,,,10893,2.2952309520191614
5913,"R(, LQXq(rLLLLX, LQQLXLX, QXXFX), XLLXLcX)",1.3406873659078984,no,,,10893,2.2952309520191614
5914,"L(, RFLFLXXRlXFcLXccFLLLLX, qqqX)",1.000046881926646,no,,,10893,2.2952309520191614
5915,"FLLMLFL(LQFXLFXcXXqqLXQfX, LcqmFX)",1.2050942305337986,no,,,10893,2.2952309520191614
5916,"QLmLL(RcCXrCfFLCXrmLX(RXmMmX,), X)",1.6592997642415415,no,,,10893,2.2952309520191614
5917,"LL(rmXrLmcXLXrmmX, rqLXLfLcXRcLQXqFX)",1.0415575099472631,no,,,10893,2.2952309520191614
5918,"L(RRmCXCLXmL(XfMLqXX), L(X))",1.5751484880987061,no,,,10893,2.2952309520191614
5919,"(rlLm(QF(MQX)), LLXcqLXcXLXrcXLmXLX)",0.8971103851472595,no,,,10893,2.2952309520191614
5920,"LX(RRLLLXCLmLfCXLFX(cXRLCX), X)",1.55665431533818,no,,,10893,2.2952309520191614
5921,"LX(RfLX(QQLXMFLLmm((XX), X), XcX), X)",1.1532561768189402,no,,,10893,2.2952309520191614
5922,"LX(qqmlqLqXML(FfLLqXQFLCcqFXmLX, LX), qX)",1.3944428107576197,no,,,10893,2.2952309520191614
5923,LFLXLFcQXfMXcLXQMLXrcXfXcX,0.9809962343284958,no,,,10893,2.2952309520191614
5924,"fLLLL((RRLqX), cLqFXcmccqXXqXrXX)",1.2415690639904113,no,,,10893,2.2952309520191614
5925,"XlL(RfFRLXLLXLLfFLcXXLXrcqMX, X, )",1.1772662944928471,no,,,10893,2.2952309520191614
5926,"LmL(RLcQCXC(LM(rmCMLXmLqXcXX)), mX)",1.7681308187805707,no,,,10893,2.2952309520191614
5927,"m(L(FLXLXCFLCqXXFXXmXLXCX,, ))",1.0105042024217499,no,,,10893,2.2952309520191614
5928,"L(f(RRCfCLMCX(Lf(((X)), FLLXLfXX), )), RFCX)",1.5697328068000824,no,,,10893,2.2952309520191614
5929,"((, cQXXLXLcXLFX), qFqXfFLXX, XX)",0.9583321535719348,no,,,10893,2.2952309520191614
5930,"fXqL(XLLCXXXLXLFCX,RfQLFXX)",1.1985706378017111,no,,,10893,2.2952309520191614
5931,"c(LRXRCCXLLXCQXXFX, L(XLX))",0.8971895836895472,no,,,10893,2.2952309520191614
5932,"rrLLLX(QLL(mXFLXX, (QXFccXc(FLX))))",1.449674679876195,no,,,10893,2.2952309520191614
5933,"L(RLmMCXCQXLMCmLXmLXX, X)",1.0884321438232911,no,,,10893,2.2952309520191614
5934,"LL(mCX,RRCmXLLfCLCXFXcF(QLqXcX), ,)",1.7554294020220178,no,,,10893,2.2952309520191614
5935,"LXLqXf(RqX,RFcQLcmMXcLcX LXqX,q(mX))",1.092737944323357,no,,,10893,2.2952309520191614
5936,"qqqLX(LQcQLLXcLcMFXQcLX,)",0.684646223383681,no,,,10893,2.2952309520191614
5937,"L(MXX,qcqXmcLcLXrLXQXCCX)",1.394493104875437,no,,,10893,2.2952309520191614
5938,RQcXLfXLXLcMcmccqqmXqLXMXmQX,0.9668667832830868,no,,,10893,2.2952309520191614
5939,"cLc(rrLXLLL(LmcXrLXFXmCqX), LX, )",1.6395590194625613,no,,,10893,2.2952309520191614
5940,"mLLXL(RXccX,  McQmFXmmXLXcXrCfLcfLFX)",1.1859551922264215,no,,,10893,2.2952309520191614
5941,"L(LLXcX, FqqmLccFcXLfXRRcLXqXX)",1.092432994335277,no,,,10893,2.2952309520191614
5942,"f(LLFCQQXrCqCXXfXXFLXCmLLLX,  )",1.1815582247216454,yes,B4,22,10893,2.2952309520191614
5943,"RCLMFLXCCLXrFmmqXQLFM(RQlX, XXRRfX)",1.186218101025796,no,,,10893,2.2952309520191614
5944,"L((LXCQXRCCXLLXLqrLXMmmLX), FLX )",1.1565845614221135,no,,,10893,2.2952309520191614
5945,mC RRFLLXqLFCCXmX(CXXQLLX),1.0842601391132995,no,,,10893,2.2952309520191614
5946,"RRLfL(fX, LcXC((, RLMXLXrfcfQfXRX)))",1.7676759165390934,no,,,10893,2.2952309520191614
5947,"rXrlLCXRQCCXCLXCLLXQXL(CmX, ,XrmX)",1.0399460509980667,no,,,10893,2.2952309520191614
5948,"LLF(ML(FXXCqmXFXQMqCLLXLXCmX), RX)",1.119737424690591,no,,,10893,2.2952309520191614
5949,"LCfL(LrqqX(mQfccFXXL(RXFXfLX)), LqQX, X)",1.1393203178156361,no,,,10893,2.2952309520191614
5950,LLqLXm(LXCLCqFXXLLCXCXLXX),1.050005582649346,no,,,10893,2.2952309520191614
5951,"XL(RLXffX, cqLLXLX(mcXrXLmLXMMX))",0.9219963503579578,no,,,10893,2.2952309520191614
5952,LQLLLLLLQXLCmCXLXCXfXLqXRX,1.362308551001354,no,,,10893,2.2952309520191614
5953,FLXXCQCXXMLLXRLQLCCXXrqMcLX,0.8623728447943204,no,,,10893,2.2952309520191614
5954,( LQXLmXCQCXLXFXrCLXmLXX),1.1515727070162405,no,,,10893,2.2952309520191614
5955,LLXLCL(XL(QCFLLCmXQCmCXXmfXMFMXX)),1.0299053733406658,no,,,10893,2.2952309520191614
5956,"L(FXCqMmXXXLqL(qX, rLX),LFX)",0.8957544604454226,no,,,10893,2.2952309520191614
5957,"RLLf(LFXfXcXqcXrmCXX, ccQXLXrXLX)",1.0214382543564424,no,,,10893,2.2952309520191614
5958,"LL((LX), rrFCccXmLLLcXLLXmqLXRllX)",1.6682293501826206,no,,,10893,2.2952309520191614
5959,"LcLm(QXCLCXMXLL(RCCXRLXmX), Fc(mX))",1.0789570206176446,no,,,10893,2.2952309520191614
5960,"CLf(L(,X), , RRLLXCX(LXfXqcX),  )",1.444219583168175,no,,,10893,2.2952309520191614
5961,rFLXRmLfLLFmccMXXQcFX mXMLXRfX,1.1533096912812824,no,,,10893,2.2952309520191614
5962,LLMfXrffmfcccmmcqXRLcLLXfLXqX,1.21978200809874,no,,,10893,2.2952309520191614
5963,"L(LLXrLCqCXL((MLqX, LLX)), (MfX))",0.8658097297241555,no,,,10893,2.2952309520191614
5964,RLQmCXCXfXFXFCFXLMXCLLMXCX,1.0313364681032973,no,,,10893,2.2952309520191614
5965,"LC(LLCXQ(fX, mXLXfM(LCmLXRLRLCMX(c(CCQX)))) )",0.8573863896106477,no,,,10893,2.2952309520191614
5966,"c(fFfLLXlCcqcLqLLXcXXRfXRmQX, , fffCX)",0.980540219084306,no,,,10893,2.2952309520191614
5967,"L(FcCLLQXLCXCQCXRQFFmXrXrX,MXLX)",0.976089431984939,no,,,10893,2.2952309520191614
5968,"((F(, LLX)), RRLmLCXLfCXLLXqqXMX)",1.6495942381360724,no,,,10893,2.2952309520191614
5969,RcfLLLXcqCCCLLXLXXLFXFFLfffCLLX,1.0823276560061879,no,,,10893,2.2952309520191614
5970,"L(XrX,QXlQqXX, LFXFcQcXMXXMMLXXQcX)",0.9412028980679461,no,,,10893,2.2952309520191614
5971,"LCXLQLCfCXfXLLXR(L(, XLFXrCRXLF(X)))",0.9710054532027463,no,,,10893,2.2952309520191614
5972,"L(fLLM(RRLCXLCXLX(LqXRfX), X),,, )",1.6504229278250586,no,,,10893,2.2952309520191614
5973,"XfLXMQ(rqXCXFLLXqFCXQX, RX,mQLLX)",1.0772567629380823,no,,,10893,2.2952309520191614
5974,"MLLX(L(rrMfCfX(F(MCXLXRX)), , qX))",1.048810707733581,no,,,10893,2.2952309520191614
5975,"L(rXLX(qMCXLCXX),,FX, LCX)",0.9565836277780471,no,,,10893,2.2952309520191614
5976,"LL(XLQqmXCFLqXCFXMXRMX, FfLmX((X)))",0.8559441509360355,yes,B3,2,10893,2.2952309520191614
5977,"LXLmL((rFCXrXmLCfLCLXX), ,mMQmffLX)",1.0989731296976977,no,,,10893,2.2952309520191614
5978,"LLL(LqXFX(Lqq(L(rcLMXXQMXX), )), X(L(QX)), )",1.2658323545302357,no,,,10893,2.2952309520191614
5979,"L(XCLQQXMfCFXLLXXXFLCXQFFX, QFX)",1.046818580466019,no,,,10893,2.2952309520191614
5980,"L(RXCCCLQQFXqLXLLXFXLXqCLfLX, LFX(X))",1.0393442847909091,no,,,10893,2.2952309520191614
5981,"F(, LXL(QMFXLXcXLXMXmX, FX))",1.1426852780281793,no,,,10893,2.2952309520191614
5982,"FLLfXm(fX, LLqXXCmLXX(mLXLX))",1.409859556732431,no,,,10893,2.2952309520191614
5983,"L(,fLLX,, frcqXmFcLLLLLcXrm(LX))",0.8208752890927703,no,,,10893,2.2952309520191614
5984,"FQLLL(LXXLCCLMXRMXfXFX, X, )",1.255868618066184,no,,,10893,2.2952309520191614
5985,"LF(fm(fqCfLXXLFXCCfLXRLX), qXMCX)",1.0711572811209227,no,,,10893,2.2952309520191614
5986,"L(,rrfLFLLXccqMXmXXLcXRmXmLLX)",1.2901634569373588,no,,,10893,2.2952309520191614
5987,rMmLX mcLcQXMLLXXLcLXRMMLX,1.2399632996134209,no,,,10893,2.2952309520191614
5988,RLLmXCCqLLLXMXLmXQCqmLX rlLX,1.10106809198094,no,,,10893,2.2952309520191614
5989,"LCCMLFXLFF(,rrLLXMXFLXmLCCLmmX)",0.832852357279229,no,,,10893,2.2952309520191614
5990,"mLL(LX, rrLcXL(LcXFLXLLLQXMX))",1.7592195363097354,no,,,10893,2.2952309520191614
5991,"L(M(QlQQCLLXrmLfLf(, MXXF(RLX)), qLMX))",1.2196731021941456,no,,,10893,2.2952309520191614
5992,"ql(cmLLLMCcMc(X, (L(qLXcLmXLcXRCfX(qX))), ) ,)",1.5275361701742738,no,,,10893,2.2952309520191614
5993,"rFXMXLXrLm(qXCCXRLLmX, LXCFqCX(QX))",1.1510547952305128,no,,,10893,2.2952309520191614
5994,"CLLXL(rmmLqXCcCLCXQmmXqQLX, LLX, fMX)",0.8781612521174831,no,,,10893,2.2952309520191614
5995,"rL(X, rr((X)), rmLCXLLXLCXXM(X))",1.2760774114526163,no,,,10893,2.2952309520191614
5996,"(FF(rX), LXLXcQlXXLcXLLXFcMLmX)",1.085717107435421,no,,,10893,2.2952309520191614
5997,"MFLLLXL(XX, , RRccXLXLXmXqFXRqX)",1.5051234911475486,no,,,10893,2.2952309520191614
5998,"CLL(,fXLLqXXCMXXLX, LmXmX)",1.0256150777307316,no,,,10893,2.2952309520191614
5999,"LLQF(MLXMXRMCLLLLCXLF(qXRX), rfLmX)",1.0306906482829952,no,,,10893,2.2952309520191614
6000,"rFMLL(LMLX, rLcXLcLXLLLXXX)",1.7622459445667609,no,,,10893,2.2952309520191614
6001,"lf(LXrLLCXLFCCFCqXMlLXFMX, fXmXLX)",0.8994179006037922,no,,,10893,2.2952309520191614
6002,"mLX(L((RRLMXcFFXXXLMXcmMX), FX))",1.3292009475737376,no,,,10893,2.2952309520191614
6003,"(LXmCFQXFMCCCCQLXLmLL(XXX), LLfX)",1.0031308157964083,no,,,10893,2.2952309520191614
6004,"L(rrFLXQ(cX),qqLLcX(ccmLLLLXqXMX(C(X))))",1.3866564803236896,no,,,10893,2.2952309520191614
6005,"((X(QLLL((CXCXLXRRCMCLXLXX), X))), )",1.055288987165941,no,,,10893,2.2952309520191614
6006,"LXLmLL(rcmCqXRFCXMfXmXFX, (MXQX))",0.9781618650892727,no,,,10893,2.2952309520191614
6007,"RmXlLLL(FfQmXLcccXq(mFLXQ(rX)), LXRRLFcccXfFX)",0.955653676040957,no,,,10893,2.2952309520191614
6008,"LFf(QXMXmLmLcLLcLXmXFmX, LXMX, RqfX)",1.117790718829937,no,,,10893,2.2952309520191614
6009,"CLLQ(XMXmLC(LLLFLXRmCXmmX(mX)), FLX, LMX)",0.9920109239993234,no,,,10893,2.2952309520191614
6010,"LC(qfCqXXLmL(XLX, LXX), LCqFX(rFXLQXQQX))",1.1008069416703443,no,,,10893,2.2952309520191614
6011,XmLXLLMmMcQXRcmccLLMcXmXLMXcqXLX,0.8847890525385963,no,,,10893,2.2952309520191614
6012,"LLc(XX,cQXMXXLXLmFLffLXrL(MFX, ))",1.198311006226802,no,,,10893,2.2952309520191614
6013,RCLQLXRLCCLCXCXMXrmXrrLmCX,1.1908351704745659,no,,,10893,2.2952309520191614
6014,"FL(RRmLfMCLfXLLm(, FXRLFXRX),QmX)",1.358444062084599,no,,,10893,2.2952309520191614
6015,LMXrrccmcXLLffLLMcXLXrrfLqX,1.2905291435690258,no,,,10893,2.2952309520191614
6016,RXLLXCqCLmXXCmXXLLfFFfX,1.0358346779222938,no,,,10893,2.2952309520191614
6017,"F(LLLXCqCXFXFXLXLXCX, X)",0.9674361493814911,no,,,10893,2.2952309520191614
6018,"XLCMfLM(qXLCX, LqMXLMcLXccLLFXXCXX)",1.1873947101845241,no,,,10893,2.2952309520191614
6019,"LXLLLQ(XFX,XFcXLLXcmMLXqLmX)",1.250787353669097,no,,,10893,2.2952309520191614
6020,"L(rrLLXLLccLXXXRCCX, X,  ,)",1.5686961615806814,yes,B6,20,10893,2.2952309520191614
6021,"(f(LQX(X, rLXRcLLXcXXrLX)), , )",1.0586146919870396,no,,,10893,2.2952309520191614
6022,"LF(RRLX(LCFFCXMLqXMXcX), LX, )",1.4422051089786758,no,,,10893,2.2952309520191614
6023,"(qLML(L(,rmLLXLQccXXLMcXXXqFX)))",1.2112961684571413,no,,,10893,2.2952309520191614
6024,"LL(R(XR(RLX), LqX), rQqCFXXMLXLMCXRQLLX)",1.2014860202183504,no,,,10893,2.2952309520191614
6025,"L(LXrcCXrLCXCfLLCLLmXX, XfX)",0.9451426726410577,no,,,10893,2.2952309520191614
6026,"LMXL(LLX(XqXrCCXm(RLLLLXrMX)),QFX)",1.1673671665482956,no,,,10893,2.2952309520191614
6027,"(fLXCQFXmXcccXRLqcLLX, qX)",0.7725791678474587,no,,,10893,2.2952309520191614
6028,"qX((LmXqMCXM(cLqXcXRmLcXRRFXX, mFX)),FqmqmX)",0.9696973289313592,no,,,10893,2.2952309520191614
6029,ML( rLqFLcXrLLMccXLXcXfMXfqmFLX),1.246118583788607,no,,,10893,2.2952309520191614
6030,"QfLXF(qXrLFCXRqLXRRCLQX, qLXLXrmFX)",1.0534139306335453,no,,,10893,2.2952309520191614
6031,"LcL(, L(RRMMMXfCCXXLXMfX), MX)",1.2864100166379588,no,,,10893,2.2952309520191614
6032,"FL(XLX, RRcFmX(XmXXLX((LLLcqqcX))))",1.0710564747184954,no,,,10893,2.2952309520191614
6033,"rCLqL(fXLMCXRQLXLX,, XXrLLX,(XXX))",1.7388439014496704,no,,,10893,2.2952309520191614
6034,"L(, LlLXLRmXLmqCXCmXLXLXCX(FfX ))",0.9520371890743325,no,,,10893,2.2952309520191614
6035,"LL(LXLL(, RLXXL(fL(FQfXFcXLX, fqqX)), LQXRcLX))",1.223485656047454,no,,,10893,2.2952309520191614
6036,"(lXLLCLCMQXfLXQCLXMXMXX(CqLXLqX),, MFccX)",1.0295394813235297,no,,,10893,2.2952309520191614
6037,"(((F(rLXXqCMfMfCXLLMX(qCMFXLRfLX)))), FQFXFX)",0.8818047330389019,no,,,10893,2.2952309520191614
6038,"LL(,mCLX, RLCLQXCQQQqXQLFMLXXmf(LQX,))",1.5937912549989528,no,,,10893,2.2952309520191614
6039,c(MccLXrccqLMXLLLLcLXRRMLLMQLLX),0.8359148641526452,no,,,10893,2.2952309520191614
6040,"L(F(rcX), rqccXMLcXMLMcfXLXLXqmMqcX)",0.9141460489146593,no,,,10893,2.2952309520191614
6041,"rCL((X, , rcLcXLLcXrMLQLfXfF(XX)))",1.6166888416254663,no,,,10893,2.2952309520191614
6042,"RLQXL(, LqLMfXLCCCLXrMXL(l(RLX((QLX)))))",1.0637692437369786,no,,,10893,2.2952309520191614
6043,MLLLLXFFLQQCCCLX CLLXrQXQXX,1.441808040749065,no,,,10893,2.2952309520191614
6044,"F(fffX, LLLL(qXqCCCXL(LXCXQCLXLLL(X)), CX))",1.076295358895551,no,,,10893,2.2952309520191614
6045,"( ,rLLLLXLLL(RcLcXLRcXXXXRF(rFX)))",1.2145174670290226,no,,,10893,2.2952309520191614
6046,QMfXfmfLXLLQCCXmLXLLCXrXfXRMMX,1.1528014619930425,no,,,10893,2.2952309520191614
6047,"RL(fQXFQ((X), fLMLLXLXLX), cLX)",1.529488772840133,no,,,10893,2.2952309520191614
6048,"l(, ,rrfcLLLMmXcRcQXXLXcqLXFcX)",1.023792583621633,no,,,10893,2.2952309520191614
6049,"L(MMLXXXCqCXXXXXCLLmmXLXCX, RcX)",0.9596260968780033,no,,,10893,2.2952309520191614
6050,"L(fllX, qLXRfcLXrcXrmccLLLFLXMMmXrXLlfX)",1.085189291127324,no,,,10893,2.2952309520191614
6051,(L(CMXLLLXXrCQqCLXLXLLMXLCXLQFFX )),1.0960626496104853,no,,,10893,2.2952309520191614
6052,"lLq(LXLCfqmXqL(RFXX, LLLX), XXffLCXFX)",1.171231687979891,no,,,10893,2.2952309520191614
6053,FLMXRRCLCFLLXMmLmfLCXLLLXfLX,1.3401955020569079,no,,,10893,2.2952309520191614
6054,"L(cX, f(rQLCCCqXFLLXLQCqXQX, CXX))",0.9311465680191564,no,,,10893,2.2952309520191614
6055,"CfL((XLX(LX)), FLQCLXRFCXfXrLMXqX)",0.799843729176928,no,,,10893,2.2952309520191614
6056,"L(,RmFXMFLXLCQCXLXCXLXX, rmQfLX)",0.997219978512369,no,,,10893,2.2952309520191614
6057,"LLX(QXLXL(M(mcLLcX(L(fXFX)))), qX)",1.206567504595363,no,,,10893,2.2952309520191614
6058,LXXQLCCCLXFXLLXMCQXlfXRXcMX,0.8898303771244682,no,,,10893,2.2952309520191614
6059,RFfLXQXrmMMqFCCmXXLLXCXXRfQQmX,0.9024282324254762,no,,,10893,2.2952309520191614
6060,"(LLqLXQLmLmccFXLXRmcXLLLXrLX, )",1.1966136775321232,no,,,10893,2.2952309520191614
6061,"FFXLm((L(,qXrCLXLMCQXFXX, XRLX)))",1.0254273346799596,no,,,10893,2.2952309520191614
6062,"(LLcX, rrMlcLccLXMfLcXLLXfMqCXLX)",1.7771125512427501,no,,,10893,2.2952309520191614
6063,"L(XQLLX, LqlcXmLLXFcXXrXLLFMX)",0.9247390811837153,no,,,10893,2.2952309520191614
6064,"(CLLfLLXrrccLmcLXcLmcLXfXCCX, )",1.1927762809999445,no,,,10893,2.2952309520191614
6065,"Lc(RFX,qXcXFLXLcqXLLcXLLX)",0.8983073541768012,no,,,10893,2.2952309520191614
6066,"mmC(rFLCXLmXrFXrCLXRX, LffXqMqX)",0.8509057091316936,no,,,10893,2.2952309520191614
6067,"XLLL(XX(qLqCXCMXFFLLmQXX), q((X)))",1.0880940724158599,no,,,10893,2.2952309520191614
6068,"QLLc(FXRfLC(, LXQXRLLq(mX)),MXQccMfQXX)",1.1789855556880078,no,,,10893,2.2952309520191614
6069,"Rc(XX,LXqLfFX, RXLXMXXmXF(XrcFLX))",1.2127561561877538,no,,,10893,2.2952309520191614
6070,"rLMXXLLF(QLFQXrcfXXrLLcMXLX, ,)",1.1376076406724387,no,,,10893,2.2952309520191614
6071,"rFm(LLX, rcLXMcLLLLXLXRRqlcLXlMX)",1.4878520882647275,no,,,10893,2.2952309520191614
6072,"RLXmfLLL(F(,LXcMcQmLXLcQXXXMX), QXrX, rCMX)",1.1106888694221129,no,,,10893,2.2952309520191614
6073,"LLXrFLm(mLXLXm(MqCCXLXLLLX), fXR(ccQX))",1.2809678878195103,no,,,10893,2.2952309520191614
6074,"RLc(FXXFLXRLf(X,LX), (LFFcQXX(LLXRLX)), X)",1.027587599202519,no,,,10893,2.2952309520191614
6075,RXQcXLLcXXcMfLmQXcLcfMXfXX,1.0105566951532423,no,,,10893,2.2952309520191614
6076,"ccXRLL(F(mXRcXFXFLLmfX, MfXLX,QFXqX))",1.0940273436863381,no,,,10893,2.2952309520191614
6077,"FLLXf(QLLXXFMcMLLcLLLXXX, LX)",1.1890794500054709,no,,,10893,2.2952309520191614
6078,"rf(MqLCLX, rLLXLccLLXLLXRQQFXMlX)",1.5134370563682713,no,,,10893,2.2952309520191614
6079,"RXL((rqLFXX), QLXfLcFXXcFLLXRQX)",0.9665051695477096,no,,,10893,2.2952309520191614
6080,"XL(rrlCLCFXFmXLXXX, LXCcX, X)",1.0580320962972054,no,,,10893,2.2952309520191614
6081,"rMqLm(XLL(X,, (fmFXMXRlLX)),,X, FX)",1.4326316001214376,no,,,10893,2.2952309520191614
6082,"LL(X(XX, ), cQXXcXXX)",0.7956802201608317,no,,,10893,2.2952309520191614
6083,LfQmcXMcQXLXLcmXcQfLXmcXRMX,1.0717387361265376,no,,,10893,2.2952309520191614
6084,"RL(RLXCQCXXXlCLXqQLXMQM((CqX), ), )",1.0640196540848517,no,,,10893,2.2952309520191614
6085,"L(, F((rFfqCX(LLcccLLLXQQLQmXX), (LmX))))",1.2594691874659858,no,,,10893,2.2952309520191614
6086,"L(, fXXqmXCLMXrCXLLFLfX, rmFqX)",1.0938294407286828,no,,,10893,2.2952309520191614
6087,"RLLM(rL(RMX), RXCCFXRLfXrXFQ(cX), )",1.2606937929983668,no,,,10893,2.2952309520191614
6088,"((RcXFLqmXLrMccfXFL(LLLfcXMLFMXFMLX), ))",1.1270629393735303,no,,,10893,2.2952309520191614
6089,"L(LXL(rrXLfFXLCffCXLX), cFX)",0.9661843746583086,no,,,10893,2.2952309520191614
6090,FcqLLqXfMcmMQLLXfLQXFLMcXLXFLQX,1.0456109518404055,no,,,10893,2.2952309520191614
6091,"mqLX(FmXLmFXCLXLLXF(LFXqCCLXX), X)",1.0506424952346927,no,,,10893,2.2952309520191614
6092,LFqXQXRcLXMXXFXRfLcXLLXcXMLfX,1.0058889632917811,no,,,10893,2.2952309520191614
6093,"L(RRCLFLXCMmXLLLLXLLXc(FX ), mqqLX)",1.6976144358059209,no,,,10893,2.2952309520191614
6094,"LLXL(QXcX, XRLFcLcQXLmmXFq(rcFXLX))",1.068572243253097,no,,,10893,2.2952309520191614
6095,"Lc(rrMX(((L(LLLqLXLXX), ))), fccqX)",1.3874691265912151,no,,,10893,2.2952309520191614
6096,"RLXmLf(RqLX, QFLXMmXCCXQQLXrXRcX)",0.9510973429754115,no,,,10893,2.2952309520191614
6097,"L(LLX, rrLLLLcXcXcLMXCXRLX)",1.4489412719509625,no,,,10893,2.2952309520191614
6098,"cLCXL(cQQLXLCCCXMX(XMcX), )",1.2979568873989984,no,,,10893,2.2952309520191614
6099,"F(fLQXMMLCXCmXLXlX, , RLcLcLMFXLXcX)",0.9613439583884205,no,,,10893,2.2952309520191614
6100,"F(rMcLCXrLLXL(FXX, XLX), MXrXX)",1.0693389601250494,yes,B4,8,10893,2.2952309520191614
6101,"fLLLfC(CCQMX(XXXLLmLLCMFXXX), XrfX)",0.9676095466175646,no,,,10893,2.2952309520191614
6102,"L(LXFLFL(QXcQ(ccLMXrXX), qQX), RQX,)",1.01909479213206,no,,,10893,2.2952309520191614
6103,f(cX LfLXccqMMMFXLXcfqXRfXQLLFXfqQX),0.9812394248064371,no,,,10893,2.2952309520191614
6104,"(LFX, , , , , QcFXXccLXLfQLXcmXmQXLXQfX)",0.8571762315698196,no,,,10893,2.2952309520191614
6105,"(RXRqLqX, MLfLqcXXLXcLLXLMLLXMX)",0.9028518470032323,no,,,10893,2.2952309520191614
6106,"L(RQCFmXq(, fLLXrQLXcXX), RfLmmX)",1.8346459950941785,no,,,10893,2.2952309520191614
6107,"FLfLqX((LXqClXLCCLLQXLX, X(X) ))",1.066547094539416,no,,,10893,2.2952309520191614
6108,"L(RRLCXmmLFM(, LLMXL(LXLcX)), (X))",1.4999214970859323,no,,,10893,2.2952309520191614
6109,"F(mLRFLFLCQCCXrMMCLLLXRFLXLX, (, rmmLX))",1.3147715385288168,no,,,10893,2.2952309520191614
6110,"LFXLF(F(rX, ), MmXRLccFFQXcLXXCX)",1.0101051609304967,no,,,10893,2.2952309520191614
6111,"LLXM(XqXFXLFCLCXLFXR((RqqX)), , ccX)",1.1722727828846733,no,,,10893,2.2952309520191614
6112,LQqXQLCMXRLLCXLmLCXMLXX,1.085938938755626,no,,,10893,2.2952309520191614
6113,"LLXLc(MmX,LMcqqcXcLXqqFXrqXfX)",1.1973264149637883,no,,,10893,2.2952309520191614
6114,"qFCLLm(FXrCXRLXFQXX, XXRX,FfXQLX)",1.372714252990095,no,,,10893,2.2952309520191614
6115,"m(rXrCXLLFXCFqXLmXRCLFXLmfX, qLMXX)",0.9204599583103332,no,,,10893,2.2952309520191614
6116,"XLFX(XlLMcXRLX,cQmXLFQcXMqXRRFMFMXFX)",1.1063561258710946,no,,,10893,2.2952309520191614
6117,mXCCCX fXrrmCXXXMXCFX,0.636758076079307,no,,,10893,2.2952309520191614
6118,"LFL((RRcXXLXXX, , RLQcXmcLXLLX, ), XmmX)",1.1675296944497993,no,,,10893,2.2952309520191614
6119,"M(rXLXmCqLCXFXXrCX, CLX, QqqX)",0.8230155662782703,no,,,10893,2.2952309520191614
6120,"M(RLLmLXQLCXCXLLXLXMCXMX, X)",1.0010516899533604,no,,,10893,2.2952309520191614
6121,"rLC(((QmXRCLLXLLLCLXXRQXmX), LXX) )",1.1996187278986754,no,,,10893,2.2952309520191614
6122,(LCCLLfQQX(CFXLXCMX(XLMQX)) ),1.1029633584887613,no,,,10893,2.2952309520191614
6123,"LL(cX,rrccccMcXFXLXQLMQXLX)",1.4819433312977022,no,,,10893,2.2952309520191614
6124,"CXL(,RRXLFLCFXLXLLLCX((qX, )), X)",1.34052483956176,no,,,10893,2.2952309520191614
6125,"(L(L(QQCCmXCLLXrLXLX(FFX, ), L(qX)), qX))",1.438271667763103,no,,,10893,2.2952309520191614
6126,"L(LLX, (rFX(fLLcqXLccXLXfLq(CX))),)",1.1111984349652106,no,,,10893,2.2952309520191614
6127,"FX(LX(qXrFLLLLLCCqCXRQXQXX), rrLXLX)",1.0562901599928465,no,,,10893,2.2952309520191614
6128,L(LLXCLQQCMXCXffXQX qqX),1.098281642285692,no,,,10893,2.2952309520191614
6129,LCLXmcqcqLcmXcLcmmLLmXMqqqcXMLX,1.0661816437438463,no,,,10893,2.2952309520191614
6130,"LMFm(RmQXCL(X, LqXLXqcLX, ), FfX, )",1.3866087529830744,no,,,10893,2.2952309520191614
6131,FmLXLFLXLcqfMcXmLXqLfcLXLXXFXrLX,0.9764018362855835,no,,,10893,2.2952309520191614
6132,"LFXRM(LmQXX, FX(XF(ccfQXLLLXrLFFX)))",1.112383821645262,no,,,10893,2.2952309520191614
6133,"L(, QFfX(XcMXXrfXXrmcX), mQXR((X)))",0.9435178768592223,no,,,10893,2.2952309520191614
6134,"LL(LXrLLLMCXqXL(, RFXLLLX), XrQqX)",1.1518724019672557,no,,,10893,2.2952309520191614
6135,"M(FCQXLLXCMXMXLLXrX, LffLX(fX))",0.9771331792182447,no,,,10893,2.2952309520191614
6136,"Lm(X,M(CXLX, LqFXMCXXLLXCXFX))",0.9300576379529985,no,,,10893,2.2952309520191614
6137,"L((,qLX(L(XXCXCLXq(RXcX), mX))),  , CqXXRRLfCX)",1.2729521517393318,no,,,10893,2.2952309520191614
6138,"RFL(CQLXc(LXRX, mcXXmQX), XrMXLX)",1.1469001404557682,no,,,10893,2.2952309520191614
6139,"FLX(L((((X)), , RCcRcXXL(LLMMXLcXmX))))",1.3399814170972613,no,,,10893,2.2952309520191614
6140,"LFXmMLL(XRLXRccXMX,cLQmXXXcLXX)",1.1432840050577735,no,,,10893,2.2952309520191614
6141,"L(LMQQX, LLXRcLRcXXXfXLLLFFX)",1.1350434910683427,no,,,10893,2.2952309520191614
6142,"FLL(QQLCLXFLMMCCLLXQLLXLX, RfL(LMX))",1.3310796188013037,no,,,10893,2.2952309520191614
6143,"LQ(CfFfXLLXLCXfLXqLLQQMX(X), LXLfX)",1.004996766848009,no,,,10893,2.2952309520191614
6144,(CMLRXFmCXXFLLXCqFXCLMmmXfXRFQX ),0.8742786379127203,no,,,10893,2.2952309520191614
6145,"L(LLXqFCXXLCLXXX, LmLXrFFX)",1.140730531432407,no,,,10893,2.2952309520191614
6146,"(XrmmX(LCLXmFCCqLLLFqXMCLFX(X)), XrX)",0.9890093801235164,no,,,10893,2.2952309520191614
6147,"(Ml(RRLCLFLXqLCXFLXCLCXMXL(LLLX), ),  rFQX)",1.1562025910673728,no,,,10893,2.2952309520191614
6148,"FX(qLLXLCXLLXCLXLX, rlLXX)",1.1733324043360556,no,,,10893,2.2952309520191614
6149,"c(QXXX(cX),RLXXRqFX,qQcfQXXLcLLX)",1.0995538422866056,no,,,10893,2.2952309520191614
6150,"c(QQLLXR(LqX), MMXLcmqXccfqLLFXMXrLLXrQX)",1.1457178799012353,no,,,10893,2.2952309520191614
6151,"(mRmLFLCQXL(rCXRLCLXCfXmFXLLX), )",1.141298905863431,no,,,10893,2.2952309520191614
6152,"LXfLC(CX(mqqXFCXRLLLXFX), rXFX)",1.0369145764527234,no,,,10893,2.2952309520191614
6153,"L((qccX), LCCCCXLLXrrCXLLFXFMLXXCFX)",1.0358461350263202,no,,,10893,2.2952309520191614
6154,"LCM(rrXccLLLLLXLXLXqX, FQX, X)",1.5313560338880734,no,,,10893,2.2952309520191614
6155,"LXLM(qXLCXLXmFLCXL(X), LMqXLqMX)",1.1811724506579415,no,,,10893,2.2952309520191614
6156,"M(QLX(, LLMXCLCQXXrX), RXrcLLMXcLmX)",0.9528661404979337,no,,,10893,2.2952309520191614
6157,"rLXLQ(L(QQmCLQXcccLXrLXrX, X))",1.0397765341748664,no,,,10893,2.2952309520191614
6158,"LLLLFXq(CFLXXrMCCLLXX, , FLX)",0.9991949893316426,no,,,10893,2.2952309520191614
6159,"LXLF((Q(,(rX, ))), QXFmXLMLcffLXFLXcqLX)",1.1492300471244963,no,,,10893,2.2952309520191614
6160,"(cFMMLLMXcLLcLqqXLcXXQfXqX, )",1.350964852828224,no,,,10893,2.2952309520191614
6161,"(LXRfFCcCCCMLQLXrfLLCXRXCX, )",1.1317678460910523,no,,,10893,2.2952309520191614
6162,"(FFRlQQcLXLFFXCCLCCLXQXCFLXrXqLFX, LLX,, )",1.0407404344364843,no,,,10893,2.2952309520191614
6163,"CCL(,RRLCLXL(FFCLCXqqccQCmXLFX),m(R(fX)))",1.3430900859838835,no,,,10893,2.2952309520191614
6164,"FMXLLLF(XRRCX(cX((RmX)), LX(XQcX)), fX)",1.2958702289620523,no,,,10893,2.2952309520191614
6165,"LL(f(rLLMCqLXrMCccQcXLMLQXqXX), QQLX)",1.142503373537437,no,,,10893,2.2952309520191614
6166,"L(F(LX, cmLqXMXmcX(fXQq(cqqMLXLM(rqLfLfX)))))",0.8590215934339982,no,,,10893,2.2952309520191614
6167,"RlLmXM(RQX, QLXcLXcLXLX)",0.969504407009649,yes,B3,17,10893,2.2952309520191614
6168,"X(LMF(MmX, XQQcXMXmqFLcmXLX))",0.8773407742202549,no,,,10893,2.2952309520191614
6169,LXcLmXRCLCFQCLLCCMfXLXrLXRMLfmQX,0.904540216953534,no,,,10893,2.2952309520191614
6170,"mL(QFXcX, fQLLcFXLmLXFcXLXRLLFcqFX)",1.1132133913890294,no,,,10893,2.2952309520191614
6171,"LC(LLXcmX, LFFXRRccXfMXLfXLFMXMXLfmMcX)",1.2415415107581091,no,,,10893,2.2952309520191614
6172,RCLXMXRMFXqCCLLXrmmXQLCXFXRLX,0.9105912148034208,no,,,10893,2.2952309520191614
6173,"L((LQCXLLXfCXLQXMXLX), XRLLX)",0.9245341545054018,no,,,10893,2.2952309520191614
6174,"FL((fX(rrFLMCX(FLXXCLXX))), qLqX)",1.1523817765780995,no,,,10893,2.2952309520191614
6175,"(M((XLQXXcMfcXLLmLLXRQlFX)), RMMcLLmX)",1.049545059201902,no,,,10893,2.2952309520191614
6176,"L(MXLCqXXFCXXX, MMXcCX)",0.8270840735173851,no,,,10893,2.2952309520191614
6177,"QLLL(QMcLQXL(MLXrFLX, rMFFX), (X), LL(X))",1.290978469384376,no,,,10893,2.2952309520191614
6178,"FL(mXrrcCmXLXCXLLLXrX, LXX, )",1.1234745324989508,no,,,10893,2.2952309520191614
6179,"qXLqLXFLL(qXC((LmcXX), qXqLQX, ), MqX)",1.317713779180065,no,,,10893,2.2952309520191614
6180,LmXLCCqFX LXFFMLXfFCXLMFQX,1.122532574686926,no,,,10893,2.2952309520191614
6181,"MCLFXfLMf(LmX, qX(FXCFXXLLX), )",1.1625113771937772,no,,,10893,2.2952309520191614
6182,"L(q(X), MLX(,qLX, ), LXQccXmmXXLLXcXFQXQcX)",0.9898367064456545,no,,,10893,2.2952309520191614
6183,"qlLCmLf(LLCLMXLXXLXCmLXFLFMX, RFLfXMXRX)",1.2963577899991974,no,,,10893,2.2952309520191614
6184,"LC(LX, rLXm(X), qLXXLFCXrLXRLX)",1.4200198336497967,no,,,10893,2.2952309520191614
6185,"L(mFqLX, LCmcXrrLMMfcXLLcXLXXX)",1.3846473586616812,no,,,10893,2.2952309520191614
6186,LC(RLLLLCqFXrLcLcLLcLXcXqqXqXrX ),1.2637222122869933,no,,,10893,2.2952309520191614
6187,"FLL(L(QLLQXCCXMLXfXLLcX), fXMX)",1.2612429569682544,no,,,10893,2.2952309520191614
6188,"LL((MX), qcqMLXM(Lc(LccXrqMLLXf(MLfLX))))",1.2921232218928624,no,,,10893,2.2952309520191614
6189,L(LLCLXQCCCCCfXLXFX(MCfQXL(LXrfLfLX))),0.9468831682935229,no,,,10893,2.2952309520191614
6190,"LXML(mqL(X, mfX), RRcMXXLcXLFLX)",1.2559768069624677,no,,,10893,2.2952309520191614
6191,"Q(QQQLQQLLXM(MmFX, , RXXCX), rqLLmX, mmX)",1.2192583583869658,no,,,10893,2.2952309520191614
6192,"LXRRL(, cXXf(FXLFLLcXrMX), mQqX)",1.2898060997275886,no,,,10893,2.2952309520191614
6193,MLmXFLXRCLLCLXffQMmLXCXmXXRLX,0.9543107892576816,no,,,10893,2.2952309520191614
6194,LLMXfcXccmqXLLXXfLXcXRRRRLMMX,0.7042200343937803,no,,,10893,2.2952309520191614
6195,"(ffqX, LLXrcFcqcLLXRLLcXqXqXfX)",1.2090918343459884,no,,,10893,2.2952309520191614
6196,"L(F((fXXrMqXRLL(rfX, , , LXRX), X), , (RX)))",1.3320426529327611,no,,,10893,2.2952309520191614
6197,"M(, rrLMLLXccLLXFXFXFMLMLCX, rfLX, )",1.5266254124548553,no,,,10893,2.2952309520191614
6198,"LLXL(RFLCXLLM(QccFXcXrQX), LLFLX)",0.8908608346933486,no,,,10893,2.2952309520191614
6199,"L(,QLX,, RLcfRXL(, CXLLXqcXFX))",1.8290805329126947,no,,,10893,2.2952309520191614
6200,"ML(F((LXqCFXmXXl(CLLmXQQLX)), FXQX))",1.0357897169723196,no,,,10893,2.2952309520191614
6201,"LFF(,,FQXQCLLXF(L(, LqfmMqXq(qXLqX))), X,)",1.1572301266925002,no,,,10893,2.2952309520191614
6202,"M(FLLXLX, MmqcXXLcLLLXLcXLLCX)",0.9007736135060113,no,,,10893,2.2952309520191614
6203,"LLLF(MLQQLLLXCCXmLLLLXLX, RX, , , )",1.177853260544291,no,,,10893,2.2952309520191614
6204,"LLLM(RX , rrLLMcXcXF(((LLXFLXlX))))",1.5531367984972035,no,,,10893,2.2952309520191614
6205,"L(LM(qXFLmXmcXLLLcXmLmX), mX)",0.7853523171197969,no,,,10893,2.2952309520191614
6206,"LL(CLqLXLFMXLXCLX(FMX), (rXCX))",1.0137679182457462,no,,,10893,2.2952309520191614
6207,"LF(rMmfMXRQcXX(r((LLL(XX, X)))), mcXX)",1.0237433985376267,no,,,10893,2.2952309520191614
6208,"mL(FFX, FmXLrMccXfqLXLmLLcLXRLFLXL(qLX))",1.119335059237791,no,,,10893,2.2952309520191614
6209,"fL(RXLqLFX, ffQcLXLXccX(fLFQX))",0.9618283565661843,no,,,10893,2.2952309520191614
6210,XLXLLQccXXXFlLLXLXrLcX,1.1598421042424711,no,,,10893,2.2952309520191614
6211,"L(fccCXqXLLLCCXrFLCXCXXX, , X)",0.9173028224857548,no,,,10893,2.2952309520191614
6212,MXqXqXQQCLLCXLCLXCLfXCXmLMXLFX,1.0698347783792712,no,,,10893,2.2952309520191614
6213,"(,((LXX), CFLm(LLqffXXfFXLCXLLX, qLfXX)))",1.1681951117629963,no,,,10893,2.2952309520191614
6214,"LL(RLQCCXLCmLXMLXrX , ,, rfcXRQccX)",1.0611914732296257,no,,,10893,2.2952309520191614
6215,"XMXf(LX, XrrMFXCXmXLLLXCX)",1.112952852278651,no,,,10893,2.2952309520191614
6216,"LL(LXCLCQQXCLLXL(mmXXcmX),rLMrLMX)",1.3964024152371728,no,,,10893,2.2952309520191614
6217,"LLXLcLL((,, QcMFLXXXFXcLLLX, rFMX))",1.2527370339696065,no,,,10893,2.2952309520191614
6218,"(RLLCLCmQQCMXCLXfXRRqCqLCXXX, , )",1.1168924311042967,no,,,10893,2.2952309520191614
6219,"FLL(C(LCqLXXLXLXCLXLX, rfXF(LqMX)), )",1.2669275254071055,no,,,10893,2.2952309520191614
6220,"LL(, ccfQXFXcFQXmQLmMLfX, MX, rX)",1.0921387913317426,no,,,10893,2.2952309520191614
6221,"L(M(crcX, XRRLcfLcXXLXXFXR(m(cX)), cX))",1.0986474781794817,no,,,10893,2.2952309520191614
6222,RRRLCLXRLCCXLXRXLMCXrLMLX,1.2229910350580258,no,,,10893,2.2952309520191614
6223,"LF(LX, LqXXFCXXFmLXLX, LMCFX)",1.4072343732275172,no,,,10893,2.2952309520191614
6224,"fX(RqmQX,rrFfFfFXLXCLCXLLXRCX)",1.0377918187420703,no,,,10893,2.2952309520191614
6225,"RXRLF((LCFXLfqFCLCXLXLLFCCXRXmLX),)",1.163205395970922,no,,,10893,2.2952309520191614
6226,"LLL(RCfXRLXmMLML(L(rQX,, ), fXRLmX), rMLX)",1.1998816316856693,no,,,10893,2.2952309520191614
6227,"LL(L((rrX), RRmLFcFXLLXLXcXqX))",0.9812144015639642,no,,,10893,2.2952309520191614
6228,"c(c(rrLX), LqLcmXLLXcfqXLLXLcXmXXrrX)",1.0045127167248284,no,,,10893,2.2952309520191614
6229,"R(, (XRCLXCQLfXMMLXLXRCXLFX), MmmX, )",0.8953569816247469,no,,,10893,2.2952309520191614
6230,"LmXLXmLfm(XrrCFCMfCCCXLLXFFXMX ,,(mQFQX))",1.0012648233564558,no,,,10893,2.2952309520191614
6231,(lLRXqLCCLXXLFLXCLXLX ),1.2387881025883922,yes,B5,1,10893,2.2952309520191614
6232,"LXc(,LQLFXcX, RRmFfmFfLXcXLXcMLX)",1.1361499481242818,no,,,10893,2.2952309520191614
6233,"rQXM(LXLLXQccXLLXX, lX)",0.9154128584954205,no,,,10893,2.2952309520191614
6234,mL(QLFXLcXXFXRLcLfXRLccXFccXRLX),1.019458438254464,no,,,10893,2.2952309520191614
6235,"LmL(FXmLX, qLcmXLXmcLXLXr(FLFXm(LX)))",0.9942526187363706,no,,,10893,2.2952309520191614
6236,m(mcX rcffLmXrqLcLcLXLQLLcXRXqQX),1.0588122357579002,no,,,10893,2.2952309520191614
6237,"LXLM(QfX, rLX rmLmLXCLCLXLXF(rqX))",1.2850726225588287,no,,,10893,2.2952309520191614
6238,"Fc(LLLQXL(XFmLXm(qqX, )), ccX)",0.6822415129435021,no,,,10893,2.2952309520191614
6239,LXcXqMcXMXLXfcLfLXFqXRX,0.8316207557172989,no,,,10893,2.2952309520191614
6240,"rMcLL(XqccXqMLLXffLXmX,  XfMXQLqX,)",1.1037824493909776,no,,,10893,2.2952309520191614
6241,"LXL(LXqXCCqXL(RFLXFL(FX)), RQqX)",1.1830935182003357,no,,,10893,2.2952309520191614
6242,"LLXLFFL(rfmcX, RMmMcQXrcLLmXrLqffLQX)",0.9200195296152126,no,,,10893,2.2952309520191614
6243,"CLLM(,,,LMX,LqqXccLcXrrLLmLqmXRFLX)",1.2889253816047617,no,,,10893,2.2952309520191614
6244,CXcXXXXRMMcQccXrLLLcLXFXXFLfX,0.8490466280906359,no,,,10893,2.2952309520191614
6245,RcLXLmLXR(fcLcXRLLfXQmccXFcMmMXmX ),1.0803419043271478,no,,,10893,2.2952309520191614
6246,rFLFqFXrcMccLLXMMXcfmXlL((XF(fLX))),1.2364268783997614,no,,,10893,2.2952309520191614
6247,"m(M(CmffXLCqXLCXL(XqCcMLCLCXFmCFXrfX),), ,XMX)",0.9623841726381215,no,,,10893,2.2952309520191614
6248,"LLLLX(XRQmXRLLLL(LcMLLX, LXX), FmLX)",1.3882547139857668,no,,,10893,2.2952309520191614
6249,"(LLLLXQCCXfLXMFFXRLLLCXLXLMX, RX)",0.9552436888981211,no,,,10893,2.2952309520191614
6250,"m(Lm(rmFLLXm((LCXrrfLCCCXXFX)), , rCLX))",1.0407042223019283,no,,,10893,2.2952309520191614
6251,"LFXrL(, rLLXLL(F(MXMmX), XX, XLX), fXrX)",1.4020782760321862,no,,,10893,2.2952309520191614
6252,"LLFC(rLMXrcccMFXX, RRXFCLXXqLXX,)",1.3111272813773243,no,,,10893,2.2952309520191614
6253,Mmm( (rLLcqXMLLLLcMXLLcFXqFcmFXRRmLfXL(mLX))),1.3153608247959723,no,,,10893,2.2952309520191614
6254,qLXXLLcXLFMfmfXRRMcXcXRLLXLXXLFX,0.88168573685349,no,,,10893,2.2952309520191614
6255,"CLLM(,RffMQXrLCfLCXRRRLLLLXmX, X)",1.3465206715614073,no,,,10893,2.2952309520191614
6256,"LF(L(rMLcX,MfXQFQfcXLcLXLLXLcXfLcXL(RqQX)))",1.1461590634896484,no,,,10893,2.2952309520191614
6257,fcq( qLLLcMX(cXmXcMmXXRXX)),1.0233989307002562,no,,,10893,2.2952309520191614
6258,"L(rL(LLL(rCFLXr(QqmXX, LLLLX))), FQMXLX)",1.0172894358819102,no,,,10893,2.2952309520191614
6259,"LLL(LCLXrmfmX, qFFMXXLCXL(LCmXMfX))",1.0745475396154687,no,,,10893,2.2952309520191614
6260,"qqL(RLX, rQLcLqXLFccXqLfX(fFCXFX))",1.4441255350021696,no,,,10893,2.2952309520191614
6261,"cLcL(RMXXrLX, qqCXCXLLX(X), CXRX)",0.9828742628477487,no,,,10893,2.2952309520191614
6262,"Lq(QFX, RmLLXCq(L(cX), MXCXFLXLX))",1.1132201591834439,no,,,10893,2.2952309520191614
6263,"LLF(X, FQLQ(RqQfLmXLXrcXLLLXrXXX), rMLXrrX)",1.2735496177125956,no,,,10893,2.2952309520191614
6264,"(LLLcXXFcLqqLXcmX(RXFLLLLmX(rQX)),)",1.1200112648127278,no,,,10893,2.2952309520191614
6265,"L(LFLXCmqXX(XCLLLXFX), rLX)",1.0754211269399312,no,,,10893,2.2952309520191614
6266,MFcXLXfFQXcLLcXRLXrQcLMXrfXLX,0.9872973298219234,no,,,10893,2.2952309520191614
6267,"Lf(, qqLXC(ccfLcLMLLXLMXR(rrqXq(mX))),LfMX)",1.6076809080339138,no,,,10893,2.2952309520191614
6268,"M(, LLXrcXRMCqXLFLXCfqXFLLCXCLXCXffX)",1.0100788926304907,no,,,10893,2.2952309520191614
6269,"(L((XqCCfXLLLXXFCXX)), LXL(X), )",0.8858670878523386,no,,,10893,2.2952309520191614
6270,"((,, CQX), rQXFX, XFMQXXFcXXqXMLX)",0.8635613428316774,no,,,10893,2.2952309520191614
6271,"Ff(fXrffXLXXCMLqCXLLXFXCfX, rXCX, , )",1.012613700300412,no,,,10893,2.2952309520191614
6272,"LqLL(mXLXcmmcXLqXrXqX, X,)",1.1187883819174498,no,,,10893,2.2952309520191614
6273,"F(m(XrMLFLfqCLXCCXM(qqmX)), MF(FX))",0.5731981176506501,no,,,10893,2.2952309520191614
6274,"(LrrLLLXLLLLccXRRmQLLXrmX, LMX)",1.3956606358821564,no,,,10893,2.2952309520191614
6275,"fM(,LLXLq(qXLL(XfLXmX, FXMCXX), R RX), ,X)",1.435352976972511,no,,,10893,2.2952309520191614
6276,"L(mXLL(qMCXLCLXmMXrLCXLLQX), LX)",1.0125859704180247,no,,,10893,2.2952309520191614
6277,RLLXLfCLqLCmfMXFXLFXCXLLLX,1.2320203241092589,no,,,10893,2.2952309520191614
6278,cqLCXflLXrCCLXLLFXCqLXqmMfCLXRRXLX,1.0495754540814393,no,,,10893,2.2952309520191614
6279,"LL(L(QCX),LRRLXCMCXLX(L(XQMX,mX)))",1.5824041917590443,no,,,10893,2.2952309520191614
6280,"c(RLXLX, cLqLXXLMXLMMcXMXFcqFcXX)",0.9187552766451863,no,,,10893,2.2952309520191614
6281,"(rrfmLFCmLFmXXXlMXLXXXmLCX, LLLLXFX)",1.187420534145277,no,,,10893,2.2952309520191614
6282,"LLLmq(LLXmXFMCCXRLQX, LXcXRmcFLXfXQX,)",1.2105345332942743,no,,,10893,2.2952309520191614
6283,"(XLMLX, rMfCXqmFLXFCqCqFXRLLXLMmCXXCLXX)",0.952040758082113,no,,,10893,2.2952309520191614
6284,"L(f(C(XFfQmCXXLXLCXRfLMmLXrL(mQX)), ), LX)",0.9348440381901155,no,,,10893,2.2952309520191614
6285,"mf(, QfX, RRLfLFXCCLLXLXrLX)",1.2703102513488638,no,,,10893,2.2952309520191614
6286,"RRL(,  m(LFXLc(XmXLXX), LLX), CqX)",1.1324009729165048,no,,,10893,2.2952309520191614
6287,"L(RffQLCXF((r((LX)), (LMMXXrX), )), qX)",1.3132729130638772,no,,,10893,2.2952309520191614
6288,"L(FLLmLmXRMCMCMXRCMXRLCFLXRMQXRRmX, ,)",1.0334002809695342,no,,,10893,2.2952309520191614
6289,rXmLXFFQcMLcXfXLXLLLfcXrMqX,0.9869411570023787,no,,,10893,2.2952309520191614
6290,c(rfmX MCMXrLqLCXLCCCXFXqLfLMCXLXXrCX),1.0411890893484108,no,,,10893,2.2952309520191614
6291,"LLMXLM(X, LQXFLXcccLXQLLLX)",1.0581134769220508,no,,,10893,2.2952309520191614
6292,"CLLMM(L(FX), RQLLCXLLCXrqX(LXX), rfCX)",1.3768752209108748,no,,,10893,2.2952309520191614
6293,"(X, LFMXrcrcXLcXXrXCfX)",1.060272051321908,no,,,10893,2.2952309520191614
6294,"FL(cq(,MM(LfMX), XLcXMXcqLXLmqLXrX), RX)",1.0536345603365083,no,,,10893,2.2952309520191614
6295,"Lf(L(L(CQQCMXmCXXrrX(R(mLX)), ), LLX))",1.1825804008505774,no,,,10893,2.2952309520191614
6296,"MLXrMFXRM(L(LXRcXXLcLLX(MfX), (X)))",1.1338651805247384,no,,,10893,2.2952309520191614
6297,"lFLm(,RRMccLccQMqXRXLXRMLqFX, LfLmX,XX)",1.0861414920235917,no,,,10893,2.2952309520191614
6298,"QXL(LLcLfXcFLccQXMXfLXFcQQLX, XQX)",0.9784179042179436,no,,,10893,2.2952309520191614
6299,"LL(f(L(m(CQLLFLFQXLF(LCmCLXLLXqX)))), fMX)",1.2928942086128308,no,,,10893,2.2952309520191614
6300,"L(LfMMLXrLCXrMFLmfXLCXLXQX, LmFXMX)",1.2282534712630144,no,,,10893,2.2952309520191614
6301,"cLm(rmX(rcLcMMXFmXFXLX), LLcqXrrXQMFX, )",0.7929838392771468,no,,,10893,2.2952309520191614
6302,"L(((RmfcLFmLXcfQffmX(LLLcXLX)), ), , mLXX)",0.8235457394884347,no,,,10893,2.2952309520191614
6303,CLQMXcqrcXmcLXrcLXXXrMcMXLXX,1.083311089300469,no,,,10893,2.2952309520191614
6304,"(rXX, LmLfXfcQcXXXFXXXrcX)",0.850827710543783,no,,,10893,2.2952309520191614
6305,"LXL(rqMLXLQ(RRLLLXRLQqLXrX,  LX), (fX))",1.5542996060980538,no,,,10893,2.2952309520191614
6306,"(RRRQLF(fX, qXXLLXR(RFLXqX, fX, lX), QX))",1.0411946661164204,no,,,10893,2.2952309520191614
6307,"(fcmLXX, mCLFLCQLCQXLLCXLLqXXrlQX)",1.3118809113564438,no,,,10893,2.2952309520191614
6308,"LLC(RFCX, QLQXFCCmLmFmXfLXXcX)",1.4173828278178568,no,,,10893,2.2952309520191614
6309,"RLfLf(XXCLXLRXLQCXXRqFXfX, XcmX)",0.9363270445992664,no,,,10893,2.2952309520191614
6310,"L(LLXqMCLXXLL(FCXmXmX), F FfqQMfLQXFLX)",1.1382519499990538,no,,,10893,2.2952309520191614
6311,(LX rrccLLXLcXLLLLXCCQ(rLCcX)),1.3193450308135335,no,,,10893,2.2952309520191614
6312,MLXLXRfcXLXQMLcmXfFMLXRLcXqXX,1.0845414066444201,no,,,10893,2.2952309520191614
6313,"LL(RRmCFXLmFfFLfMM(, LMXMLLMXcXRmX), fLFX)",1.9876423424103788,no,,,10893,2.2952309520191614
6314,(rQqLXLfccQLXMQXrlLcXmFfXLLMX),1.227619730101703,no,,,10893,2.2952309520191614
6315,XcqcLqXcLXLXLcLmLXXRQMXLX,1.1563028325318785,no,,,10893,2.2952309520191614
6316,"FLXCL(,RFLXQCfXCLFXLLXL(X))",1.0114345472505817,no,,,10893,2.2952309520191614
6317,"mqL(, c(L(RMCMMX)), rFLXRLLccLXLfXMLX)",1.2991866135869736,no,,,10893,2.2952309520191614
6318,"CqFL(LCXLXLLXLXCLCLqX,rX,, FXmX,CLXFfX)",1.2872611337347326,no,,,10893,2.2952309520191614
6319,"(LLML(RRXRLCCXXLQXm(rF((C(RFX)), LX(X)))))",1.2721888437826616,no,,,10893,2.2952309520191614
6320,"L(QQLQQXQMLLm(X, LXLXmCX), X,)",1.6503731143672558,no,,,10893,2.2952309520191614
6321,LXLQXCLQLXCXXMmXlXCLXmLX,1.022055874866464,no,,,10893,2.2952309520191614
6322,"LL(qXQX, qFcXLXcXLqXcXRCX)",0.9798643916096477,no,,,10893,2.2952309520191614
6323,"LLXL(LX, l(m(rX)), RRfFcXcmmXfLXRX)",1.0754019195207731,no,,,10893,2.2952309520191614
6324,"LLL(,RXL(CCX), RLFXXRLlcXLLXLccLX)",1.0904225690922178,no,,,10893,2.2952309520191614
6325,"L(XrrCXXLXL(LXm(LLLCXqFX)), (LXmmX))",1.3206401099569856,no,,,10893,2.2952309520191614
6326,"LCL(L(qXmmmXL(rCLCLXrLQX), rLXC(CmX), ), X)",1.1736278568230698,no,,,10893,2.2952309520191614
6327,rmFLXRcQcLfcLfcLLfXXrXXFX,0.905271354969429,no,,,10893,2.2952309520191614
6328,RFLLLXcLLQXFcFLXLXRMcXLcXRRmXFX,1.0591243700391912,no,,,10893,2.2952309520191614
6329,"C(X, RCXmLMLLqCCCLXXLXmLXRFLXfX)",1.0502123598006143,no,,,10893,2.2952309520191614
6330,"LcX(MfLXRQMFXrLLL(XrcMFX, LX), (Q(LqFcLcX((LX)))))",0.9626124724779318,no,,,10893,2.2952309520191614
6331,"(LM((m(XX)), qclmLXMccqMXLLLXLMXLQX), )",1.2007379190082046,no,,,10893,2.2952309520191614
6332,"LqQLX(fXrX, , RfLXCCQXmLmLX(XrfmX))",1.0444215712222533,no,,,10893,2.2952309520191614
6333,"ccL(cfXrcFcqFccLXmXRRmXLLQ(MLX), MfX)",0.7263562804941405,no,,,10893,2.2952309520191614
6334,"LLC(CqXLXXLmXM(CXLX), XRFQLX)",1.2093812309314835,no,,,10893,2.2952309520191614
6335,mMCqXfLCXMXQXQLFCMXCLmXmXrLX,0.8854947782757873,no,,,10893,2.2952309520191614
6336,LFFFXcXXRRcXLcfXMLcm(RRMQLfLX),0.8417585264457014,no,,,10893,2.2952309520191614
6337,rCfLXCLmXQLXLCXLQMCmXXXqXrCLX,1.0809152508038535,no,,,10893,2.2952309520191614
6338,"rLL(LmMXX, qLLXccLXqMXCXMMXX,)",1.5073186326800794,no,,,10893,2.2952309520191614
6339,LFLLQXqXLqccXXmfMmLfLfcXmXMXXLXMX,0.8306332459824395,no,,,10893,2.2952309520191614
6340,"L((LLXCqXFFXMMcLcLCCXLXX), RqqfXqmXrFLQlX)",1.0797769865485203,no,,,10893,2.2952309520191614
6341,"LL(RXF(qLFX, qXXLCMLCLXFLMXLLXfX), , RCX)",1.6290556922403514,no,,,10893,2.2952309520191614
6342,"LL(FMQXLMMMLX(cFLLLFmcXLMMLcQX), cX)",0.9962749424175923,no,,,10893,2.2952309520191614
6343,"LLXcL(RccX(RcXRLXMLLMX), L(XLLX), cXmX)",1.2889119357048817,no,,,10893,2.2952309520191614
6344,LXRcqLXXLcqFXLcXFLMXmmXX,1.124802683392173,no,,,10893,2.2952309520191614
6345,"LL(QLXCMCLQXLCLXX(F(LX),  ), qX, qX)",1.1260457545518305,no,,,10893,2.2952309520191614
6346,"L(LFXXqCLqLXCLFXLLXX,XL(rMX))",0.9967327789589914,no,,,10893,2.2952309520191614
6347,"m(qLLFX(XccXrLqqXXX), LXQQX, )",0.985908235733259,no,,,10893,2.2952309520191614
6348,LXcLXLXLqcqmXcXmXLXRFX,0.841092970505527,no,,,10893,2.2952309520191614
6349,"QL(FXXm(LXcLfXX, ), X(rX), RfX)",1.0567324538950964,no,,,10893,2.2952309520191614
6350,"(((rL(,LmX, mLXcrmLmLcLcXLqFMfXcMXqmXX), )), X)",1.1384615342650795,no,,,10893,2.2952309520191614
6351,"((cqL((fX, LqcXLcFLLXXLLXLX), LX)), QX)",1.1752671888131057,no,,,10893,2.2952309520191614
6352,(RfLQLFXcXLLXqXrLccXLLXLmcXrQ(rflX)),1.087574942841959,no,,,10893,2.2952309520191614
6353,"(L(L(cfXL(LQXXcXLLFXRLLX, X), LX, , )), , )",1.3833960971012296,no,,,10893,2.2952309520191614
6354,"cf(,mc(RRfLXLLL(, CMMLXMXflXQX),LX,), ,)",1.7189174882376115,no,,,10893,2.2952309520191614
6355,"LLm(qCCXXLqCXmLX, , , XX, X)",1.0090392967850117,no,,,10893,2.2952309520191614
6356,"XrLXL((MFCXfX), rXrfCCMXLXLX)",0.8810182539868489,no,,,10893,2.2952309520191614
6357,"(XmLFqLfQX, FLXLXLQccMXXLXXXMFXR(F(cX)))",0.8997818926769316,no,,,10893,2.2952309520191614
6358,"LFL(CqX(FX(((CXXL(QXQLX)))), ), X)",1.310881497796292,no,,,10893,2.2952309520191614
6359,"QXL(qmqMXCCXLXRCfX,LLrXLXcX)",1.1369014667503288,no,,,10893,2.2952309520191614
6360,"rFQXL(((LX)), mLFXLmXRmcXLLFLXXLX)",1.1535135006817792,no,,,10893,2.2952309520191614
6361,"LQcMC(XXLL(QFfX, LLfLLXXX), XcFFX)",1.0775375334364705,no,,,10893,2.2952309520191614
6362,"FXLCL((fCqXfmfX(LXCXMLX)), (XqX))",0.9955157118933113,no,,,10893,2.2952309520191614
6363,"LL(LMQQXLLCCXXCXmXrXLqX, lX)",1.1401977064706217,no,,,10893,2.2952309520191614
6364,"rLLLF((Lm(X)), LMqLXFM(XLfXCXXRLXmX, fX))",1.3058347761045335,no,,,10893,2.2952309520191614
6365,"L(LLLCfCqLLXmXCCXm(RmmLFX), LQLQFqXLX)",0.9443017336766208,no,,,10893,2.2952309520191614
6366,"mf(LLQL(C(LXCCCQXLXRLLX(LX)), X), )",1.3340969634000648,no,,,10893,2.2952309520191614
6367,"(LFXCqXLXCLXFXX, FLLqXFc(fcX))",1.0430746594212787,no,,,10893,2.2952309520191614
6368,"rMLffLC(qmXLXX, fLfLXrCXXLqMX,LXCX X)",1.2095693825320333,no,,,10893,2.2952309520191614
6369,"LXRR(RQX, fXMLXfcFXmfXLXmXRqX)",1.5037614270447712,no,,,10893,2.2952309520191614
6370,XCXLLXXCqFfLXLXfmLCXXFFLMX,0.9303259395890265,no,,,10893,2.2952309520191614
6371,"LL(RmCXLCQXCMLLXRqfMLLFfX(qLX), X)",1.211602717020795,no,,,10893,2.2952309520191614
6372,"LL(FX, RLXFQLcXcXfLLLLLL(X, QX, FX))",1.1758050869438932,no,,,10893,2.2952309520191614
6373,"cLLLFL(, rrXFLcXLLXRXrQlMqX, RX)",1.6460495249752642,no,,,10893,2.2952309520191614
6374,"F(, FMLrLXrfmXCCqXFLXCXLCXrLXFX, CX,)",1.0117609905828084,no,,,10893,2.2952309520191614
6375,"(rXrFX(, X), CqXXrLCLCXfXCCLLXMcX)",0.9794801910734874,no,,,10893,2.2952309520191614
6376,RLXCfCLLqXXLMLXCXLX,1.1460681071192045,no,,,10893,2.2952309520191614
6377,"(, L(LLm(qXCCXqXXMX, LqFXLX), ), (RXLX), )",1.0489760390594471,no,,,10893,2.2952309520191614
6378,"(LQ((qXrLCXXFXCLXfLq((FX))), XRX(cX)))",1.0899016929209386,no,,,10893,2.2952309520191614
6379,"FC(LfF(fCXQCFXmLXLXCLMXQQLX(qFCX), CMX ),)",0.9284899737080828,no,,,10893,2.2952309520191614
6380,"Q(fL(CQCLMXLCLFCXRLLQXqfFX, LMLX))",1.2605844940230073,no,,,10893,2.2952309520191614
6381,"M((QQX), X, XLXCCqXLXFXlXfLmmXqLCX)",0.834331196183001,no,,,10893,2.2952309520191614
6382,"c(FFXfmL(, FXm(LQXmcXRLLcXLFX),  X))",1.16169107866419,no,,,10893,2.2952309520191614
6383,"FqLXMLLX(rLLXmcXlXfXMXRRmFXmLX, X)",1.2575522957984997,no,,,10893,2.2952309520191614
6384,"LXmLL(rrLXCFXXLFXX(, , qFqX, ), LX)",1.306899139611451,no,,,10893,2.2952309520191614
6385,c(lX QcFcLLXFXLFmXLFLcQcXfXRLLFcX ),1.0713681399863655,no,,,10893,2.2952309520191614
6386,"LLXL(CqqFXCXQXFLLX, RcX, LmX)",1.1533553915415427,no,,,10893,2.2952309520191614
6387,"(XMLcXqLcX(LLmmXqfcLcXX(XRQX)), X)",0.9156721579029289,no,,,10893,2.2952309520191614
6388,LF(QLMfXQfXrmLCqLLLCCXLXCXLLXLRFX),1.218232247568755,no,,,10893,2.2952309520191614
6389,"L( ,RmQLLXRFCqLQCFXLXLLXLLCFXLmX, MCX)",1.1160097420275519,no,,,10893,2.2952309520191614
6390,LXRLfC(LXmCQXXXLfMfXXRCLXLXFQCXX),0.9978326346070994,no,,,10893,2.2952309520191614
6391,"FXLL(LCQXmcXLFmX(LXLX, ), RXMMLLX)",1.1594864846856234,no,,,10893,2.2952309520191614
6392,rrXLXcXRLFQcXcXqXLXrX,0.9008657888063988,no,,,10893,2.2952309520191614
6393,"c(QXqCmmCFLQQX(LCQX,LLXrfXlX), qMQX)",0.8165609686677299,no,,,10893,2.2952309520191614
6394,MFXXLXRfcXfcQLXXcLLXLXLqcXrfX,0.9382377905288133,no,,,10893,2.2952309520191614
6395,"(rMmLqcXFLm(LLXLXrCFQLX, ), cL(qX))",1.447178725905777,no,,,10893,2.2952309520191614
6396,"LXLF(qXCFXXLX((LXCX)), fMXLX)",1.195980761969996,no,,,10893,2.2952309520191614
6397,CLLmXRfLcLffccXQXmXLLFXLfFLX,0.8978453182166786,no,,,10893,2.2952309520191614
6398,"mXLLXQLL(rmX, QFXLcX mqXrLXmLLMmX)",1.0353321158670934,no,,,10893,2.2952309520191614
6399,"RLLLL(RMfCXLCXfLLXqXMFX, RX)",1.668838378289559,no,,,10893,2.2952309520191614
6400,FXFXMQcXLfQLLcXcFLXLfXcLcLLmLXmX,0.9321594042636336,no,,,10893,2.2952309520191614
6401,"m(LmXLX, qcXLXcXLLFXcXCX)",0.9397173936058789,no,,,10893,2.2952309520191614
6402,"L(LLX, rrLLcXcXLMLLXXRCfX)",1.6020047720362434,no,,,10893,2.2952309520191614
6403,(LLLXrrLfccLXccXCCcqLLLfLXLX ),1.300815631481784,no,,,10893,2.2952309520191614
6404,"cXLLm(MqXLXcXrmMXXX(qMcXQ(LXFX)),FX)",0.8665933569664978,no,,,10893,2.2952309520191614
6405,"LL((rrMCX(LX(R(c(MXQQLQLX)), ), qLX)), MX)",1.1818012648695122,no,,,10893,2.2952309520191614
6406,"L((XRMmXFXcQXL((LLXcXCX))), LcX)",1.0904752534545967,no,,,10893,2.2952309520191614
6407,"l(LFLXLqMXCXLXLXLLCqXLLCX, RQX)",1.2982328302544262,no,,,10893,2.2952309520191614
6408,"m((FLrFFFXXCXqXXLL(CLXCX)), X)",1.0223772390494523,no,,,10893,2.2952309520191614
6409,"LX(rrLLXr(rfXfLXFLfX, FLX), qqqfQX)",1.2875166845696577,no,,,10893,2.2952309520191614
6410,LLXLqcqcLcXcmmXXRMXrQqCX,1.177396314561457,no,,,10893,2.2952309520191614
6411,LFmqX XccQXXXcXXQX,0.7887484946120976,no,,,10893,2.2952309520191614
6412,"L((XmfCQLFCLCXXLLXRCLLXX((LXMX))), ,qmX)",1.1067527099270773,no,,,10893,2.2952309520191614
6413,"(m(RRLCfXLCX(MLFXLMXQLqX), LX), X)",1.346279369600266,no,,,10893,2.2952309520191614
6414,"LLm(X, (((,fLCXRXCLLQMLXCXm(RLLXXf(X))))))",1.2409717634664608,no,,,10893,2.2952309520191614
6415,"cL(rX,L(fLcMQmLMXmF(LXRLLcXLQL(LX))))",0.9593777730531334,no,,,10893,2.2952309520191614
6416,"XmLXm(LQX(LXcMFXXLLXrLX), rXcX)",1.185958215932283,no,,,10893,2.2952309520191614
6417,"LXfL(QXXLMCFXLXr(M(, LXRMX)), FMQX)",0.8000167636578176,no,,,10893,2.2952309520191614
6418,"RL(rcX,CqXClXFXfLLXCMLqCCqXXX)",0.9415925940391892,no,,,10893,2.2952309520191614
6419,"(,,,FLCX, X,XCLLXfCqCXLXFXLXFqCmCLX)",0.8642804028437555,no,,,10893,2.2952309520191614
6420,"L(LFLXmXLCqqXMCLmXLLLXLqX, qXrLX)",1.02513037306753,no,,,10893,2.2952309520191614
6421,"LLL(qXcqcfXcFLXqXQX,c(rfX))",1.0442154329740787,no,,,10893,2.2952309520191614
6422,RmXfXcQcfLmXLXRcfcLfXccLXX,0.9876111340007672,no,,,10893,2.2952309520191614
6423,"X(mXLL(FLMQXLCXQCLmXmXQX(lX), cLLMQX))",1.0080482309859187,no,,,10893,2.2952309520191614
6424,"L(QXCmX,LMLXFcmQXLXLcLXmXMfX)",1.1423215534814284,no,,,10893,2.2952309520191614
6425,"(MLXLFLCcLCCQXXCQXLXrqXX, MXLCfMX)",0.8745186956834816,no,,,10893,2.2952309520191614
6426,"CcccLXLXLc(cQLFXmmcLQLXLFLXLX,QLX, qmX)",1.1756273031306814,no,,,10893,2.2952309520191614
6427,CL(LXrrccLFFLcfXcfLLXL(LXCqX)),1.3539499805256323,no,,,10893,2.2952309520191614
6428,"(FqcLX, LFFLXQXRccXFLLXqX, (, mmMX), )",0.9387197370116764,no,,,10893,2.2952309520191614
6429,"L(, rLLMcMqLcXrLLLccXLcLXXXLLX)",1.2303871914286078,no,,,10893,2.2952309520191614
6430,LLFmcLX rccqXRXqLqMcFXXCLX,1.1071823626347836,no,,,10893,2.2952309520191614
6431,"LLLLFL(RQX, qFXmFXccXrXXlqX)",0.8843115709278744,no,,,10893,2.2952309520191614
6432,"c(LX(mqCqX(mCX)), qLXLXcXmLXrXRqqX)",0.9584753857114989,no,,,10893,2.2952309520191614
6433,"L(L(F(rrXCLLFCLCLXLf(LfMX),XX), XRX), , LX, )",1.1228504875405805,no,,,10893,2.2952309520191614
6434,"LXmXL(RmXcQcXLLXm(XmX)  ,cX,mLXCXX)",1.0547808396096288,no,,,10893,2.2952309520191614
6435,"LqLL((qcX), XXFCCLLXLXX,X, QX,)",1.2000949088154023,no,,,10893,2.2952309520191614
6436,"RLLL(RLCXCXLLFXfLmLMXl(McLLX), mX)",1.6851092658899782,no,,,10893,2.2952309520191614
6437,"M(LRMfXMXRLccQccXLXFFXLcXLLXLqX, LMX)",0.9957191237191013,no,,,10893,2.2952309520191614
6438,rlLLLXQFcLcmcXXFXXLX MX,0.9089969291313353,no,,,10893,2.2952309520191614
6439,"fL(qmFMcqcLXcfX(fMXQFQXrfX ),, X)",1.1140871102056888,no,,,10893,2.2952309520191614
6440,"RLL(, RMFLXXFXcLXLXLMLXFFX, XX)",1.5526439630467055,no,,,10893,2.2952309520191614
6441,"(,fCLX, LXRRLLCXFCXLXXLX)",1.1917220946061453,no,,,10893,2.2952309520191614
6442,"(L((X), rrCcfcXLMcXX(qXCX)), )",1.3505654913349985,no,,,10893,2.2952309520191614
6443,rXrCLLmXCLLLmXrMCLLXqCXCLXLqX,1.069469592654872,no,,,10893,2.2952309520191614
6444,"CXRLcLQ(LFXrLcXLXLX, ,LXccqMX, FMLQXfqX)",1.4614681392238742,no,,,10893,2.2952309520191614
6445,"LXLc(QFL(, QXFcLXL(rLXRqMqmcX), rX))",0.9729797841094878,no,,,10893,2.2952309520191614
6446,"cLQLC((rqMLFX), (rqcfXLcqLcXLLXRMX))",1.2630672595037618,no,,,10893,2.2952309520191614
6447,"((qFX), rMfLqXRfQcLcXLXLmXLcffXLLmmcX)",1.0654842462663663,no,,,10893,2.2952309520191614
6448,"Lm(LX, LXlX,MqXqccLcLXLXqXXCX,)",1.262040962310957,no,,,10893,2.2952309520191614
6449,LqXLXrccLcLXXFXXfXLLXRX,1.0704521089279426,no,,,10893,2.2952309520191614
6450,cL(LrCLXXXCLfXrrmfCX(mCXLLXRlcfX) ),1.0155574891858896,no,,,10893,2.2952309520191614
6451,"LFc(LXQLqX, QfcXMfXLXLXFcXRLMmfX)",1.0746506308130983,no,,,10893,2.2952309520191614
6452,"R(RRRqX, LRXLLCLCXRqLmLXRRFX,)",1.3236182044184384,no,,,10893,2.2952309520191614
6453,"LXQm(CCQXLL(LCLXXLLX), LmfLQX)",1.0061992545843736,no,,,10893,2.2952309520191614
6454,mLLfLXRRCCCmLCCXXLXLX RLX,1.4588459331363681,no,,,10893,2.2952309520191614
6455,"M(FX, RLXLXXQcLLcLXLX(fXX(mmLFLcMmX(X))))",1.15960867249122,no,,,10893,2.2952309520191614
6456,"((RcLLcLX(XmXQQXLcXLcXRQlX), (LQFLFX)))",1.092054978158708,no,,,10893,2.2952309520191614
6457,"L(LL(,(qFqXC(cLccXfLXXCQX)), MX))",1.4729541099859083,no,,,10893,2.2952309520191614
6458,"L((QQLCCLXLCXXX, XLX))",0.8676230623430722,no,,,10893,2.2952309520191614
6459,"QLXLL(QmXcXmcMXrX, QXLFFXCLX, ,, CLqX, )",0.9197960842636812,no,,,10893,2.2952309520191614
6460,"mX(RLff(CXRQCCCfMXqL(rLLrQXXX), LX ), )",1.0723211388923128,no,,,10893,2.2952309520191614
6461,"LFX(RCcXrX, QLLLLXMLFcFmXQcLXrrmLX)",0.9816857337424159,no,,,10893,2.2952309520191614
6462,"fL(rrLFXLLcXcLqXcXX(RMLXLX), mMX)",1.0478948103547094,no,,,10893,2.2952309520191614
6463,"M(qcf(, RLLX, fqLXLLcLcXrXXLMqCCX), )",1.543299737120994,no,,,10893,2.2952309520191614
6464,"(rMLqXCCXLLLfXLCXCfqXXXX, XF(LX))",1.0836849469000027,no,,,10893,2.2952309520191614
6465,"CLmL(,CRLLXRCXLXXCX, qXLXrCX)",1.1245475923697832,no,,,10893,2.2952309520191614
6466,"(FXLLX, qcMXLXCLCLCCXLMLXX)",0.8525588770333092,no,,,10893,2.2952309520191614
6467,"(rrfLXcLLLcXLLLLXLX, qM(((X))), )",1.3714797642044616,no,,,10893,2.2952309520191614
6468,"(FCLXLFmCXLlqLXXLCmXXXrCX, X)",0.9381925845552929,no,,,10893,2.2952309520191614
6469,"m(LQfcX, LLcqLcLFqXccLXrqLMMLXX)",1.2229890572755213,no,,,10893,2.2952309520191614
6470,"RLmLL(rCX,,F(RccXLL(, CXLXRXX)))",1.8416233044100776,no,,,10893,2.2952309520191614
6471,"f(FLLLXRQCCCXLLLLLCLXQXrLLLcX, (,X))",1.0978434429872632,no,,,10893,2.2952309520191614
6472,"FMX(LmLXLXCqCXFXXLLXqCXFFMX, X)",1.0661559797046645,no,,,10893,2.2952309520191614
6473,"FXLL(, LX, (rfFqLX), qCqCXF(XRLmLXCX))",1.0572844505452936,no,,,10893,2.2952309520191614
6474,"L(XmX(CCqXXXLXLMXrCLXX, ), RMmX(mX))",1.1358370988381845,no,,,10893,2.2952309520191614
6475,RXXFLLCLLXrrLCCXLFCXLLFXX,0.8802156177683089,no,,,10893,2.2952309520191614
6476,"(LRFCLLXQLLLCXCXLqMmLqXX, MmXLX)",0.9855265489305038,no,,,10893,2.2952309520191614
6477,"(LRRFLCXmCmLmXLXm(LmLXfX), LFX)",1.6307330058955767,no,,,10893,2.2952309520191614
6478,"qLq(X, XccXXQXX)",1.0155770006788418,no,,,10893,2.2952309520191614
6479,"mL(F(rm(rXrLLccLXLLXrLcXfXXX)), (Qm(, m(LMX))))",1.1224105329900058,no,,,10893,2.2952309520191614
6480,"QcLL(RLFXLcqXMX, ,XcQXrXqX,FQX(XrXfmLfFX))",1.4217002825743845,no,,,10893,2.2952309520191614
6481,"LmXffM(FRRLLXL(LXcX, XL(XmqX)), RMX)",1.5659936636208092,no,,,10893,2.2952309520191614
6482,"L(FMXXqCXMXLXCXL(RX), FL(rLXccX))",0.9576088277010749,no,,,10893,2.2952309520191614
6483,"m(qLXccqcLXfLMcqXMLLX((fmXLQ(X)), ), RmX)",0.9098120077597618,no,,,10893,2.2952309520191614
6484,"L((LXCFCFQLLCLLCQXLCXQXr(XLcLX)), CFX)",1.2635485882067097,no,,,10893,2.2952309520191614
6485,"LXLfXmLL(RqQLXMLcLXLcXrFqfX, MFX)",0.9840920710151302,no,,,10893,2.2952309520191614
6486,"rFLLMXQMc(, LMXXQLcXrXMLqLXX, QQLQX)",1.3425178235230821,no,,,10893,2.2952309520191614
6487,RqCQCLXfQCXfLLfLXlFCLXmLXlLX,1.0258977916203142,no,,,10893,2.2952309520191614
6488,Mc(RLFLQXrqLCCCXXcmCCmXQLqXX),1.1162106129941496,no,,,10893,2.2952309520191614
6489,"M(FFL(LL((LX(FQmX(LfmXcLXLXX)), cLX)), ) )",0.969963476064743,no,,,10893,2.2952309520191614
6490,"LLmXFL(, , m(RX), ccQcQXLccXLMLLX, R(qmFLX))",1.1429276290207842,no,,,10893,2.2952309520191614
6491,"(lLXC(RLXCXLXX), LXQXRccXrlFLLXLX)",1.2107666130747532,no,,,10893,2.2952309520191614
6492,RLLXCLQMXfCLMXFXXfCXfXRLLXCCX,1.1746764663441738,no,,,10893,2.2952309520191614
6493,"LL(XRlLX, XRRMcXXX(LFXLcXX))",1.173271082440226,no,,,10893,2.2952309520191614
6494,LQLXFXLCXrfqLLFCmXCMXFLXLLLQX,0.8883683611146196,no,,,10893,2.2952309520191614
6495,"XXrL(((LQX)), rfLFXXCXLXfXXX)",1.341045145796518,no,,,10893,2.2952309520191614
6496,"LLL(RXRXLmM(LLX, ,  qXXLqcfMX), (fFcX))",1.3640586010772857,no,,,10893,2.2952309520191614
6497,"(rMLMfLXrLXLLCXCXrMqX, FLcLX)",0.9650710676875267,no,,,10893,2.2952309520191614
6498,XmLXCCmLqXLXXFFLfXXRLQCX,1.057366505510585,no,,,10893,2.2952309520191614
6499,"rrL(cfLfLXcfLXLXLXFLX, ,CX)",1.636229551517612,no,,,10893,2.2952309520191614
6500,"L(LqXcXLLcXqXcXLLXFLM(RX), X, )",1.012512123368843,no,,,10893,2.2952309520191614
6501,"QL(RCX(CXLLXXmCXXrFLX), QCXFCXFmXmX)",1.1771082347159545,no,,,10893,2.2952309520191614
6502,rLXLXRCXRQmCLLXmCqXrfLXQMQXQX,1.0848459601676208,no,,,10893,2.2952309520191614
6503,"(X, m(LX, LLccqqXRLfqLcXLXfcMXLX),)",1.1915133561772535,no,,,10893,2.2952309520191614
6504,"LXLXL(, L(QQX(lcFXmqXQLqXRRX)), RRQXMfFcQMX)",1.1647586203077198,no,,,10893,2.2952309520191614
6505,"(LLL(, FF(FXX, X(rrXXMCXLXLLXX), ), ), )",1.5272442884188355,no,,,10893,2.2952309520191614
6506,"mLLL(FXQQXfcXrLXrLFXX, , X, FX)",1.4933495107093384,no,,,10893,2.2952309520191614
6507,"cLCC(MX, ,rrccXLcXmXRLXX)",1.3317099677117281,no,,,10893,2.2952309520191614
6508,"L(LLLLXqCXXmLMmCXXFX, MXQX)",1.0469763345364012,no,,,10893,2.2952309520191614
6509,"(LMX,LL(mCQmXXCXQLXFXrF(rX), FFC(rrrX(RfX))),)",0.9280788151137689,no,,,10893,2.2952309520191614
6510,"rMXXr(rLXLXf(, XCfLXrM(LX)), LqqLLX)",1.0985922827468562,no,,,10893,2.2952309520191614
6511,"F(QX, L(LmMXcLfQXMXcFfcLLQXX))",0.9855343164589724,no,,,10893,2.2952309520191614
6512,"(L(, rLccfqXrLcLmX(MXXcXLXX), cMfX) )",1.1687604012504134,no,,,10893,2.2952309520191614
6513,"L(mLqLXLMFFMX, RRcLXXXLXfLXfcXFX)",1.1501756161710597,no,,,10893,2.2952309520191614
6514,"LL((FQQLXLFCMCXrLXXfFqX), X, )",1.491951971448946,no,,,10893,2.2952309520191614
6515,"LXL(LMXRRXcXLXLLXMqq(r(LfFX)), mmX)",1.5679505760715173,no,,,10893,2.2952309520191614
6516,"Xq(fXCCLXLLCqCXXCF(LCCMX), f(, mX))",0.8135251421347894,no,,,10893,2.2952309520191614
6517,qXLXRcFLLMMcQXLXcXMXLX,1.0625401096110407,no,,,10893,2.2952309520191614
6518,rcLLqqLLXqLLmcQXRLcXcXLFmXMFX,1.203477057164402,no,,,10893,2.2952309520191614
6519,"QXL(RX, RfFQXFL(qqX, , FXcMXX))",1.1392348361394407,no,,,10893,2.2952309520191614
6520,MLLMmXcqmLcLqqcFLFLFXmcXfXCLLQX,1.0317956553467436,no,,,10893,2.2952309520191614
6521,"(RLCL(,rFCm(X), RmLLXLL(, LXLXrFLcX) ), )",1.468082188821863,no,,,10893,2.2952309520191614
6522,"LXmXL(rCMqXMLccXQQXLXmX, (FLX))",1.0775675338142565,no,,,10893,2.2952309520191614
6523,"CLL(,rrfLXC((ccXXXlcLXX)), LQX)",1.2087200400921934,no,,,10893,2.2952309520191614
6524,"RLM(LX(mXM(LcMXMXLccX)), QccXXrXLXX)",0.9703239604767258,no,,,10893,2.2952309520191614
6525,"F(RMLLCXQCXLCLLmXRQLXR(FX), LLLLX)",1.1953918768716922,no,,,10893,2.2952309520191614
6526,"L(rrMLCXLXLLmLLXmF((FCXrmX)), fqqmFmX)",1.0800614181454948,no,,,10893,2.2952309520191614
6527,"FXL(L(MMmXFm(qXLCMLXCqXqLX), qX))",0.965220761457092,no,,,10893,2.2952309520191614
6528,"(F(LLMXL(qfmXCFXLCqXRqXX, qXCX),), mX)",1.0670282661159605,no,,,10893,2.2952309520191614
6529,"L(m(RRXXRLmLccqqcXLXL((cXcXLLX))), (RQMLX))",0.9678780732410942,no,,,10893,2.2952309520191614
6530,"CLLQ(mXmfXQL(QX,, fXL(CXqX), ), LX, )",1.1301526024801325,no,,,10893,2.2952309520191614
6531,"(L(X), L(((rLqXmXCCQLXFLX(XRLLLCfXXCX)))))",0.9898947565670102,no,,,10893,2.2952309520191614
6532,(LcQXcXXLLMXRLccXRcXlQX QQX),1.0823326198504184,no,,,10893,2.2952309520191614
6533,"rLLq(fXL(XXcQQlXX, X), X, )",1.6143627848168254,no,,,10893,2.2952309520191614
6534,"fL(X, rrc(XLcLXLLL(X(fcmXCX))))",1.547106560208757,no,,,10893,2.2952309520191614
6535,LLcFLXcXrQLQLXXFcXLLXLXcXRFLfX,1.0202223559175139,no,,,10893,2.2952309520191614
6536,"CC(LXRCLXQXCLXLLLXRX, rX)",0.9550225947621004,no,,,10893,2.2952309520191614
6537,"l(, MLmXRRQFLLcXcLmcXLmXRLcXcLXLXCX)",1.0263220833958042,no,,,10893,2.2952309520191614
6538,"X(rFFqcLCXLCLCLCLXLXX, FXrXFLX)",0.8269721319003338,no,,,10893,2.2952309520191614
6539,"qLXL(LLXLfMCCX(X((XRQ(LX)))), LX)",1.3397078925902908,no,,,10893,2.2952309520191614
6540,"(L(rcLXlrcLXlMLX), rcLcLqXffLLcXLQLXRX)",1.1330823109679997,no,,,10893,2.2952309520191614
6541,"L((Lqm(qMcLXcLcLcXrqmFX(XqLX), )), L(cLX, ), )",1.5321146163025179,no,,,10893,2.2952309520191614
6542,"fLMMXLL(qXCX, RXcQXFcXfXCLX)",0.95078644840421,no,,,10893,2.2952309520191614
6543,"F(,LL(XCqXLXLF(CLXXX), rXfcfX), )",1.1651807627515343,no,,,10893,2.2952309520191614
6544,"MLL(RRLCXCXLLfXLLXLq(Q(L( (RX), ))), RmX)",1.684277344724775,no,,,10893,2.2952309520191614
6545,"LLL(M(F(q(MXCmXqCL(LMFLX(rFLLX)), MXX)), LLX))",1.2818960765786553,no,,,10893,2.2952309520191614
6546,"((Lm(, QXLXFlLLCLFQCXFXLXMmLCLXX)), )",0.9518439794534265,no,,,10893,2.2952309520191614
6547,"LXL(rMXrLFCXLLCLFXXFX, FXmX)",1.1563142856369677,no,,,10893,2.2952309520191614
6548,rrLcLfXRfLLcQmcLXfMcXLLmfXLQX,0.9568588329496155,no,,,10893,2.2952309520191614
6549,"L(, RmXmmLLcX, fqXcFLXccqLLXMLLXfMX)",1.009004660011327,no,,,10893,2.2952309520191614
6550,"L((L(LLmXqLCXfCXLqXCFFLX)), rmFX)",0.986120802439667,no,,,10893,2.2952309520191614
6551,"L(mXX, L(qmXLXCCLXLXrX), CLX)",1.0660885207320292,no,,,10893,2.2952309520191614
6552,"rLLL(rCXQqL(cXfqXX, ), rmXccLXLXXCX)",1.6363005260897283,no,,,10893,2.2952309520191614
6553,"FLFLLMcLL(RmX, cQXLmXXcMXF(Qq(RX)))",0.9148654075316479,no,,,10893,2.2952309520191614
6554,"ML(RRMLccCXL(LLCCLLXLLLXL(LX)), rX)",1.3878854878568943,no,,,10893,2.2952309520191614
6555,"LL(rrX((L(LMQ(L(M(XLMQmX))), )), ), cqXL(rLXcLLXrfLXqX, ))",1.4510193078946263,no,,,10893,2.2952309520191614
6556,"LLLL(RMMmcQCXrCmCLFXrMFXrcLXX, X)",1.6567990817005467,no,,,10893,2.2952309520191614
6557,"RLM(LfCXmLLLCC(RmMXXQMmXX), RmXFLf(cX))",1.2419129360680643,no,,,10893,2.2952309520191614
6558,"L(LX, LLX,qqMccXLcFXQFLXrLXQmqQqX)",1.2459530686329308,no,,,10893,2.2952309520191614
6559,"L(CQXL(LXm(RLCLLCXRXcQQQXlX)), LQXLqX)",1.2477834461121355,no,,,10893,2.2952309520191614
6560,LXrQLcCMMXRLLCMLCXLLfCXLXLXqX,1.211521389625527,no,,,10893,2.2952309520191614
6561,"L(CQXL(LXfLCXXRRLfCX(X)), RXrmLLLLX)",1.0346360775570076,no,,,10893,2.2952309520191614
6562,"LLm(LXqCXCLXMXrLmCXrX, rfX)",0.9465153552945736,no,,,10893,2.2952309520191614
6563,"LLFL(RmCQXLLL((XX,XRRCXfX), qXRMX), LX)",1.357177115074821,no,,,10893,2.2952309520191614
6564,"(LX, mFLLcXqcXrccfXLXlQLQfLMXFFX)",1.0271916093193756,no,,,10893,2.2952309520191614
6565,"RCMXLX(rLX(QcXCLcqX(qX), rCXrCXLL(q(RLFX))))",1.029445601592258,no,,,10893,2.2952309520191614
6566,"FLL(LCQQXLCLCXLFLFXQFX, LX)",1.2593837754600226,no,,,10893,2.2952309520191614
6567,"LML(X, XX,QLXcXcLmmQLXLLXRX,QMfXX,,)",0.993560863250916,no,,,10893,2.2952309520191614
6568,"(LCFfQQXMCCXMX(mXrCXXX), )",1.0248064496702987,no,,,10893,2.2952309520191614
6569,"cLLMLXCm(rrFXLQL(XFfX, RLQmXX), FQLX)",1.2757273764864108,no,,,10893,2.2952309520191614
6570,"LL(f(X, ), RfLQXLL(L(X, , XrmLXLX)), rCmLFX)",1.6441535752382503,no,,,10893,2.2952309520191614
6571,"(rmcLLqXRcXqLLXmLXRX, rLLmcLMX, )",1.5749295653098245,no,,,10893,2.2952309520191614
6572,"rqcML((LcXLccLXLfXLCX, ), , XcLXRcXX)",1.331655892715852,no,,,10893,2.2952309520191614
6573,"CLXMXM(mqqLLLX(CXLfXRLLfFX), rLmmXFX)",1.0160179046847153,no,,,10893,2.2952309520191614
6574,"m(cXLLM(LQXfFFXcMXLLLXLLX, qfX), L(cX))",1.3256068976164124,no,,,10893,2.2952309520191614
6575,RXLXcXqcXLLLXFcLXFMXqFXcXqmX,0.8603451686338721,no,,,10893,2.2952309520191614
6576,rfQMLXXCFCqfLLFfMLLXfL(LXqCMXRLXMX),1.0027659079455886,no,,,10893,2.2952309520191614
6577,"(L(LcqcLXcLcLqXLfLcMXXQCX), , rLqX)",1.2360670959209874,no,,,10893,2.2952309520191614
6578,"M(LX, LXccLLXQcXLXFLLLXcXF(MfX))",0.9925518488511219,no,,,10893,2.2952309520191614
6579,"L(m(LXRX, RfQCcXLLlXqcXfLXLLFLX),fX, ,X)",1.1461233210483643,no,,,10893,2.2952309520191614
6580,"rML((F(rLX)), rmLcfXLmMLcXmLLXLMXRRX)",1.7727746256249466,no,,,10893,2.2952309520191614
6581,"XRRL(X,,fX(LXXcXX, RXXXX), ,X)",1.3929753270201095,no,,,10893,2.2952309520191614
6582,"LLLL(RRCX(L(CLLCLXLFXLcXcQX)), rX)",1.8851552084160583,no,,,10893,2.2952309520191614
6583,MQLXrCCqLMfCXXXXLLXMmqFX,1.0823760751945888,no,,,10893,2.2952309520191614
6584,"f(L(mLQCXfCQLCLXCFLXRfQQXrX, L LX))",1.2559287195278275,no,,,10893,2.2952309520191614
6585,"LLL(RcFcQXrLFLXLXLXXM(X), FqmX, LLXQX)",1.691247013278682,no,,,10893,2.2952309520191614
6586,"LqLX((L(LQFQXcX(rLLX((XcqL(LX)))))), X)",1.136103500046271,no,,,10893,2.2952309520191614
6587,"M(RLX, LQLQXCfCXLLmLLmXLX)",1.1270131763368831,no,,,10893,2.2952309520191614
6588,"QLc(XLLXFL(XRRXX, XRcLcMMXfLXX), XX)",1.3179939824926667,no,,,10893,2.2952309520191614
6589,L(LLX(cLLcffXrrLFLXcXLXL(X FX))),1.2283165412593724,no,,,10893,2.2952309520191614
6590,"LL((rLqXcfcfLXrmLXrrfCXQX, mX, ), X)",1.3440800518506673,no,,,10893,2.2952309520191614
6591,"CXLf(rrFXllXLLXrfCFQFCLXfX, X)",1.0221503233556801,no,,,10893,2.2952309520191614
6592,XQLXQLcXLcXLXLLQccXrcLXXX,1.051172601912354,no,,,10893,2.2952309520191614
6593,"LXffL(QXX(CLLCXRLMMFXXQX),cXX)",1.050610309804221,no,,,10893,2.2952309520191614
6594,"FLm(rCMXcmX, LqXLXCXmXRXLX)",1.0419941340387142,no,,,10893,2.2952309520191614
6595,"LL(, QXLLLXFFCLXLCXLqXmqFX, fmLmX)",1.1002648895435363,no,,,10893,2.2952309520191614
6596,"MLXMXLf(QX, FqXmcXcqLLXLmXQXX)",1.1014395846671645,no,,,10893,2.2952309520191614
6597,"RRLLFLL(QLX, LXCCLXQLXrXcX, )",1.521571003131855,no,,,10893,2.2952309520191614
6598,"FLXrqFXrmccXXX(MXQmMQX, LCmX)",0.8341808471699429,no,,,10893,2.2952309520191614
6599,"(LRXQcXX, , CQXLXrLLCMQXXCCXXrXfFX)",0.9217764040655017,no,,,10893,2.2952309520191614
6600,"FXL(XfLrLqMCLXCMXLXQ(FXQX, ), X)",0.906890052878658,no,,,10893,2.2952309520191614
6601,"XL(LXqXLC(rCCXRXX), X)",0.8709562312547083,no,,,10893,2.2952309520191614
6602,"LL(, QfXCQMCCQXCLLFMXLQ(LXf(X), ), LX)",1.4374528541705107,no,,,10893,2.2952309520191614
6603,"LL(RLCQXLqmq(, mXRLXcXRcfX), qX)",1.7243958129796204,no,,,10893,2.2952309520191614
6604,cfLLXrrLMLLccXmcFLXLL(LFLmXRR(rLLLLCfFX)),1.3812850373668326,no,,,10893,2.2952309520191614
6605,LLXrXLQLccXFMXcFmXLXmLX,1.0618021448135226,no,,,10893,2.2952309520191614
6606,"LL(RRCmLXLLLLX((L(QX, ), XcFLXLFCX)), rmLLX)",1.457995566776014,no,,,10893,2.2952309520191614
6607,(LX rCCCmmXLLXCLLQMXXLCLCXRMXXRX),0.897276870626744,no,,,10893,2.2952309520191614
6608,"L(FcLX, rmmXQFmCCCXLXLCXLLQXRCFXfQX)",1.15376091276443,no,,,10893,2.2952309520191614
6609,"(FmLCQXLLXCXLLXCXRCqX, LLXFqX)",0.9371883741250205,no,,,10893,2.2952309520191614
6610,"LL(F(CX), (LfmqFXLXCLXm(LL((mMLXMMFX)))))",1.0461576146159726,no,,,10893,2.2952309520191614
6611,L(mXRRClMLLCXmFLCXfQQX fX),1.068534109850538,no,,,10893,2.2952309520191614
6612,"(llFLCQXLLXCXXLmXmmX, LLXrLfX)",0.913259637968296,no,,,10893,2.2952309520191614
6613,"cLXLf(qLXLmlmfXclLFXLXrLMXcLX, FfXLFMX)",0.9603898794248206,no,,,10893,2.2952309520191614
6614,"Lmm(QCXLL(mLXFCXXRRLLCXLmX), qLLLqfX)",1.0531314520332618,no,,,10893,2.2952309520191614
6615,"LLLL(fqQ(MMLX),rrFFcLXcfXLLXLLXrMLCX)",1.6940490637079044,no,,,10893,2.2952309520191614
6616,LXRRLCCCCXLmLLLCXRFqXcX,1.2826686207223859,no,,,10893,2.2952309520191614
6617,RXqLLXccqLcLqXLmMcXRQXRLLFXqX,1.2421043448697184,no,,,10893,2.2952309520191614
6618,"(cRFFLX, rrFccLLLfXLLcLLXXQQmXX)",1.5058989483276868,no,,,10893,2.2952309520191614
6619,"LLL(XQlXXcLLFXrFLLQ(mMLX X), qcX)",0.9417072406652174,no,,,10893,2.2952309520191614
6620,"LFLL(rmFX,CqLLXXFLXMLMCXX,, LCrrX)",1.1828238430337836,no,,,10893,2.2952309520191614
6621,mQXLcLXLLLLmfXQcMLmFcXfXlcXLX,1.0656171323004473,no,,,10893,2.2952309520191614
6622,"(C(L(mLCCLXRLQXLLCXrFqXLrX)), rcCflX)",0.951856046926545,no,,,10893,2.2952309520191614
6623,"L(X, rcLlqLLFXRccXLLMqXFX)",0.9853171247637621,no,,,10893,2.2952309520191614
6624,"((LLrM(RQX, rmcfXLcMXLLLXRMXmLX)), )",1.6883251602477878,no,,,10893,2.2952309520191614
6625,LFXRRLCCLXCfLLXLLMXLfX,1.313229393580508,no,,,10893,2.2952309520191614
6626,"(FFLXMCqXLXCLXqXCX(R(XCLX )),)",0.8983380910627233,no,,,10893,2.2952309520191614
6627,"LL(qXFX,,QXcllfXFXRLLXrXX, rlXCXrLLXRX)",1.4880491286039343,no,,,10893,2.2952309520191614
6628,"LLmC(R(RcX), rrccfLLXLcLLXLXLXRmX)",1.6544356631830237,no,,,10893,2.2952309520191614
6629,"(, rrmfLcXrcXXXFcFXMFqFLXcXRX)",0.9379827480777607,no,,,10893,2.2952309520191614
6630,"(LL(LFqXCCqXRLXLX, qfMXFX), L(LQX))",1.1643297398778718,no,,,10893,2.2952309520191614
6631,"RRLLL(XLM((FXL(Lc(X))), XXX),  ,M(X),X)",1.9273081046471092,no,,,10893,2.2952309520191614
6632,RLQQLXcfQLXcccXLFLfXcXQMMfLXCX,1.058125975191425,no,,,10893,2.2952309520191614
6633,"LXL(qXLFCMXL(LXmCLLXMqX), XFX)",1.193975042855564,no,,,10893,2.2952309520191614
6634,"LXL(, RLQCFXLLmL(, rXR(R(MFQL(XRLX)))))",1.4389859791874802,no,,,10893,2.2952309520191614
6635,"LLXL(XLMXrLqCX(m(LQ(RQFX, L(LXLmX)))), LX)",1.3428444625598492,no,,,10893,2.2952309520191614
6636,"XrmL(CCM(qXXX, LXqCXrXX), rrXQmXCX,  , )",1.0811965139707371,no,,,10893,2.2952309520191614
6637,"LXRR(X,LFXmcLXXmXfXLcX)",1.2905502177762576,no,,,10893,2.2952309520191614
6638,"X(mLrLCQXRLLCfXXCmLXrLXC(X, ))",1.0160802799833057,no,,,10893,2.2952309520191614
6639,"XFXQLQL(X,FLM(XmL((RMF(fcXrLX), )), qFqX))",0.9879258036662976,no,,,10893,2.2952309520191614
6640,"FF(LLLmLQLXLLXrcLcccX, qX)",0.5070035527086065,no,,,10893,2.2952309520191614
6641,rFlFqLLXfcMFLLFLLmcQXcfLXXLXcMLmLX,1.295064215510299,no,,,10893,2.2952309520191614
6642,"L(CLLCX, QcCQfLXLLFCFCXLLXLlLXmX)",1.5319264100655758,no,,,10893,2.2952309520191614
6643,LCLXLLcmXrcqcmLXcFLLLLXLmLXCqLLX,1.136917008181603,no,,,10893,2.2952309520191614
6644,"(FMLLMXMqCXFLXrLCCXLLFXQXLMX, FfLFLX)",0.9068822316297539,no,,,10893,2.2952309520191614
6645,"QLXXL(,X,qmLXXCXXLFfXFLCX)",1.0206767520093578,no,,,10893,2.2952309520191614
6646,rLLXcXRfLLcXcMQMXrXXX,0.8717365250177952,no,,,10893,2.2952309520191614
6647,"L(L(rfXrLCXL(mXqCLCXX)), QFXRRRFlX)",0.8990606940158965,no,,,10893,2.2952309520191614
6648,"FcL(QMXFXLcXLXLcX,MX, CfX)",1.0405883290977007,no,,,10893,2.2952309520191614
6649,FXRXFXcLfLXRcLcLQLXrLXQLXLX,1.00917150139927,no,,,10893,2.2952309520191614
6650,"m(XrLfLcFfLXQcXXLXLcXmLXqqX, X)",0.993751948398595,no,,,10893,2.2952309520191614
6651,"LF(LXXrXfqCCmXLLLXXCX, QlfLX, )",1.1977285310634047,no,,,10893,2.2952309520191614
6652,"LXrLC(LFLXrmXXLCXMLLLLF(LX), LXm(qX), )",1.3182569237700557,no,,,10893,2.2952309520191614
6653,LXrXqccXfLLXffcXmLXRQXfMX,0.9459410041491617,no,,,10893,2.2952309520191614
6654,"rfLFXL(qXLXL(mXmLX,XCXFLX), rFX, )",1.4631517321205239,no,,,10893,2.2952309520191614
6655,"L((LX), ffMXccMqmLFLqXLLcXFXQX(L(FX)))",1.24189939909057,no,,,10893,2.2952309520191614
6656,(CcLfMcLXcLLqcqXcLXXQQfQQfXX ),1.3457383457614494,no,,,10893,2.2952309520191614
6657,"((LLLLmX), XRRLcMLFFXLXLXcLfXX)",1.0906041075284845,no,,,10893,2.2952309520191614
6658,"(LLXFLq(qqXLcM(rrLXLQXm(FX), ), , , ), , )",1.3343283050512813,no,,,10893,2.2952309520191614
6659,fL( MLCCCCQQXCXCmLXMXqXLCX),1.030514124718182,no,,,10893,2.2952309520191614
6660,"(LLFcX, rrMLmcMMcLXLLMfcLFXLrLQXLLfX)",1.3590542043938316,no,,,10893,2.2952309520191614
6661,"LL(LXqCqCCXXQXXX, MFX)",0.7968310603307602,no,,,10893,2.2952309520191614
6662,"LL(X, mLqfFXLccXrcXLcLXRcL(QCX),)",0.9634286083836531,no,,,10893,2.2952309520191614
6663,"(,, CFLLLXqcqccLmcXcmLmmMXFqXXCmFX)",1.360368321682666,no,,,10893,2.2952309520191614
6664,"mfQ(mMLLXLCXCLmXLXLqQX, cfLXX)",1.0517218786396432,no,,,10893,2.2952309520191614
6665,"FLL(LLXQX, FcqXmfXLmcX(LmLXrMqcX(LqLLLX)))",1.1053854359203168,no,,,10893,2.2952309520191614
6666,"LXLLm(LQCQXmLLCXrXRMCQXr(mQQX, cX), RLX)",1.2406011452991303,no,,,10893,2.2952309520191614
6667,"mLXRRFmM(XLcXFLXLmXLmmX(rX, ), QmfX)",1.243644809378504,no,,,10893,2.2952309520191614
6668,LQXRqmCqLLXXCLXXmXLXCXXX,0.8812352151341929,no,,,10893,2.2952309520191614
6669,"F(LFLLXqFL(MfXLXFmMCXXLXRX, fX) )",1.2797459137180127,no,,,10893,2.2952309520191614
6670,"fL(RRCXLCXLXqLXX,, RX, , )",1.5431633722039981,no,,,10893,2.2952309520191614
6671,"L(FqqXX, LLFMXXLQccmXXMXXFXXcFFX,)",0.9378743900601394,no,,,10893,2.2952309520191614
6672,RFLXrcCCCLLLXLqCFQqXLCmfXrQfLX,1.0659439779237863,no,,,10893,2.2952309520191614
6673,rrLfccLLXqcLXLMLLXXcXLMLmX,1.1667036601640337,no,,,10893,2.2952309520191614
6674,mXcLXcmqXXFXLXcmmFLXrLmXX,0.8020552375946456,no,,,10893,2.2952309520191614
6675,"(rX, RLXQcXFXLXcQMcXrLLfXRccXLFXLQX)",0.8987065003268896,no,,,10893,2.2952309520191614
6676,"rmML(CQMFQXLCfXCXRLXL(LMLX(LfX)), LCLXrfMX)",1.1688345383919616,no,,,10893,2.2952309520191614
6677,"LL(RRLLCXCLmXFXX(fLX), X)",1.4336075175167706,no,,,10893,2.2952309520191614
6678,"ML(XX, LMXMqcfcXLCXLCLLXXLX)",0.9603062878617288,no,,,10893,2.2952309520191614
6679,((CclFLccqcXRLLLLXcfQcXLLXFcmXFfX) ),0.9754210636972368,no,,,10893,2.2952309520191614
6680,"L(mmLFcX, qLcqLcXcXmXMXrrLLcCqX)",1.2396271461419368,no,,,10893,2.2952309520191614
6681,"L(QXL(FLXCCXQQXRXrfFX), FcX)",1.0402455604352454,no,,,10893,2.2952309520191614
6682,"XL(qmFXLX, rQLXRMcXMfLLcXXLXXX)",0.9650316663210722,no,,,10893,2.2952309520191614
6683,"Lf((rLcX), Fff(qXfLXccLXLXrfXqLX, MX))",1.0354578711605555,no,,,10893,2.2952309520191614
6684,"cLcc(Lcc((LX), qmXfXLXcLFqmXqF(RLXRfmcX) ,), RRFX)",1.0486378914788037,no,,,10893,2.2952309520191614
6685,rMFLXFccQXLfLXLlLXcXLQLX,1.060206998497136,no,,,10893,2.2952309520191614
6686,"(MX, LMLLfXqMqLcLXmFcXLLXXMcXLLX(X))",1.13310039053302,no,,,10893,2.2952309520191614
6687,"cLXfLL(,RRCXCLLLLLCXLX(cX))",1.3788243157320772,no,,,10893,2.2952309520191614
6688,"LLXF(flL((LXLCfXfCFqXXXCLXFX)), X)",0.9086978129360063,no,,,10893,2.2952309520191614
6689,"L(rfcLfcMLX, cFMqcLqcXcMX(qqXXrCFX))",1.1456767458876858,no,,,10893,2.2952309520191614
6690,"L(CC(L(LcX, rrMFFFccMLXLFcMXLXFXmX)))",1.553409433703408,no,,,10893,2.2952309520191614
6691,RLfMXLQMXQCqqCLFXXLLMCCXLXrX,0.9367746390748091,no,,,10893,2.2952309520191614
6692,"L(,qccqXLLcXfLXXlX, (X, X, ))",1.3170634803498589,no,,,10893,2.2952309520191614
6693,"LXMLF(LqL((RcQMXFXcLLXLLX, X, X)))",1.32851986486183,no,,,10893,2.2952309520191614
6694,"(,LFLLX((f(X)), XrFLXCCqXXLLRX))",1.1733954361683239,no,,,10893,2.2952309520191614
6695,"LFLfm(,(RMQFX(McQQ(,CLmqXmLMLXMQXRFQX))), X)",1.819541500296348,no,,,10893,2.2952309520191614
6696,"LX(qLXL(FXQX), cQXmXLL(LXLF(qXQFX, rCX)))",1.249591328640643,no,,,10893,2.2952309520191614
6697,"MLXML(FQXX(LCCMXLXLfQXX), LqLqX)",0.9933032216068673,no,,,10893,2.2952309520191614
6698,mfmcLX rLfqcfFfXcFXLXlLXcfXLXMFLMFqLX,1.2125755549045507,no,,,10893,2.2952309520191614
6699,"XXQQXLF(LXqL(LX, X, XXX), XmcLXFXLXLLXX)",1.2562806196386502,no,,,10893,2.2952309520191614
6700,mFCXCMmLXQLmmLmLMCQXFCXXRQXRLMX,1.024717043787464,no,,,10893,2.2952309520191614
6701,"q(M(, FL(XXLCLXmCXLfX), rFqXFfLLQXcX))",0.7936247560280101,no,,,10893,2.2952309520191614
6702,(XXLCXCqXLLLXXXFmLXLXCqXCXX),0.9930442270664318,no,,,10893,2.2952309520191614
6703,LLXMqcqmcccLXLMMmcXFLLXLLX,1.2042459959589014,no,,,10893,2.2952309520191614
6704,"MMQqXF(FLXrLCXmLXCLXQQLX, LFX)",1.1781854686824642,no,,,10893,2.2952309520191614
6705,"CCL(,,,,,QLXLCXXmQXX,qXXX)",1.0832803520116863,no,,,10893,2.2952309520191614
6706,"(RMcQmXrMcLXRFLXX, QLmXLMmXFX, mXQfXLcFX)",1.26492176031678,no,,,10893,2.2952309520191614
6707,"XLL(QXXM(FX, ,X), X(LcqX(CCXMLLLX(X))))",0.9576144257921193,no,,,10893,2.2952309520191614
6708,CLLXRRFmCCLXfMLmCXLLXcqLfX,1.2926406837083935,no,,,10893,2.2952309520191614
6709,"FXLLXLLLQL(,,RcMcXQcqfXLLXMX,X,, FX)",0.9535849824357471,no,,,10893,2.2952309520191614
6710,"l((LrLLXLQccXFXcfX(LXLFffX), , LCMFLX))",1.1041030750146559,no,,,10893,2.2952309520191614
6711,"LXL(RRfmFX(XcXLXRLLqLXc(, LX, )), X)",1.586869764971704,no,,,10893,2.2952309520191614
6712,XRXqCLLCX LMXCXXLX,1.03253441062655,no,,,10893,2.2952309520191614
6713,"(cL(FX), qLLLLCmXXCFXFXrmmXFLL(,X),)",0.988220076971352,no,,,10893,2.2952309520191614
6714,"L(QmLCqX, FLXqXrMCCXMRFXLLqL(L(qMfX)), qX)",1.0162523183798446,no,,,10893,2.2952309520191614
6715,"L((QqXmfL(rMXFcMfcXLXqXQX), cFLX))",0.9749568050238224,no,,,10893,2.2952309520191614
6716,MLcXXlcqfXLXLXcXlLqLXfLX,0.7181329564277319,no,,,10893,2.2952309520191614
6717,"qLLM(,LX, LmqXLLcccXrrmMXFFXQCFX)",1.5514819651170255,no,,,10893,2.2952309520191614
6718,"rfL(,,, , XccQXLXXLcXrLmLCcLX)",1.0946444083115325,no,,,10893,2.2952309520191614
6719,"LL(X, cLLQXXLX(RLLLLLLX, ))",0.8352765716173449,no,,,10893,2.2952309520191614
6720,"mLL(RRCLMFXCLXLCXr((rLmqqXQX, )), rFX)",1.612383265521588,no,,,10893,2.2952309520191614
6721,"LL(rqXrL(LLXfmXXfqX, QX), c(qLCcX))",2.0117289397716407,no,,,10893,2.2952309520191614
6722,"L(qXLXcFXFLLLLcMXrrLFLLX, QX)",0.8020245945793499,no,,,10893,2.2952309520191614
6723,"(FLLLXCLCLQQXLCLXMLLXXcLX, rLMX)",1.4928613249445648,no,,,10893,2.2952309520191614
6724,"mMML(, Qc(LXXLcXXX, cXRXX), qFLqfLX, )",1.1330720643619863,no,,,10893,2.2952309520191614
6725,"LLL(r(rLcX), LqccqXcFLXRXmLqXrX)",1.4324841037204536,no,,,10893,2.2952309520191614
6726,"(fRMCmLmQLXrLmLCCLXRRMLLXLLX, LMX)",1.3597363392261534,no,,,10893,2.2952309520191614
6727,"f( , cfQXfMXLLXqCCLCXLXCLXLXQLX)",1.0073481421814654,no,,,10893,2.2952309520191614
6728,"rLLC(rCmCXLmXLXLQX,LXLXRLX, LXqMXLX)",1.6582057129722256,no,,,10893,2.2952309520191614
6729,"LLXL(FX,mqXXCLMMXXRLXFX)",1.122703511985344,no,,,10893,2.2952309520191614
6730,"LXrmqFLL(L(fXLL(RXRX, RCqX)), X)",1.3662145480034618,no,,,10893,2.2952309520191614
6731,qmLXfXFcLQcLMXMcLXLmXXXqX,0.8989720595640647,no,,,10893,2.2952309520191614
6732,LLmXXMQcXfXRLLLMmccXcFXXRCcLcX X,0.9669733186941356,no,,,10893,2.2952309520191614
6733,"cLL(L(c(L(RXlQcFXXLLLX), RX), rLX), )",1.157992428262818,no,,,10893,2.2952309520191614
6734,"CCLLqC(XlmqXLXX, XLXLX, XrCCXrLLLqX)",1.5800644857408683,no,,,10893,2.2952309520191614
6735,"LL(, RXRFmCXFFLCXfLXrX, LXmX)",0.8791300627184774,no,,,10893,2.2952309520191614
6736,"LL(qLLcfqcX(cMXXXqr(rX)), , QX)",1.172005555756079,no,,,10893,2.2952309520191614
6737,"LL((LXCLqfXXmXLMLLCXfFX), FX)",1.1634797458663804,no,,,10893,2.2952309520191614
6738,FXmqQXcLXXQcLLXccQcLXXrqCmfX,0.8237978482710254,no,,,10893,2.2952309520191614
6739,"X(LL(mXFX), QLXXlcF(LXXMXLmX), )",0.9892785986270557,no,,,10893,2.2952309520191614
6740,MXrcLXrLLcXrcXLXXLX RmfcLqX,1.1445672600279426,no,,,10893,2.2952309520191614
6741,"LXL(mCLqXCCmqXLLXqFX, RF(f(qMX, ), rFLX))",1.1366907342291965,no,,,10893,2.2952309520191614
6742,"MMX(RRLXLLcXcXFXX, X)",0.9774230747060038,no,,,10893,2.2952309520191614
6743,L(QXLXRLfCfCLMXCLLXMXXLLXCMMX),1.1855858159712716,no,,,10893,2.2952309520191614
6744,"rLFXMf(CqMqLLL(XCmX((QXFXRQQfX)), ), rfX)",0.9995212747266512,no,,,10893,2.2952309520191614
6745,"LLL(FLQQfCfCCXCLXRLQLLXMX, mLLX)",1.236937028722049,no,,,10893,2.2952309520191614
6746,"LFXLm(rXmLXrCCLXMqLXQLLm(X), MX)",1.1617313821169541,no,,,10893,2.2952309520191614
6747,"LLFf(LL(XqlLmXCXrLmLCXLLX, ), rrfX, X)",1.2886264334256248,no,,,10893,2.2952309520191614
6748,"lCL(X,MQMCLXL(XCLQMQLLMCLXRXLLX), LLQX)",1.0507928999908167,no,,,10893,2.2952309520191614
6749,"Ll(RLLFQXLCCXRfMXLLcXX, ,, cFLXX,,)",1.3858726081530188,no,,,10893,2.2952309520191614
6750,"LM(RRmLCLfXLCXLXFLLXML(rrLX ), X)",1.6496734400242443,yes,B6,17,10893,2.2952309520191614
6751,"rL(, rLmFXL((MMfXCLXcmXLX), rXMqX), RLLXmmqX)",1.5441572178760161,no,,,10893,2.2952309520191614
6752,"LLF(, qFMMfXLXCXLXXFLX, XX)",1.2428914916460116,no,,,10893,2.2952309520191614
6753,"FLL(LXCQqXqXCXQLXX, MLX)",1.1324143415670194,no,,,10893,2.2952309520191614
6754,(CXRCCLXRCQCCXrLLXLXCXFLLLFX),1.0783540189175667,no,,,10893,2.2952309520191614
6755,"RcLXmL(MQLX, RFcXfLXL(RcXcX))",0.9359836047170765,no,,,10893,2.2952309520191614
6756,LRqmXXfCXLXXLqLCmqCXmCXLX,1.059043213056267,no,,,10893,2.2952309520191614
6757,"(XX, MLLLQXXLLccXX(RRX), )",0.9673390397257348,no,,,10893,2.2952309520191614
6758,qLLcXLcLFFXRLLQMcXFcLLlXLfXRqMQLX,0.9348484632809243,no,,,10893,2.2952309520191614
6759,MQmLLCCXrLCqMmLCXfXLXXRLcMfCLFmCCcLCX,1.1823935002601833,no,,,10893,2.2952309520191614
6760,"LCQL(RMFLXfCXFqqXrXX,RmXCCLX)",1.1509865180063683,no,,,10893,2.2952309520191614
6761,"XRLLC(LLXRfXCXLX,LXRCFFCLLXfQXXX)",0.977520149642697,no,,,10893,2.2952309520191614
6762,"XL(LqLFXffXCFqXMQXL(RFXXX), RX(mX), )",1.1205157871983262,no,,,10893,2.2952309520191614
6763,"F(LLrrXClXXLXrLX, LXLCX, XfX)",1.3466229257633044,no,,,10893,2.2952309520191614
6764,"((rMqMXfMQMLcXLcXXMlfLLMLXRccLLcXFLX), )",0.9675517003027875,no,,,10893,2.2952309520191614
6765,"RRLXLF(mLX,  rrMXLCXMCXLXFLX)",1.468270894356863,no,,,10893,2.2952309520191614
6766,"L(L(QRLCXqL(, LXQQXXX), ), mX,)",1.5169010378980563,no,,,10893,2.2952309520191614
6767,"LXF(qXL(XCXFFLmXMFXRMX),  X)",1.0109702928632196,no,,,10893,2.2952309520191614
6768,"m(M(FLXLCCQXXRCLLLXCXcX), RLLLFX)",0.8967366223371215,no,,,10893,2.2952309520191614
6769,"F(LXLCmLXLX, rrLLXCFXCLLXLLLX)",1.0818944729503774,no,,,10893,2.2952309520191614
6770,"(,mLLFccXrrLLFmccfMXLLXLfcXmXX )",1.2480487830082474,no,,,10893,2.2952309520191614
6771,mXQFLXqCLXXXXCXrLMXLXLCX,1.1579283223213885,no,,,10893,2.2952309520191614
6772,"RLLCM(XC(mQLmCXXCfXLLXX),  (QQX, ))",1.0047015071332914,no,,,10893,2.2952309520191614
6773,"mLL(QCmXMMX(X((rLX, ), FmXL(LQXqX))), fLMLFX)",0.999769217635158,no,,,10893,2.2952309520191614
6774,"MXRmL(((MCfFX)), RFLLLXCCLLXLfXfXMcX)",1.3427515369726468,no,,,10893,2.2952309520191614
6775,"XXmL(qLLX(rfCCFXQX(MXqX)), XCX)",0.9575122728466587,no,,,10893,2.2952309520191614
6776,RRLXMQCCXFLLLLXLCXXLX,1.0741165037233933,no,,,10893,2.2952309520191614
6777,"LCMXFLL(LXlM(qqXCMFCCLLXLX), mmX)",1.0443238380444184,no,,,10893,2.2952309520191614
6778,"LM(MLXLX, RRFcXLXLFXcXrMXX)",1.0015181946350291,no,,,10893,2.2952309520191614
6779,"(lCCLLLXCqXLLLXFLLLXMCXQX, , XMX)",0.9223624592168493,no,,,10893,2.2952309520191614
6780,"(((LF(frrLCXLXMX(FCXLX),  (qQLXFQQqX))), X))",0.9229984341584095,no,,,10893,2.2952309520191614
6781,"RLMML(F(MCqX), fFXRFXLcFFXMfXcLfMX)",1.0139713508909198,no,,,10893,2.2952309520191614
6782,m(mFXRMLLQXrCXCqLFXfXCX(R(Lm(fXRX)))),1.0155798667898186,no,,,10893,2.2952309520191614
6783,"MLL(mqqXLLcLcXLfXrLXCX, cXLrQ(LfX))",1.46949176587423,no,,,10893,2.2952309520191614
6784,"m(RL(, , RLXXmXccLcLMXLLMLQX, ), RqLmqX)",1.1959933673136196,no,,,10893,2.2952309520191614
6785,rLmCXQCQMXmCFlMLLXqQCfXmLXMqX,0.9058634897658079,no,,,10893,2.2952309520191614
6786,"LXf(QQLLQXrLCXLCLX(XrmX), X, )",1.1380598853055686,no,,,10893,2.2952309520191614
6787,"Mc(RXX,LLcFlqXLXMcXLLfXMLX,)",0.8382781452687322,yes,B3,6,10893,2.2952309520191614
6788,LccqLLqXcXFXLLLXMcLLXLX,1.1563655263126205,no,,,10893,2.2952309520191614
6789,"LXFm(LqXXCLFXMmXLLRfXXX, rXFX)",1.4672282839188162,no,,,10893,2.2952309520191614
6790,"RmLLL(X,RFfCXLCXMLLXMFXFX,, ,,)",1.6535351468294797,no,,,10893,2.2952309520191614
6791,rrfMLmFmLLXrCcmccLmcXrLcX(RLXfXL(FX)),1.0954027933689812,no,,,10893,2.2952309520191614
6792,"rLL(QFLmMMQXfQCLLCLXfm(,RLQXRXLXRqFLX), (Q(fX)))",1.5066697108115565,no,,,10893,2.2952309520191614
6793,"L(FFLX, QfCfLXCLQXLCLXMXlClXlXLqLLX)",1.119077577787571,no,,,10893,2.2952309520191614
6794,"(F(ML((rqcX), qXMXCXllLLXLXlMLX, )), FXX)",1.2320207843750661,no,,,10893,2.2952309520191614
6795,"LXXRMQLL(FmLXfX,cXrcLFX LXXrfLX)",0.9870503744717242,no,,,10893,2.2952309520191614
6796,"LmLmLXLfLM(rqXrQcLLcXQfXQXLMM(X),,)",1.515362046500524,no,,,10893,2.2952309520191614
6797,"(XLL(CLQLXFX(cLXRXLXmQFX, ), MLFXFXmmX), X)",1.1199200294259337,no,,,10893,2.2952309520191614
6798,L(cXLLCQCQXrLCqLLCXLLXCXLXf(qFX)),1.1632586862336678,no,,,10893,2.2952309520191614
6799,"Lc(, RX, rrLLmXMcXLMLXXRcQX)",1.4277222881370626,no,,,10893,2.2952309520191614
6800,"(XLLX(QLXcmX, RRCcLFXFcFLXFXXX) )",1.1892241333001052,no,,,10893,2.2952309520191614
6801,L(MMQMXCLLLXRCCXQfXqMFfmXqCmQXFFLmX),0.969483992145852,no,,,10893,2.2952309520191614
6802,"LXLLL(XmmmF(mX), fQcQQXrccXLXLQX)",0.9419254549361818,no,,,10893,2.2952309520191614
6803,"LL(LFmXMX, RqmcqXl(LFXfcmfLmXLLLXcfXqX))",0.962844326461486,no,,,10893,2.2952309520191614
6804,"ML(LXCFqX(XLLCXfXrqFX), XX)",1.0632459790724844,yes,B4,11,10893,2.2952309520191614
6805,"MLLFL(MqXXCXXLQXqLX, mX,)",1.314189690520346,no,,,10893,2.2952309520191614
6806,"L(,rqLX, FmqXLMXccfMXLXqXX)",1.005610868012697,no,,,10893,2.2952309520191614
6807,"rLLC(X, rLXcmcmXLLXRLXfmX,,)",1.513109695769991,no,,,10893,2.2952309520191614
6808,LXRLqLcXrLcLMXcXLLXMqXLFX,1.201068825685401,no,,,10893,2.2952309520191614
6809,rFmLLX RMcQcXXXLLLFXX,0.6468148394801058,no,,,10893,2.2952309520191614
6810,"L(CQQLLXL((CCFfXFLFXcCX)), LX)",1.1486976794430774,no,,,10893,2.2952309520191614
6811,"L(cX, LX, , LFLXQccXXQcLLXLX)",1.0533611971533758,no,,,10893,2.2952309520191614
6812,"LLXL(qXfqfCMXLL((RLXRLCXFqX)), Q((fXFq(X))))",1.1597191533451676,no,,,10893,2.2952309520191614
6813,FfLLXccLFfcXRRLmcmcXLLcLFXLXLX,1.0622840390258759,no,,,10893,2.2952309520191614
6814,"XLXrLqLmf(LX(FXrllX, (XrLmfXLX, ), LX), fX)",1.3996787433589313,no,,,10893,2.2952309520191614
6815,"(X, RfLFXQcXXLLLcXRcLXLLLcFXqLXlX)",1.0366638447361856,no,,,10893,2.2952309520191614
6816,"L(LFXrXLXL(CLqXLLCXL(LXRCLFX)), X)",1.1028482465809843,no,,,10893,2.2952309520191614
6817,"rLLFLXL(L(LmMCqLLXXLC(RQXFLFFLX), L(LX)))",1.1294871953026488,no,,,10893,2.2952309520191614
6818,"(X, LqLmcLXcQXLXcFlQXLXrqlFMMLXLLmQX)",1.07353425053183,no,,,10893,2.2952309520191614
6819,"L(QXXmM(QXLQ(qX),LmXLCX), MXqX)",0.7491606215840027,no,,,10893,2.2952309520191614
6820,"((L(RLLL(CmLQMLXQfCCqmXLXcXLX, , mX,))), )",1.4986066991014888,no,,,10893,2.2952309520191614
6821,"L(RFM(FFCX, RLLFXmXfMXLmmccLXX))",0.911050177739589,no,,,10893,2.2952309520191614
6822,"(RcXRLX(LXlXfFLX, ), qXrmmX, XCXX)",0.8800609531921209,no,,,10893,2.2952309520191614
6823,"LLqf(Fq((L(cXLQcQLXLXcXLMXRqLMLX)), , ), qmX)",1.1216949729139216,no,,,10893,2.2952309520191614
6824,"LLXM(mLLXLFF((rqXQ(, , cX, LmLLXX))), qX)",1.273662882259585,no,,,10893,2.2952309520191614
6825,LLfXXrLFcXrFFcfLXrMFcXFmXrqLXX,0.9442187921250854,no,,,10893,2.2952309520191614
6826,"qXFLLmX(mXqCXLCXLLQ(QXX), LXCMLX)",1.37865649388044,no,,,10893,2.2952309520191614
6827,"Lf(rLCLLX, qXLXLfcLcXq(qFXXX))",1.2935793145473982,no,,,10893,2.2952309520191614
6828,"(, FmQ(LFLXLCCXLXR(RRmXX),RmXrMcLX, MQmfX,))",1.1779946693341292,no,,,10893,2.2952309520191614
6829,CMCFXmmMQLQXCLXCXLXCXfX,0.8295947422096648,no,,,10893,2.2952309520191614
6830,"L(f(L(mQX, qqLMXcLLccXLXcCXX,  ) ))",1.4513800736092293,no,,,10893,2.2952309520191614
6831,LCMXQlLCmXCXLfXRLMmCXCLLmQqMFXqcX,0.9275140257871457,no,,,10893,2.2952309520191614
6832,"(LLFFFmXRLX, RRcXXmXXLXFcXX)",0.8318801226423759,no,,,10893,2.2952309520191614
6833,"L(r(rCLLLfXMfXFXfXrCLCLLX), LX)",1.032934108792966,no,,,10893,2.2952309520191614
6834,"(XQL((qcqCLLXCCFXLfXQMLXLCfX), LXRLX), rX)",1.1298328546127305,no,,,10893,2.2952309520191614
6835,"rmcLXQMcLXRXLL(M(LLQX), CX)",0.8549103328974909,no,,,10893,2.2952309520191614
6836,"RLLQ(fXLXcXX, LXCCfMXRRRLXXMfFLX)",1.162255340519416,no,,,10893,2.2952309520191614
6837,"Mq(rXLCfLXFX, LMXQLLqX, fXFfXfLqCXM(RFLCX))",1.028379853585791,no,,,10893,2.2952309520191614
6838,"F(rmrFMX(LL(LLfLcXMCXfqffX), ), LX, )",1.333115354320117,no,,,10893,2.2952309520191614
6839,"LLLX(XXRQXR(rFFXLLXFX(rFX), , RRLMX),  LFX)",1.5620541430914539,no,,,10893,2.2952309520191614
6840,"LF(LQXLCXCLLLXXRLRQX, QQXMqcXFX)",1.1065190075395417,no,,,10893,2.2952309520191614
6841,"LQL(cX, XXcFLXXLXFLX, XLX)",1.244859682711268,yes,B5,22,10893,2.2952309520191614
6842,"cL(((L(RRmCCXLLCXLFXfX(cLX)), MFLCX)))",1.7079118901425845,no,,,10893,2.2952309520191614
6843,"LL(RRLmLLXfQ(FX, rfXmLLXf(qX)), mQfffX, )",1.488923445139306,no,,,10893,2.2952309520191614
6844,"LLc(m(QXXXLFLcXMLMX), QXqfX, LX)",1.2351905048588128,no,,,10893,2.2952309520191614
6845,"((L(X(MCCqXLXmLXCX(rFFX)), XQFX, )))",0.9423579260916002,no,,,10893,2.2952309520191614
6846,LXRQXrFCCLXqlXmXCXQX X,0.8198606870831474,no,,,10893,2.2952309520191614
6847,"L(, QmmXMX, XQXXLMcXMFXXX)",0.893726417796199,no,,,10893,2.2952309520191614
6848,"L(MLrmXFFqLXCXRRFXLLX, X, )",0.8937391807909894,no,,,10893,2.2952309520191614
6849,mLFLXfCLFXCqXfXLLXCLmXqX,1.034635477991769,no,,,10893,2.2952309520191614
6850,"c(cfL(X), ,LXcXQMcMXFXm(LLXLcLXcfX), RXX)",0.9354138071478842,no,,,10893,2.2952309520191614
6851,"mLLXLF(X, rXrcXrLLMcXfQL(LLXLmX), )",1.0829608780113449,no,,,10893,2.2952309520191614
6852,"FL(cMLqCXFXccLLXXmMqcXX, RqqLMfXMqX)",0.9159180125531254,no,,,10893,2.2952309520191614
6853,"cMcXFLL(RRmFXLL(ccLLXRLX), RQfLXrcX, RXFX)",1.3033699096608664,no,,,10893,2.2952309520191614
6854,rLccXmcMqFXMXrqcLQMXLLMXLX,0.9185186414955869,no,,,10893,2.2952309520191614
6855,"CLX(LcqCXXCLXLXFLFL(QX), (XX))",1.4699157160897336,no,,,10893,2.2952309520191614
6856,"LLL(X, RRcfXXXLFLXFcXm(RFFQX))",1.0094601631082714,no,,,10893,2.2952309520191614
6857,"LLFLXLMXm(LQXRLLccLcXrLXcLX, )",1.1690556293525576,no,,,10893,2.2952309520191614
6858,"MffFXML(rLXLXrqCCXLmQLXLLX, fFX)",1.1324603637849024,no,,,10893,2.2952309520191614
6859,"FLL(X,qFqLXMfM(rcLXqMFXLqXLX,), )",1.5487421313144099,no,,,10893,2.2952309520191614
6860,M(qcqLccLMXFF(cXMXmXL(XL(LcLX)))),0.9968313961658493,no,,,10893,2.2952309520191614
6861,"FcLfL(RXX, RXXfX, RRX(LXLX,QX))",1.3739538744690951,no,,,10893,2.2952309520191614
6862,"fFX(m(CqXLXLCX(XQQX)), (LXfLmXf(LCXrX)))",1.0532224278746483,no,,,10893,2.2952309520191614
6863,"Lm(LmX(MQXXccccccLLLqX),rFX)",0.5949134526553808,no,,,10893,2.2952309520191614
6864,LXLXMQXcqLXrcXcFLFXrXrqXX,0.8982968805397761,no,,,10893,2.2952309520191614
6865,"L(, LLQXLXCCLXRRmXLLXcqFX, LXqX)",1.1990321368358303,no,,,10893,2.2952309520191614
6866,"(MLFFCLLqXXLLXCLXLmX, rLX(CX))",1.0873033450513494,no,,,10893,2.2952309520191614
6867,"((M((LLCQLXmcXXrL(LcLLLccX)))), LLX)",0.8784562241123657,no,,,10893,2.2952309520191614
6868,"RfLFcfL(FXQLX, LLXLcQXmMXmXrmLLcX)",1.2035941499693488,no,,,10893,2.2952309520191614
6869,"(, RCfCLLXXqqX(LLCXRLLfqFCXX))",0.8560608246344557,yes,B3,14,10893,2.2952309520191614
6870,"(,,(QQQXLQ(L(XXLX, XRq(q(X), ), FX)), XLcMLX))",1.210476407255885,no,,,10893,2.2952309520191614
6871,"LXL(XLXcXFX,RRLLLMcLcLXLXMFXrXLMLX)",1.1437460615656976,no,,,10893,2.2952309520191614
6872,"L(L(CfQLCL(QLXCXLLLfX(rLX))), fLX)",1.1583043370802726,no,,,10893,2.2952309520191614
6873,"(LL(,fX, rFXqcqcccXFLFLXrLFXX), )",1.3657002707505328,no,,,10893,2.2952309520191614
6874,McLXrccMcFXqLfXLccXrMqLXFX,1.0110322186911496,no,,,10893,2.2952309520191614
6875,"L((rMXcqcXLXXcXmFqXXcX), X)",0.8585043685168826,no,,,10893,2.2952309520191614
6876,"LXLCCL(qqMXmCCXLLLX,X)",0.9581031239797414,no,,,10893,2.2952309520191614
6877,"LFML(XRLXcLQcXXLmLLX, XLX, X)",1.22800194127154,no,,,10893,2.2952309520191614
6878,LX RLXQCXCLLfXLXCMMXLmmffFXRX,1.0807963246982861,no,,,10893,2.2952309520191614
6879,RLmX FLXLcqcXLFXrccLLXXXX,1.074263997848915,no,,,10893,2.2952309520191614
6880,"fMLL((rLX), cqXcXmLXr(cfMXmLMXRLlX))",0.9098609237636066,no,,,10893,2.2952309520191614
6881,"(LFX, XXXQXcFfLXXLXRcXX)",0.8262512694070899,no,,,10893,2.2952309520191614
6882,"c(FXRCqLLccXfL(XRcQXcLXfLFXXLX), RLFX)",0.9431124353678433,no,,,10893,2.2952309520191614
6883,"L(LX, FXCXRRcccFLLcXmXmXRLX,)",1.0329049779223614,no,,,10893,2.2952309520191614
6884,"(mLLXX, LMFqcXLMXL(cLXXrcmLLXRQ(X)))",1.067239350273243,no,,,10893,2.2952309520191614
6885,LFlLmXFClLLmXrMLLCXrffCXFXCLLFX,0.9133877192031056,no,,,10893,2.2952309520191614
6886,"LLf(F(RMX), LLX, rq(CmmLX(cXRLLqQCXX, (LLLX))))",1.6475296463300848,no,,,10893,2.2952309520191614
6887,"L(cqCfQXLmQLXmLCCXMfQLXfQX, rqLfX)",0.9822209878157804,no,,,10893,2.2952309520191614
6888,"F(, ,L ccqqLcXcXXXcLXqfmLX)",1.0292809272105776,no,,,10893,2.2952309520191614
6889,"LmFX(qLLMX, , RcXmMFXc(RRccclXLLLX))",0.9365697652185223,no,,,10893,2.2952309520191614
6890,LXFqqmXRLccfccLQMmLXfXlXLXrXQLX,1.0623609603311999,no,,,10893,2.2952309520191614
6891,"XmfcLXmF(q(RqqqQQMlcXcLccLLLcX, FLX), LFFX)",0.7851546021145782,no,,,10893,2.2952309520191614
6892,"LFLXmLM(RLFf(FL(QXrLL((LLfcX, mFLXLLfqfX))), X))",1.4804959932090473,no,,,10893,2.2952309520191614
6893,"rMLm(LM(rX, mfX), , rXLL(XLFXLXLX, rLX))",2.010699200834979,yes,B6,8,10893,2.2952309520191614
6894,"lL(f(MXLqlLCLXF(LXCXL(CLLLX))), MX)",0.9670854195106813,no,,,10893,2.2952309520191614
6895,"LLfFc(XqX, fcQLFXL(XLXLmMMXcLXLX))",1.3433338821239107,no,,,10893,2.2952309520191614
6896,"RL(LLCfQXCXrLLLqXRQX, LX(RFMLCCXRQCLXXX))",1.426482940420495,no,,,10893,2.2952309520191614
6897,FXLLLLfXffCLXrLFLmCqLCXFLFmmFXRLLXRQXRRFQmLX,1.0585077286973246,no,,,10893,2.2952309520191614
6898,"cL(,rLfqXFLmL(M((mLLcLQXM(rccLQXXlXrXX)))))",0.986302267856679,no,,,10893,2.2952309520191614
6899,LXFCXRLXmRLCXRCFXXRRXqX,0.9143584841956103,no,,,10893,2.2952309520191614
6900,"LqcLL(LqFMFXLL(f(XLXqcXFLX, )), cqXMLMcMXXfX)",1.657487104495896,no,,,10893,2.2952309520191614
6901,(qXLXrLfcMLccffLFFXXfXfcLXQXRQqX ),1.2543285934675767,no,,,10893,2.2952309520191614
6902,"FL((, LLLm(, X, XQXXcFXLLXqXX), , , ), X)",1.290239914654973,no,,,10893,2.2952309520191614
6903,"mmXLLL(qX,fXXRRlMcLX(FcLLMMXLfXmX))",1.1473962789532988,no,,,10893,2.2952309520191614
6904,LLCXRRLLLCXCmmXLfXqQLqLX,1.0905719919940906,no,,,10893,2.2952309520191614
6905,"RL(LX,, RcFXlXXLXfcXRLFX, rX)",1.1579005123982427,no,,,10893,2.2952309520191614
6906,"F(LLRRcXLXlL(rMLfXrLFX, ), LCLCX(CXLmX))",1.1799055035851924,no,,,10893,2.2952309520191614
6907,"F(qXLLXXmCXXXrLXm(XX, RRLmLXFLX), )",1.380521981899471,no,,,10893,2.2952309520191614
6908,"FLX(L(QFmLXFXcXLFLLFMMXXLQX), RRX)",1.4269589358113872,no,,,10893,2.2952309520191614
6909,"Lc(,MqqXcfXcLLXLXfcQLXQLQLQX)",1.1887201680884232,no,,,10893,2.2952309520191614
6910,rmXLmXQCCXLfFXCXRfLmLLmLXFXCLLfXX,1.029274955015817,no,,,10893,2.2952309520191614
6911,"RcMLcQ(LXCCLCLLLLLXLFLX, rLcX)",0.8377756181366088,no,,,10893,2.2952309520191614
6912,"MLLLL((LLX),rrMcLfXcfXLLLLLXmmXRmCfX)",1.6637693662113,no,,,10893,2.2952309520191614
6913,LLXRCCMQLmXrMLLCLLMmCMXRMMMLXrX,1.2197790041486238,no,,,10893,2.2952309520191614
6914,"qXLLL(RQXfLLLCCXMXXFX, X)",1.2536833626912975,no,,,10893,2.2952309520191614
6915,"LL(qqFMXrL(FXX, , LXCX), RLXqL(FXX), QXcqLX)",1.3854952141077441,no,,,10893,2.2952309520191614
6916,CCfXLLLLMXRLLQCLmCXCLmXQLXLLcX,1.0308625738975903,no,,,10893,2.2952309520191614
6917,"LLf(q(rX), rrcmmLXcLMXLMLLXLMRXX)",1.7305342431403439,no,,,10893,2.2952309520191614
6918,"LLLFLX(L(rfcXLqcLXmcLLcLXrmXLmX , ))",1.087821793401014,no,,,10893,2.2952309520191614
6919,"RLMLL(RFX, FLFfQXCLCQLLMqLXRRLLQLXRRX)",1.416659445545873,no,,,10893,2.2952309520191614
6920,LLcXMXrrLcccXLLXLLXcLXrfLFQX,1.2783645356647166,no,,,10893,2.2952309520191614
6921,"FFfmLL(rFLCmqLXLLL(F(CLXLLX, mXLLX,X), FX), QfqX)",1.4550748700871372,no,,,10893,2.2952309520191614
6922,"L(LLX, rrLcLXcXFLXLQLMqXCLqX)",1.5770704745777646,no,,,10893,2.2952309520191614
6923,C(CLLLXf(RRLCLCMLMLXLCXRL(LQ(RRRFXX)) )),1.2801939167186138,no,,,10893,2.2952309520191614
6924,"((lLfXF(, RRLCLLXLf(, LLLLLXL(LXRcX)))), )",1.5099149905535938,no,,,10893,2.2952309520191614
6925,"LFML(cclMQmCXLLLMXCLCXfQLLXmXX, fmXmX)",1.1459083409536293,no,,,10893,2.2952309520191614
6926,"LLL(f(RRCXCfXLLLXQLFXcX),(LX))",1.6256051530148206,no,,,10893,2.2952309520191614
6927,"L(MCMLX(rrCLCCmCfXFMXLLMFXrLFX, , , ), mfX)",1.3004144393318897,no,,,10893,2.2952309520191614
6928,XLLLCXRCCQXrmLCXRQXFXcX,1.1555955374984566,yes,B4,23,10893,2.2952309520191614
6929,"(MLXMqFXMLCXffXFXMLXqXLCXRCFXfXfX, cXCX)",0.9913488933920905,no,,,10893,2.2952309520191614
6930,"LLFXfL(LQX(cXL(qmX)), fcfLQXLXFccLQXL(m((LLX))))",1.269067160458126,no,,,10893,2.2952309520191614
6931,"Fc(F(LLLQMXrMQX), lqcXLLXcMXLXXLLqMQLMX)",1.076909937333946,no,,,10893,2.2952309520191614
6932,RCLLLLQLLXRCCXXFFmXLFXqfCXfX,1.1263426231782845,no,,,10893,2.2952309520191614
6933,"L(L(((RRCXLL(, LFLLLfXLLLXr(FX)))), X))",1.4690670642332122,no,,,10893,2.2952309520191614
6934,"mfmXLLL(LX, XrcXrcmMLXLLXfQfqXFqcLXcFLX)",0.8850138867758617,no,,,10893,2.2952309520191614
6935,"RLL(RLLLXrrLQ(, , FLXQmXRLLXM(LX)), LX, )",2.000466101994934,no,,,10893,2.2952309520191614
6936,"LCCLC((CX), RfQfMLLCXmLmLLCXrrLLQXfX,  , )",1.2398368620909856,no,,,10893,2.2952309520191614
6937,"LL(,rccqXMLcXXLXcXqmmXLLXcXRcXrrLXX )",1.2978965071961934,no,,,10893,2.2952309520191614
6938,CmCXCLfX RRFLFCXFCXcCXLXcMmX,1.1253155563051624,no,,,10893,2.2952309520191614
6939,LFcXLmmfFqLLccqXcqcLLLLXfXRLLX,1.2073685422256046,no,,,10893,2.2952309520191614
6940,"LLL(rrLCLX(L(rFmXXQmLX, X), X), X)",1.3654468300568872,no,,,10893,2.2952309520191614
6941,"(LXRLLcFXccQXfLXX, QXcX, rrLrLLX)",1.0786063018259817,no,,,10893,2.2952309520191614
6942,"(rLQM(RQLXLF(RXL(FM(cQQX), CLX), XXLLFX)), , )",1.2842943202621446,no,,,10893,2.2952309520191614
6943,"fffFLXmLmLLL(QXLXcXFLXLFXqX, rCQLfFcX)",1.3533978481746887,no,,,10893,2.2952309520191614
6944,"L(rLqFCXccLcLLLXL(LLLXRCX), LMX)",1.3493077458856184,no,,,10893,2.2952309520191614
6945,"(RqLLLX, ((CQXLL(LXCLXLfLLLXmLX), rLMLLMLMX)))",0.9246508766449071,no,,,10893,2.2952309520191614
6946,"(XLfL((LLQLQXL(CCX(XRXLX))), qX), , , )",1.1930632317471395,no,,,10893,2.2952309520191614
6947,"LL(, FX, mqXFXq(L(XrfffFfmLcXX), , RFLX))",1.205874306002385,no,,,10893,2.2952309520191614
6948,"c(RcRcLXL(XXmmMLqLX), LQXLXL(X), QLXXXL(X))",1.6304878323664584,no,,,10893,2.2952309520191614
6949,"LLXLXLF(RXRCClLXRfXMmXXCmmXCqMX, mfLFX)",0.9392309776550113,no,,,10893,2.2952309520191614
6950,mcLXLCmfXMQLCCXMLLXLmCCQXmQXRFQXrqX,1.1358123386382457,no,,,10893,2.2952309520191614
6951,"LMqLXFL(mf(LXLXCqCfXRLLmXFmLLX), R(mLX))",1.3180987326120495,yes,B5,13,10893,2.2952309520191614
6952,LfFqXLXcQLmcmXmXLXmMXcXQLX,1.0361626837249205,no,,,10893,2.2952309520191614
6953,"(LLXQX, cqXLXmcLLXcLXrrFFlXmX)",0.9632366683997041,no,,,10893,2.2952309520191614
6954,"(L(MQCCLFLFLQXMCXrLMXmXX), FLfLX)",1.228842427700409,no,,,10893,2.2952309520191614
6955,"(LcX, fLcfLqqQcqqfLXMcXLXqXfX)",1.362954949671754,no,,,10893,2.2952309520191614
6956,rLCmXLXLqLLfMXqCmXLqFCCXCqLLQQCLLQMXLfXLcX,1.179144685906522,no,,,10893,2.2952309520191614
6957,"RFccFL(LXLLXmcXRQQLXXMcX, mLMMXXXX)",0.9410485944228327,no,,,10893,2.2952309520191614
6958,"(FLXmMqQX, LLQLLXmmXcLXfFXXLMX, )",1.150874426558018,no,,,10893,2.2952309520191614
6959,"LLL(LmmFLLXMCLLqXLLLmXrCLCX(RLF(X)), MqX)",1.0256431103186352,no,,,10893,2.2952309520191614
6960,"(lX, , fLLcmXLqcXLLXrLcLXXXXrcXX)",0.9715073790284132,no,,,10893,2.2952309520191614
6961,"rL(rLCXXXX(mM(LfXR(rfCFCQFLmX))), FLQFX)",1.2138855250833533,no,,,10893,2.2952309520191614
6962,"LLLqLLF(rfFXqfMLL(RLXQqLXX, LX), cmfX)",1.6918202140456338,no,,,10893,2.2952309520191614
6963,"L(LqXF(,mXrCLXLCXX), XX)",0.8992320163247792,no,,,10893,2.2952309520191614
6964,"LF(rMXXqFCXLLCX(LMLXCMCXrrclX),, FLFqX)",1.2166444079800656,no,,,10893,2.2952309520191614
6965,"rXLLr(XM(X(, XXL(rCLFX(X((FLLXRLLmCCX)))))), LmX)",1.4696146812103161,no,,,10893,2.2952309520191614
6966,"(LLX(LFFMLQXF(cXXXrLLcX), LX), ((X)))",1.1129585912926376,no,,,10893,2.2952309520191614
6967,CFmLXLMCXXRLFLXCqmXLXLLCXXLXQLX,1.1583155548530826,no,,,10893,2.2952309520191614
6968,"(RcLLMLX, qccXXLXfcXrfMLMLXLX)",0.878526439842819,no,,,10893,2.2952309520191614
6969,RfmXXcLXLLXRLccQFXrmcXRLmXLmmFmX,1.1323751432532967,no,,,10893,2.2952309520191614
6970,"L(, rLqfLXf(FqfMmLXMqXrLL(XX), rCcfX), RLX)",1.6580487089850808,no,,,10893,2.2952309520191614
6971,CLLfXLXCFLQMfXfXFCLLX XQCfXLXfmX,0.957226821982815,no,,,10893,2.2952309520191614
6972,mLCCXRCLQFfLXrmfLLCFCXRXfLX,1.1248095092321055,no,,,10893,2.2952309520191614
6973,"QfL(, ,QCLXCCLLFXQLXRmQlXRfMX,  , qqX)",1.519944606076429,no,,,10893,2.2952309520191614
6974,"(fXrqLLX, qcXLLXcLXMFMmXXLX)",0.8904474283456087,no,,,10893,2.2952309520191614
6975,"(, LL(rqLXL((FLFXLqLMX(lFFFXLX)), , ), LX, ))",1.9207989408543913,no,,,10893,2.2952309520191614
6976,"(cLLL(r(FFX), qqMcfXFMLcLXRLXLXLFX ))",1.6036341200045274,no,,,10893,2.2952309520191614
6977,RMfXRLmLfXCLFLLqCLXFXCXfFLLmFXLLLqX,1.1623285084545298,no,,,10893,2.2952309520191614
6978,"LLMC(LQ(QX), RRLLfmXCLLXLFXRLFXX, ,)",1.7326745719993866,no,,,10893,2.2952309520191614
6979,fLXXLXCCCQLMXFLXRFLCLXLmXXXX,1.0051909725064738,no,,,10893,2.2952309520191614
6980,"L(,  RcqLqXLqqLccLXRFMcXXXX)",1.0967137517868721,no,,,10893,2.2952309520191614
6981,"CCLLQmL(LX, fCLXMXRMLLCXRqLXMQXX, FqX)",1.251899211087463,no,,,10893,2.2952309520191614
6982,"RRLL(c(FXmL(LmLLX, LXCXCLX)), RM(rX), X)",1.7148287691614474,no,,,10893,2.2952309520191614
6983,XfQXLLccX(LXRcLXcLfLXRRLXrcmfFX ),1.1183524657882074,no,,,10893,2.2952309520191614
6984,"XLLLFXFcL(cQQcccXMFcFLLXLLX, LX,rrMMFMfLcX)",1.275559191716587,no,,,10893,2.2952309520191614
6985,"fLC(LLCqCFqLXMXLLFQXCX, MmfX)",0.854097056299538,no,,,10893,2.2952309520191614
6986,"LXFqXqL(rCMqLLLXCmQqQXXrLQmX(X), MmLX(RLFCX))",1.2852779727794186,no,,,10893,2.2952309520191614
6987,"RF(MRMLfXLLCFLCLLCXrqXX, MFMLrX)",1.209633398708029,no,,,10893,2.2952309520191614
6988,"Lf(XR(FQX(MmLmLX, MqLLXXLX)), XmX, )",1.2208368566336147,no,,,10893,2.2952309520191614
6989,"CLLL(CFX, RRLXMCXLLXRQXRmlLQLX)",1.5521081552670695,no,,,10893,2.2952309520191614
6990,"rL(X, rMLLcXLcLXLXcffXCX)",1.5063823108739107,no,,,10893,2.2952309520191614
6991,RMFLLLLqXcMMXfcfqXmFcXFfmXqFXFX,0.8428513236772054,no,,,10893,2.2952309520191614
6992,"Lmcc(LmqLcX,RLXXX, RFcLQfXXMFMLXrLmfX)",1.1029341941949098,no,,,10893,2.2952309520191614
6993,"LLc(qX, FX, qXcXrfcXrLXFXX, )",1.0497452263566447,no,,,10893,2.2952309520191614
6994,"RfmLLL(L(RXrCCXrrXrXcLX), LfMXcMQXrLfFX)",1.1135284633816311,no,,,10893,2.2952309520191614
6995,"LMq(qLXLFLM(FFML((mXRLLQCccXRLFX), )), qmfXqcX)",1.0880618492046563,no,,,10893,2.2952309520191614
6996,cXmLLXQcLcXLXLXLcFMXMmX,0.9992395491122382,no,,,10893,2.2952309520191614
6997,"LLqFqXfL(qLMXlCMfCXRLLLQCLXLFX, LLX)",1.2533374287868442,no,,,10893,2.2952309520191614
6998,"Lm(CLLQFXcXFLXR(LXFQX, ), fLXc(LLcX))",1.1031130271665734,no,,,10893,2.2952309520191614
6999,"L(FL(rLLX, qXmLMXLcmLcXrmmXLXrllX, ),)",1.3155585304031039,no,,,10893,2.2952309520191614
7000,"rLXL(LQLFXL((LXLLcXqqRcMLX), rXX), RFLXcMmX)",1.3321391332780468,no,,,10893,2.2952309520191614
7001,"RMLLXM(Lq(rX, LLQFXccLQXrFXqXfmqmLX))",1.3251204733384696,no,,,10893,2.2952309520191614
7002,"LFLmmLfLXLL(mcCMX, , q(mqXrX), LcQQXcLLMcXFQLX)",1.145065151099808,no,,,10893,2.2952309520191614
7003,"LLX(rqLLCfXmLL(RLXc(mLfLX), LQLX), , qLfFX)",1.3613583265634928,no,,,10893,2.2952309520191614
7004,"LXRLM(XccX, XRcLXFLXRcXFmLX)",1.2676194225962956,no,,,10893,2.2952309520191614
7005,"L(LL(rcXXFLX), cLfLqfXXcXrLqQXqLXM(LcXqX))",0.9606374519529493,no,,,10893,2.2952309520191614
7006,"L(,RLCLQXLqLCLfFCLXMLCmCXfXrCLLX,)",1.0995147936130707,no,,,10893,2.2952309520191614
7007,"((LfXX(LLFQLXcFXXXLXXQcXFX, qX), LX))",1.179207671510059,no,,,10893,2.2952309520191614
7008,qLXfLmFMXRcLLcqXMLXcXLMmXQQFXqX,1.162506375676392,no,,,10893,2.2952309520191614
7009,"L(((QLQXCCXXXX), qX), )",1.1035429141570523,no,,,10893,2.2952309520191614
7010,"(flLLL(QLX(LLLXLMCLXCXFQQX(FMX)), X, ) )",1.008510321536151,no,,,10893,2.2952309520191614
7011,"LF(LrLXMFX, LFLXRqcLQFLXLFXLLLLXMcX(LLqX))",1.1861678099713315,no,,,10893,2.2952309520191614
7012,"RmLLC(,LQXRCmqXrLXqMMQmXRLFX, LfX,)",1.458896680596727,no,,,10893,2.2952309520191614
7013,"(X, fLXqMqFccMMcXcLLfLXXQXX)",1.2382600333871898,no,,,10893,2.2952309520191614
7014,"L(L(XCQXCLLfXfXLLCQXLXrCCqX), qX)",1.000832626688166,no,,,10893,2.2952309520191614
7015,LrcMLqXrLLLFccX(FXLXLXLMMcX),1.1519069915298803,no,,,10893,2.2952309520191614
7016,rcLmfqXlLcQLmLLQccXmmLcXrMLXrqLXX,1.1293140602591745,no,,,10893,2.2952309520191614
7017,"L(rLmXrXFCXFLXrFMLXQLX, LLLXF(X), MX)",1.4110559846676423,no,,,10893,2.2952309520191614
7018,"LmCXrFLLL(fqLLX(LLLFLQ(XLX,XrFLMX)), qX)",1.5936564304362313,no,,,10893,2.2952309520191614
7019,"L(LFLXCqLXFLXCFLXLFXX,FX(ll(mLCX,)))",1.2793281225461612,no,,,10893,2.2952309520191614
7020,"LfLFc(LLXC(rmXrLmXLCLXFMLMLLXX), XXCCX)",1.300434721720049,no,,,10893,2.2952309520191614
7021,"rrLLC(MfXXlX(L(LXLXL(, LLmFX))), LLCXX, CCXCMQX)",1.6352978787558865,no,,,10893,2.2952309520191614
7022,"(LLLqqFcXcXXXcLXXRqXX, , XLCX)",0.9446196135761363,no,,,10893,2.2952309520191614
7023,"cLXqf(FX,LLXCFXLXLMCX(X))",1.1843550341880957,no,,,10893,2.2952309520191614
7024,"l(LL(mLmLLLqXmX), cmqLFXL(FfX(LcXmMXLXLccX)))",1.012069106492565,no,,,10893,2.2952309520191614
7025,"f(LCL(((cmcqXLXfLFcXMXrfXLX), FCCqMXX) ))",1.226681408856085,no,,,10893,2.2952309520191614
7026,"mL(Qcfc(LXmXXLfXfMfXXFcX, LqX),  FXcX)",1.3073141524719076,no,,,10893,2.2952309520191614
7027,LLXrrFLFfccccXXLLMXmcFXrlLllX,1.2459728141237942,no,,,10893,2.2952309520191614
7028,LmmXMmXRCMmCQXLCMLLXqqmXX,0.9513683976023867,no,,,10893,2.2952309520191614
7029,rMLCLLXcQFfccMLLXlXFXLLXLmLQMLcMFX,1.1325256512376138,no,,,10893,2.2952309520191614
7030,"LMLC(qX, QqmmXQmX, mmqXFFXMXLCXM(LXFCmCX, ))",1.1113484550467438,no,,,10893,2.2952309520191614
7031,"MLLLML(QQfCXL(Lf(CCXrrLLXCmLcXX)), LX)",1.8696440814787996,no,,,10893,2.2952309520191614
7032,"F(LLmLQX(CCXLQLXrLLCXLXfMqXfX), fX)",1.1587786658218595,no,,,10893,2.2952309520191614
7033,RLCFFfmLFFQQCCLLCQXCLmLMXLMXLXLqLLFCLLXrLLFfX,1.4483492476947386,no,,,10893,2.2952309520191614
7034,cQLLFXLCFqQFXQCLLCLXXrfLLCQXrLXqqLX,1.196248267947318,no,,,10893,2.2952309520191614
7035,"fLFLL(,mqLMFLfXLXcXLLLcXRRfQXqX, LX)",1.0877326246211674,no,,,10893,2.2952309520191614
7036,"LfL(MrrXLLLLccXLLLLXMMFX,FcX)",1.3823526806793491,no,,,10893,2.2952309520191614
7037,"XLL(,cLQXXFLFFXcLLXLLX, QcX)",1.1879472524059989,no,,,10893,2.2952309520191614
7038,"L(,QXLLXCLLCXRXMqX(QMLX), L LLX, )",1.2899995835054092,no,,,10893,2.2952309520191614
7039,"qfmLCLC(FMXqXRX, rmLXMFQLX, XqCXRqLXqqX)",1.38151945707156,no,,,10893,2.2952309520191614
7040,"LcLXR(RLLMLXLMCLmCLMLXLLXfQLqMXmcX, cqL(mX))",1.5965476631550628,no,,,10893,2.2952309520191614
7041,"L((RFXRLcXLLRcXQcXrcXFXqX, ), RC((F(MX))))",0.9616632498439048,no,,,10893,2.2952309520191614
7042,lFLXLqcLccqLLcqcXLLLcXRfQQQXfX,1.241467053452125,no,,,10893,2.2952309520191614
7043,"LfLXM(rqmXrMLL(QXXRXX, FLX),  qX)",1.7224861247991115,no,,,10893,2.2952309520191614
7044,"CLCLLCF(,CFLqqCcXFccXLlLMLXMXq(, rX), cX)",1.47195177932659,no,,,10893,2.2952309520191614
7045,"qLL(FX, RfcLQXXmFX(LLXm(cQX)))",0.8035997782986215,no,,,10893,2.2952309520191614
7046,"MLLXqML(LXCCqFXRLmMXrFLFLX,  ,mX)",1.1190601079444435,no,,,10893,2.2952309520191614
7047,"LMMmXLXL(X,rMqXLfL(LXmLX rfXRFQX,FLLQX))",1.7574272152169124,yes,B6,22,10893,2.2952309520191614
7048,"LMXL(m(L(rrXLL(CffcLXmXQX rrQQX, ), qX)))",1.5530887528328763,no,,,10893,2.2952309520191614
7049,"FLLm(LXCX, FqqXcLcLXLXfLfLXrrCX)",1.4764626534066465,no,,,10893,2.2952309520191614
7050,"LL(RXf(, FLQQX), LXcLQXfLXL(LcMmMXFmXRX))",1.1915999867229814,no,,,10893,2.2952309520191614
7051,"C(,LccLX, rLqfFccLXRLMccmLLXrrqLXXcX)",1.662198578282128,no,,,10893,2.2952309520191614
7052,"LqX(rcCXL(RLXXXRLQX,  fLXX), rQMXX)",1.5572975603369206,no,,,10893,2.2952309520191614
7053,"LLfC(RMLQ(fC(FmX)), RRLfXCLXLFXrrXLX)",1.6128219138064328,no,,,10893,2.2952309520191614
7054,"LL((LL(((X), fXX), cQFXLMXLcXQLXFX)), X)",1.3525858047435295,no,,,10893,2.2952309520191614
7055,"XLL(XXrmCXCqmXfLLLXXFX, RFX)",1.20529493658142,no,,,10893,2.2952309520191614
7056,"LLC(qX, , qfqcLmXLmccXLLXLX,, )",1.226736547734336,no,,,10893,2.2952309520191614
7057,"lL(RLX, (LXRcXRLFLLLXfFfMcMcXQQX))",0.8259824563271088,no,,,10893,2.2952309520191614
7058,LLcXRFLXmXrcQQLLLFQcmXFmXFcfMXrmFXFX,0.9492367369204201,no,,,10893,2.2952309520191614
7059,"MLM(,RLXRCfCXXMQX(R((CqLXXX))), (qfX))",0.9738099925187764,no,,,10893,2.2952309520191614
7060,"fLXFL(rqcMLCXRLL(LXL(rqqXrqX, cX), X), LfX)",1.6956938063596947,no,,,10893,2.2952309520191614
7061,"ML(RcmXQXXRX, LQ(RXL(mLXRMLLX, XLXLFXX), RmLFXQ(FcfQcLX)))",2.0012297207277885,no,,,10893,2.2952309520191614
7062,"MLM(FqLCXFL(fLXLCCXLMMLXX, ), mX)",1.2497619288041832,no,,,10893,2.2952309520191614
7063,"L(RRqmXCrQLLCXmXMX, QCcmLLXXfFFmcLfXLXFLX)",1.42063594478774,no,,,10893,2.2952309520191614
7064,"m(CLMCX, RLCQLfLmLXrCLmmFLCFLXFLX)",0.8117177455018594,no,,,10893,2.2952309520191614
7065,"(LFMccL(FQmXXXXRfFFLXlLLX, X fX), (XX), )",1.2402916174037941,no,,,10893,2.2952309520191614
7066,"mLcLL(, , LLQXcX, LXQfcFFXXLXmXcXrX)",0.8814813259606085,yes,B3,12,10893,2.2952309520191614
7067,"rFLLLLXLF(ffFXQcRXmq(L(MXLML(LQqLXqX)), MFX), rMX)",1.274321810078786,no,,,10893,2.2952309520191614
7068,"QLFLXLL(ffX, , RLfmcXmcLXF(LcX))",0.8979573836917573,no,,,10893,2.2952309520191614
7069,"rLqCLLC(RqqXCfCLLXLX, (LXQmLLmXX), CMXXMFX)",1.5053228184761134,no,,,10893,2.2952309520191614
7070,"cLCFM(((CCX), LQQX(LLLCCXRmQqXQXX)))",1.4839890977751318,no,,,10893,2.2952309520191614
7071,"LLmC(,RLQmCmXrLCLXRLLfX((QXFX)), ,rqLMfX,,)",1.657163312354143,no,,,10893,2.2952309520191614
7072,"LXM(FLXCqLqLXCXLQFmXrLQLX, LXqQ(LQFX))",1.1256449563537132,no,,,10893,2.2952309520191614
7073,LXcqfLXcXFFmXCMMfMCXXLXfLLX,0.9537344372388603,no,,,10893,2.2952309520191614
7074,"(, (L(XLX, QX(XLLLCLCX((RLXQXX))), )), )",1.2798858839366822,no,,,10893,2.2952309520191614
7075,LFFXLLLmXrffccXLLqLXLLcXXXX,1.1513519067431108,no,,,10893,2.2952309520191614
7076,"MXr(rLmLfXLXCFCLXLL((fXqmX)), X)",1.2841218877546328,no,,,10893,2.2952309520191614
7077,"((cLCXQMFFXCQLMLMXLCLXrLLXmrcCqFX), rX)",0.9908653897412818,no,,,10893,2.2952309520191614
7078,"L(cc((RRcLCLLCXLCLMXLLXqXf(m(qQmX)))), LqX)",1.733330674032726,no,,,10893,2.2952309520191614
7079,"cMM(RQCLXLL(rLLLCCXRLLQXQMLQX),, rML(rqLFcX))",1.4069371283427805,no,,,10893,2.2952309520191614
7080,"LL(RRLXcLfXLMXLXLXcFmX, RXqXFX, LlLX)",1.4076785085095478,no,,,10893,2.2952309520191614
7081,m(FLfFcLLXrLCXX(rLCLXrLCFLXrLCfX)),1.1586505465936383,no,,,10893,2.2952309520191614
7082,"R(LLmL(LfLX),rrLrLcXcXL(M(LXQQX((LFX)))))",1.4744509198726676,no,,,10893,2.2952309520191614
7083,"L(MX,rrfXXXCFLLLLCXX(rX), FX)",1.0293904760856392,no,,,10893,2.2952309520191614
7084,"CFLL(ff(XQX, mmQX(XCFXL(QLQXfXX))), LX)",0.9748993013586902,no,,,10893,2.2952309520191614
7085,XRcqMXLmqXcLcLFMLLXXXcLXLX,1.0303830727007872,no,,,10893,2.2952309520191614
7086,rLXQccLLXLXMmmXcLXRLLX,1.265660125385617,no,,,10893,2.2952309520191614
7087,"LlLC(rqX, qQ(fLmqXXXrLCLCLXCX, ))",0.9926374257761866,no,,,10893,2.2952309520191614
7088,"L(L(FFF((RcCLCMRLXCLL(XLXLXcLX))), LX))",1.7388764317804526,no,,,10893,2.2952309520191614
7089,"Lm(RRMCLXRqfmq(, fLLLmXR(LLLLXLQCFqcX)), M(fX))",1.5112018829737897,no,,,10893,2.2952309520191614
7090,"XFL(LFLXLqMfXCCMXrLXXrX, rX)",1.25755199220251,no,,,10893,2.2952309520191614
7091,"FLmXRfL(mXLXRFFFcX(mLcLXq((QX))), LX)",1.0837206946454785,no,,,10893,2.2952309520191614
7092,"LcLL(RXcQLXLXRLqXX,, QmXqX, QFfXLX)",1.6227926777821253,no,,,10893,2.2952309520191614
7093,"LLM((LmLmfXRRfcXL(MLXLqLLX, ), fLmX), X)",1.2323472439560497,no,,,10893,2.2952309520191614
7094,"rL(LX LX(qX((XLLqLF(XLqX, QX))),))",0.8584166370733607,no,,,10893,2.2952309520191614
7095,"L(LfLL(rrLLX(XLLFfXLXX, X)), RLQX(MX), )",1.7717319379371315,no,,,10893,2.2952309520191614
7096,"LFQXLL(RXX, rLXRcXmcLXLmXq((rMfXMLX)))",1.377880997602896,no,,,10893,2.2952309520191614
7097,"XqFLL(fMCXlLMXFLXFMCLXfF(rFmLX), rFFCFX)",1.169330139620761,no,,,10893,2.2952309520191614
7098,"LFLX mL(rqLcXRfcXqLXXrX, CCX)",1.2163699516018944,no,,,10893,2.2952309520191614
7099,"LqqCCC(QXLLffCLQLXmLLCXRFLLXX, qXFXRX)",1.1054312478065842,no,,,10893,2.2952309520191614
7100,"(L((QLXLLLXCCXQXRXX), rfX,  ))",1.0495672140677368,no,,,10893,2.2952309520191614
7101,LccLqLXcqXcLLXRLXXLfXfLX,1.152306949286795,no,,,10893,2.2952309520191614
7102,"LMLQLMXRL(RFQX, mLXFmFccXLLqXMXmmmX)",1.2743103851061472,no,,,10893,2.2952309520191614
7103,"FLLc(LL(QcfQcmLXLcXLLX, RQXX, ), (RMXRMLX(XLcX)))",1.4474013131958148,no,,,10893,2.2952309520191614
7104,"L(, cMLqXcLLLLXrcccMfXXXXLX(rX))",0.9091971971856634,no,,,10893,2.2952309520191614
7105,"LCCLLXRCCCXmFmQXLLCLfXrCXm(L(Q(rFX)),  )",1.015082487501299,no,,,10893,2.2952309520191614
7106,"(mM(LXLQQQ(QXL(RFLXFMffX, CRXQX, ), FQmX), (X)), )",1.2516032469331266,yes,B5,24,10893,2.2952309520191614
7107,"LcL(mLMX(, RFX), qcMfXXLXcFLLX(rLfMrLMXRLX))",1.0717628856288421,no,,,10893,2.2952309520191614
7108,LQXrLqLCCCCLXLXFXRXrmLLLLX,1.2303804883195404,no,,,10893,2.2952309520191614
7109,"LcFLLL(RLMcXQLFXLcXRqMLX, MXmX, (LcX))",1.1400757875603484,no,,,10893,2.2952309520191614
7110,"Lc(QcXFFX(fXLXLXcMX), LXMX, XX)",1.349567575225877,no,,,10893,2.2952309520191614
7111,"LXLfL(RFmQcXcXLLLLX, X(qfLLX), RMLLFXcX)",1.0825175501913331,no,,,10893,2.2952309520191614
7112,"LF(LLLX(qLXrCXRLmXFFLXMLXLmX), RRQQcXQqLqX)",1.2936039008321385,no,,,10893,2.2952309520191614
7113,"( FLXflL(, rrCXlXLXCLXrX, , FXX))",1.0924818840255102,no,,,10893,2.2952309520191614
7114,"L(rM(FLX),   C(CCX), RQCCLXrLLFCXRRXLXLX)",1.4251092051628,no,,,10893,2.2952309520191614
7115,"FLX(XX, mqLLXXCFXMLX(fLXFLFX))",1.2540941202249305,no,,,10893,2.2952309520191614
7116,"LLL(FqFCXqmX((fQc(RXcFLXLX)), MLLX), RmMXX)",1.10887787398754,no,,,10893,2.2952309520191614
7117,"cf(RRXXMLFLF(L(FX(qX), (cX))), mXQXLXm(rmLX))",1.0941259866576412,no,,,10893,2.2952309520191614
7118,"CmLXCmfLXRRLMFFCfLFXXX(MLMccXmX, (mFXX))",0.8810082791935482,no,,,10893,2.2952309520191614
7119,RLmfLQCQLXCCfLFLXLXMCXrLLXLX,1.378183879432021,no,,,10893,2.2952309520191614
7120,"LML(LLMXRLX, rqLXMLccXLXMLLCX)",1.0410218960002628,no,,,10893,2.2952309520191614
7121,"LXRLf(LQXM(XMqmQcX, rLqXCXcXRLLX), LLX)",1.5562462465610745,yes,B6,21,10893,2.2952309520191614
7122,"LLLMF(RLLcLcQmcLXrLLXXLXX, rLX, mmX(RX))",1.479146336592728,no,,,10893,2.2952309520191614
7123,"RLL(QLLXrLLLFL(CfCCFXfqFQQqLLXcXX), C(cX))",1.557529639140923,no,,,10893,2.2952309520191614
7124,"(RRLLLMmLCXRCqXLLLXfXcmLX, LLX(qFX))",1.4101698023438565,no,,,10893,2.2952309520191614
7125,rMMLXccQFmXLLfFXcXLLXX,1.0945832404828064,no,,,10893,2.2952309520191614
7126,"(Q(rMlccX), , lLfLfXcmccLcQLLfLMfXLXcFXcLX)",0.8548704500997346,no,,,10893,2.2952309520191614
7127,"LQL(mFQCCCXLCXQFLLXMX , RLqqfX)",1.1748323697896117,no,,,10893,2.2952309520191614
7128,"MLf(LC(L((QX))), QLXXCCLXQLMXqqFXX)",1.2221515602028703,no,,,10893,2.2952309520191614
7129,(mLXLcLLMqqccfXccXrLLLLmQqqXrfLX),1.140900079309967,no,,,10893,2.2952309520191614
7130,"L(, QXCXLLXCLmLXrLLLLXX, MXMMLQQLQfX)",1.0496150037152843,no,,,10893,2.2952309520191614
7131,"RLLLL(RXLLCfXf(LLLCXr(L(rfqqXQX))), ff(LcX))",1.5201230955954597,no,,,10893,2.2952309520191614
7132,"LccfM(qFqLX,rrLLX(FmcLLLXXRmmmXFX),)",1.4677827257111178,no,,,10893,2.2952309520191614
7133,"LL(qXlXXrL((LLFM(rLLM(LLXX,, XFX)))), (X), )",1.2764303222649107,no,,,10893,2.2952309520191614
7134,XfFXlFQCmCfmXXXXCLXXLX,0.6643374003259687,no,,,10893,2.2952309520191614
7135,"FLL(L(X, LqXCLLXXXXLMX, ), XX)",1.1513805167546618,no,,,10893,2.2952309520191614
7136,"LFmL(RXLfMXcQFFXrQXLLX, RLMqqMFFX, )",0.8411991257812288,no,,,10893,2.2952309520191614
7137,"(cLmcFXcqLLqcXmcmLLLXX(qQFXX), X)",1.2655154643439988,no,,,10893,2.2952309520191614
7138,"((rCqLXL((f(L(LLLccXRQcXRFmXLLqX))))), MfMLLLX)",1.3943164399765087,no,,,10893,2.2952309520191614
7139,"LCL(L(mqXXL(LXLCXCrLXLCXFFLQX), QX),)",0.8982109093135475,no,,,10893,2.2952309520191614
7140,"RM(,LL(LqXrXcQLLcLcQXcLLXrMLXqXRLRLLX),, , , )",1.1022664431691298,no,,,10893,2.2952309520191614
7141,fXfLmqmMQCLXCCQLLXfXLCLQXLXLmLcX,1.1714626831453574,no,,,10893,2.2952309520191614
7142,FXLmLmLXCCqXMFXLLLfXFCXXqqX,0.9868922207830303,no,,,10893,2.2952309520191614
7143,"XfLX(qLLX(CqCXLRXL(X)), , LQfX)",0.9285794640418571,no,,,10893,2.2952309520191614
7144,"c(fLmm(L(C(RmQXrL(, cCLLXXffFMLFqFLX))), X))",1.3495776429534203,no,,,10893,2.2952309520191614
7145,"LL(RRFcCLFCXCXMLLXFXcLMqMcX,X)",1.539025888600715,no,,,10893,2.2952309520191614
7146,"cc(XQCLXmCfLXRQCLCMXQqX((X), ), RcLMLXMX)",0.9787566960158592,no,,,10893,2.2952309520191614
7147,"mcL(RFXLX,RMmMLLLcXQLmXmXFXqLXLX)",1.108971849351546,no,,,10893,2.2952309520191614
7148,"(MXLFMCQXmFXLCLXRMXCX(fXLX), RFLQX)",0.9014164807144851,no,,,10893,2.2952309520191614
7149,"FLL(MLXQFQXm(fMcXrLXLXX), XCX, RCCCfX,)",1.2108154828922253,no,,,10893,2.2952309520191614
7150,LML((LRXCCMCqXLLXllXlLFX(RMmFX (RRLLX)))),0.9677293149009023,no,,,10893,2.2952309520191614
7151,"FLLL(RRCXCLXCLMX(LL(XLcX, )), MX)",1.6825981168116564,no,,,10893,2.2952309520191614
7152,"CMClLM(, RMLLQXLLCCCFLX(LXX, ), LCX)",1.4212230573203741,no,,,10893,2.2952309520191614
7153,"RLQfM(cLXQQML(LLLX, LQLLXLX), FX, qX)",1.3191844568545656,no,,,10893,2.2952309520191614
7154,"rLXcLcLQfXLFXFLXL(fLXLX,)",1.3915070814462642,no,,,10893,2.2952309520191614
7155,"L(RLLQLCFXrfLCCFLLLXQQXlXmX, RLLX)",1.408970743061026,no,,,10893,2.2952309520191614
7156,"Q(RCLLLXL(, LLmXLLXLqcXfX), qqFLXrX)",1.7090274944217068,no,,,10893,2.2952309520191614
7157,rMlLLXXqCfXCXLLFXLmCqCXXlX,0.9138606010823376,no,,,10893,2.2952309520191614
7158,"L(L(XrrFCXlXL(LLXLLXLCMLXX)), Q(XrrLX))",1.3963988056210497,no,,,10893,2.2952309520191614
7159,"LL(RQLffmX, RRLcLXCCXLLLXLFXqLm(RcFMMX))",1.6973489609151327,no,,,10893,2.2952309520191614
7160,"Lc(RRLLXCCX(LLLXfXX), MMMXMfX, )",1.3100608128501234,no,,,10893,2.2952309520191614
7161,rrXLXCLLQLXMCFfXLXCLQXXLXLX,1.0071945125418855,no,,,10893,2.2952309520191614
7162,"cLcLMmXL(CcqXLFXqLL(rLXcXRLMLX, rrmX), )",1.08895316476691,no,,,10893,2.2952309520191614
7163,"qLLFXRXL(XqCCXfmXRRMLLqXX, , (MX))",1.0791093966759793,no,,,10893,2.2952309520191614
7164,"FCLf(mXffFQCXffLXFMXLCXLLQXX,fmFFQLX)",0.8884946430856234,no,,,10893,2.2952309520191614
7165,MLCXrcCqcccXRLLcLLLLcmFfXrqqX X,1.2097333782490785,no,,,10893,2.2952309520191614
7166,"cLL(LQXRmcMXMMLqfXRLL(cLmX),, RMXRX, QXX)",1.2748628972107496,no,,,10893,2.2952309520191614
7167,"LFLXFLLM(RXfXcQLXLLLFXLLmmcX, fX)",1.0250060946912372,no,,,10893,2.2952309520191614
7168,LLF(fcX rrLFccLXcLLLLXLLXCQX),1.4046477502840935,no,,,10893,2.2952309520191614
7169,"L(RLXCX, LXcLQmXXLcXX(X))",1.062932735598663,no,,,10893,2.2952309520191614
7170,"(mcLFXX, X(LL(rCmqFX(LCXRQXMMXX), cCXqX)))",1.0643345644255977,no,,,10893,2.2952309520191614
7171,"LLF(FfQX, rrLLcXcXLXCcMXQmQLQCX)",1.488525803279465,no,,,10893,2.2952309520191614
7172,"LFMXLQ(,XXcXMLXrLLMX qX,XLLX)",1.2146130522285903,no,,,10893,2.2952309520191614
7173,"F(, mqLLXLMXfcfMcXLXLqqqFXX,LmLX)",1.045981638231095,no,,,10893,2.2952309520191614
7174,"rXfLL(MLmLQCXCXMQ(CX(XFQX(fLqQLLFqLX))), qX)",0.9910502987648422,no,,,10893,2.2952309520191614
7175,"LLfL(RmCQXrCXLQXRfqXrQlMQLLQFX, (X))",1.4625132414825741,no,,,10893,2.2952309520191614
7176,"L(rrLCXMXXXMFXLMXrCFLX, FXXQX)",0.9948881702901674,no,,,10893,2.2952309520191614
7177,"L(FXcQXMLcLXLXQLXcLX,, XLX, XrrqX)",1.3720121984834783,no,,,10893,2.2952309520191614
7178,"((LRQXrLLLLCMqCXLXXLLCFXXmX), LLX)",1.242457508756878,no,,,10893,2.2952309520191614
7179,"QXLLCXR((cXXr(rFLX, )), mMXX, CXrXQFQX)",1.092237354920729,no,,,10893,2.2952309520191614
7180,"FLLFXL(mqX, FLqXlXLLCLCXLXX)",1.319283104109969,no,,,10893,2.2952309520191614
7181,"L(rLLX, rLccXcqXrLLcXXL(RLX))",1.166697421866941,no,,,10893,2.2952309520191614
7182,"mLF(FMMLCLXLQXMLCQFLXFL(CXRLfXqcLMX), rFmMX)",1.0276827847414867,no,,,10893,2.2952309520191614
7183,"mLL(rCLCLqXmLL(R(qcLLXrqFLMmXLX), ), RRfQmX)",1.5035186919244805,no,,,10893,2.2952309520191614
7184,"(M(RRLmLmLmLCXCLXLLXLqXqX, rrLLLX))",1.7149110893799726,no,,,10893,2.2952309520191614
7185,"LCXLLL(LLLF((rmqCCCCmmmXCLLXX, ), X), X)",0.889394048802497,no,,,10893,2.2952309520191614
7186,"RLMLLLL(, MQXm(, , mqXLLLQLLQQLXLXQX), RMFX)",1.9617034975994967,no,,,10893,2.2952309520191614
7187,"rLCLCMcXmMfLL(QXLcLXFXcLXLfLX, )",1.249799399711531,no,,,10893,2.2952309520191614
7188,"ff(LFLrrMLFccXcLLLLXXmL((XLqCfCCCX)), rL(, , (RX)))",1.669007958023197,no,,,10893,2.2952309520191614
7189,"(lrCX, rmLmXccQLmLLX(cXmXmXrXmX))",0.9829323661106202,no,,,10893,2.2952309520191614
7190,"LmLLF(QCXfXLFXCLLLCXLfQXRqm((f(LX))), RX)",0.9924697463665189,no,,,10893,2.2952309520191614
7191,MXLLXRcFXLXcQXFXLmcLmXXLMMX,0.8985419838817368,no,,,10893,2.2952309520191614
7192,"LM(CMLqLQQmXCLXCLLXRLQXCCX, rLLX)",1.3179071952897816,no,,,10893,2.2952309520191614
7193,"(LQXX, XRLFflLXccFLQFcXfLLmmFXLQcX)",1.02485046363613,no,,,10893,2.2952309520191614
7194,"cLcm(RRcLcLCCXLLCXLLLXrmXMX, LfCFqX)",1.764945333207714,no,,,10893,2.2952309520191614
7195,"L(LXCCX, qLLFXFcFqXRFLmLmLFcXLfXrrMfMqmX)",1.0529489622565011,no,,,10893,2.2952309520191614
7196,"(LRLLCfQXLQLf(rLLLX, CMfXmLfLX, fXX, ), LLX)",1.5184860035869068,no,,,10893,2.2952309520191614
7197,"X(r(LX), LLQXLXcMXFXLLXQ(QX))",1.1696027829832227,no,,,10893,2.2952309520191614
7198,"L(LXLqXCXLXXXqlLCLXfX, XlFX)",1.0658452784785117,no,,,10893,2.2952309520191614
7199,"m(cLX, rrmccfLXLLmcLXLXRqX)",1.281297802969453,no,,,10893,2.2952309520191614
7200,"fLLC(QqXrLCFCXCLLLqXrQQX,,LfQmqFX, fX)",1.112008079578762,no,,,10893,2.2952309520191614
7201,"(LLQLLXLCCCfQXfXmmXLXrFcX, FXLLLmLX, )",1.249756610724887,no,,,10893,2.2952309520191614
7202,"L(LLL(MFqLXqX, qXLXMLCXXFLMXXLXcqX, ), LX)",1.486355875487383,no,,,10893,2.2952309520191614
7203,LLLLFqCmXRcLLcQcLXLFXMfXFFLXXqLX,1.220532424633312,no,,,10893,2.2952309520191614
7204,"mXLL(rCqLXM(LL(LLmXFXrrCCqX, ), QFX), LX)",1.3252769613032214,no,,,10893,2.2952309520191614
7205,"(MLLqXLfXLfccffQXLXXXMMLLcLXX, )",1.1707790061107328,no,,,10893,2.2952309520191614
7206,"L(M(rLfCqcXLcXfXcLXLFXXXcqLXcX, LqX), )",1.1200468403432333,no,,,10893,2.2952309520191614
7207,"LLFXL(RFFqQXXLL(LfXFL((fcLXX)), LX), MfX)",1.6182283285615344,no,,,10893,2.2952309520191614
7208,"L(L(rX), QCcLXLLXFcFXfLfXfLLFX)",1.2131557145545944,no,,,10893,2.2952309520191614
7209,"(LQCLMXLXRCLLLCLLXRQmmQLFLLXX, XLmX)",1.04924987819254,no,,,10893,2.2952309520191614
7210,"mL(LLLFfXCLMCMCFQXXCQFXLLLXRLX, X)",0.8740008335431898,yes,B3,9,10893,2.2952309520191614
7211,"LL(CqLMCLXXLXlCLMXX, RcQCfFfffXX,MX)",1.0683001331056525,no,,,10893,2.2952309520191614
7212,"LLXF(FLQXFXLm(XXMLccLX, XX), FX)",1.4299419925857892,no,,,10893,2.2952309520191614
7213,"L(,RRCCXCLLXXMFXrrrcQqFX, , qX)",1.4447132866445482,no,,,10893,2.2952309520191614
7214,"(ff(LLX), LmLqLXLLLLXcMXcMXrqqXRQX)",0.8538379783442744,no,,,10893,2.2952309520191614
7215,LXMQMqqXLLCXmXMCMLqLLXLCXRCXrXX,1.0740850892220932,no,,,10893,2.2952309520191614
7216,"LLL((RQXm((rLCLfCXLLQQQXRXX))), LcQX)",1.7459102815968695,no,,,10893,2.2952309520191614
7217,"LXf(QXmXcFLcXMLXmX,Xf(fX))",1.0419418228451882,no,,,10893,2.2952309520191614
7218,"LmLL(mfmL( LXLLLQCQCfXCX(mfX(rMXMX)), ,), )",1.1727196741823551,no,,,10893,2.2952309520191614
7219,"LLXm(L(fqCqFCXCCLXrLLX, XX, ,MLLX))",1.2080835588583176,no,,,10893,2.2952309520191614
7220,"Ffc(RLCLLLQXLrLCLCLLXRQmQLXFX, FmLQX)",1.354088740936405,no,,,10893,2.2952309520191614
7221,"L(mLCFQXLXCXmLLMXMXLX, rLXXCX)",1.0965683803710906,no,,,10893,2.2952309520191614
7222,"rL(, ff((rmmLmLLXLcXcLmXMLFXmCL(qX))), LlLX)",1.4012734572901038,no,,,10893,2.2952309520191614
7223,"LFLCXFF(QXMmcXX(mLX(LXc(X))), LX)",1.1823876702530984,no,,,10893,2.2952309520191614
7224,"L(LLCqX, , rrLLFFFcLMcLXcLLLXFmXFXRLCFCFQX)",1.6151659244571681,no,,,10893,2.2952309520191614
7225,"RLf(RfLCLXCXLMLXLLX((mfX), ), LfFX)",1.6483694163303826,no,,,10893,2.2952309520191614
7226,LmMLRQLXRLfCCfCXFXCXXLLX,1.218417871685836,no,,,10893,2.2952309520191614
7227,"(m(f(L(RRLLXLqLCCXXCXXRLX(X), ), )), )",1.3218240567846236,no,,,10893,2.2952309520191614
7228,"(cLCfLCmLMQQXCXLXfCXXLLLX(fX), X)",1.063267181781039,no,,,10893,2.2952309520191614
7229,"Lf(LQ(FX, XcLXLXfXMXXcFLX), fX)",1.2052297201779192,no,,,10893,2.2952309520191614
7230,"L(L((MXQcXcLX, QcX(XLfX(FfmcLLcLXrqqX)))), rrmX)",1.1590776641736427,no,,,10893,2.2952309520191614
7231,"(LL(FQMfCXXFXCFXXXX, fX), X)",0.7579723752739397,no,,,10893,2.2952309520191614
7232,"XLF(XqfXFLCXmX(LMXXLCqX), LmXfX)",1.2649956881475442,no,,,10893,2.2952309520191614
7233,"fL(FcccQL((XXXX), XcQXXLLX), LXrcQmFLLX)",1.4107472668204777,no,,,10893,2.2952309520191614
7234,"RLL(RLXRMCqXLXCXXL(fFLCXFXQX), QfX)",1.0162383666927077,no,,,10893,2.2952309520191614
7235,"L(LFLX, mLL(RRLMXL(, , RLMLMXrLLLXXmLX), X , ))",1.841437816805379,no,,,10893,2.2952309520191614
7236,RMLLCFXCLqXFLFCXXXLXMlCX,1.0281453589718823,no,,,10893,2.2952309520191614
7237,"LL(XCCLX, L LLLXRRMLLLccXFXXXLX)",1.1432489037010316,no,,,10893,2.2952309520191614
7238,XRmMXQQLcXcXLMXcMfXXXX,0.8769115404851192,no,,,10893,2.2952309520191614
7239,"c(L((MqFLqXLcLfLcXfQFXfmLX)), RLRLXCCmFXXX)",1.2628914159209927,no,,,10893,2.2952309520191614
7240,qLXLLLXrCfcmccXLXLmMXmXLLXrFccLLqX,1.1443174604329045,no,,,10893,2.2952309520191614
7241,"qLmXLLXmL(qXccXfXRRXrLQfFX, QLLqqX)",1.1743513816977926,no,,,10893,2.2952309520191614
7242,"cLL(FXLL(rMQX), CFqXMLmCCqXLLX(rQCXfQLfCLX))",1.0810640267488898,no,,,10893,2.2952309520191614
7243,LCLXQCLCLXXCfLQXLLXCXmXLQLX,1.1001720771117502,no,,,10893,2.2952309520191614
7244,"FmLF(fXLXrFfqCXRCXfLLLXFX,QXMMX, )",1.1280116958409605,no,,,10893,2.2952309520191614
7245,"Xm(M(, LQXRcXfcXLLXRLcXLcLLFXXLX), ,  )",1.0756259820531249,yes,B4,3,10893,2.2952309520191614
7246,"RmlL((X(rMqLCX(CCX(LLXrQQ(X))))), MfqfF(rLfX))",0.960814042111125,no,,,10893,2.2952309520191614
7247,rFcfXcLfFQXRcLXrmX LQXFX,0.8225031814205087,no,,,10893,2.2952309520191614
7248,"LcL(RLXRCCCmCmqQXFLLFXq(qqQFLqXLqcLX), rcX)",1.3949068611046775,no,,,10893,2.2952309520191614
7249,"(FllLCX, LMLMLXLXrlfFfccCCqXLLLLFLCfXFLLX)",0.9974919506471243,no,,,10893,2.2952309520191614
7250,"(RLmLLfX, rrMcFXXLXLFLcQLMLX(fXfXRFcXLXqLX))",0.9913188375001384,no,,,10893,2.2952309520191614
7251,"(mmX ,LLLrLcXrLmcfXrLfcLXXLXMXcmLX)",1.2242888389929474,no,,,10893,2.2952309520191614
7252,"qCCX(, QCXLLLLfXCLXRXCXX(QMXrXX))",1.005626356414665,no,,,10893,2.2952309520191614
7253,"LMLQ(MQfX((RCCLCLLLMCXLq(qXL(QX)))), fFX)",1.2581874022868804,no,,,10893,2.2952309520191614
7254,RRMFLXCLXMmLXrrfLCmLCfXmmXCLLXLMX,0.9254141624643968,no,,,10893,2.2952309520191614
7255,"LL(LMLMX, RRFcXLmFLFXMLXLLLMcXmmfcX)",1.078147095088635,no,,,10893,2.2952309520191614
7256,"qCLX(LQCLqXFLLFXXLXrLQCqXMMLX,LXLLXRF(LX))",1.2691212226206434,no,,,10893,2.2952309520191614
7257,"LcL(RRcXLLXMXXXcX, qLCX,  , ,RXqlLX)",1.2092749601043782,no,,,10893,2.2952309520191614
7258,LLfLXCCQXCFmfLXFXRfffCFLXLFXLfFmX,0.9656306017885882,no,,,10893,2.2952309520191614
7259,"L(RRmLLCXLL((, L(CMXLX)), LMFLLXMXlfXcfLX), RRLX)",1.6740072891394764,no,,,10893,2.2952309520191614
7260,"(FrrMLLLXcLLcXMXXFM(CX ), cLqX)",1.4918092384788781,no,,,10893,2.2952309520191614
7261,"LLL(mXqQXQX, cQXLXmcfXLXLXLcLX)",1.0066633614911091,no,,,10893,2.2952309520191614
7262,"FL(L(qXLX, rMfmCXCLqLXLXLLXX, , CXLX), )",1.5866458862405004,no,,,10893,2.2952309520191614
7263,"LC(rCLX,RFLCXQmLLXCXLLLXQqX, Rq(QX))",0.9526461600122941,no,,,10893,2.2952309520191614
7264,"rqXFLLF(qXXL(, LX, mX, LLFX, LXLMMX), RmX, )",1.4975185734880752,no,,,10893,2.2952309520191614
7265,lqLXLMfLXRcLMcQXLFXcXrQXX,0.8884281465495415,no,,,10893,2.2952309520191614
7266,"L(, L(, F(FFqXcccqMXLLLXLqLmXRmX), XLX))",1.2317188092962246,no,,,10893,2.2952309520191614
7267,"F(mLf(RRfLFXCLLCXLLXlMXqf(mX,)), MLcqX)",1.5856781452596043,no,,,10893,2.2952309520191614
7268,"L(((RLFQCmXfLL((rFLLm(, mL((XLLLLfXLcX))))))), LX)",1.549206593624606,no,,,10893,2.2952309520191614
7269,"L(XLFMX,FXCLcX, rrfLfCX(CLmFXLLmXX))",1.3448551835427869,no,,,10893,2.2952309520191614
7270,"Lm(fqLfXLLfLXL(qXLcXcXfXqX, mFX), FMX)",1.096075961882675,no,,,10893,2.2952309520191614
7271,"(rLMqXQLcLccX(L(McXRcXLX)), )",0.9181531755430132,no,,,10893,2.2952309520191614
7272,"X(qXXFCCXmLLMXMQXrQX, XMcLQfXf(qfX))",0.8627644470065603,no,,,10893,2.2952309520191614
7273,"X(LLXrLLFCCXMX, fqLXLCXLCmXFXfX)",0.9720014137175224,no,,,10893,2.2952309520191614
7274,"mm(,ff(RLXMLfqLCCXMLXLLCXLXLLX, mQX))",1.1845473090187826,no,,,10893,2.2952309520191614
7275,"XFLm(CLLc(, RmmCcMLQXLL(LXX, XLXX), LLLX))",1.7199266673992515,no,,,10893,2.2952309520191614
7276,"(LXMFX, LLLXRcXRXLLcLcMLXrMFX)",0.9547748866527358,no,,,10893,2.2952309520191614
7277,L(LRFLLQfCXrCLCqXfLXMCfMXXRfLX ),1.2214272941619726,no,,,10893,2.2952309520191614
7278,"FLXRRQLFXrqcLLcXXfXMff(rFLLLLLX, X)",0.9340099945309727,no,,,10893,2.2952309520191614
7279,"mC(c(, (ccX), rrcLLcLX(LLXCXqX, )))",1.2577378564445378,no,,,10893,2.2952309520191614
7280,"lLMfXQLC( XLFLXFQLLLCCXLX(LX), rX, )",0.9943852103545434,no,,,10893,2.2952309520191614
7281,"(L(LXCLfCfQXFLXRLLCCXXlXX,X), )",1.0726699380102795,no,,,10893,2.2952309520191614
7282,"LLXm(rqMFXRLLmm(XXXX, FX), (f(MX)))",1.7145768387756863,no,,,10893,2.2952309520191614
7283,"cMXLLLM(RMFLX, cQqqLXcXXrXmLX((LX)))",1.249619706677089,no,,,10893,2.2952309520191614
7284,"LL(rrLfFCXLXfFXXF((LXMLlCCQLLX)), LFX)",1.2722194893799001,no,,,10893,2.2952309520191614
7285,"(L(LXfLLXRcQfcXcLXfcLLMcLLXcXLFXMmX), )",0.9045922636320529,no,,,10893,2.2952309520191614
7286,(X FCLLCcXrqMLcLLcXLcXLQQXX),0.9542583712232706,no,,,10893,2.2952309520191614
7287,"M(FQ(LcX),RLLLLLL(, RfCXCXLLLXXcX))",1.6296619847870755,no,,,10893,2.2952309520191614
7288,"FMLFLX(XRLQXLqM(LLXFXLX, rXQcX, RmX), LX)",1.634910946965278,no,,,10893,2.2952309520191614
7289,"F(RLX(rX), mLL(LXqX),,  RRFXmcMXXLXrLLX,)",1.5075497749133733,no,,,10893,2.2952309520191614
7290,"FLL((LX),,XrMXqCXFMLXRLXMLXLFL(MLX),,RXqLX)",1.7762519443082918,no,,,10893,2.2952309520191614
7291,"L(rrFLCXMc(L(, MXRXFXX), XX, X), X(RLLfX))",1.3695601258321224,no,,,10893,2.2952309520191614
7292,cLFMcXLLqfXcXFqLmXRLFLcXLmLfXXLX,1.1561572732779333,no,,,10893,2.2952309520191614
7293,"LLM(ffX, LmcqMXccqLFXqL(cmLfLXQFXRCX))",1.3749505289629216,no,,,10893,2.2952309520191614
7294,"Ll(RFCCLQCXCLLLLLMmXLLLMX, ,  , , MLX, )",0.8338583322530568,no,,,10893,2.2952309520191614
7295,"rMLXL(LXLqCXfCXR(LLLLfLXFQX), X)",1.3733063577007516,no,,,10893,2.2952309520191614
7296,"LLXF(Lm(LqXfXCMMXLXmLXM(RFX)), QX)",1.3033794450636575,no,,,10893,2.2952309520191614
7297,"mLLXQLLm(CLQXCLXrMLXmLXmLX, qMFX)",1.395056129422898,no,,,10893,2.2952309520191614
7298,"LfL(fXLCCQQfXL(LCfFXLLLXfXFLQ(FqX, )), LLX)",1.5192585988675484,no,,,10893,2.2952309520191614
7299,"FLCLLL(CqXLXXLXCMXLX,mMXMX)",1.1900289406674007,no,,,10893,2.2952309520191614
7300,"LLLCCLL(RX ,QLmXRLCLCCXfFMfX(CLXL(L(RQX), , ,)), QM(FqX))",1.0813157990471605,no,,,10893,2.2952309520191614
7301,"LLL(LL(LX, rrmLcXLLcXLLLXLfLLXFfLX))",1.8329026653603415,no,,,10893,2.2952309520191614
7302,"((CLfLMLLLXRLQLCXCLLmXRFLXLcMLX), X)",1.0666258255285161,no,,,10893,2.2952309520191614
7303,LFMLXCqMXmXXLXrCCLXLFXCXLXX,1.1166675569559894,no,,,10893,2.2952309520191614
7304,"ql(rlXlLlFLXMLX, LQLLcQLXcLLcXcqFQLXLMX)",0.9896553821329289,no,,,10893,2.2952309520191614
7305,"LLL(, , LXQXllXMcLLFMXccLLLLX, X)",0.9792081124999051,no,,,10893,2.2952309520191614
7306,"LL(RRmmCXLfLmL(fF(, LMLXRRRLQLQXFLQX)), X)",1.516670903166402,no,,,10893,2.2952309520191614
7307,"f(f(MFQfX(QXRcLX)), QQLqcLqLXcXLXMQ(LQXX))",1.1916396649901486,no,,,10893,2.2952309520191614
7308,"(FLX, RLqQCXLQCXLCLXCXrLXrqMX)",0.9730334799630442,no,,,10893,2.2952309520191614
7309,R(CQXRLfXCQCLXXqXXQX LXCCQLXXCXfcX),0.9860700112936825,no,,,10893,2.2952309520191614
7310,"(LFcMcmcXrlXrLXcLXrmLXqmLX, , fQLLX)",0.8926670464757169,no,,,10893,2.2952309520191614
7311,LXXRcFLXXLQcXXffcfLXQLXX,0.9773492862661743,no,,,10893,2.2952309520191614
7312,"LLL(CMLLX,CmFCQQLXCXmXfXcLMLqX,    )",1.27643163639238,no,,,10893,2.2952309520191614
7313,"L(CFQQLFLLXCCLfFMXRLLXX,X)",1.2225803669457187,no,,,10893,2.2952309520191614
7314,"LFCLXL(CqXLXrLLCLCXLFX,LXqFqFmX)",1.169224745127037,no,,,10893,2.2952309520191614
7315,"LLqLLq(X, QQcmXXLLMFcXqLLLmLX)",0.9051222491145878,no,,,10893,2.2952309520191614
7316,"LLq(XCXfXLCX,LLXLcLcXXqLCX)",1.2144794640343604,no,,,10893,2.2952309520191614
7317,"(fmX, rLLLqXcQLfLLmXRFLccmLXLLcXrMXLLX)",1.066802495116159,no,,,10893,2.2952309520191614
7318,"LCc(mX(rrMCCFX(fXffFXCLX)), (X))",0.8275289286401362,no,,,10893,2.2952309520191614
7319,"LFFML(LLXQXLXcXLfMMFXLMqLXX, RXRX, )",1.5095676191544214,no,,,10893,2.2952309520191614
7320,MqLqXcLXXLcXXLmLcXLXcLX,1.2084719270658686,no,,,10893,2.2952309520191614
7321,"(LQLCXLLXCXLLQXMQQQQCXQX, XF(LX))",0.9843330107443998,no,,,10893,2.2952309520191614
7322,"CF(Lcmf(L(FXQFmXLmcQcXrLmLXLX), MLMXX, rLX))",1.3136059469887116,no,,,10893,2.2952309520191614
7323,"LLL(LmqXLXCMlXLmLXRFXLLFqfQX, QX,)",1.474772637942754,no,,,10893,2.2952309520191614
7324,"MQL(RLMXCCLqXrLXcXXCcFX,qXrX, RffX)",1.2742435534547394,no,,,10893,2.2952309520191614
7325,"F(QMcX, RRclcfcFLLLLXmFLXm(XLX))",0.8854229182587695,no,,,10893,2.2952309520191614
7326,"fC(MXLCQ(fLXrf(CXmqXcX)), qXXL(XLmCXrLX))",1.0856220764264202,no,,,10893,2.2952309520191614
7327,"Xm((fXLLQQcXLMX), cQXLlLXLXccLLLLLXLX)",1.085260191963603,no,,,10893,2.2952309520191614
7328,"L(, cL((F((rFFX), cqqccXL(LLcXLL(LLLX(rX)))))))",1.3309433983692938,no,,,10893,2.2952309520191614
7329,"MLlLXMLXRM(,QcLXfLL(rLMMfXL(FX), LQX), QXQLcLX)",1.4030258184683428,no,,,10893,2.2952309520191614
7330,"FL(LLXqCXfMFXFLCLXXX, MQLXqX)",1.145469401286309,no,,,10893,2.2952309520191614
7331,"mqL(Qf(QQfCLLXLQffF(, llLLXLLmXFFLmXfMX)), LLLX)",1.885358041467538,no,,,10893,2.2952309520191614
7332,LLXcqcLmqmLFcXcXXFXCQqX,1.1708044763638552,no,,,10893,2.2952309520191614
7333,"LFcX((MlM(cQXRccLcLXLXX, X), LLXX), (QXqFLLX))",1.0943238020815493,no,,,10893,2.2952309520191614
7334,FFLCLmLfXRRLCLLCCCCXFLLLFXLXCLXlMqX,1.4896327266156832,no,,,10893,2.2952309520191614
7335,"(fLLMLLfX, rcLqcXQcLXLLFMLXX)",1.0183960423366152,no,,,10893,2.2952309520191614
7336,"((LXM(RX, ((XRRLXcXmFXmmLXfXX))), ))",1.5044648832227954,no,,,10893,2.2952309520191614
7337,"LcQFLc(RLLX(qMX), LLFXLXRLmLccXRmQlLmcfFmQLX)",1.1812402706085803,no,,,10893,2.2952309520191614
7338,"L(LqXLXcmMLLXL(cmLmXXRcCX), FQmLLX, )",1.215583535824514,no,,,10893,2.2952309520191614
7339,"((rfLL(qcX(rFccXMXLXXmXRLLXqcXMcLXmcLXLX))), LX)",1.1158057259751624,no,,,10893,2.2952309520191614
7340,"LL(, RLXFF(cqX), qLcLqLXRcXLL(mLFXL(FFllqLqXrfMX)))",1.3525367461607674,no,,,10893,2.2952309520191614
7341,CLLCQQLCXCLXXLXrFCXRMfLLXX,1.4097918893035926,no,,,10893,2.2952309520191614
7342,"CL((CF(RmLCLXRfCLCLqQXLLXLXXLLXrX), QLX))",1.2395186780743515,no,,,10893,2.2952309520191614
7343,"LLLF(qXLcLXCLCXLXXm(rMX), cmX)",1.2656377469533455,no,,,10893,2.2952309520191614
7344,"mLm(LXCXrXXClqXffMLX(fXLXmQX), LXRRX)",0.7971905095509877,no,,,10893,2.2952309520191614
7345,RRRMffQcLXLLLcXLQXcQcXLLfFLXFLLCX,1.0031767557378655,no,,,10893,2.2952309520191614
7346,"LF(LXLqCMXLFMFXMCLXLFXX, XRQX)",1.212023260184084,no,,,10893,2.2952309520191614
7347,LXMCmLXCQLQLXCXXFqXRqX,0.9722731218110775,no,,,10893,2.2952309520191614
7348,"lLL(,RRXrLQCCLXRRLmLFXqX, (RQFX))",1.3208476589258782,no,,,10893,2.2952309520191614
7349,rfcLXMLXqcLLcLXrFmcXLLLLLXLLfMFXLfcXrX,1.0963849903496392,no,,,10893,2.2952309520191614
7350,"LrLc(, rLFMXMLcXLfLfLLX(mLXRRfFX), X, )",1.7440251550240249,no,,,10893,2.2952309520191614
7351,"(L(FLXrCXqCXLXQXmX, qXFX), QX)",1.0514462313659518,no,,,10893,2.2952309520191614
7352,"LLc(rmXFXrFCCXLLXrXMX, rcXLfLLXcXFMX)",1.291310436973154,no,,,10893,2.2952309520191614
7353,F(cLLmX  FcLcLLqcqXLcLXqL(rqLcX(FLMX))),1.2109960959561974,no,,,10893,2.2952309520191614
7354,"LQQL(QQFQQXqLFLM(qmX, X, MXXrLcXMX), qXrLQX, m(fmX))",1.6120346570014894,no,,,10893,2.2952309520191614
7355,"LXF(F(mLXLLmfXrCCXrXFL(LLmCmXfX), QX), )",1.016551242022183,no,,,10893,2.2952309520191614
7356,"RXF(LCXrFmLCXFmmqCFXCXrrLX, RLLXXFCX)",1.0423969892650153,no,,,10893,2.2952309520191614
7357,"LLqXL(L((f(QLX(RcccLXmLX), rXFFqRCMCMXX), CMX)))",1.039323494870724,no,,,10893,2.2952309520191614
7358,"Qcc(FfXLXX, L LXXX,QLFcLXcMLXLX)",1.2859693461402981,no,,,10893,2.2952309520191614
7359,"((FLLXLLXrFCmqXLLLCXQmLq(q(qCX))), XX)",0.6815024892363554,no,,,10893,2.2952309520191614
7360,"Lc(X, FcLqqXcLcLXrMLmLfqXL(LX))",1.3119694544992249,no,,,10893,2.2952309520191614
7361,"FXLfL(,X, mXMXLqQccQXcXLLFXLXX)",0.8892856421627324,no,,,10893,2.2952309520191614
7362,"(LLL((XfLFX, fLcqXfX(qcLLXRXRQXX)), ), X)",0.9317001348724426,no,,,10893,2.2952309520191614
7363,"L(mLfcX, qLcmcXcLmMLcqLXLcLMXqXqX)",1.2698058846978848,no,,,10893,2.2952309520191614
7364,"LfL((LX), rrLmmcXcLLXLLLXFFXfLmfX)",1.7783626913933397,no,,,10893,2.2952309520191614
7365,"F(rcfmc(rLLLmmXLLcLXqFfLfXCLLLLCLCcX), ,rLX)",1.3861208808736265,no,,,10893,2.2952309520191614
7366,(LLLXrrLcmLcccmLXLLMXLcXlFXCqLX),1.3295294238403812,no,,,10893,2.2952309520191614
7367,"LXc(RFMLQfLQXfX, RRLLcXXLLXX(XrcQX))",1.2993289257350287,no,,,10893,2.2952309520191614
7368,"(,rmqqXQcQLLcLMcXMLXC(cX), F(mLLX), )",1.225305115152396,no,,,10893,2.2952309520191614
7369,FLqqqcXLfLXRfFcfMcMQmXMcLXFXcXLX,0.9682883207088103,no,,,10893,2.2952309520191614
7370,RLXXCCmQXfLLXmfmXMFmLmLCLLXrfXMX,1.0478965642723663,no,,,10893,2.2952309520191614
7371,LRmLLMLqXrcFcXMFcXqXmqXfQqX,1.0456322258270447,no,,,10893,2.2952309520191614
7372,"(rLMXcFCMX,LfXcFQXXLcmXMXX)",0.9519863790665367,no,,,10893,2.2952309520191614
7373,mfLqmcFfLXXrcXXmXXXrLccLXLXfcX,1.0215102876747277,no,,,10893,2.2952309520191614
7374,"qLCL(mLXXLCXmX,FXLXRRLmMX, MXLXLCMLXX)",1.567627102109177,no,,,10893,2.2952309520191614
7375,"CL(rCLMLXqLXCLLLXLMQXCMFX,rXq(FfX))",1.0939679029711438,no,,,10893,2.2952309520191614
7376,"LLFLC(ccQMXFXRcLmLcXFmqLqmLcX,qFXCLX)",1.158244219603873,no,,,10893,2.2952309520191614
7377,LLLLLLLLXCfQQCXCXmmXRMfmXmX,1.0186287077712617,no,,,10893,2.2952309520191614
7378,"LLXLqLXLF(rCXFXLQfCLXLf(CMLLQMX), MFXRRMCX)",1.1743777176711652,no,,,10893,2.2952309520191614
7379,"Lf(Q(cXcLfcQXmFLLXFqX, LXf(mX)), r(RFLXMX))",1.1645247821744398,no,,,10893,2.2952309520191614
7380,"LFc(RLLXRMcmFXlLLLmXLqLX, RQLXX,QXFX)",1.3064875330791548,no,,,10893,2.2952309520191614
7381,"LmCLFXLQ(LcXQMXrcLFLXLmFLLLFQX,)",0.9266547934096716,no,,,10893,2.2952309520191614
7382,"(RFmLcXcQXXLqXRX, XrFQX, LLXFX)",1.2360161228096007,no,,,10893,2.2952309520191614
7383,"LLL (XCCMLLLQXLQLFXLLL(, QMXrXrcqX))",1.1985665803979026,no,,,10893,2.2952309520191614
7384,MFLXRCFCCfQfXrFLCLXRLXrQqFLFLX,1.2384885934870127,no,,,10893,2.2952309520191614
7385,"L(MFMfLCqqLXL(XXX, fFXRRMqLCXrLqQfX, ), MLX)",1.5684266231604402,no,,,10893,2.2952309520191614
7386,"LLL(QmXCC(LLXrXLFXRcX), rqcLLLmXLCQLXrFXCX)",1.3848959815882,no,,,10893,2.2952309520191614
7387,"L(LM(fFFX, QX(FXcMLLLLXFLFXFfX(FX))), rCCCX)",1.3066887120657216,no,,,10893,2.2952309520191614
7388,"(m(,LL(RLqXcLcqXLFcLXXXLcXQF(XX) )), )",1.2533966356421087,no,,,10893,2.2952309520191614
7389,fXRLXqLmCLCXLXlLFXLCLLXLLQX,1.1546166135946767,no,,,10893,2.2952309520191614
7390,"L(Rm(X), XcMLLmcQfXfXXmXLMMmXRcFX)",1.0343129068576573,no,,,10893,2.2952309520191614
7391,"FL(LFXRFLMFFXF((fQcXLXLLLXLX)), rcqX)",1.237943286629537,no,,,10893,2.2952309520191614
7392,"mL(, (QX), LXRFXmX(FlXQcLLcLXLfXLmXL(cLX)))",1.3433319958955476,no,,,10893,2.2952309520191614
7393,"LL(RCLMQXrfLL(, RLLXLLXcMfQLQX), RRX)",1.518993721805479,no,,,10893,2.2952309520191614
7394,LXLFXLLqfCCXMXLMLfXrMLCLXRLXQMLqXqCX,1.0297692678616364,no,,,10893,2.2952309520191614
7395,LLLLcXcccLqXLqXLRcLLLXrQL(rLqLcXQLX),1.1739608357573852,no,,,10893,2.2952309520191614
7396,"F(LFmLX((LL(QXMXcmFXLLXXLQX, LqX))) )",1.45533971066274,no,,,10893,2.2952309520191614
7397,fcXqLFXrMLLcQQXcMLXcXrQXQQLLX,1.032630705431558,no,,,10893,2.2952309520191614
7398,"c(c(RLCFFQXCLLLCXLQMXMCLLLXLLX,))",1.005649537390717,no,,,10893,2.2952309520191614
7399,McFFLXRLFLLXXRcLXQcLMXLcmXrFcXrLX,0.9951045742834994,no,,,10893,2.2952309520191614
7400,"LM(LFCLQQLMXCCXrLLX(RRFQLqLXQX, ), fLLX)",1.713810100901872,no,,,10893,2.2952309520191614
7401,LFLX rLLmXLLLqccXrMLLfcXfXXLfXLXccMX,1.179392043846882,no,,,10893,2.2952309520191614
7402,"RLLLLC(MXFLLXrL((, FLXLLXQX)), MXLQccXMXfmFX)",1.3104908245571198,no,,,10893,2.2952309520191614
7403,"LX(FfXrLfXq((X,LXLCXXfFX)), mXLqQFX)",1.1860924981774523,no,,,10893,2.2952309520191614
7404,"L(rcfrMCqX, rL(rLLmFFmFFFXFcXLcLXm(LXCCX)))",1.3491783507365929,no,,,10893,2.2952309520191614
7405,"(XLMqXLCX, LXRRFMcLXmL(XqLLX, XqXLccmX))",1.3497756823737577,no,,,10893,2.2952309520191614
7406,RLX LFFLXCCCLQLXXmfXRLMLCXXrLXrfX,1.0042168769192703,no,,,10893,2.2952309520191614
7407,(cMcLcLLLXrrLcccXFXLLcXMCXX),1.4566816289203839,no,,,10893,2.2952309520191614
7408,"LMfrL(XCFfLX(rfX), XrLLLLccXXXRX)",1.2389074127153326,no,,,10893,2.2952309520191614
7409,RRmMLLXrFmCLCXmXmXXrCLXfXrXrCX,1.2268408576958825,no,,,10893,2.2952309520191614
7410,"LLL((QX), , rrMcLLcFMXXLLLfLcXXRlqCX)",1.3330880488394308,no,,,10893,2.2952309520191614
7411,"LfFMXmLL(m(FXrqXRMLCCMXrrrQXX), RFFX)",1.0811897643195683,no,,,10893,2.2952309520191614
7412,"RLMfC(LmLCQXLLCLXLLLXL(fLM(rfX), ), FXLX)",1.2090068463885286,no,,,10893,2.2952309520191614
7413,"LL(LLQQQXmL(, RLLffCQXRXLfXRfmQLX), MMfX,)",1.8862289632378924,no,,,10893,2.2952309520191614
7414,"(Q( (LLXqqqXL(LFXFCXLFCXrFMXrcLX,rrLmX))),)",1.2900045021825484,no,,,10893,2.2952309520191614
7415,"RM(LX, LLMQXLL(rX,  XLLQLXX(X)), (X))",1.9411086719658968,no,,,10893,2.2952309520191614
7416,"MLLLL(, XrCMlX, RRLLLLXLL(LQX, XmLLXXqX))",1.9980204054385882,no,,,10893,2.2952309520191614
7417,"(X, LLXL(X, fFqXCXfXFLXLX(CX)))",1.346476618209662,no,,,10893,2.2952309520191614
7418,"L( ,, m((mrLcXLqLmXRLcLcQmXLXcLXrLmXFLX,, )), X)",1.1235313598578147,no,,,10893,2.2952309520191614
7419,"fCL(RFLLMMXrCCCLmMLqXFCLXMQMXRFLm(LX), , LqMcLX)",0.9888945513503873,no,,,10893,2.2952309520191614
7420,"LfLCm(RRmFXCXLLXm(LXcX), LmM(r(X)),  )",1.5807223314562735,no,,,10893,2.2952309520191614
7421,"L((LcqXRLcLcQcXFXFXrXXLLX,), cCqLLX)",1.2408438796093333,no,,,10893,2.2952309520191614
7422,"LLXL(RCcffX, MQMXXFcXLLXqXLmX)",1.2931261743947067,no,,,10893,2.2952309520191614
7423,"LF(rqLLmXr(RLLXLFXLX, rX), L(LcLX))",1.5916292361982098,no,,,10893,2.2952309520191614
7424,"MLXr(L(FXQFqXCXlLXmqXQLMXR(X), FLFX))",1.5681534934179784,no,,,10893,2.2952309520191614
7425,"(LFX, ,LXMXQccXmXLXrQLLcLMccX)",0.9886784947360168,no,,,10893,2.2952309520191614
7426,QXLLXCLCqXLXCmXFXXQLX,1.113505617118871,no,,,10893,2.2952309520191614
7427,cLXcLLXqmqcXcLXFXRfXLX,1.0881497255058312,no,,,10893,2.2952309520191614
7428,RCFLLXmLcXLqX LccfXcqXrQmXLqLXXrX,1.0633556079560242,no,,,10893,2.2952309520191614
7429,"LL(XMMmL(RmfQXF(LLX,, LLXLXRX), LLqLX), mFX)",1.4371283000059916,no,,,10893,2.2952309520191614
7430,"LXrLC(((mX), rLfLXLXXmCLLXQMX),)",1.2673995795042146,no,,,10893,2.2952309520191614
7431,"L(RRLXLLLCCXLLXlQXX, LMcX)",1.556533311082857,no,,,10893,2.2952309520191614
7432,LFX RCLLL(QFXCXXXmLLCXXMRXX),1.091203328081458,no,,,10893,2.2952309520191614
7433,"LFXL(mXLLFqXCmCXrMXrqLQXqX, XQLX)",1.1909974094051892,no,,,10893,2.2952309520191614
7434,"(LQLf(CXMLXCXRXMqm(LLLLLX(X)), RQXQX), , ,rM(FQX), )",0.96768485450623,no,,,10893,2.2952309520191614
7435,"LLLmXLF(LmMQXLXFLqQL(LLXLMqfLcX, XmmQLX), X)",1.5170077770594557,no,,,10893,2.2952309520191614
7436,"(mLLMLqLCX, rlLLmqLcXLqcLccLcfcLXLLLcqCX)",0.9124844343020179,no,,,10893,2.2952309520191614
7437,"(L(LRLRC(mM(((FXCFXLXLX))))), (LQX))",1.061967137472019,no,,,10893,2.2952309520191614
7438,mRFLXmCmLClQmXLmXXLCMXLMqMMqFqXX,1.1015158365744648,no,,,10893,2.2952309520191614
7439,"LLFLF(XXfFqLqCXCXLmmQXmXlQX,  XLX)",1.0343561323206156,no,,,10893,2.2952309520191614
7440,rLMXQcLcXMLXcFXLXRFMXRRRccX,0.9876396021109963,no,,,10893,2.2952309520191614
7441,"QLMX(F(LFXrqMMFX, mMXmcXXXcMLLXrX))",1.1148051932291554,no,,,10893,2.2952309520191614
7442,"L(LLXFQlX, mXRRcmXXXLLLfLmMLXcXqmFX)",1.1599319067597889,no,,,10893,2.2952309520191614
7443,"fML(rrrLfX,rLLqmFXLLcqcQLcLXqLQLXL(rLCX))",1.370788209849597,no,,,10893,2.2952309520191614
7444,"LmLMMXC(XrqmC(LLFXLCXQq((LLLX)), ), qLXRX)",0.9555087105988901,no,,,10893,2.2952309520191614
7445,"M(FmL(L(LCXrMLfqLLFXrQCXLLXX, , lLMLcqX)) )",1.1458980798731162,no,,,10893,2.2952309520191614
7446,"XXL(MLmXr(((rXCXLLXLFLFXFX), ), XFX), LX(RFFfX))",1.579439627601594,no,,,10893,2.2952309520191614
7447,ccXrLLFXLLFcmlqXLLXLcXfXXfLX,1.0273978196445681,no,,,10893,2.2952309520191614
7448,LFXLCCCQQmCXCLLCXQQfXrfffLLX,1.1400508639038907,no,,,10893,2.2952309520191614
7449,FLXRRCLLLCmXCFLFXLLXMX,1.2377688461294891,no,,,10893,2.2952309520191614
7450,"(LX(rLQQX), QLXLXCCLLmLXfLL((QXfXmX)), )",1.2797987173147798,no,,,10893,2.2952309520191614
7451,"LQL(XLLX(XFXcLLcX, FqXX), McXR(X))",1.3262224651826646,no,,,10893,2.2952309520191614
7452,rLMFFQXLfFLXqcFcfLqcXLcXLLLLcXLXRLCqMmX,1.1876992246826539,no,,,10893,2.2952309520191614
7453,"(FLLLXCXrrCXFXLLLXMXmXCXCX, LFX)",0.9960868058152585,no,,,10893,2.2952309520191614
7454,"FLCL(LqXqXLMQMMCXRfLX, rXMX, XX,)",0.9972429943096608,no,,,10893,2.2952309520191614
7455,"LfLL(fXLqX, QcXLLQcXL(qcXF(MX)), LL(fQFX), X)",1.2635127265126846,no,,,10893,2.2952309520191614
7456,"CmL(FL(LQQLLCLXCXfXQXfmQMX), LX)",1.194048024709085,no,,,10893,2.2952309520191614
7457,"LcMQ(L(LXCLCXLLMQCXQCXf(qXcX)), LX, flmX)",1.0960328234937338,no,,,10893,2.2952309520191614
7458,"LcQ(XXXQmLLrcXFLX, RmXX, FQX)",1.3038026443148232,no,,,10893,2.2952309520191614
7459,"LLXLL(XccCqmmLXMFFmCCqXRLLFXLmX, LqQFX)",1.333362884589362,no,,,10893,2.2952309520191614
7460,"LL(cX, ,FQFQLLLcXcLLXrLFXcMX,X)",1.0908597551323487,no,,,10893,2.2952309520191614
7461,"RcLL(RcXL(XLLLXLXrX), ,LQLXR(LLX), QFLXrmXX)",1.770871202663906,no,,,10893,2.2952309520191614
7462,"LLQCL(CXLCXLmX((RfX, X), ), XcXcFmXX)",1.3076924717303355,no,,,10893,2.2952309520191614
7463,QQLCLCXFFfCMXFLFXFFLmfCXFLXLLLX,1.1594973196681597,no,,,10893,2.2952309520191614
7464,"LmLL((FL(L(qLFqX, qXXFFCCLXLLLMXX, ))), (X))",1.3397020429101822,no,,,10893,2.2952309520191614
7465,CLqcLccqXcLmXLXcXLX qqLX,1.2602808070841274,no,,,10893,2.2952309520191614
7466,lLfmLXrrcMccFcXLfcLmLXLLLXrCMLX,1.4195303423199896,no,,,10893,2.2952309520191614
7467,"Ff(FLLXFqCCFLXXXLXXmqCX, MMFXcqX MqX )",1.0508658813049385,no,,,10893,2.2952309520191614
7468,"mqLXmFL(fLqXccXLmXrXrmXmX, rfQXRX)",1.071046073624361,no,,,10893,2.2952309520191614
7469,"((F(mLLmQXCFXfmXmXRLLCLXMLqMLXrLX)), XLLLX)",0.9041281848558715,no,,,10893,2.2952309520191614
7470,"LmCFXFLfmf(rrClMXLXLLXFFLCXMfFX, FqXLqX)",1.2910501136438857,no,,,10893,2.2952309520191614
7471,LmFqMXcLfQcLXXcQLFcXmmMqXRRLfX,1.1679002001102747,no,,,10893,2.2952309520191614
7472,"ML(LLLXRLmMLQCLCXCLmCLFFXXmLccX LX, RMqX)",1.4345472052031927,no,,,10893,2.2952309520191614
7473,"LmXLF(rLXMLFmLXrCCCXrMLLXQX, RFX )",1.2201756792601195,no,,,10893,2.2952309520191614
7474,"LLL(rCCqLXLLL((McLLXLXRLmX),), (QML(RqfX)))",1.4950386115610508,no,,,10893,2.2952309520191614
7475,"LL((LXX), LLXLXRRcLcXFfXLFXMXMqXX)",1.3392776591906763,no,,,10893,2.2952309520191614
7476,"(RLFXrLXrCXrLfCLLLXLXrCXLffX, )",1.1037700772134416,no,,,10893,2.2952309520191614
7477,"CLLqCLq(XL(CXMLXLqX), L(CXLXRLX), LXLX)",1.6282610694985258,no,,,10893,2.2952309520191614
7478,"LFLcML(,QQX,  LrqLXLccmXXCfXrCFFXfmX, LX)",1.5165634850002812,no,,,10893,2.2952309520191614
7479,"Lm(rmLLXfCCLqXMLLLXLCqXRQCLXQqLmX, rXrL(mLX))",1.1674077819208237,no,,,10893,2.2952309520191614
7480,"L(, F(RccQLcXrLLL(LLX, mfCCcmCCcLX)), rrLX, RLX)",1.0830071539568447,no,,,10893,2.2952309520191614
7481,QXqQCqLCqXLLLLXCXLQLMqX,0.9190898411911714,no,,,10893,2.2952309520191614
7482,"FXRLQX(LLLfX, , LQXccLMcXQXRXLX)",1.0955364348967052,no,,,10893,2.2952309520191614
7483,"LL(RRFCXMCXLLfXrqXLX,  ,LX,)",1.4948019644314339,no,,,10893,2.2952309520191614
7484,QXXmXLCXqqCLLLXCXQLXLXX,0.9549336498636065,no,,,10893,2.2952309520191614
7485,"qLLXf(L(rFCXfCXqQMXmLXXQmX, ), RQX)",1.188753927332634,no,,,10893,2.2952309520191614
7486,"Lm(,LX, QXLXfLCXLCXLXcmL(clX))",1.132662024995623,no,,,10893,2.2952309520191614
7487,"lLLLXLL((MMLLFX),, QcXXLXMLLFcXQX)",1.2551608612,no,,,10893,2.2952309520191614
7488,"MccL(mmqX, rLLqcXFLFLLcccXq(R(,LfLXFLX)))",1.5069115105913313,no,,,10893,2.2952309520191614
7489,"(FLQLQLXCCCMLffLfLmQfXrqqLXRLX, qMcLX)",1.2999558028537554,no,,,10893,2.2952309520191614
7490,"m(RLX, LQLMXfXLcMXXLFXmX, RFcmcfX)",1.0308218819982575,no,,,10893,2.2952309520191614
7491,LQFLLXRCCCCCLLfXXXrLXLXX,1.23285209222299,no,,,10893,2.2952309520191614
7492,"LLL(CQXLXXRFRLL((LLLQX, ,), LLFXRRMLX), CX)",1.2302368079929205,no,,,10893,2.2952309520191614
7493,fX RMcLXLXRLLcXRLcXFXRRcXRLX,0.9984402367507365,no,,,10893,2.2952309520191614
7494,"cLM(, RRLXCCLXLLXLqXrMX, rQLmX)",1.6805104534201316,no,,,10893,2.2952309520191614
7495,"LR(LXLCmCQX(LLLXLCLfLXcCXfLQX), QLQfXrX)",1.1489735897772457,no,,,10893,2.2952309520191614
7496,"RLLXqL(rLXXCCCLX, QXFcQXcXMLXLX)",1.257700233036011,no,,,10893,2.2952309520191614
7497,"CLLC(mMXXLX, , rMqMXCX, XLqXCXqXLLXX)",1.2981440896344323,no,,,10893,2.2952309520191614
7498,RQCfCfLLLXCmFXFXMLXCmXLXqX,1.2243729389568803,no,,,10893,2.2952309520191614
7499,CXRLXCqFFLXfXMFfCFLXmmXmLXFCXRCX,0.9751311224108684,no,,,10893,2.2952309520191614
7500,"Lmc(RRFLmXcXLLXX, QQXFLXX, mQQXX)",1.263195413717773,no,,,10893,2.2952309520191614
7501,"LL(rrXMLL(QQFLXmLLXF(LX), X), cLMX)",1.6792928139129442,no,,,10893,2.2952309520191614
7502,"Lf(LXrrCCMXXFXfLFXCMX, FX)",1.064738306277595,no,,,10893,2.2952309520191614
7503,LCFXXFfXqCXXLCLXMCqLqX,1.031938233187567,no,,,10893,2.2952309520191614
7504,"(RRLM(,LL(LFXCLCLLf(LmXLXXlcX)), LmfLffX))",1.617950471376936,no,,,10893,2.2952309520191614
7505,"RXLLQXLLMqL(LfX, FqMXC(LXqXQLfX, XMMXrLX))",1.882803699474651,no,,,10893,2.2952309520191614
7506,"(mfMQCfX(LMLLXLCLCLXXQLCLXmX, ), LX)",1.0110821163346575,no,,,10893,2.2952309520191614
7507,"(rXqLMXrLFm(XCX(LCXQXQXRqX), LLX), )",1.2442580830753558,no,,,10893,2.2952309520191614
7508,"FLfL(,rLcqXLcQMXLLXFXcQMLXLXmmMmX, MCcmqX)",1.1296391753224952,no,,,10893,2.2952309520191614
7509,"L(QrrXFX, rrLLcmXcfFfLFfLLLXLLFLFXrLQLXX)",1.6169494958985162,no,,,10893,2.2952309520191614
7510,"LLc(mFm(qXX(LcXLqXXRLLqfX), RX), X, , LqX)",0.9470775534927758,no,,,10893,2.2952309520191614
7511,"Lc((LcLqqXcFXLLXLcXFXRRLXrLX,))",1.3175263372345054,no,,,10893,2.2952309520191614
7512,"CLLL(QmX,,  rrMfccXcLfXLLLXXCX)",1.685247019023025,no,,,10893,2.2952309520191614
7513,"(LF(RRCLmXCLLXLLXrLMLXQX), (L((LL(mX)))))",1.7902219165791098,no,,,10893,2.2952309520191614
7514,"LL((FX), rrMmcXLLcXLXfmXQ(rFcX))",1.575955349657726,yes,B6,19,10893,2.2952309520191614
7515,"mL(LXcqX, LCq(rCXCCLqqCXLX, LXLXCLXqX))",1.1756119765726227,no,,,10893,2.2952309520191614
7516,"L(LX, LFLqcXcccqLLmXLm(qcXrrFQXX))",1.267184553735988,no,,,10893,2.2952309520191614
7517,"XQQXLLM(LXL(QLQXF(MLX,  qX), cL(LX)),)",1.5326529661979056,no,,,10893,2.2952309520191614
7518,"LmLL(rqLX, rrLFcXLcLX(mXRRRQLLfLXf(mX)))",1.703331620724464,no,,,10893,2.2952309520191614
7519,LFRXLCQXCXXfMmXRFmCFFXLLLMLLXFMqX,0.9605936063961849,no,,,10893,2.2952309520191614
7520,"LLFX(RMqQmXXLcXLXmLmXX, XrX)",1.1827929357872846,no,,,10893,2.2952309520191614
7521,"LLL(LX(rCqX), ,QX, qCMXLLmXCLXLXRX)",1.3078082671255593,no,,,10893,2.2952309520191614
7522,"fFLXrLm(rcLXL(((LFLXLFLXrLMLCfMX), )), )",1.51639060826101,no,,,10893,2.2952309520191614
7523,"L(FLf(LfqXLX(LL(rLqFLXLM((rLLcX))), , ), (LmLmLX)))",0.6800276246660066,no,,,10893,2.2952309520191614
7524,(  CmXCLXmQCXfFXXLLLLXCXXqLFX),0.7489521107400283,no,,,10893,2.2952309520191614
7525,"L(Cm(LLLXRRCCCCCX(XLLLFXXX)) , )",1.4524571644916278,no,,,10893,2.2952309520191614
7526,"f(, LqX, LQXLXfLfCXMFFCXmLXqLcX)",1.0356883100807415,no,,,10893,2.2952309520191614
7527,"qLL(,LLLXqcmccXLXrLLXLX, Lq(LLFXcX))",1.2715610657836753,no,,,10893,2.2952309520191614
7528,"LX(LXXLQcccX(FXmmXLLLXRcFMXr((LX))), MX)",1.1470035643055383,no,,,10893,2.2952309520191614
7529,"qLMLqXm(RQLX(ccmLXXMXrf(FLX)), rLX)",1.1928024981822314,no,,,10893,2.2952309520191614
7530,"c(q(f(qX), ), LLLXL(rcMLLLqcXLLLcLXQ(RRXLX)))",1.0668200882054684,no,,,10893,2.2952309520191614
7531,"LX(Lf(CmX, rrLCX(L(XmXXX, ), (rFX))), )",1.6968022952592088,no,,,10893,2.2952309520191614
7532,"(fqX, rL(qMX, rmfLmFXLCLLXfCXX))",0.9662511129031893,no,,,10893,2.2952309520191614
7533,LLFqXcQcQccLLQXrLXMXqLXRRRRLmX,1.155291595689602,no,,,10893,2.2952309520191614
7534,"LCLM(QQCLXLmX, LLQXcFLXcLLXMXfFqFX)",1.071601994855583,no,,,10893,2.2952309520191614
7535,"mL(L(LL(mCQmfQXLLCCLXMQMXrXL(X,), (X)),), )",1.584807930284081,no,,,10893,2.2952309520191614
7536,"LL(RRLCLXCXMLLXrrLXrQLFX, , cMLX)",1.5837029510620433,no,,,10893,2.2952309520191614
7537,"XLFF(C(LLLCX , , FX), QLccXmLXXXfXFMcX)",0.9696066979481925,no,,,10893,2.2952309520191614
7538,"fLML(((fX), mX, LLLFqXqcccXFmXMXXX))",1.0605175776865274,no,,,10893,2.2952309520191614
7539,"LLM(,(cQXLXcXLQXX, QX), FCLmXLX)",1.1185018345926006,no,,,10893,2.2952309520191614
7540,"L(LL(XmMQMffXXcLXLMXLLFX, FrQX, , ),)",1.1528353240459455,no,,,10893,2.2952309520191614
7541,"L(,mQLXRlCCXqLLXQLfLLfLXLX, LLX,qqQ(mQccX))",1.1091806066175107,no,,,10893,2.2952309520191614
7542,"L(LcfcXrcLLqXLFL(mLcXLLmXCX), FLX)",1.0942403381877441,no,,,10893,2.2952309520191614
7543,"(LRFFLcLc(XRXLXX, LQX(XLFLXLfmX), RM(, XmXX)), )",1.7164374385674164,no,,,10893,2.2952309520191614
7544,"qXmLXLmLmLF(LLXrLFXLX, RFQXccXXQCQqX)",1.2044475074952243,no,,,10893,2.2952309520191614
7545,"LLLML(fc(RLmLcmQXrFfQcLXMLLqLX, LFX, FMmX))",1.0466688865678206,no,,,10893,2.2952309520191614
7546,"CLL(,cLFqmX,rrLLccXcLLLfMXXRXrfX )",1.5514415106637474,no,,,10893,2.2952309520191614
7547,"L(cLQLqX, rrLLcfLcMXMLcXLQLLXLLMfffXX)",1.3874852001821902,no,,,10893,2.2952309520191614
7548,"LFL(MQLXLMXLcXLXLX, , rLLQfX, LX)",1.2366786822193794,no,,,10893,2.2952309520191614
7549,LFMLXQMCLQLCXCmfXXrfXX,1.1394441459856068,no,,,10893,2.2952309520191614
7550,"fCF(LLLLFQX,LqcLmqXLLcLcXmLLXrmLX)",1.3176676853746407,no,,,10893,2.2952309520191614
7551,"XLLLf(LqXCFXXXLMFXQCLX, FmqLX)",1.3492874061267022,no,,,10893,2.2952309520191614
7552,Fl(l(rLMLLMLMXMccQXmLLXX((LLLcXrLX))) ),1.2380874112067595,no,,,10893,2.2952309520191614
7553,"Lc(QXLFXRFFcqXrLQmcqLcX, LQFXrc(FX), fX)",0.7945658864524152,no,,,10893,2.2952309520191614
7554,"L(cfmXRMLQCCXLLLCXqqXF(LX), QLLqX)",1.0008632754489903,no,,,10893,2.2952309520191614
7555,LMLQmXLLXRLmQcXcfcXFXcFLXRRfQfFXmFFFX,0.8778162514131185,no,,,10893,2.2952309520191614
7556,"L((cMfQQCLLXLLfCCXXMQXX), LLX)",1.445142572334613,no,,,10893,2.2952309520191614
7557,"cLcc(rCXLqfLXRCCLXLX,, qXXRXRRRRcLXX)",1.168653931692505,no,,,10893,2.2952309520191614
7558,"M(LXMrrXCFXLfFXLXrLFFX, LLFXRX, X)",1.3517596676029715,no,,,10893,2.2952309520191614
7559,"LFLXr(LXrrlCCCXLL(LM(XXRLXQLLX), RLQXX))",1.4591458214861577,no,,,10893,2.2952309520191614
7560,"L((RffLLLLFQXmCCqXRQQLLXLLLXLCfX), LLLmcX)",1.6702485747543614,no,,,10893,2.2952309520191614
7561,"(rLX, LLLXRRMLcXXXLmcXX)",1.1240769221073321,no,,,10893,2.2952309520191614
7562,"LfLL(,rrFmXLcLLcFXrLfLXRmlQXlfX, X)",1.5971862096573566,no,,,10893,2.2952309520191614
7563,RC(rLXLLMML(RcLXXFFXRLcXRLLLcMXQ(f(cLX)))),1.1706266167820196,no,,,10893,2.2952309520191614
7564,"FLQ(XlLXLLLccXLXX, fQLXLcLX, LX)",1.3648600870489946,no,,,10893,2.2952309520191614
7565,"LL(, QXLLLXmLCmXM(CXRRXqX), (L(qLFqX)))",0.9595105162991118,no,,,10893,2.2952309520191614
7566,MMXR(RXcqXMFXcXLFXFmLcqLXXXmXrcX),0.8806594988060952,no,,,10893,2.2952309520191614
7567,"(LLXccRRXFMLXFFFLmXMMLXFLLX, LLX, LFX)",1.6752409593766258,no,,,10893,2.2952309520191614
7568,"LLQLL(LXXLLM(mX, RFXCXFX), QX, )",1.2557545830009682,no,,,10893,2.2952309520191614
7569,"FCC(qmXMXfXLXrCLLXCXrX, MXXLX, MXfX)",1.0431782522672093,no,,,10893,2.2952309520191614
7570,"MLXLmL(FCLqmFqmXFCMXL(QXfqLX),, (RfMX))",1.1507132438873815,no,,,10893,2.2952309520191614
7571,"MfXFL((LLLLXmqXrLLCCXLLMLLXrLmLQX), X)",1.174006604783107,no,,,10893,2.2952309520191614
7572,"LLfLM(, qqCcXL(mLLLXrcLXQQ(RXmMX), ), LcMX)",1.621040398846128,no,,,10893,2.2952309520191614
7573,"L(LL(, , rrLLXLLccLXLXfXMLLCCfX, ), MfLX)",1.7087394441397432,no,,,10893,2.2952309520191614
7574,LLCQCQXFfLCLXfLXCLXXmqLXX,1.4001668185526497,no,,,10893,2.2952309520191614
7575,lLLXqcqcccXcLqfcLFXLLXLMCQX,1.2919325478738757,no,,,10893,2.2952309520191614
7576,"mLqcF(MFX,LMfX  QfcLLLLFQXXcLcfLXr(rLmX))",0.9381354740051154,no,,,10893,2.2952309520191614
7577,"F(MQcX, cfLLXqfcqLXmcmMXcXLLqqCMMmMMXL(mX, ))",1.119215881334618,no,,,10893,2.2952309520191614
7578,"QXfmLlXMLQLL(LXLccXLLXL(FccX), FX, , XCMXRQqX)",1.3898629482086555,no,,,10893,2.2952309520191614
7579,"mLFXqXmXCMCqXLLXL(, LFX(, (fXXLflFcCX)))",1.09306743661805,no,,,10893,2.2952309520191614
7580,"LXMfLcq(LX(qcMFcXLLfXqL(LLLqXfLX)), rfMLXcLXX)",1.281278367014749,no,,,10893,2.2952309520191614
7581,"LLF(m(LCQmQQCLXLCfXQ(LfFLLXLLcX)), CX)",1.3087827550611355,no,,,10893,2.2952309520191614
7582,"MCLCXLLq(LXFLXmXFmLLFLLm(, cCLX), FX)",0.9215153320840213,no,,,10893,2.2952309520191614
7583,"L((QLQLcX(mcXLMF(qXLX)), X), FLfX)",1.3256480132705986,no,,,10893,2.2952309520191614
7584,"LLLLL((QX), cmqXfmcXcqXLXXQcX)",1.0946934039869978,no,,,10893,2.2952309520191614
7585,MLLfCQXXqLcCCQCmXRXCFXLLLqLX RLFLX,0.9819115366904516,no,,,10893,2.2952309520191614
7586,"L(RMLXrCCCX, LQXcMLXmXLXcXX)",1.059144967179714,no,,,10893,2.2952309520191614
7587,"qL(FLXXCMXMfXMLmXqFX, RX,)",1.1154052353647992,no,,,10893,2.2952309520191614
7588,XRLCLXCQXLLXCLLXXLFFXFX,1.1469853070517686,no,,,10893,2.2952309520191614
7589,"LL(cX, LCfCX,RRLCXCLmXLXXRX)",1.3452602517502623,no,,,10893,2.2952309520191614
7590,FLLLLXMMLLCLLQQCXCmXmFXXmQX,1.1825155540826113,no,,,10893,2.2952309520191614
7591,"(, RRFLFFLLLXmCCLLmXMXLXFMcqcX, LLX)",1.5477517859393015,no,,,10893,2.2952309520191614
7592,"LmfLL(, rrLfMLXLcLcmLXLXmmfqFXX, X)",1.5214510771910221,no,,,10893,2.2952309520191614
7593,"F(M(CLL(((LQLQCCXLCXLLLLLXmLX)), X), ), )",1.2762071646932331,no,,,10893,2.2952309520191614
7594,"((CQXmXCXXRRfCXrqqLX), LX)",0.7123114010782498,no,,,10893,2.2952309520191614
7595,ML( qXLXCXqLMXCXMCLXCXLLXc(q(LX))),1.121124990750854,no,,,10893,2.2952309520191614
7596,"LFqmMcL(,  LLX, rFXcQmcLLXrlLq(r(((XL(qmXX))))))",1.5798215323123872,no,,,10893,2.2952309520191614
7597,XcXcLXXRRMcFXMXXMXFLXMcLQcQXcfMqX,0.9913993732126535,no,,,10893,2.2952309520191614
7598,"L(,, RX, LL(rMqCXL(LLXM(LX), RqLX), qQX))",1.161004719311341,no,,,10893,2.2952309520191614
7599,"QL(FcLQLQFQCXqcmLQF(, LCMLXLXLfX), rQX)",1.476130756521972,no,,,10893,2.2952309520191614
7600,"LFL(,L(X, rcXqMcXLcXqLfmqqLXfX))",1.137914592035362,no,,,10893,2.2952309520191614
7601,"X(rLqXLCCCXLXXCMXLXX, LqXRLM(X))",0.9310129189575141,no,,,10893,2.2952309520191614
7602,"CXfLL(, LMLQXRCCLXLLCqXFLCQQF(LXcLX, ), R(RQQFX),)",1.3498974765360154,no,,,10893,2.2952309520191614
7603,"(RLmCLLXQCLCXLLLXCXrLXfMLLX, rLfX)",1.2375132031486535,no,,,10893,2.2952309520191614
7604,"(LXrqccmX(L(LMLXf(LQXMMm(cX), qq(Lq((qXC(fX, ))))), )) )",1.2248193067824358,no,,,10893,2.2952309520191614
7605,"LLLLLLC(MCqXFXCLqXLX, rrmmmX)",0.9265440737796187,no,,,10893,2.2952309520191614
7606,"(FLX(LL(, QXFXLLccXfLmLXX, X), X), )",1.2071065131413954,no,,,10893,2.2952309520191614
7607,"XL(, QLLXLXLL(XcmmXqX, X), XX)",1.149419448053941,no,,,10893,2.2952309520191614
7608,"fCLFLXLqM(rmLX, LXXCXLLXFLX, cX)",1.3580967643059034,no,,,10893,2.2952309520191614
7609,"CL(LMLXCQLXLCMLXRCLMXqQLLXQLfqCX, LX)",0.9951460296302356,no,,,10893,2.2952309520191614
7610,"L(L(rCqXRf(rX, LFXLLX), XFLLX), FXX)",1.2718115730843482,no,,,10893,2.2952309520191614
7611,L(LfX QmLX(cFXXLLLLQccmLXfXLcLX)),0.9877029984112295,no,,,10893,2.2952309520191614
7612,"L(rrCLXmQLL(CFXLX, LQXFX), QXLLXFX)",1.3017700036858766,no,,,10893,2.2952309520191614
7613,"rcLc(, rfLXRf(R(QLQLLLXX), ), rLXLcLXXXfLFCX)",1.5259857243376926,no,,,10893,2.2952309520191614
7614,"m(rLLFXff(X(rmqCXf(CQXFLXLLLfX)), RRLFX))",1.3149167609116024,no,,,10893,2.2952309520191614
7615,"L(RFX, rrLcXcXLLLmXrQQX(LQX))",1.4782484738912622,no,,,10893,2.2952309520191614
7616,"RLL(QLXCCLXqL(rqqXLLXRX), ,LXRX, , , )",1.519458518468922,no,,,10893,2.2952309520191614
7617,"(LLLqXLCfLLXXmLLXFLmLCXX, LXX)",1.2794289895073514,no,,,10893,2.2952309520191614
7618,"mLLXQL(XfXLL(FXLXcqLqqqLX, LXX), X)",1.3003582819268709,no,,,10893,2.2952309520191614
7619,"LLmmF(QQLCXLmmfCLCXFfQXRMXfqQMX, rrXcLcX)",1.3666207598335267,no,,,10893,2.2952309520191614
7620,(RflMFLXLXRLmmCXrmLCqCXCCXRLXRmMLX QX),0.9816667346841861,no,,,10893,2.2952309520191614
7621,"rCL(RCLCLQXmLXrLCXXcX, rLXLXfXFCCX)",1.1836709890318504,no,,,10893,2.2952309520191614
7622,"m(LLXFrqCXmMCXLLLLXqCMCXMCFFFXLLXcX, )",1.0446424542882102,no,,,10893,2.2952309520191614
7623,"L(LX, LLXmcLQXX(XLLcFLLXX))",1.0871976138396937,no,,,10893,2.2952309520191614
7624,"LL(rXFL(CqLLXqMQfLQL(RRQLqL(cX, rmX))), MQX, )",1.0685916995956868,no,,,10893,2.2952309520191614
7625,"(LLLfqFFCXFLXCCXLX, qLqXX)",0.8679523207128693,no,,,10893,2.2952309520191614
7626,"cLcL(rqLXLcLLXLXfXCfX, QcMXRRfX,)",1.5080342368908575,yes,B6,2,10893,2.2952309520191614
7627,"(mQmLfXLX, ffqcXfLXcXXLLXRX)",0.9387481766410085,no,,,10893,2.2952309520191614
7628,"CcLLLXLcLqq(,qQX, LLXLcMXRLLLXFMLXX)",1.4862422277066305,no,,,10893,2.2952309520191614
7629,"LL(LX,  (LFLQLXXMcXXM(qLX(fFFX))),)",1.2291223282943446,no,,,10893,2.2952309520191614
7630,"LXL(qXLL(CXLXCLLXqX), FLXfX)",1.155780978998539,no,,,10893,2.2952309520191614
7631,"LmF(qfXF(Q(qX)), fXLRRcCcLcMXXLXLLcXRFX)",0.992737760988053,no,,,10893,2.2952309520191614
7632,"cLmLQ(XXm(LX, RLQCCmfX(XqXX)), McQQXmLFmLLX, QMXRX)",1.3876432526397084,no,,,10893,2.2952309520191614
7633,"cLLF((mMLLQLCLQXMCCXRLFMLLLLXQLmX), qCCcQX)",1.193893510179617,no,,,10893,2.2952309520191614
7634,"cLLXM(LX(mFLX), LXcQFcXmmmXMXLXMcXX)",1.003112332456849,no,,,10893,2.2952309520191614
7635,"cLXcLL((rrX), rrLXCMXCMCCCLXcf(MQX))",0.9781591357201319,yes,B3,25,10893,2.2952309520191614
7636,"LM(,X, rCcMfqXRLLccfXrrFqLXrLX)",1.3083095326448002,no,,,10893,2.2952309520191614
7637,"L(LCX((cfQcX)), XLXRmFfXLcLLQXLcXX)",0.9484251129391319,no,,,10893,2.2952309520191614
7638,"FL(mL(LrXLXXCqXLLCLXXCX), mQX)",1.0402446932183107,no,,,10893,2.2952309520191614
7639,rXLXcLcQXXLmlLmXcQXLXCX,1.0057068005445562,no,,,10893,2.2952309520191614
7640,rMfLF rfXccqXLLXcXLmLfXLX,1.1075274253039022,no,,,10893,2.2952309520191614
7641,"MLL(((rX), RRLcFLFFXLLmXfLXcLXRX))",1.1040852517018689,no,,,10893,2.2952309520191614
7642,((cLLffXrcLcLLLLqXRLcLqXXRLLCLLX )),1.2915334185327934,no,,,10893,2.2952309520191614
7643,"FL(fLmLFQLXCCXFFLMFQLXR(RXLX), RQcMQXqLFLXFX)",1.2784648507261633,no,,,10893,2.2952309520191614
7644,FXrrLLCMXMLccqXFfLLXcLXmMXLXmLX,1.2566183026869604,no,,,10893,2.2952309520191614
7645,"f(cLqFXLLcQXLXXLcXQXLLXcMMX, )",1.3122450127383574,no,,,10893,2.2952309520191614
7646,"L(R(X), LL(LCCMCqqXmLXQX(FXqQX), QXMXCCXL(rX, ), FQX))",1.4510259295501768,no,,,10893,2.2952309520191614
7647,fLCXLcLXrqLLFccXLLLcFXMLLLqXMMCLLX,1.1455981401139104,no,,,10893,2.2952309520191614
7648,"(LLMX, cXrLXrcLXqLMcXqLmFXMX)",0.9808231963343685,no,,,10893,2.2952309520191614
7649,"mfLXrLL(cqmLLXRmfL(LMLf((LX(rrqLXRMQLX), ))), )",1.4644925649729224,no,,,10893,2.2952309520191614
7650,"rCmLLmXL(RcccXRFFXXL(XrqLCMLLmX, LqqlX))",1.2985412103738065,no,,,10893,2.2952309520191614
7651,"qFLLL(, XX(XXXX, qLXL(CCCLCXX, )), fMX)",1.4142781848866537,no,,,10893,2.2952309520191614
7652,RLLCCmXCfqLLXLFXFXLLFCXRLfX,1.2899827108553952,no,,,10893,2.2952309520191614
7653,"mLLq(LLXFLXrL((M(LmLXX), mFLMLMXCmmmLLfX)), LX, )",1.34100766370628,no,,,10893,2.2952309520191614
7654,"L(rrLXL(LcXLLm(, LfXfXlMX), ), LX, )",1.9644531516869785,no,,,10893,2.2952309520191614
7655,"Lf(L(XqFXqLCXQLCFFLXLFLQX, RLFMFX), Q(rmCX))",1.3623070403014526,no,,,10893,2.2952309520191614
7656,"L(L(XLX, RXLcXfLQXMQLFcXqXqLqXXX))",0.9659364300970714,no,,,10893,2.2952309520191614
7657,"(rLX, rrFcFLLLXLcXXLLmXLX)",1.5325463882934338,no,,,10893,2.2952309520191614
7658,"LX(qLmX(LXLLCCXX(X)), LLX)",1.1050199031846013,no,,,10893,2.2952309520191614
7659,"LFLfc(RmffcQXrLcXLFXRX, XX, qFX, mMX)",1.0397157405191226,no,,,10893,2.2952309520191614
7660,"LFL(QXcXFXFXMXLXcX,, X,, qXrfX )",1.1546585360507622,no,,,10893,2.2952309520191614
7661,"LM((RRLLLLCXCfLfXLLLLFXLXRMX), LLX)",1.7592388679155053,no,,,10893,2.2952309520191614
7662,(LLFQXXrrLccLFccLcLXrLcXcXqqqXRMLX ),0.932453579744815,no,,,10893,2.2952309520191614
7663,(LXRRLLCLCXLLfLCXLLXL(LFX)),1.3590045632947225,no,,,10893,2.2952309520191614
7664,"L(LMXqMFCXmXCFXLfXLXqCCLX, mqfXLLLX)",0.9742192103543943,no,,,10893,2.2952309520191614
7665,"rLcLLL(MF(cX), , , , , rXcMfXLXLMXRCmX)",1.5480191609098464,no,,,10893,2.2952309520191614
7666,QLXLXCCLLCLLLQXMXFLXqfLLXRRLfCLFX,1.1650390603488008,no,,,10893,2.2952309520191614
7667,"CL(rL((QXmX, LMmXLfcqcMLcXXmXMXRQX), , ), LX)",0.9500331863173704,no,,,10893,2.2952309520191614
7668,LLLXMcXrQcLfqXmcLXqXcLXX,1.0357979451278063,no,,,10893,2.2952309520191614
7669,"mLLFcXFL(, QLFXXcFXM(FfLXmLX), fF(RFX))",1.2866891445914705,no,,,10893,2.2952309520191614
7670,"L(RRLLfCXCFMLX(LXMFFXfX), RLX)",1.5688290233748081,no,,,10893,2.2952309520191614
7671,"LcXrcmLL(MMXrmLLMCMCCFXLMXRX, MXMXmqXc(L(fX)))",1.1889858365165993,no,,,10893,2.2952309520191614
7672,"LL(cQXF(qqX), mCCXRLQXrLLCXLLfXrXX)",1.297271996230287,no,,,10893,2.2952309520191614
7673,"mFLL(qLcMXCLCXX, XmX , , MXrrfXmLCCXLQLXQCcX)",1.62642232341548,no,,,10893,2.2952309520191614
7674,"L( QL((q(Rc((QX)),FqqqmCX(qMXQqX,L(MXrX)), , )), RXr(X)))",1.276614654500909,no,,,10893,2.2952309520191614
7675,"LLLMfF(,MqXLXccXLXrrLXR(cLX), X)",1.0856421068761504,no,,,10893,2.2952309520191614
7676,"CL(LrXFCXrmXLXLrrmCCXfXrX, qLmLXX)",1.0372939316540235,no,,,10893,2.2952309520191614
7677,"(RqLLQCXRmqfXXCf(X), qXLXLLCXLXLFXFXCmX)",0.990892682571327,no,,,10893,2.2952309520191614
7678,"CLXfL(FXQQXcLFLcccXLQLQX,FLX)",1.108691818658615,no,,,10893,2.2952309520191614
7679,"FLXCLLqLL(rfXXXRLXRFcmCCX, rXRLCXrLMX, )",1.2238088904284157,no,,,10893,2.2952309520191614
7680,LCCXLXRXQFCCLMLMLXLMXFCXLMLqXrqcFLQX,1.046885046490966,no,,,10893,2.2952309520191614
7681,"(LLLCFLFX, rFLLqLLXRRLLL(XXXQFLX, , ))",1.897081150226777,no,,,10893,2.2952309520191614
7682,"LXL((XCfqCMXMXLXLCXmX, fX), LX)",1.021824631954787,no,,,10893,2.2952309520191614
7683,"LMM(,LcMcfqqLLmLXcXL(RMqXmXfCQQX), ,,, ,LX)",1.4138543998650204,no,,,10893,2.2952309520191614
7684,"L(L(LL(LqLqX((fXRLmcLXmFXlqLX), ))), FcX)",1.4582723993027975,no,,,10893,2.2952309520191614
7685,"LXfL(fqXLXLf(LmX(LM(qcXrXLX)), ), QXR(qmX),)",1.0621053531666653,no,,,10893,2.2952309520191614
7686,"LM(QQLX, qFcXLffXLLXFqL(LXX, CLFCQX))",1.121682815172203,no,,,10893,2.2952309520191614
7687,"mLFmXLmM(XrrfCXLCXFXX, qFLqCX)",1.0807728410618707,no,,,10893,2.2952309520191614
7688,"LLL(q(LFLXcfCX), RFQXLcmLcXLFXMmFLXcXLfXq(X))",1.0872437012164655,no,,,10893,2.2952309520191614
7689,"LFMX(f(LX, LLQLXXcXFcLcLLXFCX))",1.2094447616971966,no,,,10893,2.2952309520191614
7690,"LL(LffFcQXXRqcfX, LCCCQXmL((CFXQMmmXRfLXMLX)))",1.2445873848947124,no,,,10893,2.2952309520191614
7691,"FLcLL(rrMXcXFLLXQLLXlX, X,)",1.5394135353447789,no,,,10893,2.2952309520191614
7692,"L(F(cX, rLMMXRLQcXcLcXfLXLLX), Fq(CX))",1.241415620742329,no,,,10893,2.2952309520191614
7693,RXcqMmfXLcXLXLFcqMXLXLcXXFLX,0.9980935759681768,no,,,10893,2.2952309520191614
7694,"L(, MqmLXFfLLXLCfXMLLXLXLLFX, rFFQQqXqFmFX)",1.4686029225112645,no,,,10893,2.2952309520191614
7695,"QcLL(XLXXcFX, XLFXLLXrLcX, RXcLMXLLX)",1.6728474290931659,no,,,10893,2.2952309520191614
7696,"L(f(((cqX))), QLXXccLFLFLXffXX, L(FFX))",1.0947819390314077,no,,,10893,2.2952309520191614
7697,"LXL(LqfmXFMLXLCLCLXLLXm(qX), (LLX))",1.379118054339488,no,,,10893,2.2952309520191614
7698,F(ccqLXfLqfLXcfXmXLXcXMLXLFqXccfX),1.0423494815805963,no,,,10893,2.2952309520191614
7699,"FL(CqXXM(LXCXQ(rFMMLX)), qfXCX)",0.891910374040048,no,,,10893,2.2952309520191614
7700,"cXMML(rXqmCCCXLLXrCFXqLX,, qQQXmX,)",0.9980671452560446,no,,,10893,2.2952309520191614
7701,"FmLXFL(M(LqqXLFL(cmLXX, XCMqLLX)), LX)",1.3700527205421347,no,,,10893,2.2952309520191614
7702,"LCC(RCCCfXQFXLLX(f(rm(, mXXcLQMX))), mX)",0.9499873650803252,no,,,10893,2.2952309520191614
7703,"Lc(,rlXcLX  rLLfXrcXrcMLXMXmmFLXCm(rcMQX))",1.071500603256284,no,,,10893,2.2952309520191614
7704,qqLLLqXcLFcQLQXLXcXrXLLfX,1.3113583291024677,no,,,10893,2.2952309520191614
7705,"LXrfL(LX(rfMLFCXLLLLCLCXrFX), FLfX)",1.0883101702324123,no,,,10893,2.2952309520191614
7706,"L(LX, cqqLLXcXLfXLFFLcmXLcXFX)",1.0262050434286583,no,,,10893,2.2952309520191614
7707,"LMf(QQCLXLmCCLLLLXRLLFLLXLF(FX), rQLLQLX)",1.3902528589487335,no,,,10893,2.2952309520191614
7708,"(X LLLX((M(CcLqXXcLcXqXf(qXLX))), ))",0.9315973258253711,no,,,10893,2.2952309520191614
7709,"LLmmqM(XClXrLQXXMX, rCCXrX, LqCCXLLLLXRLCX)",1.502844380640586,no,,,10893,2.2952309520191614
7710,"fQ(,mfffLLXLXrCFLCXFXXX,LXcXX)",0.9705865061900187,no,,,10893,2.2952309520191614
7711,QXQLXrqCCLLCCLXXLLFXLXRXRCffLX,1.2320966836168374,no,,,10893,2.2952309520191614
7712,"(XXRLCQLLCCCCLLXFXr(rXRLLfX),)",0.7741796716249351,no,,,10893,2.2952309520191614
7713,"FX(mqLXRMLL(QXcXXrLXXLFqQX, QMX) )",1.0701995081428883,no,,,10893,2.2952309520191614
7714,"(LXQLQcXLcFXLfqXrLQFX, X, lCLX)",0.9964551170696557,no,,,10893,2.2952309520191614
7715,"LL(RfLMX, QqqcXfffcLcXrLXLLfXfX)",1.3851374639586203,no,,,10893,2.2952309520191614
7716,"F(L(Lm(RRcLcLCCXCLMXLLLXX(qX,), (fF(LX)))))",1.7421468736774095,no,,,10893,2.2952309520191614
7717,"(rLmX, rrcLXLcLfLLmLcMXLLXRLLQLQQCX)",1.445631550089771,no,,,10893,2.2952309520191614
7718,"(MrLLLccfcFXLLLLLQcXLcMXcXmMLLfLLLX, )",1.183483482759828,no,,,10893,2.2952309520191614
7719,"rLm(,rLX,LLXcfqLLcXFLcLLXLMX(rLMX))",1.183919593954131,no,,,10893,2.2952309520191614
7720,MLmqmXMLfFXcqcfmXFXfcLmXfXRqQXFQcX,0.8898680179535667,no,,,10893,2.2952309520191614
7721,LXRRLLCCLFmFXLCLXLfLXLX,1.3195336656804515,no,,,10893,2.2952309520191614
7722,"L(RqQmLmLXLXfm(LXXrqq(qLX, ), qX), qLLcX)",1.1438657702625161,no,,,10893,2.2952309520191614
7723,"LL(X, rQLqX(XfMXX, XXqCfXFmX), XqLQX)",1.107681819448122,no,,,10893,2.2952309520191614
7724,"LL(,(LXLfCqXLXLmCXFFXX, RFMQLMXLLQX))",1.0914357764133895,no,,,10893,2.2952309520191614
7725,"(RX, rLLXCQMCLXCLLXLCQLXLXRQqXXLCX)",1.1758486121698448,no,,,10893,2.2952309520191614
7726,"LLL(X, XRRmLLXcXLLLXFXXRX, FX)",1.565318991607437,no,,,10893,2.2952309520191614
7727,LXLXfLcXXRLcQXrcXLLfXRLXLX,0.9946307009331262,no,,,10893,2.2952309520191614
7728,"LLL(mQXLCMLLCXMXRXmLQQX, RLXFFFcXr(RX))",1.1613425426190822,no,,,10893,2.2952309520191614
7729,"L(LXRLmfQCQCX(LfqXmCFLfXFqLXfMLfX), LMX)",1.0956992136547765,no,,,10893,2.2952309520191614
7730,"LF((rrfLCfXmm(rLLLLLcXmLXCqXX, )), (XX))",1.6703445572542372,no,,,10893,2.2952309520191614
7731,fmX RLXLqQcXfLLcmXQXMfcXLFXrqQccmX,1.022473266013833,no,,,10893,2.2952309520191614
7732,"FLQ(fXfLX, mLcX(,XcXMX(L(X(X)))))",1.039187498971033,no,,,10893,2.2952309520191614
7733,"(FfmL(QLXRCLCLLFXrLCXQLfXcX, McqLX), RM(X))",1.1281559781235482,no,,,10893,2.2952309520191614
7734,"XL(RLXL((rc(X))), RRLLMMMcXXFMXFLXLLcXLX)",1.5183256725536258,no,,,10893,2.2952309520191614
7735,"(RmCLLXRCXCLLLLfQXRLQXX, LLMX)",1.2975309249086326,no,,,10893,2.2952309520191614
7736,"XLMXF(LXcQXQXX, RcLcQXFLXrXmQqXmLmLX)",1.1330362034299182,no,,,10893,2.2952309520191614
7737,"((, LLF(, RRFLXCLCLmXXMXcqQQX, ), ), RqcLX)",1.4917841917259276,no,,,10893,2.2952309520191614
7738,"((RRLMmCXL(, LLfLLLmXLLLLXrcmQLX)), RLX)",1.5578289430924035,no,,,10893,2.2952309520191614
7739,"F(RMLcXF(fLXRXL(LL(L((mX))), CmX)), cLfcLXLX)",0.9264854216725478,no,,,10893,2.2952309520191614
7740,"CL(CFLqXLFXLLLLXCXqXqX, mFXmFmX)",1.0567018706915845,no,,,10893,2.2952309520191614
7741,QccfXqFLqLcXLMMXcFXmLXXfqcXLXRX,1.005808343303758,no,,,10893,2.2952309520191614
7742,"FL(fqXCmLXLXLqCXQLXLMXRX, LXX)",1.0376368256986772,no,,,10893,2.2952309520191614
7743,RQLLXrCCLqCLCLFXCLXrmlQXLLLXFX,1.1895440816533485,no,,,10893,2.2952309520191614
7744,"M(, L(F((,(,MCX))), rrLmLmcXMcXFLLXLXCLX))",1.6431689643320377,no,,,10893,2.2952309520191614
7745,"FL(cXqLFXCCXrXL(LLCLLXLCMXX), MLX)",1.0830424598419295,no,,,10893,2.2952309520191614
7746,"LLM(, , rqXFccXX, QXfCCCQXLLXFLXX)",1.300487684714181,no,,,10893,2.2952309520191614
7747,"FL((rrLCFX(XfX(F(XLXL(FCMXX)))), f(LXX)))",1.2983976788592746,no,,,10893,2.2952309520191614
7748,"L(LMqMXLXcLcLfXMLLcLqMXRX,LMmFLMX)",0.9215518801157166,no,,,10893,2.2952309520191614
7749,"LMCCLFf(,RFmLQXCLFXqLLXLX, , RQXLX, , )",1.105473745088472,no,,,10893,2.2952309520191614
7750,"mLX(LLQXCFCXfLMFXLX(rQX, ), QLLLXmXFcXLcLX)",1.3358349959162148,no,,,10893,2.2952309520191614
7751,"CLL(QCXLFXRMFCLLLCXqQLLXccLMX,  rqqmXLfMX)",1.1844493936131542,no,,,10893,2.2952309520191614
7752,"(mLMXrrcCLCXLLLFXLLCXRX, RlLX)",1.0323169105863133,no,,,10893,2.2952309520191614
7753,"LmLXL(fLLfLXLLLXRcQXFLq(fLXLLqMX, ), rLQX)",1.1764634492606088,no,,,10893,2.2952309520191614
7754,"cLL(MXrcCffQMX, qmcfmXLfLXqcLLmcXrXrQXCX)",1.2249240423264989,no,,,10893,2.2952309520191614
7755,"(XLXCqCfXXLXCLLLLMXrmmMXCX, rLfLX)",1.1074364846795322,no,,,10893,2.2952309520191614
7756,"L(FQXrX, lfXQcXffXLfLfcffXRRcLFfX)",1.0997014502588862,no,,,10893,2.2952309520191614
7757,"XL(L(C(L(LXL(rLMCCqFXRXXLXX)), XLX)), )",1.1627887224952003,no,,,10893,2.2952309520191614
7758,"CfQQL(LqqCLfXLXLLLLX(rfLLfCCQX), fMX)",0.8858707324273096,no,,,10893,2.2952309520191614
7759,"rQXLL(CXRmfmfCXFLXLMXFXcLXLXLmX, RCX,)",0.6361412643788994,no,,,10893,2.2952309520191614
7760,fcLXLLXQcFXXXFXcfLLQXMXqMXcFX,0.8329804996912294,no,,,10893,2.2952309520191614
7761,"MqL(XmFCXXX(LXqXMFCCX), X, LFXMX, XCX, )",1.2749013435551046,no,,,10893,2.2952309520191614
7762,"ML(LMX, FXqcXXlXLLcXrLXMX)",0.834726914698456,no,,,10893,2.2952309520191614
7763,"(CL(, rrLLcLcXLLLLcX(LXqqMXX)), cLLX)",1.686171026346819,no,,,10893,2.2952309520191614
7764,"rccL(RfQX, LFqXRfLLLcLXqXrMX(qX), )",1.5969315529294248,no,,,10893,2.2952309520191614
7765,LmcLCMQXCLLQCXLCLXrXXXQLmX,1.2842057930625708,no,,,10893,2.2952309520191614
7766,"Lf(X, LLFM(FMfmmXLLX, RRLcXMXFcLXFqXrX))",1.1731448417373644,no,,,10893,2.2952309520191614
7767,"LLX(RQ(X, MXLLXccqXLLm(LLmFXrQQX)))",1.2260695442391922,no,,,10893,2.2952309520191614
7768,"(FQCLLmmQXCFCQXrrqMXMLXMcX, lLLmLX)",1.301740180787662,no,,,10893,2.2952309520191614
7769,"LF(L(F(CqXXCLLCXfX)), rrLLXqFX)",1.01240014311936,no,,,10893,2.2952309520191614
7770,"rML(RRQLLX, LLXRLccXRMXcLXLXrQFX)",1.0855767890183505,no,,,10893,2.2952309520191614
7771,"LF(((rrLfXXCLXLFXLXXX), qX), , X)",1.7787080767009156,no,,,10893,2.2952309520191614
7772,"FLFL(L(rLqCXLcccfmXLLXCCX, M(LQLQX)))",1.2393557237382378,no,,,10893,2.2952309520191614
7773,"Lm(, XL(LXRRLmXcXLFfXLXXmFfX, RRQX, ))",1.552168155960013,no,,,10893,2.2952309520191614
7774,"QLML(fQ(LCX), (mMFQCXCLCXRLMLX(LLLX)))",1.243484087949198,no,,,10893,2.2952309520191614
7775,"LXcmXF(, rLLXLcFqqcqXmmLLXLLXFXX)",0.7671041069734397,no,,,10893,2.2952309520191614
7776,"LmLL(LF((, rqXCCXX, qXXrLL((FX), fX, XX)), , , XX))",1.416937249009266,no,,,10893,2.2952309520191614
7777,"LXML(RMLLQXCfLLCXRLXrcLXLX, rXMccLX)",1.445205043493248,no,,,10893,2.2952309520191614
7778,"FF(LmLXCqXLXFLCXFfXX, LXfX)",1.0563953070506618,no,,,10893,2.2952309520191614
7779,"Lc(FLX, XqcXXLXLfMcXRLLfXCX)",0.9245447833181737,no,,,10893,2.2952309520191614
7780,"LCCc(fL(fFX, rMmXLQcXLXcXMXLXXlmcLX))",1.2063878492226108,no,,,10893,2.2952309520191614
7781,"L(RcL(, cXRLLcXLcQXqqQX), MXLX, rXCLX)",1.0638535223027834,no,,,10893,2.2952309520191614
7782,"LLLF(X, RRLcMXlXXXFXRLLcX)",1.2111037067550734,no,,,10893,2.2952309520191614
7783,"lXLL(LXC(X), XLX, rrMCFLfXCLLXXLRLqX)",1.3771907294320913,no,,,10893,2.2952309520191614
7784,"rLFLcm(, M(RFX), rLLLXcLXLLXLXX)",1.7132134761370315,no,,,10893,2.2952309520191614
7785,"LF(  , X,CQLQLLFCQCFXCXmXfLXrCXmXrLLqLLX)",1.2443757701059364,no,,,10893,2.2952309520191614
7786,"XFcLL(cqLX, QFFQFcccXLXX((MQLFX)))",0.8724907416383654,no,,,10893,2.2952309520191614
7787,"QLLM(LFLXLXL(FX, LL(XRLXX)), cQFXMXX)",1.2752735089881329,no,,,10893,2.2952309520191614
7788,"LLC(,L(rfqXRMCLLCXX), (qX(LX)),lqX(XFLX))",1.1366567181170202,no,,,10893,2.2952309520191614
7789,"fXLMQ(RMLXfM(rX, ), FLXRLLccXrXRqmLccX)",0.8714441348449645,no,,,10893,2.2952309520191614
7790,"L(, FLXRCCLQXQqLCCLXRQXmLX)",1.1396336207707565,no,,,10893,2.2952309520191614
7791,"((((LFXLXLcRXFQXFfmFX))), fFcXrLqMXLCMCCFmXX)",0.7311641818312175,no,,,10893,2.2952309520191614
7792,"rL(m(FFXCXrFXF(, MXmcFFX), FLLXrR((fcXXQLX))))",0.878594370459605,no,,,10893,2.2952309520191614
7793,"MLfM(MLXFCQXLLXMXmmMCXXRLMLf(lXqX),LX)",0.798227663843123,no,,,10893,2.2952309520191614
7794,"LLL(F(mLM(X), RRcMMXXLLXLX(McXfX)),)",1.150653882735207,no,,,10893,2.2952309520191614
7795,fLLCXRLFCMCLFCLQXrCLLLXXLMLLX,1.2042185419965046,no,,,10893,2.2952309520191614
7796,XmcXcXrLLXMQcXMMcXfXLFLXLXfmX,0.8198808804518846,no,,,10893,2.2952309520191614
7797,"LC(LLLLLC(QQLXFCXX(rqXLX)), X)",1.2282527859227674,no,,,10893,2.2952309520191614
7798,"M(lcLLqcXLXMLcqXLLLXLcMMXLLXrFLX, X)",1.1271978949220973,no,,,10893,2.2952309520191614
7799,"LL(rL(CLQqXCFLqQX), RRLMfLXfXLcMLXXFXLQX)",1.1645478032545478,no,,,10893,2.2952309520191614
7800,lLLXcccqmXLXLLXrcFcLXrfMXMcX,0.8976548911770796,no,,,10893,2.2952309520191614
7801,"LfLqL(LXFfLXcXfLcLLLXRqLX, RfQmLX)",0.8061170707945966,no,,,10893,2.2952309520191614
7802,"m(LmLLXL(rFLLCXrCfXLXqmLCX), LLqX((X, )))",1.0773500284059234,no,,,10893,2.2952309520191614
7803,"(rLccLXLcXRQXrmMcXLLXrLXMqqX, )",1.3235121127522362,no,,,10893,2.2952309520191614
7804,"RLmL(CLQmXmL(, LXLXrcmqqLXX), X)",1.9475685368496838,no,,,10893,2.2952309520191614
7805,"FLFXMF(XLLLLQX,LMLQXLLcLlLXLXLcLLXRX)",1.2388531788466157,no,,,10893,2.2952309520191614
7806,"LXML(rlLX, RRMXL(LcXLfXLFXLLXQcLX))",1.6247547332745014,no,,,10893,2.2952309520191614
7807,"LL(RcQXLFLXrLLLXFLML(LqMLLmLccX), LX, L(fQFLMX))",1.15194160172569,no,,,10893,2.2952309520191614
7808,"(LQXFLXRCLLCXFXXLXRLCMfLLXLX, )",1.2652382004426397,no,,,10893,2.2952309520191614
7809,"(mFX, Lf(XLqX, fcqfcqfLXLcXRLLfFLXFXX))",1.1722750255629755,no,,,10893,2.2952309520191614
7810,"LLLQC((mCQXCCXMLFLqXLcX(LQMqmmX)), LQmmQfX)",1.644676745259949,no,,,10893,2.2952309520191614
7811,"LLLL(M(FqqXcfFFFcXMLLLXXLLFCX), LX, )",1.5755329225740546,no,,,10893,2.2952309520191614
7812,"MLXRCLCXMCQLLXFFCXXLfXRLfLfLf(QL(, X, ))",1.0055920430766399,no,,,10893,2.2952309520191614
7813,"LfLL(L((c(rrF(X))), CLQXMCXQCXLQXFXRX, , ), MX)",1.0323154244992332,no,,,10893,2.2952309520191614
7814,"Lm(RRLcLXLCCXLmLXLXLcX, LcqX, )",1.7934039553880545,no,,,10893,2.2952309520191614
7815,"fFLXLL(F(mX(qXfqCLXmLLCQXFLmX), qRX))",1.253201790687069,no,,,10893,2.2952309520191614
7816,"(LL(LXflqXFX(LCMLCLLXXX), L(X), ))",1.2572089658774117,no,,,10893,2.2952309520191614
7817,"LFXm(mmQLLXl(((XccLXQL(RRLcLFLFLX)))), L(X))",1.0280648318799708,no,,,10893,2.2952309520191614
7818,"fLF(,LLX(MLXrrlCXFXLLLCXX, rCLX))",1.226104418257578,no,,,10893,2.2952309520191614
7819,LLcLXmFCCCQMXffLLLLXCCQXXRfXrLX,1.0704336424884435,no,,,10893,2.2952309520191614
7820,"(lfXmXLX, fLfLfQXccXLXRLfLffcXLcX)",0.951542000206804,no,,,10893,2.2952309520191614
7821,"cLLM((L(rX)), RLqXmcqXcXLMfLXLqqLLXRX)",1.241218952917165,no,,,10893,2.2952309520191614
7822,"LFF(FL(qfLXfMCXMXFLXCmXLX), Rq(qXfX))",1.1429532377649314,no,,,10893,2.2952309520191614
7823,rrLLXMLqLccXXRXXXrFLLcmXXFLqcX,1.253114838303552,no,,,10893,2.2952309520191614
7824,"LLccLL(rMLMqXLcLcXmXqCXFLX, RLffX,)",1.4658877084199653,no,,,10893,2.2952309520191614
7825,LRQQQQmXLqCCMmqLLXLmCLmXLLXXFQFLX,1.1202625399635129,no,,,10893,2.2952309520191614
7826,RmXcXmcXLLXRFcLXQcXLLXLmXLMXX,0.9688097188878956,no,,,10893,2.2952309520191614
7827,"((L(LFm(rrfMCXXLMFXCFLFLXfX), FX), rQLX), C(LLX))",1.2192553950319316,no,,,10893,2.2952309520191614
7828,"LF(fLQFXQccXrLLXQLX, LXCmLX, FqXR(qFX))",1.3188835863559811,no,,,10893,2.2952309520191614
7829,"LLL(M(CmMLX), QMLXFXCFCXFfLXQQXrfX)",0.9760271103846473,no,,,10893,2.2952309520191614
7830,"m(LLFXrqccXLLLcLmXQlQlLXcLLX,)",1.154448293028512,no,,,10893,2.2952309520191614
7831,"LcLf((rffXFLCFXLL(CCLMX)), LqXcmXLLXmXF(rqX))",1.2784706828683037,no,,,10893,2.2952309520191614
7832,"L(RLCXLXQCXmXm(CLXLXML(cLX)), MLX)",1.0480105083564983,no,,,10893,2.2952309520191614
7833,"L(, LLQffXCXLXfCXRffXXmX, RqqXfQfX)",0.8859588198727204,no,,,10893,2.2952309520191614
7834,"LLL(mXFFLL((QMQXFf(cLM(LQRLLccqX(FMQ(LLX)))), , X)), FX)",1.2049637252073488,no,,,10893,2.2952309520191614
7835,"L(X(MqX), LFXrrcXCXF(lfFLXLLXLCXqX))",1.2987510393717943,no,,,10893,2.2952309520191614
7836,"FLLqmf(, , rMLmX, , XLFLLX, MCFXmLXXCLLLXRMrLQLX, )",1.4311482818990728,no,,,10893,2.2952309520191614
7837,rXrMLXrLcLLccXrLLXcFXRLXmXX,1.2624021080734555,no,,,10893,2.2952309520191614
7838,"(RLmLLfXL(X), cLqXLXcXm(LLXCfcqXrcX))",1.0168296157773449,no,,,10893,2.2952309520191614
7839,"(L((rQ(RFLXLX))), cqXLmLLLLXFcfXfXLmmXX)",1.029607736469078,no,,,10893,2.2952309520191614
7840,"(LLLmXrrFCFCXFCXLXrLX, RlqXLLMLLXX)",0.8685229079450735,no,,,10893,2.2952309520191614
7841,"LCLC(cmCX, RFX, qXMXLmXLXXFLLFQCQX)",1.5100432740962026,no,,,10893,2.2952309520191614
7842,"LfLFf(QMMLX(LXRF(LL(LMX, RMCXf(FX)))), (FMX))",0.9040030950057624,no,,,10893,2.2952309520191614
7843,CLcLfXrcccMFXMMFqXcLXRLLLQXfLX,1.0240890380353977,no,,,10893,2.2952309520191614
7844,"LqXMQL(RmX(MFLXLqQ(MFccmcX), LLXQmLX), FX)",1.368670343863277,no,,,10893,2.2952309520191614
7845,"fL(CQQfXCCCLCLQLLXM(m(qXcXmFX)), qX)",1.6344779143984578,no,,,10893,2.2952309520191614
7846,"FXLL((m((rqCXRLCFFXqm(XX)), ), rmQqqLX), qX)",1.0897921779313202,no,,,10893,2.2952309520191614
7847,rrLCLffCLX qcLFCLcfccXLXcLXLQmXqLX,1.3653388345155508,no,,,10893,2.2952309520191614
7848,"RLLML(RXLLLQ(qLX, XfX, RfmXqXq(ffMX)),, LLqX, LLX)",1.7813157418068986,no,,,10893,2.2952309520191614
7849,"Lf(FLmfXrrLCXrrLLLLq(F(XLQX), qXLLmX), LqXFMMfX)",1.2326363770456583,no,,,10893,2.2952309520191614
7850,qLXLXLcLXLfqcmXfLLcfMXRFMXXX,1.0046614756717342,no,,,10893,2.2952309520191614
7851,"(fmMCLLfLRLQfXrfCMMLMLMLCXRQqLLXQX, LX)",1.2488747049708535,no,,,10893,2.2952309520191614
7852,"f(F(qLLXCLlX(XXXXCFFX), rXmFLfMX), , fLX)",1.0166893083356727,no,,,10893,2.2952309520191614
7853,"MCLc((X), rrLfLcXLLLcXLXXrCX)",1.7320744259303988,no,,,10893,2.2952309520191614
7854,"L(XXXfCqqLXLCLCLFXLLXLLXLCLFX, Mq(mLLFX),)",0.9987011832151884,no,,,10893,2.2952309520191614
7855,LXMMfLcFcLXLqqcXcLXRLXqXLlLX,1.272967963431747,no,,,10893,2.2952309520191614
7856,"L((LMLXCqLXFLXrCCFLLXMLXX), FLqLX)",1.0115671576278378,no,,,10893,2.2952309520191614
7857,"LCmXL((rrfCXXLXMMXLXCXlq(X,), qLXr(LLmX)))",1.4075712144279304,no,,,10893,2.2952309520191614
7858,LMmFL(crLLLLQqXccFqLXLcXXQLLLXFXFcLLcmMX),1.3793167732092553,no,,,10893,2.2952309520191614
7859,"LL(CmmFL(RmfLQX(CLL(rCLX(QQXXQX)))), X)",1.372463877052375,no,,,10893,2.2952309520191614
7860,"C((cqXcfLLXLLcqXcLLLLXFlXMLLX(LQLLXLX)), )",1.1556379252330284,no,,,10893,2.2952309520191614
7861,"(L(fLLXm(LrrMLmCCXX(LFXLCX)), FX))",1.0628978608949302,no,,,10893,2.2952309520191614
7862,"(LmCX, CLLX(rrmFCXFXLFXLXLXCFX, ), CX)",1.522156272474279,no,,,10893,2.2952309520191614
7863,"CXML(QrqCXFXXMXX CLmmX, MlLfXL(RFFmX))",1.1239465309866672,no,,,10893,2.2952309520191614
7864,"LM(qXLLLLXccMXLXqLXX, cXMFFFX)",0.9691922796686351,no,,,10893,2.2952309520191614
7865,"LmcffXLL(mX ,qcXLffXf(L(FcLfcqXX(lFfXfq(LX)))))",1.1109464390039239,no,,,10893,2.2952309520191614
7866,(XLXcmLqCXCfqCXMLXCLXRMCXLXX ),1.0611604606491185,no,,,10893,2.2952309520191614
7867,"(fccLX, qfMFqLcLMccXcmFXFXRqmMFXrfCX)",1.140250895546038,no,,,10893,2.2952309520191614
7868,FqLLXXqLqLCXLCXLCXmCLXLqX RX,1.0828052359550062,no,,,10893,2.2952309520191614
7869,"m(LCMcLX, rLLLLcqcXRfLFcFFXqXrXRcCQQX)",1.3867411320667957,no,,,10893,2.2952309520191614
7870,FqLMXLLXLLMccqLXX cLfXLLLMXRmL(rQQFXRX),1.1862838425850366,no,,,10893,2.2952309520191614
7871,"C(RQCLXMCLXRmXLcX(QLX), RLLXCX)",1.3851944168916943,no,,,10893,2.2952309520191614
7872,"LL(FXrCmqFLXRffXlFXLLLFXQLmCLX, X)",1.2284975603774886,no,,,10893,2.2952309520191614
7873,"FLXRmLXFL(cX, frqXCLLCLLXlXRLLMQQXLX)",1.3554580902233646,no,,,10893,2.2952309520191614
7874,"m(MLX, RLL(, LQXL(M(LfX), LXLLXLXX), LX), )",2.0057042655863273,no,,,10893,2.2952309520191614
7875,"L(RR(LlXcXXLmXQX, XCQcX),XX)",1.18523246005404,no,,,10893,2.2952309520191614
7876,"LCCMmXLL(,QfXCXLXRCXQ(QQLqXrLXX), QmX)",0.9995420233374299,no,,,10893,2.2952309520191614
7877,qXLLXrLccLcXLXfXLXXCFLQFcX,1.167195787509959,no,,,10893,2.2952309520191614
7878,"LFC(L(M(FXfqXCLQFqqCXFFFLLXrLLX), rfMmXLX),, m(LCX), ,)",1.3984728856917543,no,,,10893,2.2952309520191614
7879,"RcLmLL(FXXQLMLXMMcLXLFX, QX(RXqX), XFX)",1.3040424728889894,no,,,10893,2.2952309520191614
7880,"(LL(LRLmXrFLFCLFCLXrCCMLMfXFXXX, ), )",1.054627190283427,no,,,10893,2.2952309520191614
7881,FccLqLLMqXcMXLFLXfcMXLFXLqQX,1.2087619308379134,no,,,10893,2.2952309520191614
7882,"LQLL(MQLfLXCCXfLXXlmcLX, X, )",1.4387405452939155,no,,,10893,2.2952309520191614
7883,"QLLL(LQXmCCXXrFXr(X), mX)",1.1724983104029807,no,,,10893,2.2952309520191614
7884,"L(M(LRClLQLCXMCLqXrLLfLX(mfLmLX, )), LqLLfLX)",1.281617869313357,no,,,10893,2.2952309520191614
7885,"(L(Xm(QMCXmLFFFXXR(, mLXXrX))), rqLX)",0.7271816266388348,no,,,10893,2.2952309520191614
7886,"CLfLcXQLm(RmmX,RXRLLLFF(XLLLX, XRqqFXFX))",1.6305461912987393,no,,,10893,2.2952309520191614
7887,"FFCL(X(X), RRLLFMXLL(CmXmXMrq(LFq((mqXLqMqX)))))",1.408585764790353,no,,,10893,2.2952309520191614
7888,"rLF(LLqXLqqQL(XLLMXLXX, X), qL(XFMX), )",2.0011245031365252,no,,,10893,2.2952309520191614
7889,"fLLL(,LMX, rrFLXccLFLXRLLXFXCfMCX)",1.6688186977746409,no,,,10893,2.2952309520191614
7890,"RLL(,fLXQfCXL(LLCXLLmXLX), RmX, LCX)",1.130378419722322,no,,,10893,2.2952309520191614
7891,"MLCf(qCqXmCLXLLFQXQL(rFm(, RFmX)), MX)",0.9403436679674388,no,,,10893,2.2952309520191614
7892,"L(rLQX, XRRLLcLXLXLcLXLLLX)",1.1719545047934818,no,,,10893,2.2952309520191614
7893,mQQLQMLFXrLLCCCfFLqXXmXLLFLCXLX,1.4215825325376799,no,,,10893,2.2952309520191614
7894,"MLFfXRRL(X, , M McfLXXLLFcXrqMmLLQLX)",1.304901040818195,no,,,10893,2.2952309520191614
7895,"L(FX LLXRF(XFXLQcXLcLXX, FCX),)",1.0028039531764699,no,,,10893,2.2952309520191614
7896,(LQfXLLXMCMXRCFLMMFFLXlfXlXMLLX mLXCX),1.0558518975094424,no,,,10893,2.2952309520191614
7897,"LFM(fLMqLXLLLXMccmmXLLXrLXqX, C(rmcLXRccLcX))",1.0719547102027651,no,,,10893,2.2952309520191614
7898,"LfL((fX, qLXMFXCLXF((fX(FLLLLXmQX)))), FCX)",1.4569903942509286,no,,,10893,2.2952309520191614
7899,rLLXLLcFX QqcmXqXcfXLLXXQFX,1.007947624724569,no,,,10893,2.2952309520191614
7900,qL( rLccLLXcQLLXLXLcXLLcLXLFX   ),1.4453344260406145,no,,,10893,2.2952309520191614
7901,"lXcLLLLfM(rX, cqFXLXLcXqXLLcXrfX, )",1.0956459657790878,no,,,10893,2.2952309520191614
7902,"cMLMXFf(XqLX, LLXRLmXcQcXLXL(LLX))",1.3537663252540215,no,,,10893,2.2952309520191614
7903,"mL(FX, X(Mf(fXRMMccLQFcQXqLLLfXFLLFXXX)))",1.3328264884530028,no,,,10893,2.2952309520191614
7904,RMMFcMFQXMcLLLLfXLXRFLcXLcXmLfMQXFXccqXX,1.11791605661918,no,,,10893,2.2952309520191614
7905,"L(fF(LMCQXLCLFmQXrFCXmXRRRXrlL(mX)), FX)",1.114119972450054,no,,,10893,2.2952309520191614
7906,"LLFC(, RRFFFX, rrLfLXccLXmLLXRRQLLXQmfLX)",1.7836792370232968,no,,,10893,2.2952309520191614
7907,"FqLLm(qLqLXLLm(r((LLXrLLLLMCcXLXRX)), (qfX)), LXlX, )",2.02269643369305,no,,,10893,2.2952309520191614
7908,"((LLqLQLFXfqqLCMXLCXLLXLLXCFmfXXfCmCfX), )",1.0390493122049407,no,,,10893,2.2952309520191614
7909,"rQL(MfFLXM(LX,XmLXRcXrcLFLXqFLfX) )",1.2267161863211489,no,,,10893,2.2952309520191614
7910,"(FMLRLLX,, RMXRLLXRLCFLXRCLXfLXRCXLqmXfX)",1.0348940496596708,no,,,10893,2.2952309520191614
7911,RLFLXfqmcCCXLmmXlLXLlXLCXrX,1.0094145830752237,no,,,10893,2.2952309520191614
7912,"LXFXLLM(, mFX, , rFfXrFCXLLXMFmXCX, )",0.9637440175947706,no,,,10893,2.2952309520191614
7913,rLqCcLLLXRQqQfccLXLcFFmLXfXLmXRfLcfX,1.1883778508314118,no,,,10893,2.2952309520191614
7914,"m(qLcFLXRcccMLQXLFXLFXLXLXQX, rLMQX)",1.0808812196466357,no,,,10893,2.2952309520191614
7915,"LcmLL(qqLcLXcXmLXXf(MXXLX, X), MM(LLX))",1.3142885131083764,no,,,10893,2.2952309520191614
7916,"Lf(,FM(mqCMXFlLXCfLXQLLCQX, mXLLFX))",1.0973052939898764,no,,,10893,2.2952309520191614
7917,"(cMMFXrCFLqLXXRLLCLXFLLqLXcX, RLLX, X)",1.0538656459987792,no,,,10893,2.2952309520191614
7918,"((FLLX), rCqLCLLLcLMLMXRLcLMFcXLXrqXX)",1.4463969188965535,no,,,10893,2.2952309520191614
7919,"LfMLm(,qqXLccXLLLLXXLCMX,,ffLX,,,,,)",1.7071192829175235,no,,,10893,2.2952309520191614
7920,"LL(RLLLmX, RRLfFcLLXLFFFXLLXcXRX)",1.0151016213592652,no,,,10893,2.2952309520191614
7921,"c(,X, ,LCLCFLmXLLCQQXCffXLXFXLLcQFQX)",1.2400116319743995,no,,,10893,2.2952309520191614
7922,"(LMLCqXf(LLLXCFXLLXLLLLXLX, ), rqFLXLqMQQQMX)",1.4890681568024633,no,,,10893,2.2952309520191614
7923,"LLXrLXMLL(RLLXRcXcFFmMXLLLMmX((fLLX)), RQ(MmX))",1.4856993359699537,no,,,10893,2.2952309520191614
7924,MmXmXrlqXCCLLXLLqXCLCLLXCXLXcX,1.0902349574941619,no,,,10893,2.2952309520191614
7925,"F(FL(LcMXLCLXRLLQCMCFXLLFmmLCX(LLFfLX(L(LX), ))) )",1.1372522733516752,no,,,10893,2.2952309520191614
7926,RFfQXLfLXRLLCLLCCXXlXLXLXLLCX,1.2772946846814512,no,,,10893,2.2952309520191614
7927,"C(LL(fFCmfcLX, rrCFmLLccXLLM(cLLLXLMXLMXCX)) )",1.8425550830695934,no,,,10893,2.2952309520191614
7928,"Lf(rrLCFMfMXFXXlXLLLmXCXmX, RMqfXrLFX)",1.203901777595949,no,,,10893,2.2952309520191614
7929,"LLL(rqXcLmmcXRQLQLXLXX,r(L(L(cqX))))",1.6787638412440131,no,,,10893,2.2952309520191614
7930,"fmLM(rQFFqX, XqFXRccQmLXLFLccLffXLXLXXcX)",1.0369919156242362,no,,,10893,2.2952309520191614
7931,"X((qXFL(, X(LX), rXcccLFFLLXLLXLXmX)),)",1.1029066643995955,no,,,10893,2.2952309520191614
7932,"LL(mXCmXRQLMXrLLccXMQLXrMX, QX  )",1.0200153213033234,no,,,10893,2.2952309520191614
7933,mMLLqqMX  ccLmfXLXMcXXFMQLXLFMX,1.3502080693338152,no,,,10893,2.2952309520191614
7934,rrCmLCFlXLLLFXRRCLFXLCLqCXXrMLXCLXXrLffmLX,1.2643414875066494,no,,,10893,2.2952309520191614
7935,"rMccLLL(XrLcmmFXrrLXqX, rfLccXLXXMLXmX)",1.5208746822284598,no,,,10893,2.2952309520191614
7936,"LLXqFLLL(, (rLLXLFCMXQXLMMFXQLX, ), rLFXX, RRmX, X, )",1.369172911742161,no,,,10893,2.2952309520191614
7937,"Mc(lLMX, MMXRRFFFcXCMFFCFXXfmmFXmX)",0.7521429312307231,no,,,10893,2.2952309520191614
7938,"mL(FcXrrfmCXFmCXFmLLXLX,,  qLX,qfXCMmLX)",1.3282056378231228,no,,,10893,2.2952309520191614
7939,rmLL(XcMcLQXLLFXXLcLLXRqL((RmLqqLfX))),1.364154621438419,no,,,10893,2.2952309520191614
7940,"LLLF(FL(RFFCMX,mmXrrlFXCXfXFLXfFX))",1.1367440710091148,no,,,10893,2.2952309520191614
7941,LXLCLXLLLLQfFCQMLXLCLXXrrCX X,1.0849157913046372,no,,,10893,2.2952309520191614
7942,"(MLLLqmX, qcLmmXmcqmcX(LLffXQLXLX))",1.3190069415918595,no,,,10893,2.2952309520191614
7943,"LL((FFqXcMLXcLcqFFXXfXrCLX,, ,), qMLCX)",1.220335691052468,no,,,10893,2.2952309520191614
7944,"LLCXFFFFQ((LmQqCqfXXLLCLXX), qXCFX)",1.164273953872491,no,,,10893,2.2952309520191614
7945,"fFCCXL(L((lLLmXrlfqFCXCLLXL(LLX)), LX))",0.8788968635787878,no,,,10893,2.2952309520191614
7946,"L(RLLQXLCLLLLCXLF(LXcFLX), LXM((MLX)))",1.1650754559937782,no,,,10893,2.2952309520191614
7947,"L(XXLLLcQXXrfmLcXX, QcFQLMcLMMXXcLLX)",1.1489275796186087,no,,,10893,2.2952309520191614
7948,MFXLLcQXXLXcXRXMLLLmcXcXFCccqmmcXqQCX,0.9832836418349793,no,,,10893,2.2952309520191614
7949,mLLXCCFXRRXCFXLmXXLCcqX,1.0744635512771958,no,,,10893,2.2952309520191614
7950,"L(mmCLLXRMMCLCQXrLLCLXmqLLXcXRfLX, , LQLX)",1.6412791568549983,no,,,10893,2.2952309520191614
7951,"Lm(fLX,fMmLX,,RRLmLLXFcXmLXLLfXcLfX)",1.5442043810470272,no,,,10893,2.2952309520191614
7952,"L((RLqX), RLMLQXrLLLL(, , XrLMLLLfXfLfLfX), )",1.6144403921277544,no,,,10893,2.2952309520191614
7953,"LqXLXLL(qXM(CQXX, CFCXRMXqQQFXFmLX, ), fLX)",1.5066667262202706,no,,,10893,2.2952309520191614
7954,"RRfLLLXCLf(, rrLXfLXLFCXLm(QLXL(LXrLmQFqX)))",1.4739163836908753,no,,,10893,2.2952309520191614
7955,"RLLm(,RXFLF(, QX), QLLXLLQc(, LqCmXRXLXrX))",1.7311866559179372,no,,,10893,2.2952309520191614
7956,"mL(RRMcCLLMMCXLLCLLXLLLXXllX,LX)",1.7457483500476096,no,,,10893,2.2952309520191614
7957,RRffLmLLXCLCQXLLXCmXmXrrFLXMFqX,1.3824155347061204,no,,,10893,2.2952309520191614
7958,"RRLLLLmF(, qFLX, XLCCMXLQLFXrFXcLcX)",1.6253841563851816,no,,,10893,2.2952309520191614
7959,"LF(FFfQQCLXCLLLCCXRRLLLXLLX, LLX)",1.346992583364589,no,,,10893,2.2952309520191614
7960,"fL(FLFXl(rMCqmXRLLLCXLLLqXX, ), , rmM(LX), LqFX)",1.5566553147448419,no,,,10893,2.2952309520191614
7961,"L(MLFX(XFmfRRXFcXLFXFLXFQLX, LMXX), (rLmLmX))",1.4936531901362704,no,,,10893,2.2952309520191614
7962,"LM(LLXrMQCFLqXFXLmXLLCXX, X)",1.1904986174008079,no,,,10893,2.2952309520191614
7963,"Lcm(,c(LcrmqMMLXLLcLccLcMXXCLL(QCQX), RffX, ))",1.198597378489247,no,,,10893,2.2952309520191614
7964,RLLXLLCCqLXXMXCLMLFXLX,1.2996732631688892,no,,,10893,2.2952309520191614
7965,qXqmLXcLXcXmFXXcXRRRRQLX,0.9703190022420309,no,,,10893,2.2952309520191614
7966,rXLLXLcLFQXcXLXLmMXcXLX,1.0634463880264824,no,,,10893,2.2952309520191614
7967,"rLmLF(mmXmcQQX,rFLXLfLfL(FLXXLXRX, X), )",1.938451838786422,no,,,10893,2.2952309520191614
7968,"LL(LmFQLLXLXcLLcLXXLQX, MQMcQQXLX)",1.2058874797605612,no,,,10893,2.2952309520191614
7969,"(mLXLLqCXCqLCXRfXRRqLqLXX, fXLLX)",1.0051615652899408,no,,,10893,2.2952309520191614
7970,"fMLQL(MXmLmXXMCCmMX, LXcLmLXLXFLcLXmFXMX)",1.0257600818847394,no,,,10893,2.2952309520191614
7971,"LmLXR(mX, QffMLLFXF(LLLX, XrXmLLXX))",1.6754885214331159,no,,,10893,2.2952309520191614
7972,"rXXLLL(QmMLmMXfLXcqFLQLcXqLLXX, X)",1.1643831078086444,no,,,10893,2.2952309520191614
7973,"(rrlCLC(LXLXFXLXLMq(FLqCCXM(mML(CqCfLXLX)))), )",1.3707317798222356,no,,,10893,2.2952309520191614
7974,"LLLXm(qXfmqcccXLLLLmFXrFLMLXLqX, mFX)",1.2158397784559192,no,,,10893,2.2952309520191614
7975,"L(R(LXLQCXLfLCXLXRCXfLFLfX(LLqX)), LX)",1.1074790320511545,no,,,10893,2.2952309520191614
7976,"Lm(fXrLLCmLqLLXFL(mfXcFfX, qX), FX)",1.1325722864082879,no,,,10893,2.2952309520191614
7977,"CXLQfL((LLCQfmXLFLLCXL(fLMXXFQFQX), QXCLCL(rX(RLX))))",1.4526305836314837,no,,,10893,2.2952309520191614
7978,"LLCLQ(LXQ(, fXQfCFFXQQQLXQLXmX), RQm(q(RMX), cX))",1.376472547313534,no,,,10893,2.2952309520191614
7979,qcqcLcLXcMLLXLLXcMXLXLLLX,1.3788907255258709,no,,,10893,2.2952309520191614
7980,"LqL(CXXMLXFLLL(, XqLCLX), X(L((FQX), rmLLLLX)))",1.3120987589163247,no,,,10893,2.2952309520191614
7981,"ML(,FX, fXLXRMCLcXMFXQLcLXLXLLLLXcLXfX)",1.4047304004168295,no,,,10893,2.2952309520191614
7982,"QXLfLXMLLM(qqXLLCCMMXqXLLmX, RXrMMLXRXrmX)",1.5152151195070076,no,,,10893,2.2952309520191614
7983,"LCLML(QLLXCCCQMXmLLMLLXRL(LXX), LFfLLX, )",1.4332112507147645,no,,,10893,2.2952309520191614
7984,LcXFLlFLLFXLcXXRcLQXrLLMccXRLLLqXRcCX,1.1374606349678025,no,,,10893,2.2952309520191614
7985,"LCMXF(rLXlXLMrLLCXfXrMLXrCXX, XrX)",1.2017278472732376,no,,,10893,2.2952309520191614
7986,"cLLFLX(, , cfMQXXLLFX(LLLFcXrmX), RQX((L(X))))",1.318694312325175,no,,,10893,2.2952309520191614
7987,"rf(LLXRLL(XrLqL(LqX, rCX, rQX), FQXccXrX),)",1.2669625658136399,no,,,10893,2.2952309520191614
7988,"XLqLM(LXXXRLmLq((, c cffX(,(X)),, L(rLFX))),, rcfcX)",1.0801311634075432,no,,,10893,2.2952309520191614
7989,"L(rLMX((LqLqfXLLcXX, )), FQXLXLLCXmCFLLXLLX)",1.1219384955752914,no,,,10893,2.2952309520191614
7990,"(LMCQX, , , LccLFLqLLqXcXMfXRQXRLX)",1.2205797496946111,no,,,10893,2.2952309520191614
7991,"LXR(L(LQFXL((RqLL(rMMmX,LX(LLXQX))))), FX)",1.5719147264028346,no,,,10893,2.2952309520191614
7992,"c(qmXLXLLLcFLQMqXLLLXqmQfX, mlLLXMXRX)",0.8282346845525878,no,,,10893,2.2952309520191614
7993,"QXLLLC(qLCXLCX(FXMffqXLCXLX), RLX(LXRmqQQlQX))",1.2191685344127936,no,,,10893,2.2952309520191614
7994,"(fMLMLCqLXLLLfmXLCXFFfXrCLXRRCqQX, CX)",1.0135188936442932,no,,,10893,2.2952309520191614
7995,"(X,,FQXcXLLLXRLccXLXRQcfXR(QqLfLX ))",1.1087724216221084,no,,,10893,2.2952309520191614
7996,"Lc(ff(MQQQXRLX), RLFLXX, LM(RQFMXrcLLcXmLX))",1.1999622295762398,yes,B4,20,10893,2.2952309520191614
7997,"LLc(,  L(mFcX), LqcLMqXm(cLXMLXFFFfMfMqXqCLX))",1.5807308450420132,no,,,10893,2.2952309520191614
7998,"cLXrlL(MLqmMXLMLmL(L((RLLLmLFXfqLLX, X))), )",0.9607673802092764,no,,,10893,2.2952309520191614
7999,"rLL(, L(rXLFMcMLcXmLLXXfL(, CLX)), MX)",1.7101202428605184,no,,,10893,2.2952309520191614
8000,"F((qXCXX(L(mFCXLQCX))), FLXfMX)",0.8123591819423321,no,,,10893,2.2952309520191614
8001,"XrcLm(R((mmX)), RCQcXXXcLFXQL(fQX))",0.9893897900212154,no,,,10893,2.2952309520191614
8002,"M(LQ(rFqQfX), cqLLqXLmccLLXrFLLLXQqQLQLQLLFX)",1.3692055084964143,no,,,10893,2.2952309520191614
8003,"qLL(L(, LX(L(LXfMLcXfLLcXXL(RmLCX))), RQqX))",1.2311474911102864,no,,,10893,2.2952309520191614
8004,"((LCQXmLLXLmCLX(LXCQLXlQLX)),LmLLXL(RmX))",1.1630529312789126,no,,,10893,2.2952309520191614
8005,"LFLFLXL(QX(lXMFLLcMLcFfMXLXRX), LFX)",1.3373095355101685,no,,,10893,2.2952309520191614
8006,"ClLcF((rCQqfXmLCXXq(LXq(, FLX))), (, LFqXrCX))",1.267077643598176,no,,,10893,2.2952309520191614
8007,"LLL(rrmLXFLcLcXLLXXCCX, rmX, ,)",1.6345711552526894,no,,,10893,2.2952309520191614
8008,"LLM(, fQfX, ccLqCcfqmXLccXrrLLLLMMLMXMMfq(LLfLFFX))",1.3166884200385993,no,,,10893,2.2952309520191614
8009,"FLXLX(mXrLX,LmmLLXrCCLCqXLXLQQXLXLX,R (RcfX))",1.5512150334476327,no,,,10893,2.2952309520191614
8010,"qmmcL(fLXLMmFCXfXC(rfLLX), LLLXF(cXLXXqCX))",1.2940546500543744,no,,,10893,2.2952309520191614
8011,"(rLLX(XLmLmQXXcLmccLcXRLLXX, cXLMX) )",1.086468265128344,no,,,10893,2.2952309520191614
8012,"LCLFL(LLCqXLXLLXCmXRMFX, QQLLLX)",1.0309629396586115,no,,,10893,2.2952309520191614
8013,"QLF(,MXLMXLLCLCXRmXRMLXMX, RMLLXCmmMfX)",1.2757777907694283,no,,,10893,2.2952309520191614
8014,fLFXLXLCCqXXffMXLCLfLLLXFCX,0.9921318626381129,no,,,10893,2.2952309520191614
8015,"RLL(, (, RLMLXCLLLCMmmXLLXXc(QX, ), ), Q(mX))",1.7049045843191994,no,,,10893,2.2952309520191614
8016,"FL(LX, FmMqLXmmLXfm(rLMqXLX, LXCLX), rLX)",1.261124325150005,no,,,10893,2.2952309520191614
8017,"FLXLF(qX,MXMXmmQXccQXLLLLXf(QX))",1.1419937212893387,no,,,10893,2.2952309520191614
8018,"MqLcLX(rmXM(,,,FcXcLfXRX, LX),)",1.2750432161955825,no,,,10893,2.2952309520191614
8019,"(rqLmLfXLQmXccFXX, RcXRMFLCXCLXfLmXXRX)",1.072887400978114,no,,,10893,2.2952309520191614
8020,"MLL(MQrfQFX, XXFXFmQQXLcLmccXLQLLfmX, )",1.1396002656632618,no,,,10893,2.2952309520191614
8021,"LLf(FX, , rrmFLccfXcLLLmXLLXXFcCCmX, )",1.6675880433799615,no,,,10893,2.2952309520191614
8022,"L(RRmffLLMCXCXmLfFLLLXXrQM(cX), RLX)",1.6271955364133286,no,,,10893,2.2952309520191614
8023,"l(LLC((XMQfC(fXXLFXm(fLLLm(CmLXRLXX)))), LX))",0.990712426207447,no,,,10893,2.2952309520191614
8024,RLXLCcXRMCCXfFLLCLQmXCmXrMLXQQLX,0.9242738187452875,no,,,10893,2.2952309520191614
8025,"FLFLL(LLQXXLLCFFCXfmLQQXmQXF(qX), mX, )",1.416176569567888,no,,,10893,2.2952309520191614
8026,CXrCMLXRLXRqQCXLCXfmXQmXQMX,0.983983170572834,no,,,10893,2.2952309520191614
8027,"LF(MFLX, RRLcLLXCLLLLCXLLfXLFLLXLmqqQf(rFrqFX))",1.8605746549445425,no,,,10893,2.2952309520191614
8028,"FX(LLLLMXFFM(FXX, QXLmXcfLXLXrLXXX), )",1.627728657180821,no,,,10893,2.2952309520191614
8029,"fLmFqLLXLXfFLL(LL(qXccXRLXRfXMLmqLX,X))",1.456927725227819,no,,,10893,2.2952309520191614
8030,"LLCL(FLXrLF(FFXrCCXrFFXL(LFLX), qXLqQX), mX)",1.2592252250766474,no,,,10893,2.2952309520191614
8031,(FmfqQLLQQmXLLmLLCCXRFFLLCCfXCqXfXLLX),1.3330831834804107,no,,,10893,2.2952309520191614
8032,"LfL(RRfLcXcXLLLXMXLLLcX, R(X), X)",1.6673609442753332,no,,,10893,2.2952309520191614
8033,"LmL(,  RRMLLXCCfXLCXRMccLQQXRqX,LFLX)",1.4496147905624814,no,,,10893,2.2952309520191614
8034,"FXLL(MQXFmX(McLMmXfMXmLXLX), FcqX)",1.2049529942905444,no,,,10893,2.2952309520191614
8035,LCLXMLqXlXLMLMLLCmXrCXCX,0.9566688180752231,no,,,10893,2.2952309520191614
8036,"(LFFcX, fMmXLLcXqcLqcLXcmLmLXLXXfCX)",1.223429735966947,no,,,10893,2.2952309520191614
8037,LLXRMcqmX XcLqLMXLcXXqXlqX,1.0253940270098207,no,,,10893,2.2952309520191614
8038,"RLFXMXL(rqCXrFmLCFXRmLmFXrMqqXFX, qXLCXmFLQMFXfLX)",1.4661452349777198,no,,,10893,2.2952309520191614
8039,LXLLXLLLCFLCLQQXCXXrFX fLQX,1.0221635136439313,no,,,10893,2.2952309520191614
8040,"fLLMc( , L(rrmXcQLLLcqXXrFcLCmmLX), rQX, )",1.275929540013811,no,,,10893,2.2952309520191614
8041,"cLL(C(RFfCX), LFX,rrXcLXXrrLFLLFFLLXRqLFmQX)",1.3430993641216036,no,,,10893,2.2952309520191614
8042,LFfLXLQXQcLQLXLccmfFcXcXrfXcLXXRX,0.9728427025404777,no,,,10893,2.2952309520191614
8043,"fMLLLL(FQLXmXCCfXLXRmQXRm(X), RLLX)",0.9950136415722342,no,,,10893,2.2952309520191614
8044,"L(,qLLFXLXLLXRMCXrrCLfFFFffXXRl((RCqCX)), Lm X)",1.0037193998841556,no,,,10893,2.2952309520191614
8045,(RLLCfXRCfXRLFCXXLlX RfLLXrcCMX),1.001728777207537,no,,,10893,2.2952309520191614
8046,"C(LFmXFfmLCqXMLXLXFFLXMLCXqXCX(,RRMLmX),)",1.073920038374353,no,,,10893,2.2952309520191614
8047,"f(fLCCQCQX, RLQmLCXRqLLLMCCXrLXLFX)",1.2684831370505454,no,,,10893,2.2952309520191614
8048,"fLLL(mXqmXqCLCXRLFXRLMmmMX, rCLLfcXccLXFXX)",1.3525553146388085,no,,,10893,2.2952309520191614
8049,"MLLML(MX, rrMmFfcXMLcMLXLLXLXfX )",1.7821655843390727,no,,,10893,2.2952309520191614
8050,"LLFLLq(QfX, XLFXLL(XLXX, XLXCQLFLmLFLmCqX), X)",2.031947594604275,no,,,10893,2.2952309520191614
8051,"LLLLX(m(LMLQLX(XLLLLccFXFLfX(R(rX)))), rX)",1.3257993584457732,no,,,10893,2.2952309520191614
8052,"mLLmXL(FLXRQXq(LLM(mXRqXfXFLX),  FLXcFCX, ), Q(X))",1.7576932352167736,no,,,10893,2.2952309520191614
8053,"(LL(RmFmXMmRFLMCXRLL(L(, QLmXLLX(LX))), cX))",1.3696789071420523,no,,,10893,2.2952309520191614
8054,"(LMMX,  qLLLcLXCXLXLLCXX)",1.0649813886175008,no,,,10893,2.2952309520191614
8055,"LLMCfCL(LX, QFQXCFMLXrmLLXRRLXRRQX, )",1.6276766896479158,no,,,10893,2.2952309520191614
8056,LQlLmXLLXLCQCXLMLfLCXXlqXMXmXMLLLLLX,1.183933453259564,no,,,10893,2.2952309520191614
8057,"QFLff(LMCXL(mX(CXfXRRLX(LML(LCmLX)))),  LLqLqXQqLX)",0.9891048125074748,no,,,10893,2.2952309520191614
8058,"mLLm(XF(rCLXrLMXFF(LLCmLfFCXfX)), X)",1.0326515627928217,no,,,10893,2.2952309520191614
8059,LMMLMX FFCXQCXLFXfLXCLXRLQFLXRFFCfQX,0.8788454219314461,no,,,10893,2.2952309520191614
8060,"LLC( RQLXr(RMLQL(Lfq(, LLLXLLLfLXfcX))), rrMfX)",1.5393072078284777,no,,,10893,2.2952309520191614
8061,"LXM(rrLCXfL(LQLQ(L(rLLFMqccCXLX, RX))), , FX)",1.3621304635177978,no,,,10893,2.2952309520191614
8062,"L(, LFML(,FqqMFX,  qLqXcLcXLmLXrrrm(LXLX), X))",1.4461777891306704,no,,,10893,2.2952309520191614
8063,"(LqLLL(LMfqXLccLXFL(LLXmXrCX), FX, ), QQX)",1.5085043555719257,no,,,10893,2.2952309520191614
8064,"(rMLLLLLM(X), rrLLLLcLXcLMXLLLLXRX(QLX))",1.7408424780269678,no,,,10893,2.2952309520191614
8065,"LLmLc(RLQXrLLmCCLCXRRMLQMmLLMXmfLX, LFX)",1.4021978876529564,no,,,10893,2.2952309520191614
8066,"rLc(X,  fX(qLLFmLLcXLMcXX(lXrQlLX)),X)",1.1597647900815717,no,,,10893,2.2952309520191614
8067,"L(RRFLCXMLLLL(mMFLCXLLMLLLXLLfXQX), qLX)",1.913224366392434,no,,,10893,2.2952309520191614
8068,"LfF(ccLQQcXcLXfmmLX, r(RXQLLX), rXCCX, , , r(, LcfXRX))",1.1171504848217602,no,,,10893,2.2952309520191614
8069,LFLmXFLMXcQmQXcXmFMLXcXMfcXrXfFX,0.9613050592721851,no,,,10893,2.2952309520191614
8070,"(LX(QLCLfXCCLQMXCXRXlXqQLQ(qLQqLMmFX, )), )",1.024627980497228,no,,,10893,2.2952309520191614
8071,"LXq(rfL(RX), FFMLXLlXCFMXLXm(RMXXX))",1.3704946901545751,no,,,10893,2.2952309520191614
8072,LCFLXRRLMCXCXLLLLXQqqFLX,1.127623658596043,no,,,10893,2.2952309520191614
8073,"LFL(rLLLLFX, m(LmLmLqqX(ccX(FXRfXMqMX))))",1.1838289074719142,no,,,10893,2.2952309520191614
8074,"LmF(RFLqcQLXXLcMMXLLqLX, X X, LLLX)",1.1994171357171906,no,,,10893,2.2952309520191614
8075,FLMCcFXMLQcXFLXXMmXLLLLXcLLLXLfccqX,1.1555987962225331,no,,,10893,2.2952309520191614
8076,"(,lLLXQ(rFQFRLX, FQXCLCLLXrmLMXLXX) )",1.3648187853995275,no,,,10893,2.2952309520191614
8077,"LL(LXFLqXMXFCLLXLLXLXrqQFX, QLXRLX, )",1.3889628868039607,no,,,10893,2.2952309520191614
8078,"LLLXF(F((FLqX), rrCXM((L(MLCXXM(rX))))), )",1.0699567367797502,no,,,10893,2.2952309520191614
8079,"(MmLLQLCQXMLCCLLLXfQLLLXmlLLX, rmQLLX)",1.3621383645449172,no,,,10893,2.2952309520191614
8080,"mLLf(fLL(RXCCCFQQXLmLLLXRLLXmcMX, McqQX ), ,,)",1.5219019091556047,no,,,10893,2.2952309520191614
8081,"rqXqFLMcM(LLXXLQcXMfXmXqXLX, rcqLXqmX)",1.1923568414479926,no,,,10893,2.2952309520191614
8082,"(mF(LQXLFXLfCmLLCXLfXRQCXRX), CcLLFX)",1.1942849506262831,no,,,10893,2.2952309520191614
8083,"LXFLMXF(LQXFXLLcXLXLLXRMFLX, LX)",1.4378350039983463,no,,,10893,2.2952309520191614
8084,"(LLLLLQLLQMXCCXrLLLLXXrrLcX, rFqqLQLXX)",1.3591431843389141,no,,,10893,2.2952309520191614
8085,"(LL(RmQLLCXL(, LXLLLLLLLXcMLLLLX)), LLqqX)",1.5278221375764598,no,,,10893,2.2952309520191614
8086,"rLffLM(MXfLmcLccqmLXrLqFXCqcqXX, , , fqCFCXLX)",1.5564785944887323,no,,,10893,2.2952309520191614
8087,"LL(QXQLLX, cqFXLXcmmFXLqFXRMLXqQLfX)",1.1381178391674462,no,,,10893,2.2952309520191614
8088,"LL(ML(f(RmLX),rrcXLLLcXLLLLXQXLX))",1.8399343696228858,no,,,10893,2.2952309520191614
8089,"LCLQLFLC(QLXMCLXXRQXX,mLXmCLXLX,)",1.3138977657438147,no,,,10893,2.2952309520191614
8090,"cCLL(RFX, rCcqXqqLL((cLccLLQXLXCLCMLXX)))",1.8777995675886814,no,,,10893,2.2952309520191614
8091,"(fX, , rLLXcMLXRRmcMXXLLLXLLcXMQX)",1.0779099385071247,no,,,10893,2.2952309520191614
8092,"M(MFX, LXrcLXrrLLLLcXRcXXRLMQQXLLLfmX)",1.1203635126838465,no,,,10893,2.2952309520191614
8093,"mFmLL(,QmXfCMmXCXQQXLLXLX, XLLLX)",1.0292685811372684,no,,,10893,2.2952309520191614
8094,"RFFLLLL(RLMfX(F(rFqX, QmmMLLXLXX)), LX, )",1.625358589212583,no,,,10893,2.2952309520191614
8095,"FfXF(L(L(LLXrqmCLXLQ(mLX, LLXRqLX)), LLQX))",1.2960861487361817,no,,,10893,2.2952309520191614
8096,"(LL(mmX, L(CCQFXRCLFfFCXLLLXLXLXFFXXQX), ), ,)",1.2072596953540875,no,,,10893,2.2952309520191614
8097,"L(LMFm(CX, , rFcLfFqXRccLffLLLLXrrqLXXX))",1.7694743461558577,no,,,10893,2.2952309520191614
8098,"ML(MCqLXCFX(LfLLLCLqXrQMCCX), FLFMFqCXmLMX)",1.122255150224569,no,,,10893,2.2952309520191614
8099,"LL(RRfCLCFLXLLM(mCXq(LLmLX(MfQX, LcfqX))),  RCFX)",1.6863050447142778,no,,,10893,2.2952309520191614
8100,"LL(FfF(QX, (RRXqq(, , LLmLQXRLLXLLLX)), ))",1.5678306724084516,no,,,10893,2.2952309520191614
8101,"LLm(FLMLX(L(qCFXFXXfLLCXrX)), LX)",1.0972259726265947,no,,,10893,2.2952309520191614
8102,fqLqXQLcQLMLXLXmcXLcLXLXmqcX,1.1017375837282284,no,,,10893,2.2952309520191614
8103,"FLMLcqL(cX,,XrcFLFcXXqmXX,, rXLfLcLLXXXmF(,RLX),)",1.4687515811194685,no,,,10893,2.2952309520191614
8104,"mmFLXL(X, RFXRXcLFXLXLmLmLXQLcX)",1.5917120736309656,no,,,10893,2.2952309520191614
8105,"XL(mX(RfLXCLQCLXmFfFLXXFCLLFXLXX), RX)",1.05076600098879,no,,,10893,2.2952309520191614
8106,LXLXccfQfXmXLLXMcMXQfLXLLFFcXRQQfX,1.0597153204840855,no,,,10893,2.2952309520191614
8107,"LL(,LfQXCXRCLLCLLLXRRLLFXLLX, XFX, )",1.1110403933213202,no,,,10893,2.2952309520191614
8108,"L(rmLMX,LXRLLFLFcXL(RfXcLcLLXfqMMX))",1.0161582466146046,no,,,10893,2.2952309520191614
8109,"mLLLq(rXMm(ccLLXLL(FMXCLX)),, ,  , L(rXLc(FcmMX)))",1.2493939354170476,no,,,10893,2.2952309520191614
8110,"FLXLcLm(MLX, RfQFXRRFM((RLLXLmX), QmXXfLX))",1.5674171754901296,no,,,10893,2.2952309520191614
8111,"Lc((FXLX, QFXLcXLM(LLQcQmXMX)), f(CfqXmLX))",1.2435297784159007,no,,,10893,2.2952309520191614
8112,"c((mLLLcqccXLLMXrfLcLXrMcLXmXRMfXXQX), RLX)",1.066067021247711,no,,,10893,2.2952309520191614
8113,"cqLXMQLLLm(RLXLLL((rLXX), QmmXLXrLX), X)",1.693319992549023,no,,,10893,2.2952309520191614
8114,FLQLXRfFLfFCCCXCMLLLLMLXFXqXmLLLLMX,1.230208260352727,yes,B5,10,10893,2.2952309520191614
8115,"(FmXrrLfMLCXLLL(X(LfX, ), RLMX), rLFX)",1.2560381947003811,no,,,10893,2.2952309520191614
8116,"MqC(LLL((, (rqX), RQXRLLLCLCXLLLMqXXQfLX)),, , )",1.519870136805967,no,,,10893,2.2952309520191614
8117,"L(QLf(fqMX, LQXCXCLmLXMfMFXCXmmLXFLX),, )",1.1033487884634046,no,,,10893,2.2952309520191614
8118,"LLX(RCLXRLCXLCMQLLLLXL(LQQXRRLLX), LLmX)",1.2282578823705317,no,,,10893,2.2952309520191614
8119,MLLXRLXcQQmcLXfLfMmXmLcXFcLXFLLqXfqLX,1.2275228021135358,no,,,10893,2.2952309520191614
8120,"LXM(FL(rmX, MLXRRfFXmMLf(LL(ccXLXX))))",1.298821873306256,no,,,10893,2.2952309520191614
8121,"F(L(rqLXmFmcXXXmcFXLXXX(rmcXLXFX)), X)",0.9664135665813117,no,,,10893,2.2952309520191614
8122,"LL(XRRmLcXXmLFFLMXLcXMX, cmcX)",1.2670118467885743,no,,,10893,2.2952309520191614
8123,LmLqfXXXLLLCCqLCXLMfmXLLCXMMXLCLLFX FLX,1.152767976669508,yes,B4,25,10893,2.2952309520191614
8124,"L(LLQf(m(FX, MLFXCXQCXXMfXfLcX), X))",0.9854441782926753,no,,,10893,2.2952309520191614
8125,"CQmLC(,qMQLQXCXmLLLLXLXMX,r(LX))",1.4875246026499005,no,,,10893,2.2952309520191614
8126,CLF( RFmMXcLqmXccqLLXLcFXMLmXmLXRLcXLXLLLqQX),1.3171858838150177,yes,B5,19,10893,2.2952309520191614
8127,"L(L(rrLLCXLcMcXM(LM(X(LF(LLXmLX))))), (MFX))",1.6594105153352503,no,,,10893,2.2952309520191614
8128,rLMCLXqcLLXLccXrX LcFmLcFLXQFmQXRcLX,1.1032161415441217,no,,,10893,2.2952309520191614
8129,"RcL(RLffLmXRLCCfXRLmCmLLmCXfXmXrXm(LfX),,)",1.1238188678959002,no,,,10893,2.2952309520191614
8130,"lfLXLL(f((rLX)), rXcX, FQXCFXLCQXLmmLXXF(X, ))",1.0576747968257663,no,,,10893,2.2952309520191614
8131,"(, qLqLccLmXcLXLLLXcMXLMXLFfLX)",1.381550853749742,no,,,10893,2.2952309520191614
8132,"f(LXRLLX, cqmXLfLXFFcXF(XLmXmLX))",0.9603508147755144,no,,,10893,2.2952309520191614
8133,"LLL(, LLLXccMcfqmqmXcLLXXfXQX)",1.3949583048293879,no,,,10893,2.2952309520191614
8134,"LLLLL(LQQXCCXLXXQ(LLrMLX, ), , qX, , , )",1.4876214163299089,no,,,10893,2.2952309520191614
8135,"FfXLL(mXrCMXqXCFLLLLmXRLmFFLX, FFLLFX)",1.025981268072166,no,,,10893,2.2952309520191614
8136,"mfLML(RRLLLmLCLXLCLXLLXqXrfqLfmX, LLX)",1.7602575287624154,no,,,10893,2.2952309520191614
8137,"FXLLL(fX, cqLfqXcXLmLFQLX(LLFqX(LX)))",1.4309529733723452,no,,,10893,2.2952309520191614
8138,"MCC(f(,f((LCLXrcrcccXLLcLLLXQLLLLQXLX)) ))",1.3755894344232054,no,,,10893,2.2952309520191614
8139,LLLfXRQLLCCXrCXQQMXRRXmX,1.2363135958574885,no,,,10893,2.2952309520191614
8140,"rLFLm(,LfFLLqXLL(LXLfXXLX, , ), qX)",2.0418197088896477,no,,,10893,2.2952309520191614
8141,"LL(LCX, qXfmLXCXFLX((LLQMLFXX)))",1.1695167761502392,no,,,10893,2.2952309520191614
8142,"rXLLfL(QMXFFQX, LL(XccQXRcXFcqLqLXm((rqLX))))",1.0483848612055318,no,,,10893,2.2952309520191614
8143,"cLL(FFCX, FXmLqCFXMfXL(FXLCmMmXLLX))",1.2005640078865025,no,,,10893,2.2952309520191614
8144,"LL(, ,RFLLXRccXQcLXX, rfFXLFX, rQqmLX)",1.0439016138656443,no,,,10893,2.2952309520191614
8145,rmfLMFL( XLL(QccXL(LLXFXL(LcXLX)))),1.2996619351959227,no,,,10893,2.2952309520191614
8146,"(,LmCXCFLFCMX FQLLQFLFLCXLCXXQXQX)",1.1727718595786585,no,,,10893,2.2952309520191614
8147,"FLXL(RqFCLmX,MQQLXFCLLCXfLLmXLXfqcX)",1.5130708458690032,no,,,10893,2.2952309520191614
8148,"R((, , mLLLXCMQXRM(,LLXqXfLLQcX),rFLLLfX), )",1.1284018502818494,no,,,10893,2.2952309520191614
8149,"LL(MFQCXLXf(CLLMXLFLXRQLFMCmXLCmX), LXFLFQX)",1.230053049922035,no,,,10893,2.2952309520191614
8150,"cL(RmLQCLXrLCCLXQXRRmFXCqCX, ,, LX, )",1.4907463089426194,no,,,10893,2.2952309520191614
8151,"((LFLmmLFXfXrXLCLfqXCLLLXLXrCX), mFmmX)",1.1875170945175186,no,,,10893,2.2952309520191614
8152,"FcXLM(LcX, RRFcLFcLLLXFLXLXXFX)",1.152576669583763,no,,,10893,2.2952309520191614
8153,"ccLcL(cLc((, (qccXLXrcLXXmX), (rLqXRLXrmMXMLXmX))))",1.6092187479921907,no,,,10893,2.2952309520191614
8154,"(FQLXMXCXXMXLXRCCXLLXLXfCFqX, )",1.0000351783557073,no,,,10893,2.2952309520191614
8155,"FfXCLLLC(MLqCLX(XrLCXL(rq(LX))), RqLX)",1.0626390109335686,no,,,10893,2.2952309520191614
8156,QqLXQCLLXFCFfQCXLLLCXMmFXRXqMX,1.310507184730123,no,,,10893,2.2952309520191614
8157,"LX(fcL(,XFfQXMXFLcLXLXRLX,X))",1.274547113468623,no,,,10893,2.2952309520191614
8158,"RLMLLL(X, RfMcLLXLXMMcFXFLLQLX)",1.0302289441423969,no,,,10893,2.2952309520191614
8159,"cLc((mXRLfLLQCCXrLLCXMLQXLXRfm(MfX)), LMLQX)",1.48197812390591,no,,,10893,2.2952309520191614
8160,"RLLCL(rX((QmqX)), QMXLL(, FLLXLXRQQXrQX))",1.4197669076195591,no,,,10893,2.2952309520191614
8161,LqXQcLcLXXLLXLfMcXQXXMcX,1.1573316423219469,no,,,10893,2.2952309520191614
8162,"mL(RRLCLX(, LLmXrrrXRqLMqLqXCX), , cLMLX)",1.78413888391825,no,,,10893,2.2952309520191614
8163,"FLXLmLMXL(mF(m(rFLLLXqCCXLLLXmXrFX), RLqLFqLFXLX))",1.170123595582209,no,,,10893,2.2952309520191614
8164,RXQLmcffFcQXXLXccLcXRcLLXfLQcMFXfLX,1.2421075392860754,no,,,10893,2.2952309520191614
8165,RFLXfmmXqLLCcfccMqXLLLLMXFcXMXfXcmXXXQqX,1.0129478617409138,no,,,10893,2.2952309520191614
8166,"LL(McLL(LM(L((LqqcXcXLfXXRMLCLfX, , , , ))), X))",1.4800651322233245,no,,,10893,2.2952309520191614
8167,"L(rrLLFXLFcLLcXMlLLXXcCMCX, mqX, , )",1.6206443139632614,no,,,10893,2.2952309520191614
8168,mLLMLmXRLLCLLCCQXrMCXFmfqX(McX LX),1.3675711414818583,no,,,10893,2.2952309520191614
8169,"(FMCX, LXLcqLMLqXmcXmLXLXlLXLFfLcmLXLX)",1.161198982151829,no,,,10893,2.2952309520191614
8170,"FLfXfL(RX, fqLXXfLClXLFmXRFLX(XqX))",1.6186421698025653,no,,,10893,2.2952309520191614
8171,"CCXMLq(FXLFCXrqCXLfFMLX, , LXXX, XLFMMXCFX)",1.3419203745693795,no,,,10893,2.2952309520191614
8172,LXLm( LFLf(MRRLCfCmMfCXLCXLLXqLFLL(cRmqX))),1.3487830566212322,no,,,10893,2.2952309520191614
8173,"CC(LLfLXRQCXLLLLFCXRLLXL((LL(LX)), ), LFFX)",1.1458047855214966,no,,,10893,2.2952309520191614
8174,"rLLL(rFX, XLccqccqFXLL(LX((MLLXqLLLX))),,  )",1.5579497546566563,no,,,10893,2.2952309520191614
8175,"mLL(LQLXFXcCFCXFFXFXXqqX, rLXLX, )",0.9592738973729882,no,,,10893,2.2952309520191614
8176,"CLLF(rfqLCLXFXRLLLLXLFX, CXX,(((m(fX)))))",1.0786097226741629,no,,,10893,2.2952309520191614
8177,"MLM(RMLX, rcqFFcXL(RMLLcLLFXqLLXmX))",1.3680264469775059,no,,,10893,2.2952309520191614
8178,"C(fCLXCQLMQfQLXFLLCLXqqLLXLFX,  , , RX)",1.104791664222602,no,,,10893,2.2952309520191614
8179,"(LL(XXrMLfCFLqXLCLMXmLXRmLFX, RFX), X)",0.8156034647344715,no,,,10893,2.2952309520191614
8180,"LXQcL(RLX, QF(LLXLcXMqLLXfFX, ),LX, LX)",1.2691127570961873,no,,,10893,2.2952309520191614
8181,"fL(QCfXLLXCXFLXRLXfLLCX,LXMLX)",1.1389287155945271,no,,,10893,2.2952309520191614
8182,rrFFLLcXccLLQXXFLMXrfcffcLLMfXrLLLX,1.4454979753008492,no,,,10893,2.2952309520191614
8183,"LLQ(LmccX(XLX),  cQLFXcFX(qLLXQLLLX), LLFX(X))",1.6381331830146895,no,,,10893,2.2952309520191614
8184,"L(LmqXCXFLXmXCmXLLX, mQXFX)",1.005921792403684,no,,,10893,2.2952309520191614
8185,"r(ML(q(rrFqLLX)), XLXLFccqLXLLXcXf(MmXXqX))",1.0783031543601618,no,,,10893,2.2952309520191614
8186,"LLFL((RFmXQMX, LX, , rCFFqCXLCXLLLLX, ), LLX)",1.0312315214752914,no,,,10893,2.2952309520191614
8187,"CLLLL(qqCCLXmX(LQFXRQLLX), MFX)",0.8871021886033663,no,,,10893,2.2952309520191614
8188,"Lm(rMX(CLX), rcFLXrLcXLXCMccXmFX)",1.1410850305405829,yes,B4,21,10893,2.2952309520191614
8189,"LFfX((LX), MX(l(CcqmXLCmXfLXF(m(ML(LfLCXLLX))))))",1.4480065798740351,no,,,10893,2.2952309520191614
8190,"LL(RcLQQX, rrLCMccLXLmLmLLLcXLLLXRMMXX)",1.7499339514597387,yes,B6,25,10893,2.2952309520191614
8191,"RLXq(LqXrCCCLLCXX, LXLXrrffCXrX)",1.5064108766416973,no,,,10893,2.2952309520191614
8192,"mfL(,,LmLQXCXRCCLLLLXL(LLXRFLLmX), rQQLQX, )",1.224598171142763,no,,,10893,2.2952309520191614
8193,cLQLFXqLXrcLFcXcXrLFqMXLXLMX,1.2508821834680415,no,,,10893,2.2952309520191614
8194,rFflLLXLLMqLCXLCMXXqLCXLCXLX,1.067212827309395,no,,,10893,2.2952309520191614
8195,"(MLLLLLcqXLfcLcqcLLQQXFXXqXLLX(rLX) , )",1.2852724312370682,no,,,10893,2.2952309520191614
8196,"(FmmLLXQLXcQclXrLLmXLmFLX, XX,  , )",1.0002966353671068,no,,,10893,2.2952309520191614
8197,"MmXRL(FM(Lf(RLFLXqX), RMXFFXLcXLXLXQLFX, ))",1.375323852938828,no,,,10893,2.2952309520191614
8198,LXRMLLXcqLcccXLXfXfXcXQXFqLMCX,0.7471477609320769,yes,B2,5,10893,2.2952309520191614
8199,"mXLLFC(LXrMCmXmXLqFXMmLLCXFfX, QFXRXX)",1.0733680909377803,no,,,10893,2.2952309520191614
8200,"(rX, LLLL(CX(qX, X), FqXLXCXMXLLR((FXQLFFLX))))",1.3952644182522664,no,,,10893,2.2952309520191614
8201,RmFLLXRLfQMXRLCFLmCMXLXLLXCXRLLLX,1.1898165476189961,no,,,10893,2.2952309520191614
8202,"LLL(, RLLQXL(,, LXXfLLFXQLLX), X)",2.0120464284718196,no,,,10893,2.2952309520191614
8203,"LL(FfXrmFcqXfLX, rLmMqFcXcmLLXLQXRfFXfX)",1.1593698839631739,no,,,10893,2.2952309520191614
8204,ccLXrQLQqLMXLqLmcXLLcXXXLQFXqcLQX,1.2624803525133341,no,,,10893,2.2952309520191614
8205,"(LL(cL(LcXqX, M(RFcQXrMcMLXLLX), ), rFmLMXmX))",1.0620038474385123,no,,,10893,2.2952309520191614
8206,"MLLFXcm(RLXRFFX, MQcXfXmcQLXLQFX)",1.1577013241773324,no,,,10893,2.2952309520191614
8207,"f(,LLqXLLLLXLLfcLMcXcMqLLXlXfQX(LF(XcX)))",1.0386522742955984,no,,,10893,2.2952309520191614
8208,"RLmQL(, LXL(L(rQQX, FL(mLXMLXrLXLX))), XX)",2.019756202754675,no,,,10893,2.2952309520191614
8209,LcFX  McLMXLLXMXRcLQcXrLXcLLmLXMX,1.0585570235395887,no,,,10893,2.2952309520191614
8210,LFLLmLCXCLFQQCCCXLLLCXQmXXlLcX,1.5387064056886368,no,,,10893,2.2952309520191614
8211,"(MLLqXfLXFFfCXLLXRLmXLXX, LLX, )",1.7558563624782662,no,,,10893,2.2952309520191614
8212,"F(XrfLqCXRCMCXLLcLCXRCFX, LfMFXrLLX)",1.111211063036651,no,,,10893,2.2952309520191614
8213,"mL(FLRQXmLCLFLqFrLCfXF(LXClXMFXX(LLX)), LLX)",1.286355544076589,no,,,10893,2.2952309520191614
8214,"mXRMc(LLMFX,LFXFXlQXcLLXRLQqL((rQMX)))",1.139949912923345,no,,,10893,2.2952309520191614
8215,LXFLXrLMMqcccfLfXcLLLfLfXRLLQMQXmLcX,1.125919462939984,no,,,10893,2.2952309520191614
8216,"L(LFLFFCXLXCqLqCXLXRmXFLXrFLLQMmX , (rFX))",1.044367102161184,no,,,10893,2.2952309520191614
8217,"LL(cQFXXLLXmm(LMXmX, ), X, LFX)",1.3173211365342732,no,,,10893,2.2952309520191614
8218,"RLLm(,QLXrLL(RX,XLMXXX),, LmLQfX,FCX)",1.9567971208528117,no,,,10893,2.2952309520191614
8219,"cMLQ(LX, qcqcqLXcmLLXQLQXXcL(rrMMX))",1.4741848643436501,no,,,10893,2.2952309520191614
8220,"LLXFMXQmL(, FX, LfXCLFLXmQCXXrqfffXFX)",0.8835311144022495,no,,,10893,2.2952309520191614
8221,LXFLXqccmXLLLLmmXcfqcLXXqXMQX,1.0494475181296634,no,,,10893,2.2952309520191614
8222,"(lF(mMLXccFcmLLLXQFXLXLXLmFLcLXX), L(QLX))",1.1806903178675694,no,,,10893,2.2952309520191614
8223,"q(, LXLMXFCFX(LFXLXFFX), LFX)",1.229768371073906,no,,,10893,2.2952309520191614
8224,"LfL(LLMmfmQQMXLCLmCXfLmmLXqXMqX, MXqQX)",1.4232736559038186,no,,,10893,2.2952309520191614
8225,"XLLM((XQX), cQXXcXLXXMX)",1.0099568235053735,no,,,10893,2.2952309520191614
8226,"LLmL(mLLXCfqCMXfXXLCLXX, LX)",1.0086722732138906,no,,,10893,2.2952309520191614
8227,"(, LqLXLfLLX(cmLmcXrrLXfFFXMX), LLfmXQMX)",1.2220299647200097,no,,,10893,2.2952309520191614
8228,fFXqLLfCXXXMXmXXqLLFCXLCfLXRCLFXcCLXX,1.2398614436819602,no,,,10893,2.2952309520191614
8229,"cMLXLF(r(FX), FFX(X,RRcXLcLLcXRLLLMMFX))",1.2290652146572238,no,,,10893,2.2952309520191614
8230,"RLmLXFF((FfqX(cLLqMXMLqL(MMXXCX, ), )), )",1.162787619302726,no,,,10893,2.2952309520191614
8231,"L(FLXRqLFXLL(LLCLfXfMX(CqLFXLLLMXlLFXQMQFX)), FLXLX)",1.2449119996264812,no,,,10893,2.2952309520191614
8232,"LL(rLLX(X), LXRRLLcXLFXMmXLcMXrLX)",1.2055791120684178,no,,,10893,2.2952309520191614
8233,LLfLLLCCXRXRmFLCmXRmLCLXmLmXLCXLmqX,1.1617610813055543,no,,,10893,2.2952309520191614
8234,"RLCqLm(QLXF((, ,LXRCXFXFX,)), RRXCXLXMXmCXLXLCX)",1.3266347740764182,no,,,10893,2.2952309520191614
8235,"LMLX FMLXL(qXLXCLXFFLXRLXqXX, MXLLX)",1.507613686854947,no,,,10893,2.2952309520191614
8236,"LMLL(,QXfXLLCCXLQXQmXqX, L X)",1.378216920348637,no,,,10893,2.2952309520191614
8237,"LLL(fqLXRqCqXCXF(RLML(rMX, FQFQLLX, X)), XFX)",1.1921002499386444,no,,,10893,2.2952309520191614
8238,"rMmLLXrmML(qCLXXmXRLfLLQCCXMFXXLLXCX,(ML(RQX)))",1.2009327311942863,no,,,10893,2.2952309520191614
8239,L(fXLFQmQXfLCCLLXXXCLfXqXLFFLFqX),1.3764399155220894,no,,,10893,2.2952309520191614
8240,RcLLQccmMLCQmmXCCLLLLXXCLXMLXrmXmX,1.333503229656439,no,,,10893,2.2952309520191614
8241,rrLcMMXCLqXFCqLXLCXLCXLXqX,1.0523386680336237,no,,,10893,2.2952309520191614
8242,XXLLXrccqccLmmcLXfXRRXRLLLXrLQQmQX,0.9975970046502629,no,,,10893,2.2952309520191614
8243,"rLLCC(fML(rXLcCLLLCXLXqX, , (LXRX), qXqQX), )",1.5475185843589758,no,,,10893,2.2952309520191614
8244,"L(,FFqqFXcLcLLXrrLqMLXLLX, RXCLLQCXRCqX)",1.259390500234494,no,,,10893,2.2952309520191614
8245,"(mmLQXRLXCLLQLCX(LMLXL(LX, XXRX)), , lfX)",1.168988168092261,no,,,10893,2.2952309520191614
8246,"L(F(rLLLXqLCXLLCLXX, , ), MqX, mq(RFLQLX))",1.0967364757526041,no,,,10893,2.2952309520191614
8247,rXrrFLXLcqcXLXLcXFXqqmLX,1.0447356493163058,no,,,10893,2.2952309520191614
8248,RRqQLLLXmLCMFXmCffQLLXCLXrMXcLCXX,1.2608673171785314,no,,,10893,2.2952309520191614
8249,"L(rXqFmLFLXfQcMMcXXfMXcXrLXmLX, cX)",1.0255156389110613,no,,,10893,2.2952309520191614
8250,"L(,LLF(rrcmcmXLLLcXqFQFqQmXXqLQF(RCCmX), ), , X)",1.5984959356657962,no,,,10893,2.2952309520191614
8251,"LLLL(rrCXLLCF(rqXfXRRLlCX,XQX, (FQmX)), rXMQX)",1.4249055123620884,no,,,10893,2.2952309520191614
8252,"LL(rX,,  , rrLLfcXLF(LXrrLL(rrFMXFMLXLX),  ), X)",1.654774020707294,no,,,10893,2.2952309520191614
8253,"(fXXrrmLCLXLXLLCLLXXX, LMMLXLX)",1.1011350657542998,no,,,10893,2.2952309520191614
8254,"(LLLLqqFLLXccLmXmFXRRQXLqLX, rLLMX, )",1.444644032511586,no,,,10893,2.2952309520191614
8255,LFMLMCMXRRLLfCCXCLLLXLLXrcLMX,1.4151601324125265,no,,,10893,2.2952309520191614
8256,"RLCm( RCmLLCFfmXLMCfXMLMmXLL(LX, ccX), (RLX))",1.5735378540106222,no,,,10893,2.2952309520191614
8257,"QLLL(QXQQQ(, CLLQLXLLLLmQXrLFLF(LFLX)), RfqmMX)",1.3996692207541273,no,,,10893,2.2952309520191614
8258,LFXLLLCCMmXrLqLFMFXfLLFmCXRRQLLLqX,0.8652028883979485,no,,,10893,2.2952309520191614
8259,"((QCXLLMLXmCXLLXFm(rrfq((, rmXFX)))), LLLQX)",1.024914859111961,no,,,10893,2.2952309520191614
8260,L( cLqXLcMFcQXmXXLXRLcfXLLXRmLcLXMcXrqXR(X)),1.2612198581566356,no,,,10893,2.2952309520191614
8261,"LLX(MF(FXL((QfqCqXFFXCMLMLMLLXX)), ,rX))",1.0465774283101612,no,,,10893,2.2952309520191614
8262,"rLCL(qCCXRMX(XfFX), XfmLLL(LXXC(qqX(RQLX)), (X)))",1.3616027553292764,no,,,10893,2.2952309520191614
8263,"(rLLFLXrXCfFXLXFLFLXMmX, LLLQcLLqX)",1.2436638667442677,no,,,10893,2.2952309520191614
8264,"LLcLc(RffQCCXLQCQqXLMQLXXlcQLX, , RQfmX)",1.7068439531669857,no,,,10893,2.2952309520191614
8265,"M(fFmFLmqXFXLMCmXLLXLCfX, mXFLcmMX)",1.0069205660015477,no,,,10893,2.2952309520191614
8266,"(mLLmLXLLXrLmCCLqFCXRLXLLXXRMX, MFMmXQLX)",1.3483061713828097,no,,,10893,2.2952309520191614
8267,cFXqCfLqMXRCLXFLXLCqXLmCLXXX,1.1220727228035627,no,,,10893,2.2952309520191614
8268,"RLLmLm(, FQLcccCXm(LX, LXQLLXQqLLXQLX), LX)",2.1995866523640455,no,,,10893,2.2952309520191614
8269,"L(mqX,, ,,RRLmfCFXLCmXLXLLXrqX)",1.6307388560143161,no,,,10893,2.2952309520191614
8270,"MLLL(rrXL(rLLLXLLFqXR(, (cQLX)), rqLFX), LFmQcMX)",1.7505555169026374,no,,,10893,2.2952309520191614
8271,"rMFmL(, rMLXL(L(mfFXLLLLLcX(mfmfXCX), )), QFXqQcX)",1.505950568299148,no,,,10893,2.2952309520191614
8272,"((LqcX), rrLccLXXLLcXX(rmFCX))",1.251942640657839,no,,,10893,2.2952309520191614
8273,"cF(RRLLXXLFXLm(cMMfXX), LXX, )",1.0198538071030059,no,,,10893,2.2952309520191614
8274,"L(FLFLXLqCXFXMM(LXCfLXRMQFqmX), LfqFXcLcXX)",1.1969689934856962,no,,,10893,2.2952309520191614
8275,"LL(LLLLXqfCXMX(FFmXLLMCfLXX), RRMLX)",1.0824247496198804,no,,,10893,2.2952309520191614
8276,"LL(Q(XLMmcXLFXXXqX, RXcmLLXfLXX, ), FXMcX)",1.4797882563187026,no,,,10893,2.2952309520191614
8277,"(LLFXLfX, mcqXLfLLXcXXmLLXrlLlX)",1.0171847416782056,no,,,10893,2.2952309520191614
8278,"lLX(XqF(qlX), fLFFXRfQfLX(rFMccLXQLFFLXX))",1.1723559436859483,no,,,10893,2.2952309520191614
8279,"FLXXLLm(XrrCMCXXLLXLXRF(qLX), (XrCLlXLF(M(rrrLX))))",1.6820484237919597,no,,,10893,2.2952309520191614
8280,"(cqLcLf(rfLXrLfcQXLQ(RXRRffXfX), cLMX), )",1.6600429147966902,no,,,10893,2.2952309520191614
8281,"LLXFLLM(QLXFXQ(LMFLLXL(RLLQLX), ,  ),qX)",1.098328078224322,no,,,10893,2.2952309520191614
8282,"FLXLL(qLXmf(fLCXXqXFL(QFX(LXmMX))), RXXCX)",1.3541854484844043,no,,,10893,2.2952309520191614
8283,LfMcCXMLLQCXCLfmLXLLXRLLCLXMLMfCXrrfqXLLX,1.1895323322764875,no,,,10893,2.2952309520191614
8284,"qLF(mMXX, FXmLLLmXccLLXqXfXfMX,)",1.1218496618037326,no,,,10893,2.2952309520191614
8285,"L((LmLLFLQLXMLXLmcLLLXLFcLX), X, )",0.9285198813623742,no,,,10893,2.2952309520191614
8286,"LmL(QXLLLXFL((RCLLfCFLXrXLX)), X)",1.000342840307206,no,,,10893,2.2952309520191614
8287,"MmLXL(QmXLlLLfXLcccLXrLqLf(MLqqFX), FX)",1.092603893297605,no,,,10893,2.2952309520191614
8288,"flL(mQLXFfX(F(, LXfCXRmLQLMXqLLMX)), cFLFQLX)",1.1972331492640538,no,,,10893,2.2952309520191614
8289,lLfmMfcLXrcXrLLLFcXrMfcXLXRRRMfFMMXLX,1.261183358919592,no,,,10893,2.2952309520191614
8290,"c(L(QLFQQQXqX), MMcMqXFLLXcLXXLX(X))",1.1604583600062557,no,,,10893,2.2952309520191614
8291,"LF(RLXLQCLXCMXLXRqXX, XQLFX)",1.1170461249952999,no,,,10893,2.2952309520191614
8292,"(CQXmLXCXLXXLX, FLLMXrLLX)",0.9898373230907335,no,,,10893,2.2952309520191614
8293,"MQMXLXLFC(XQqrccX , qXLLXMCXXLXmqLXCCCCmX, )",1.3949259790317907,no,,,10893,2.2952309520191614
8294,"qMLL(RqX, qLcXLLcFcXMLLqLLqLXfLX)",1.34285598914685,no,,,10893,2.2952309520191614
8295,"cc(QLQCCLfXLLMCCLXRfLXX, ((FmL((, RRLLX)))))",1.2662065945839875,no,,,10893,2.2952309520191614
8296,"QcLL(cXmFLXFFLXLLcXLX, LX,, mXlFQX)",1.2902296786786078,no,,,10893,2.2952309520191614
8297,RXQcXLMXLXQcLcLXcXQXRflLFXrfFX,1.1059062169632854,no,,,10893,2.2952309520191614
8298,"LXLm(LLXl(QFX(fXLLLcmFLcXRcLcCLLmcX)), rFLMX)",1.1118191697900817,no,,,10893,2.2952309520191614
8299,FQXRLCXqMfCXMLfXFXRCqfLXmFLXCX,1.0043826806378036,no,,,10893,2.2952309520191614
8300,"LXFLXrLL(rLXFLCXFXFXrFFmXrX, mFXfCmX)",1.3703378120638607,no,,,10893,2.2952309520191614
8301,"LLLLLLf(FX,  FqfmqXccMXXRRQfXrX,)",1.2219941799275853,no,,,10893,2.2952309520191614
8302,"l(LLL(LLL(rrLCmXR(FXCfL(LL(LQ(C(LqX, )), )), mLMLX)), qLLX))",1.261086217681803,no,,,10893,2.2952309520191614
8303,"fMFL(fF((X)), XcQQMLFLXcXFXLFX)",0.8203498683754986,no,,,10893,2.2952309520191614
8304,(mLFLCXLLLXCFQQLLCFXCmLXLXXMcLX),1.3565031515073143,no,,,10893,2.2952309520191614
8305,fLXrLqmLXcqcXcLLLXLXQXXLXqX,0.9459043551747754,no,,,10893,2.2952309520191614
8306,cFcF(CCcXMFfCqXLXCLCXqXLLCLCXCX),0.9089256935392525,no,,,10893,2.2952309520191614
8307,"(((, (LfLqcX), rrLcLXLLLLcmXLX(LLLmLXX))), )",1.8233542959307025,no,,,10893,2.2952309520191614
8308,"X(fLcXCCqfXLLXMXrLCLXFLX(CLXFXX), )",1.0009312844166522,no,,,10893,2.2952309520191614
8309,"fmLFLLLQc(cQccXcLXFqLX, XXqX, XXcXLX)",1.453645019300702,no,,,10893,2.2952309520191614
8310,"Rf(LXFCXXLX, FmXFcXRXLcRLfLfX)",0.9206236787747577,no,,,10893,2.2952309520191614
8311,"m(L((qLLFXLCCXXmrLCXX), rfXmX), , , , , , RRllX)",0.9803328295879224,no,,,10893,2.2952309520191614
8312,"c(FLXmLLCCQcccXLXF(LXLcMXr(LX)), , MMmX)",1.1499100949993328,no,,,10893,2.2952309520191614
8313,"LLLXFL(rX, XLFQLXcfQLXLLccXCqFQQqfQMLfLX)",1.20113962677274,no,,,10893,2.2952309520191614
8314,"LmLXM(RRLLXMXL(cLLLmLcXMFXLQX), X)",1.3518193893896389,no,,,10893,2.2952309520191614
8315,"LLQL((QLMFCXmLCLXrrCLX(mXcX)), X)",1.3739413704784935,no,,,10893,2.2952309520191614
8316,"L(LcLLX RmCLCQMXL(rLLLCfLLCXfQLQXX),)",1.2666711522729532,no,,,10893,2.2952309520191614
8317,"LL(FQccQXXLcLFX, RFLcXLqQXRX, MqqqXCCXLLLX)",1.4514108083001669,no,,,10893,2.2952309520191614
8318,"rLM(FL(rLcLXLcXqfXcXclXfLqLmXQ(MCX), lCX))",1.1819509527352643,no,,,10893,2.2952309520191614
8319,"rLF(CLLqXLLLfLq(cqMLLQQqXLLmFLLXqX, ), LmX)",1.465388312549396,no,,,10893,2.2952309520191614
8320,"MCCL((LX(qLX)), RMfmCLQLCXrLXFXLXqX)",1.2601101471477518,no,,,10893,2.2952309520191614
8321,QLQQLLmLCCQXrLLqCCXLXCmLXFXrqFQLLX,1.3912948340708886,no,,,10893,2.2952309520191614
8322,mmFFXrLLLcQXMXXmLXRLLcMXFLXLmLLLXRcX,1.4133373833545988,no,,,10893,2.2952309520191614
8323,"FLXLL(L(LXr(X)), LQLMXcXlXLLXX(XqcFX))",1.2980597391805124,no,,,10893,2.2952309520191614
8324,"LLQf(fL(CXXCXMLfXQLQLXL(,LX), rmmLXMFX))",1.0683384161405287,no,,,10893,2.2952309520191614
8325,"fc(RRfFMLccXmL(XcLLMXX), cFXXqLX)",0.9175177377274615,no,,,10893,2.2952309520191614
8326,"LLXL(mX, LLXqCFmCXl(mXL(qCLLFLMXfX)), )",1.1697045161600466,no,,,10893,2.2952309520191614
8327,"((, rLMCQXCCXFQLXCLLFCLLLMXRRLLXrmLLX), )",1.2079986310310404,no,,,10893,2.2952309520191614
8328,"L((LLCMQXLLXCLQLmmLLCXq(LLL(fLfXRqLLcFX)), LXLQm(RfX)))",1.1039574960171614,no,,,10893,2.2952309520191614
8329,"LL(FqfXm(LXLCLCXLXRFFq((RLX))), MLXRRQXFL(QLX, ), , RX)",1.2418000575473256,no,,,10893,2.2952309520191614
8330,"L(Q(RLCCMXrLFLLLLCXRLLXLfL((LLqMX))), qLQX)",1.4163302837530345,no,,,10893,2.2952309520191614
8331,"L(, MfMLQCX, RRcLLCCFXLmLCLXmLLXXM((LrFQX, )))",1.8265141757359404,no,,,10893,2.2952309520191614
8332,"F(RRFLMLLcCfCLLXCLfXFLXfmXLLcqX, rQmLLX)",1.6562599498983055,no,,,10893,2.2952309520191614
8333,"(mLLFQCXQCXrCLLLLXRQFXMX, mMQlLX)",1.1987826664065084,no,,,10893,2.2952309520191614
8334,"LcmXmL(XX, (LFQXXmcXfLLmXMLX))",1.3757916687226037,no,,,10893,2.2952309520191614
8335,"(LX LL(XRmLX, L(FLXCX), qqCCXXLL(RRMLFmXLLXrqLrqLX)))",1.3892922672955674,no,,,10893,2.2952309520191614
8336,LLcfLXcQFCCQCCXfLMFCLCXRRLLLXQLX,1.2919003499476949,no,,,10893,2.2952309520191614
8337,"RMLL(RmMX(L(X, MLLXLQLXRX)), cMLqqX)",1.6482235081460028,no,,,10893,2.2952309520191614
8338,"ccLLmML(lmLX, cXRRXLFXcLXrLMX)",1.0749859978964358,no,,,10893,2.2952309520191614
8339,FFqFXLqcfcXcLFXrMXLFFcXRLmXMmX,0.9749270487380629,no,,,10893,2.2952309520191614
8340,"qMLcqX(XfXL(cXQ(RLXX, )), )",1.0676054329451512,no,,,10893,2.2952309520191614
8341,"qFLL(LXqCfMfX, cLXccLLqfXXrLlLQXCfX)",1.350264451717778,no,,,10893,2.2952309520191614
8342,"LF(lmccQXffXQFLQfX, RmCCXXMXCQRXMML((FLmXMX)))",0.8507567428075167,no,,,10893,2.2952309520191614
8343,"LLF(r(FFLCf((XqCFXMLXQqLXq(rMX), XXLLX)), ), , fQXqcLX)",1.7091617953114622,no,,,10893,2.2952309520191614
8344,"LLLL(,,(m((rLCm(mFX)), LL(MLLXMMqLXM((FLCFXqCXrrrMLX))))))",1.0783639728126235,no,,,10893,2.2952309520191614
8345,"LLmLXF((QLXLLMcX, RLMcXRXMLLcXFMXX))",1.3489704557581905,no,,,10893,2.2952309520191614
8346,RFLXLqcQXXXLcXcLQXQcmQXFLXrfX,0.9764794234101327,no,,,10893,2.2952309520191614
8347,"LL(QXFX, XQLXXcXLFXLFXRMX,)",1.2849071896460162,no,,,10893,2.2952309520191614
8348,"LM(flX, , LLfXrcLqcfLmXLLfcLLXRLffqQQLXMLX)",1.1161515149470076,no,,,10893,2.2952309520191614
8349,"LL(QLLLRCqmQmXLCMmXrQQLLCXrLcfLX, (RX))",1.215484539803712,no,,,10893,2.2952309520191614
8350,"(mFLLMLLXrCXrmLCXrFmMmXRfLXX, mLX)",1.1041274202368871,no,,,10893,2.2952309520191614
8351,"(RLLqX, rrLLLcfXcfXLLFLLXLLmXRqCX)",1.6975995072714556,no,,,10893,2.2952309520191614
8352,"RLLLF(mXLFLLCXL(CfXQMX),, FccXRXMFXXrLX)",1.1370928953597004,no,,,10893,2.2952309520191614
8353,"LMFLLCM(RRCmLmXLLLCLLLXM(LLL(RRLQXLX)), LX)",1.4596794855399473,no,,,10893,2.2952309520191614
8354,cf(RRmFXLXLcXLLXRMLqqcQFXcQXMLLXRQLLX),1.1088694352240978,no,,,10893,2.2952309520191614
8355,"mfLCF((FqXLqMCXLmL((RXFMXqX)), rMLLXLX), LmXmX)",1.4892224959516698,no,,,10893,2.2952309520191614
8356,"LqFXL(rXLLXLFL(, , XfX, ,XLLX), qqX, )",1.6930921694983456,no,,,10893,2.2952309520191614
8357,"LLXm(LLQLXXcXLMLXqMXLX, X)",1.3591139268264647,no,,,10893,2.2952309520191614
8358,"LQL(rLLQQXCLXFCXFLXX(RX,), qXLfX)",1.0857657795235605,no,,,10893,2.2952309520191614
8359,"LLLfLf(RRCXLL(, FXF(XCCLXLX, )), RRRLLLLLFX)",1.617691929649549,no,,,10893,2.2952309520191614
8360,"MLXLLMXL(qFfXrfCLLLLCMXRLXFXfX,, fXRmX)",1.198509904378239,no,,,10893,2.2952309520191614
8361,"L(LfXCqCXXMXXCLLXXrLX, RCX)",0.9574206599247905,no,,,10893,2.2952309520191614
8362,"LfL(mCQLXlXCXm(LQQXLXLQFLQX), rqX)",1.1080555255054287,no,,,10893,2.2952309520191614
8363,"l( LcCXcCFLFLL(rLCXrMLLXLLCXXX, rXLX))",1.2265695059689554,no,,,10893,2.2952309520191614
8364,"L(RLqQcXXLLLmcXXX, , RLfX, XFqQQXX)",1.2097972190509472,no,,,10893,2.2952309520191614
8365,LLXrrcLFfLfcLXLFLcLLLXLFLXqmX,1.360777434274923,no,,,10893,2.2952309520191614
8366,LMfFQMLXmlLXLCXLMCLXRLXLCXrFmXQX,1.0626346533244342,no,,,10893,2.2952309520191614
8367,"LfXQL(,R(X), ,LXmcXLXmFXcX(X))",0.9354323386051834,no,,,10893,2.2952309520191614
8368,"LL(cC(RRLLXcmCCCLLLLfXXqL(Lm(rL(rmXX, )))), X)",1.895839730614023,no,,,10893,2.2952309520191614
8369,LcqcQqQqXcqfXLcLLmLLXMcXQRRLqXLX,1.0463699689117394,no,,,10893,2.2952309520191614
8370,"LLQLFM(XMXLLcXcLLXLQX, ,, (X), , (RQMXcLqX))",1.2502646419168055,no,,,10893,2.2952309520191614
8371,"rLfCm(XL(qCLXCmLLXX), , MLLLXr(RLX), LQXLqX)",1.2239670215165726,no,,,10893,2.2952309520191614
8372,"m(mL(LLqfXLXcLXFLLcXQXrrmllX), LfLLfLX,  )",1.1113477965566574,no,,,10893,2.2952309520191614
8373,"L((qMXFX, , LFX, , , ), rFXmlXCFqCXLXm(rFLLX))",1.2904467160389057,no,,,10893,2.2952309520191614
8374,"LMXL(, X, (QXLLXLLCX(LL(fCFfX((MXFX))))))",1.0141995920222442,no,,,10893,2.2952309520191614
8375,"f(X, rL(XcqMcXXLXXrm(FmX), cXXX))",0.8718036327779289,no,,,10893,2.2952309520191614
8376,"LL(,L(QXXCCMFCLFLX(RQQFXX(FLMX))), LX)",1.2733843445094377,no,,,10893,2.2952309520191614
8377,"mL(mRLFcX, rrCLCccXLLLLcXLLXLXRX, )",1.7802059957638054,no,,,10893,2.2952309520191614
8378,"LLmm(LqXrQf(, FX),, CFQL(RXFCmXLLqLXfLLLLXrLX, FFfX))",1.3432031494185923,no,,,10893,2.2952309520191614
8379,"LcL(RRcCCLLfXfmLCLLLXLLXqqL(MrLXlmQX), , X)",1.8383194327780616,no,,,10893,2.2952309520191614
8380,FFXLCXRFCCLLLXRLmLXRCXqXLXRQFffX,1.048527957781065,no,,,10893,2.2952309520191614
8381,LqXrLMFXRLLcmQFcccccXLXXMfffLlLqfMXLLFXX,1.112309356351184,no,,,10893,2.2952309520191614
8382,"LLCLmXqL(rFMmmXLCCLLXLLX, , (qFXfLCfmmXX), XrFXLX)",1.4541972790662097,no,,,10893,2.2952309520191614
8383,"(LLXLQ((X), MLXLFLLXLLCLMXCFXXR(FX)))",0.8959121971624804,no,,,10893,2.2952309520191614
8384,"mmfXL(XRQFFXMLL(LLML(L(L(LX), CmCFX)), ),rrlX)",0.9405011542462104,no,,,10893,2.2952309520191614
8385,"LLfXRFc(cX,mMfXLLLXRcfcLXL(LQmXLLcXLX ), )",1.2474322301307883,no,,,10893,2.2952309520191614
8386,"RLL(X, LXLXcQLXfLLLLcXFX, )",1.119866544848845,no,,,10893,2.2952309520191614
8387,"LFL(X(rqCCX(LLLLFCXLfXLX)), LRFX)",0.8523713457138449,no,,,10893,2.2952309520191614
8388,"LLXMmL(rLqXRMFLmCXXFLXXLQMMMCX, qXLmX)",1.4269936453321417,no,,,10893,2.2952309520191614
8389,"cXLFLL(LX,, R(XrFqX, XX(RmLmQLMccXrLXLX)))",1.2249759236926614,no,,,10893,2.2952309520191614
8390,"rrfL(fCXLLL(RLLmqLXqXX, , LLMX, (FLLX)), LLLXfCX)",1.836816536760056,no,,,10893,2.2952309520191614
8391,"(LLX, rrfLLcLXLLcXLLMFLLXQLQQXFQX)",1.8318498942424173,no,,,10893,2.2952309520191614
8392,"rqf(, fFLLXQccXmLLXcXfXXQX)",1.1512850860689932,no,,,10893,2.2952309520191614
8393,"L(L(LLX, QXcmFXmmXXMcffXqq(qX)))",0.8406154361710338,no,,,10893,2.2952309520191614
8394,"LL(RXQQLX, (LLMLmL(RQXcLLqmLmcMX, rrMXRLCCLLXfXFX)))",1.171232826895727,no,,,10893,2.2952309520191614
8395,"LCCM(rMmfLXRQCCCXm(L(, LQLXQQLXfLfMX)), FmMLX)",1.1977234117939277,no,,,10893,2.2952309520191614
8396,"Lc(rrLcXrQfLMLLLLLcXLLLXLQX, rLMmMX, )",1.4067058495225158,no,,,10893,2.2952309520191614
8397,"LCXmXLLQc(RLXQ(cqQX), Lf(QLXccXrLXFQX))",1.14669573639697,no,,,10893,2.2952309520191614
8398,"(rMqXLMLmLccfQXXLXXcLLLXRLLmLXcmcfQQqfX, , , )",1.3941113068505806,no,,,10893,2.2952309520191614
8399,"(LrLXqfLcLcXXmX, rcLqLFXLFmcFXLfLLXLfMX)",1.2876262746055485,no,,,10893,2.2952309520191614
8400,"XRRcLXFLLMLMMCqCCXLfLFX(mLX, LXL(LX))",1.3471577996535866,no,,,10893,2.2952309520191614
8401,"LqXCLLFMC(rMXRXXXMLLqLXq(MX, LX), fFX)",1.4077216227067046,no,,,10893,2.2952309520191614
8402,"LMmM(rcCXrLLLXM(Q(QLLmQ(((RXfQ(XX))), LX))), XX)",1.4366689329232982,no,,,10893,2.2952309520191614
8403,"cL(MMMXcLfCXqCFXLLXCfXMLMLLLXRCqX, rMXF(ccMX))",1.0650291372952154,no,,,10893,2.2952309520191614
8404,"(f(f(, L(LXqLCfMX((fXCXXX)), mq(RX, ))), LFQMLX), )",0.8714471406962062,no,,,10893,2.2952309520191614
8405,"L(rCLX, rLLXQcLLfLfcXLmmXcFLXLmF(LLXLmX))",1.3225614517183315,no,,,10893,2.2952309520191614
8406,"M(X,FmLLccLXLcQXLMXLmXXLMLXcX, )",1.1474290154518763,no,,,10893,2.2952309520191614
8407,"LL(rmLcLX, fqFcFcqLXLLcMcLFXrqMLLLXLqLLX)",1.3815497072321992,no,,,10893,2.2952309520191614
8408,"mF(ML(CQQCLXLCXrCfX(c(RLXQLX)), ), LX,)",1.50393566474059,no,,,10893,2.2952309520191614
8409,"F(FLqLLX(CXrLLXXCmXrLXLLCXQXrMCFX), , MX)",0.9963350394935575,no,,,10893,2.2952309520191614
8410,rLLMLLQLXLCXLmQCFLFXCXLLLLXXrX,1.3264064468726524,no,,,10893,2.2952309520191614
8411,rMLLLXCLLFXQfQfXCMLFLCXMLCXQLqXmMQX,1.0303990493244743,no,,,10893,2.2952309520191614
8412,"LLLLXMFL(LmCQQLXLmlccFXLqLLXrFX, QX, X)",1.2115638062873013,no,,,10893,2.2952309520191614
8413,"F(l(cLFL(LMX, rFcLcqXM(RLLcLLXrrFqMLXXCFX))), )",1.792399885603472,no,,,10893,2.2952309520191614
8414,"(LLX RCL(mFXLQLCLLXCLXrLLLmfXQ(RMLcLLX), rQLLX, ))",1.182389103834691,no,,,10893,2.2952309520191614
8415,QXQLLcXRqLLfqcfXFLfLmcXLcMLMqXmXXLQqLcX,1.2086929935169846,no,,,10893,2.2952309520191614
8416,"(LX, fLMLmXMmCqm(rLLXXX, LFLXFXLFCLXfmXFX, ))",1.2088203715332086,no,,,10893,2.2952309520191614
8417,"qLLLXMLm(RLQmLXf(LqLMX(M((LLX))), RXRXmX,), , cX)",1.3876367963486382,no,,,10893,2.2952309520191614
8418,"cXLLC(FfXllMLqmqXCCMMCLLFXLLX, RqFFMMFX)",1.0041923748585808,no,,,10893,2.2952309520191614
8419,"cXM((XLqLLXMCLLLLXLfXCfLLXQLQLFX), cLX)",1.2478611030344182,no,,,10893,2.2952309520191614
8420,"LL(c(, , RLCLXMCQMXCLLLLXRLXRQX, ), mMXLL(rX))",1.1205770410934233,no,,,10893,2.2952309520191614
8421,RLLLQXCCLLCXfXflfXlMFXLXLfQQCXRCFLX,1.1098522421909909,no,,,10893,2.2952309520191614
8422,"Lf(, rM((, MLQLX), ), LQLQXmCLCLMLMCXRX(RXX))",1.5140478285989967,no,,,10893,2.2952309520191614
8423,"(LLXQLLLXL(RLMXLcX(LLX, ), FFqqXrcLLX), RLMX)",1.0290787952587035,no,,,10893,2.2952309520191614
8424,"L((mLX), rQLQCLqcLXcqcXLLXLMLLqLXMX,)",1.527795515837614,no,,,10893,2.2952309520191614
8425,"(((XrrfCMXXFXLLLXFCXLX)), LLX)",1.103425849887808,no,,,10893,2.2952309520191614
8426,"(LfLCLLXFLXX, XLffqCmXLLFXLCXXrFMfX)",0.8360848316944833,no,,,10893,2.2952309520191614
8427,"((FC(qfCLXfXCLCMqXX,), LXLX), ffX)",0.869820996449716,no,,,10893,2.2952309520191614
8428,qLLXFLmLcXLLF(ccqMXMLMXLcXFQXLQqLLX),1.2457576262973524,no,,,10893,2.2952309520191614
8429,"(LL(L((rrLFfcXcLXLLXRLRLXX, ), , LX)), )",1.7496015298351442,no,,,10893,2.2952309520191614
8430,"L(LL(LMmXCCQXLLLXLLmCQCXXRRXLX), , LLX)",1.1781277008401307,no,,,10893,2.2952309520191614
8431,"F(L(LXrcCXrCXLLLXqFCLXRX, LMLqX), MQX)",1.1228954414230536,no,,,10893,2.2952309520191614
8432,"LL(RRLLmFCXLMCXLLLXFqXrLLLQX, mQLX)",1.72050257676251,no,,,10893,2.2952309520191614
8433,"LM(ccLcQ(LXfX, cqcqQQXLmLmXcXLX), LfQX)",1.2024662049321726,no,,,10893,2.2952309520191614
8434,"XL(qXCLLXLXCFmLXrLX,(LXX))",1.1251006380314674,no,,,10893,2.2952309520191614
8435,"CLcL(((rX)), rrMcXL(L(LcX(mLLLXRQQXLMX))))",1.7399432391065697,no,,,10893,2.2952309520191614
8436,"lfqLLmXMX(LLL(mQXLFFcXL(cfXLXCCcX), fX))",1.282156836593699,no,,,10893,2.2952309520191614
8437,rLQXrLcLLqmccXMXcMmXmXLCX,1.0238630839606893,no,,,10893,2.2952309520191614
8438,"((LLL(fLFLXLMMqCFXLmXLLCLqCXq(RX), FMX)), )",1.0455824161904708,no,,,10893,2.2952309520191614
8439,"(flLmLQmX, LqqLMcXLLLmLccXrLLXFFlXCfX)",1.6441643849378127,no,,,10893,2.2952309520191614
8440,"L(FXFLM(QLXLXRLccXQXLLFL(RX, XX), MX))",1.5637896685964352,no,,,10893,2.2952309520191614
8441,"(MX, RLCfX, FFMLLXrqCCXRXLLXfCMFmXFX)",1.0128377430607733,no,,,10893,2.2952309520191614
8442,"LL(L((RRMMFLCfXf(, rLLLLXLMLLXrfcXrX), rrrmmMX)))",2.0389312781058457,no,,,10893,2.2952309520191614
8443,"LL(FX, LXmM(FXRccXQXmLXFqXLQqFcQMMXqX))",1.1030039529784335,no,,,10893,2.2952309520191614
8444,XLXmcLXQfXFXmcXMLLfXLXcXX,1.0662074670605142,no,,,10893,2.2952309520191614
8445,"LL(QmLQQQLXrLLLQ((FfqLX, L LXrFX)), cX)",1.126930821851636,no,,,10893,2.2952309520191614
8446,"L(qqLqXrL(mcLqXrXqMlLqXLX, ), LcqLmX)",1.7600307704111746,no,,,10893,2.2952309520191614
8447,"LL(rX, QFXCLFLFFXCLQXFXLLCXFmmXXMX)",1.0367385501987432,no,,,10893,2.2952309520191614
8448,"Lc(F(RMX, cQfLLLXX(McLQXrrqLQX)),)",0.9306949941398766,no,,,10893,2.2952309520191614
8449,"LLLF(fQCXmXCXFLXRLFLCXfrMX, LfX)",0.9770824954210809,no,,,10893,2.2952309520191614
8450,"L(RCLfQCCXLLCLLFXXmfX(, RXRRRQLLXr(QMX)))",1.4570363393930639,no,,,10893,2.2952309520191614
8451,rLLLLCfXRFCXQCXmCLFXmMXRRXqX,1.037985958519964,no,,,10893,2.2952309520191614
8452,"qLL(, cfqXCcLccMQQmmLLLXcFmLXXQLqMqLXRLLX)",1.2356002206551815,no,,,10893,2.2952309520191614
8453,mFFFMLfLXLLLMLLLMqcqFFccXmcXMXQXCFX,1.229486937331767,no,,,10893,2.2952309520191614
8454,FmXFQXCCfLQCXfXLXXCQXLXX,0.8672803624874168,no,,,10893,2.2952309520191614
8455,"f(Q(LRQQQqQLXLLMMMLF(fFX, rQXqLLXRqX)), LMX, )",1.732786258907733,no,,,10893,2.2952309520191614
8456,mfCLXMLfmXCCQMX LXLmLXmCQLfXrqqXmLMX,0.9207508425653729,no,,,10893,2.2952309520191614
8457,"LMMLC(qqqX((rL(LLcfXLqQMLfXLX), )), mFX)",1.5029710041472653,no,,,10893,2.2952309520191614
8458,"LFf(RLLXLXcLLfLXRcLXX,cQ QcXLXLXmMLX)",1.0439166738405636,no,,,10893,2.2952309520191614
8459,"LQXLL(QqQXrLFX, LLLLFFXLcQcXrLfXLXLLQmX)",1.2612739540766147,no,,,10893,2.2952309520191614
8460,"mLL(, RRLLcCMXCCLLLXMLXL(LFFmX(X), ), LX)",1.9618215637294025,no,,,10893,2.2952309520191614
8461,rMmLLXFfQFLmcXFXfXLLcXmLXRLcLXRcmLX,1.221986648709255,no,,,10893,2.2952309520191614
8462,"LLX(CqXXLX(LLLCXLFX),fXXRFCLCLX)",1.2386668369609795,no,,,10893,2.2952309520191614
8463,"LQ(,X(mLXX,LXmMLMXcFXLXXLLXLXRLMcXcXMmFXcX))",1.4355682357685144,yes,B5,2,10893,2.2952309520191614
8464,"(, RLLLLXLqcCX, qCXCXLLqCXXCLFXLLfX)",0.9506832381653215,no,,,10893,2.2952309520191614
8465,"L(, RRLXL(X, XRMXLLLLLXFX), (QXfLLX))",1.7885177602257958,no,,,10893,2.2952309520191614
8466,"MLL(XX, mcXMF(, LLXFQLXFLcQFXrLXLXfLLX, FX))",1.4020098035889426,no,,,10893,2.2952309520191614
8467,"mmLL(rLXLLXrClLXLCXLX, RqX(cFX), )",1.093159201364897,no,,,10893,2.2952309520191614
8468,"r(, LLXLCCqqX, LLfLmXrFMccXLLXXLcQ(rMCfCX))",1.395760376252872,no,,,10893,2.2952309520191614
8469,LXrrLcQXLLLXRLcXLMLFcXLLLXFLXcLX,1.2172873444421042,no,,,10893,2.2952309520191614
8470,"LL(fFMQLLXLLLFXCCXRRXMmFXFQQX, mLcX)",1.0868975601551933,no,,,10893,2.2952309520191614
8471,"ffXMLLLL((RRLLmLXL(FX, XLqfXLfLXRLQqX)), X,)",1.955901915242301,no,,,10893,2.2952309520191614
8472,"mXF(FLLL LqX,fFXMXRRLMMmccXcLXrLXCqcX)",1.1357078737593356,no,,,10893,2.2952309520191614
8473,LMXqLcXLLXMMcXqfXcXMLXRmLXcQX,0.9135837734990601,no,,,10893,2.2952309520191614
8474,"L(RMc((X)),, LL(RQLX, qXLXLcLLXcLXLXCLX ),)",1.108790371501256,no,,,10893,2.2952309520191614
8475,rFCMmLLXLXXfXrFLqLCFLXCMmXrQfLLXRLQQXfFX,1.0103030609884531,no,,,10893,2.2952309520191614
8476,"LX(ffLqLXCXFXLXfLXMMLLMF(, QqLX), qLX(CX))",1.411223353169616,no,,,10893,2.2952309520191614
8477,"LL(QmXQCCfCXLLmLLFXLLXR(qqqqlLX), mX, )",1.4385713092849615,no,,,10893,2.2952309520191614
8478,"(fFLRfLLLMQCXrCX(RfLLfXrLXMLmX), RFLLLX)",1.6418473062286678,no,,,10893,2.2952309520191614
8479,"f((,LLXQLX,), qmmcXLLLXcXXLFXRmX)",1.0081041764994814,no,,,10893,2.2952309520191614
8480,"(FLLLXLLXCCqXXXMXFLXXCqLXLX(, X), qX)",1.3044692856326066,no,,,10893,2.2952309520191614
8481,"LcL(LcLqXfccqXLLXLXFX, MLqqcXFcXrLXXX, )",1.6148231606297234,no,,,10893,2.2952309520191614
8482,"LLMLf( ,RRLX(, ,  MLLXLXRXMMX), QMQX)",1.9624358089096896,no,,,10893,2.2952309520191614
8483,"rrLLL(CCCCXMmMXfX, MXMcXLXRLXCFCX, rQXX)",1.413650507449618,no,,,10893,2.2952309520191614
8484,"LCcFc(QMqXMLCLXCLCqXfXLLCXCLLX, LR(, (MX)))",1.1225994159648522,no,,,10893,2.2952309520191614
8485,CQXLXrmqQcQQQfXcfLLfXfcfXLLXLcLXrFQXrQCX,1.0237500250986964,no,,,10893,2.2952309520191614
8486,"L(RRFLLCMXLLm(LLL(,XfLLXcLFLX)),QqX)",1.5469075011220188,no,,,10893,2.2952309520191614
8487,CLXLXQLCCLXMFXLXLmMCQLMXLLqXMfX,1.019922205415671,no,,,10893,2.2952309520191614
8488,"L(LLMLXrCmLXrXm(CLLMLLLLFXMXfmX), LLLX)",1.2263419353305374,no,,,10893,2.2952309520191614
8489,"LC(CqqCLLLXLXRLXRM(RXLX), FmfX)",0.8956171660444033,no,,,10893,2.2952309520191614
8490,"qqfcqFLX(, rfLXLLLLQcLQXccLLXLLfXRcMFMCX)",1.1466285771297788,no,,,10893,2.2952309520191614
8491,"FL(XRcXcMQLLXL(LLXrLfX(RFX)), LX(qfX), XcX)",1.6276675815743336,no,,,10893,2.2952309520191614
8492,"FFL(MLmqXLqmMLXLL(LXMLFLQX, LLLfLX), qLXLM(mX))",0.9520691258026002,no,,,10893,2.2952309520191614
8493,"LmXL(MqXlLmf(XLLCCXLLLF(LLCX)), mX)",1.0220367439355964,no,,,10893,2.2952309520191614
8494,"cML(qLmXrCCX, rLMXrccmLXqqXFMLXFX,)",1.2899201387834491,no,,,10893,2.2952309520191614
8495,"FLf((LLLXrX), LfLXLFFX, X, FMQXccQXrLLXLQLQX)",1.4195356982834442,no,,,10893,2.2952309520191614
8496,"LL(LL(fQcXccQXrfXFX, FF(rMLX), LX, ), QQX)",0.9654245059803547,no,,,10893,2.2952309520191614
8497,"C(rmLCLCMcXRLLLLLccMMXcQXfXLfqLFXmXX, ,  )",1.1689690525675356,no,,,10893,2.2952309520191614
8498,"mLLm(XrCfXrFCLXLmLCXFLMmX, ffXLFRLX)",1.028417377398238,yes,B4,10,10893,2.2952309520191614
8499,"FLXLcmQXMXFXLXmmmmLLfLL(QXLcXrmLXMX, )",0.9361863093558997,no,,,10893,2.2952309520191614
8500,fQXLLXcCFCCmmQLXFLXXrrLMLFCXmcLQmCX,1.0908561167762796,no,,,10893,2.2952309520191614
8501,FLLXCLXXrMqLCLCXRMFMCLLLXLfXLMLXCLX,1.1480173824661446,no,,,10893,2.2952309520191614
8502,"Lq(FLXCLLXqQ((LXRFX)), MfLMXLcLmXL(RcQXmfLXCX))",1.2847862398154144,no,,,10893,2.2952309520191614
8503,"L(rrmfMXCLLF(LLfL(cXrfXRXf(QMX)), ), qqmL(FLfX), )",1.8532006745931227,no,,,10893,2.2952309520191614
8504,"mLf(LMX, QX((LXLCCLXRLLLXQXQFfX)),  LX)",1.276235452644539,no,,,10893,2.2952309520191614
8505,"LLM(FXCqMXLXMXF(LLLCmXF(QFX)), FLX)",1.2254612634123063,no,,,10893,2.2952309520191614
8506,"LLL(fFqqfcLX, rLqcFcXRLLcXrLFLXLMlmqXX)",1.6450171074066486,no,,,10893,2.2952309520191614
8507,"(m(mFLQXLXCXLLXXMCLLmXXQXLLLLCXmLX), )",1.167081695230612,no,,,10893,2.2952309520191614
8508,QmLXLXLLmqLCCFXLXlXLCLXmLLfXX,1.3217791261115857,no,,,10893,2.2952309520191614
8509,"(LMqcCFXMlLXCmXLLmX(RLX), QmfLX)",1.1528116682951859,no,,,10893,2.2952309520191614
8510,"(LMLFLXrCXQ(QX), fFqLXLXLLcfLcXfXrqXFMX)",1.0189029260170994,no,,,10893,2.2952309520191614
8511,"L(((RmCLCQXfLMLLLLCXrqqXLXX), ), FLLmXRX)",1.527410739572627,no,,,10893,2.2952309520191614
8512,"(MmL(LLLMQCQCXmfMFCXfLLLXrqLm(RCfCfX, X)), , rfLLX)",1.3187849339203481,no,,,10893,2.2952309520191614
8513,"LX(rLFqX(RLLmLLLfMXLLXLfX, FLX), rFX)",1.5353530285235657,no,,,10893,2.2952309520191614
8514,"lLM(rrLLcLXfcX(LLXLXF(LLCQX )), RcLcX)",1.6689330183683109,no,,,10893,2.2952309520191614
8515,rrCmmLFXcLcQmLccfLXLXmXrLLXrrQLLLcX,1.334483733886993,no,,,10893,2.2952309520191614
8516,"cLXFLL(,FLQXXXfLLLLLcmXFLmX, QLX)",1.1576872786975396,no,,,10893,2.2952309520191614
8517,"LXFF(qLqLqXL(LLXLLXLqX,  LLXCX), rX)",1.6010888351591366,no,,,10893,2.2952309520191614
8518,"LCL(Q(RqCLLX), RCQLCLLXCLXLXcLLQmXLX, Q(, LLX), )",1.50773556750942,no,,,10893,2.2952309520191614
8519,LL(LMX qLcLcLMcXcqmXLcLlLXfQfMXRLLQLqCQLX),1.121752035127225,no,,,10893,2.2952309520191614
8520,F(rfLFLcXLqcXLXLXLLfXFcXXrLLFXcLXrfLqFX),1.3036044945952674,no,,,10893,2.2952309520191614
8521,"L(L(LX), LLXcLQXfXMFXLLmcLLXQX)",1.09661758578224,no,,,10893,2.2952309520191614
8522,"MLLLC(R(CfQXCmFFLXLqXXmX), RQXF(CLLXLX((RqLX))))",1.6209989822580404,no,,,10893,2.2952309520191614
8523,"LLf( MXLcLcXqqLcXcXLLLLQXXFcfCX,)",1.2514217480645398,no,,,10893,2.2952309520191614
8524,"LL(LX, rrmLXLLLXmCfXLmXfFLFLFXFFMXX, fX)",1.7096748140598068,no,,,10893,2.2952309520191614
8525,"M(LfLFXCLCX, rfMLLfXqccLXFLLfXcLXRfLXqX)",1.1493274556077198,no,,,10893,2.2952309520191614
8526,"LXLLF(X(mX), rLLFX ,,  LQqqMXCCLFXLmXL(X))",1.3588186525498416,no,,,10893,2.2952309520191614
8527,"cLLcc(rqLXcfMXRRmQLX(LL(fXRX)), LX, )",1.5271474051485867,no,,,10893,2.2952309520191614
8528,"RLLC(ffQCX(LCLMXLQFLmXrrLcQmXL(X)), (RfmLqLXLFX))",1.6695977406341451,no,,,10893,2.2952309520191614
8529,LFFmXLXLffFLQcmcXLLXLLXmXFXMLcX,1.1814244592367478,no,,,10893,2.2952309520191614
8530,LqXLfXrmfLcCcXQLRcLXLcXffMXLFLXLcX,0.969744164164633,no,,,10893,2.2952309520191614
8531,LqLmqXRLcccLcQXXfXFXLqLqXRmX,1.2209145815653684,no,,,10893,2.2952309520191614
8532,"CLXCqCLq(LXLFCCfXMLLLLLX, LLX)",1.0382798174444876,no,,,10893,2.2952309520191614
8533,"LL(rLcLX, , RRfLLMLCXMLCLXLLLXrrMLLXLX)",1.8663519103828385,no,,,10893,2.2952309520191614
8534,"LFmL(LXCmMqmXLLL(, (MqLLXFQ(, MLFX))), fLX)",0.9752499420333063,no,,,10893,2.2952309520191614
8535,"LL(qccMQXQLXLfcXMXL(LLLLLcXc(LcXRX)), qqXCmX)",1.2200955241623908,no,,,10893,2.2952309520191614
8536,ClFXLLXFCLqXXMFXXFfLLLLXLCLXCLmqFX,1.1065978436868653,no,,,10893,2.2952309520191614
8537,LLFmLCXCLfMLXqLFfLXFCFXrCX rFX,0.8396391480909957,no,,,10893,2.2952309520191614
8538,"RLFLQXLL(XmFX,XRMccX rXfXqfXLLQX)",1.3802358870367784,no,,,10893,2.2952309520191614
8539,m(  XLfCfXCLCLQmQXLCLXXRXX),1.2391664771928088,no,,,10893,2.2952309520191614
8540,CXLXRFFQCFMLCXrLFFCMLXmXFQLXfMCfX,1.0998029510141138,no,,,10893,2.2952309520191614
8541,r(XRLQLXcXLQFXFcXmLcmLXMMcMX(MmXX  ClQX)),1.0822967455694095,no,,,10893,2.2952309520191614
8542,"FL(rX, lQccLXXRLcmXLLLX, fMXLF(LX), QLmXLX)",1.2405229314631565,no,,,10893,2.2952309520191614
8543,"L(XXQmqX, LXLcFQXMXcLXmLX(X))",1.0242633538136485,no,,,10893,2.2952309520191614
8544,"LL(RcFcXRFXQX, , RfLXRLCCXLqXrqLqLXX)",1.2575106319569271,no,,,10893,2.2952309520191614
8545,"LLXLF(c(L(CqXmLlXCXL((XMLLFQqX)))), FCX)",1.4491618281093448,no,,,10893,2.2952309520191614
8546,"L(mF(mrMqFCXRLCCLLLXLX, RmqLXrXCmRX), rqLXrQMCqX)",1.331566732393192,no,,,10893,2.2952309520191614
8547,"LqLLL((XfXM((CLXLfFX))), LXccLXffXXCX)",1.2597686064157836,no,,,10893,2.2952309520191614
8548,"mLL((, LLL(MqqXcmcLfLXXrmLXRCX), rX), , )",1.559436547607749,no,,,10893,2.2952309520191614
8549,"MXXff(mQLXmLLXLMcXLLLFXmMFXqX, LX)",1.0295150860369071,no,,,10893,2.2952309520191614
8550,"m(,LX RfLCXQCmXLLFLXLLCmLXXX(LFLX))",1.1538694306033404,no,,,10893,2.2952309520191614
8551,"MLMcL(FL(, rcqmXcLcLXLXCL(LLCLXRX)), rfLLLX)",1.8203724588125814,no,,,10893,2.2952309520191614
8552,"F(LXMCX, LLLmLXqLcQQXfXL(LLFFLMcXrLMLLLX))",1.082780622263579,no,,,10893,2.2952309520191614
8553,"rLFXmXLfqL(cMQXLMQccXrLXRMQLL((RFQFX)), fXX, RMLMLfLX)",1.3227371873899199,no,,,10893,2.2952309520191614
8554,LfLFXrcQXLXfXmLXRFLcXLMLMXfmFLXcX,1.2293234364182837,no,,,10893,2.2952309520191614
8555,"(cmXLLLXQCCQCQLXCLLLMXrqLLXRLX, )",1.1180180617775533,no,,,10893,2.2952309520191614
8556,FLLLRQXCCLXL(mLLFLXLLCLCXMFXrQQLFX),1.3861856179366614,no,,,10893,2.2952309520191614
8557,"L(fFLMcLX, rrLLLcfcXcLLLXMMLmfXrlXqX, )",1.541636087683551,no,,,10893,2.2952309520191614
8558,RLmLLcfcqXcLXrLFLXcXXrFXX,1.0644197874364958,no,,,10893,2.2952309520191614
8559,"f(fMLcX, , mXcQcLFXLLXcMXRLXLcLqXFXcqX, )",1.0624015439291319,no,,,10893,2.2952309520191614
8560,"f(LLqQXX, cfqXf(mLmLmXcXXLLXrQLLqfX))",1.0246081763516153,no,,,10893,2.2952309520191614
8561,"FCLLLXm(LqFLMXXCXLLLLXLLX, (QqqLfFXL((rMX))))",1.6950881958793906,no,,,10893,2.2952309520191614
8562,LqqLFLLXRLLccfcQLXLLMXLcLXLXrFMX,1.3673224402809558,no,,,10893,2.2952309520191614
8563,"LLLM(QmX, MqQQXFXrLcXXFLFXLFLX, rFmXmX)",1.2646332636380593,no,,,10893,2.2952309520191614
8564,"Qmmf(LLLfX(CLXCQqLLQLXqLqLXLFfLfLX), cLmfXX)",1.1862742759258862,no,,,10893,2.2952309520191614
8565,"LFLXL((L(LLfLLXlmFFqXCCqLXRLLXLQX)), rLLX)",1.3096818664139749,no,,,10893,2.2952309520191614
8566,"(rfLMX, RQLXLfLf(QLfccXcXLLcLXfqfLcXX))",1.0452934559737868,no,,,10893,2.2952309520191614
8567,"rXFLXLLQCLL(FqXqLCXm(L(CXLQQLX)), rmmmmXqX)",1.0766721243018802,no,,,10893,2.2952309520191614
8568,"(M(RLLLXRLLXLLF(LXcfXfX,  )), rLcQLX)",1.0867311835129037,no,,,10893,2.2952309520191614
8569,"L(fFLFLL(, rML(, QQX, LqLXRLLccLXqLXMfqXLX)))",1.6526283039927068,no,,,10893,2.2952309520191614
8570,"L(LLFcLmLMXRfcXRmXLLXRLcLLcXmX, QFX)",1.1344532780566106,no,,,10893,2.2952309520191614
8571,"LXfX((FFcLLmmXqQX), QLcQXcXqLXLQFqX)",1.3023627009737506,no,,,10893,2.2952309520191614
8572,"lcL(qXCfXCMmLXRMCXRX, rcXcQmX)",0.8759881314724501,no,,,10893,2.2952309520191614
8573,"ML(rQLLXLCXfCLLQLLXCXLXrrXX ,QLFm(RCX))",1.0900393914224114,no,,,10893,2.2952309520191614
8574,"FL(QX, fFmLXQXmXcXLmXLqFMXrLFX, RXMQX)",1.351709433218357,no,,,10893,2.2952309520191614
8575,"LXMFL(L(CfCqMXXXFLXFMMLMLMffXF(, rFLqX), ), FMXrCLX)",1.4149210001495698,no,,,10893,2.2952309520191614
8576,FmCcCXCLQLQXCXLLXCfXlMXLLXRRLX,1.104450060692283,no,,,10893,2.2952309520191614
8577,"LL(XRLqXCXMLmqCXCfLXRmQLXQqX, X)",0.9613854882142457,no,,,10893,2.2952309520191614
8578,"L(FQmQLLXL(rfQM(LLX, rfLFFMqCXX)), MQfQXX)",0.7087259641716122,no,,,10893,2.2952309520191614
8579,"LMMMLXmM(XFXQXRccXqLLLXFqLX,QX)",1.1919331644201152,no,,,10893,2.2952309520191614
8580,"LXmL(FXXLX,XX,RRMccMXLcLXrXLX,,(MX))",1.1066224843295736,no,,,10893,2.2952309520191614
8581,"cmLLLL(qLX(fMXLLFcFXrX), cQccMXcXMLXrqmX)",1.239811030046238,no,,,10893,2.2952309520191614
8582,"LL(RLccXL(rLMXqFcfcLXLXLcmLLXqMCcX(rrLX)), , )",1.1388189889975882,no,,,10893,2.2952309520191614
8583,"QLFF(fCmXMXClfLLL(LL(QLLCXLLLLXFX)), LLLX)",1.2021347207484474,no,,,10893,2.2952309520191614
8584,"LLXF(qc(mc(rQCX), ), LXqLmLqXCCLXRLLLLLX)",0.9874477088965141,no,,,10893,2.2952309520191614
8585,"L(CL(lFQFXLLCXmMXQ(LLfCQCLXLLLXRLQX), rLLfX))",1.1443255962858276,no,,,10893,2.2952309520191614
8586,"Cf(LCcLX, rrcLcfFLLXcLLXLXFXRL(, rLX))",1.7396222612406251,no,,,10893,2.2952309520191614
8587,"RLLL(XXmX, RMmMcLXXXLFXLcXRqQmLX)",1.1445526098916172,no,,,10893,2.2952309520191614
8588,LLXFXccLMMQqXrLLXcXmqXLLLfXrMcMX,1.0097914391855707,no,,,10893,2.2952309520191614
8589,"(RLcQXLLXrXrcLXLFX, , LLqX, ,FLXL(RLcX))",1.323672082848159,no,,,10893,2.2952309520191614
8590,"LM(FFLCfQmfXFLXRLLCLLCXLLLLLLXCcX,mLXQX)",1.0754208831461165,no,,,10893,2.2952309520191614
8591,QMXLLLLXRCFCXMLXLLXCLFXRLFXRLLfX,1.3013000094214853,no,,,10893,2.2952309520191614
8592,"LLLF((FQcCX), , rcqcXRMLLLcfXrqLXXCLX)",1.7642825844796057,no,,,10893,2.2952309520191614
8593,"LFL(cXc(rcFX), CCCCCLQXMXLXCQmXMXLXmX)",0.9876926199658627,no,,,10893,2.2952309520191614
8594,mXcCCCLLQXCLMXXLLQXCmLXmXLLXLXCX X,0.9893854254491818,no,,,10893,2.2952309520191614
8595,"r(mXqCXXrqFX, LXccXqqqLXFFX)",0.7712791076522864,no,,,10893,2.2952309520191614
8596,"(L(((RRCLXLM(, LLmLXffLLLXcqX)), FX)), )",1.5128844665872245,no,,,10893,2.2952309520191614
8597,LXcFcMLLLmLXMFLQQLfLXMcXLqLXrLX,1.186323996926313,no,,,10893,2.2952309520191614
8598,"L(LLLX, XRLLMFXXQccXLLXLLX, FXX)",1.1811461857505148,no,,,10893,2.2952309520191614
8599,"LLFXM(Fm(QLLmXFFFXcMXXrLLXX(X), (rmX)))",1.7476396326273418,no,,,10893,2.2952309520191614
8600,"CLLL(rLCfqfXRLXLXLLXCFX,, ,qX,RX)",1.5325509793817105,no,,,10893,2.2952309520191614
8601,"cQXcXRRLQXXLL(XRccXL(X(X(LLcX))), )",1.1701943338802876,no,,,10893,2.2952309520191614
8602,"fLLmXLLL((Qq(MMXFfX), RRcXLLXLLcXFrFXFX))",1.1261380816427353,no,,,10893,2.2952309520191614
8603,"LL(r(X), RRfmmfLfXXXFFFcXLmLXMLXXQFX, r((rX)))",1.8238824514325407,no,,,10893,2.2952309520191614
8604,"LL(MXX, LXRRlFLcXmXLLXLLXmFmFFLcXX)",1.3293175562489203,no,,,10893,2.2952309520191614
8605,L LLLcqXFMqfccXLcLXRfMXRLFFmFFcXX,1.13184875995771,no,,,10893,2.2952309520191614
8606,"LXlLLL(qMXFCXMXFLXLLXL(QLL(, q(LX))), qXFcCX)",1.4535232453032807,no,,,10893,2.2952309520191614
8607,"fLqL(, LL(LMX, FMXmLXffcLcmXfqqXrXX,,))",1.213760912268039,no,,,10893,2.2952309520191614
8608,"RmLLL(LXcLcLXLMX((LX)), XcXqLX)",0.9078588160669455,no,,,10893,2.2952309520191614
8609,"rrL(LQCX,  LFLXLffLfcLLcXFmMmXXLfCCLX)",1.651345333228027,no,,,10893,2.2952309520191614
8610,"LLL(,FFLqX,RRLfXLCLCmLLMMXLLXRRFX((,lMFQX)))",1.6036848722737502,no,,,10893,2.2952309520191614
8611,"LFLL(XCrXrLXLFCXLXX, XqX)",1.1969513018308136,no,,,10893,2.2952309520191614
8612,"LMLLL(,LXLFLX, QXfcXcMLLLLLX(rFFLqfcmX))",1.1489800046477192,no,,,10893,2.2952309520191614
8613,"F(LM(CFqXLFX(, rfXMLXFX), , XFLXrX, LQX) )",1.3285254734800307,no,,,10893,2.2952309520191614
8614,"LLXFL(RF(((XMX)), LX, RFccLLcLLX(MMLLLXXFMXrrFX)))",1.276553906718007,no,,,10893,2.2952309520191614
8615,"rLLL(LXXCMFqLXLCFXrLLLFX, F(rXLMMCX), LX)",1.2867442759995606,yes,B5,4,10893,2.2952309520191614
8616,"mmmCL( X, c(, rrMLfcLXcLLMFXXXLCfqX))",1.5818347763507308,no,,,10893,2.2952309520191614
8617,"LCL(MX, , rrMccXLLMcXXmLLXCLCLX)",1.6908874463196415,no,,,10893,2.2952309520191614
8618,"RRLLXFLf(LFLX, FXQcLcXf(mLFLMcXLLLLmX))",1.200978802237609,no,,,10893,2.2952309520191614
8619,"L(RRLQX, cqqLXccLLXrfLfLLqLX(rf((LmX))))",1.3473833311466703,no,,,10893,2.2952309520191614
8620,"LFL(FXLmmCCqXXFXLLXLFCXqX, lCX)",1.0714070333387289,no,,,10893,2.2952309520191614
8621,"LLmcLFL(LMX, LqFmcqLXcLXLFLLLXmXCX)",1.716028373045467,no,,,10893,2.2952309520191614
8622,"RLLCL(CLLQLQMXCMMXMLLXCXfmmXrLXqQLM(R(QX)),)",1.3073793808301644,no,,,10893,2.2952309520191614
8623,"LFXL(QLXLXfLFcXLLXFMXMFX, rFX)",1.3099322831749063,no,,,10893,2.2952309520191614
8624,"LFCLF(rLLCLFXLXrLXf(rLLfCXCF(MX)), ((MX)))",1.000481284927564,no,,,10893,2.2952309520191614
8625,(rLXCLXFQCXCLXRfLLLCXfLXfXRCCMX RX),1.0166348839680035,no,,,10893,2.2952309520191614
8626,"LL(FqMXXcXLMLMcXfXmCX, cX)",0.9832471561711612,no,,,10893,2.2952309520191614
8627,"LX(LqLXMXFF((L(CCLLXLLXX))), FLX)",1.359676740356307,no,,,10893,2.2952309520191614
8628,(mFLLLqcLcmqXcLMLLXLXcLXXRLXRQLX ),1.4527896949216819,no,,,10893,2.2952309520191614
8629,RXcQXMLcLmLXFXRcXmLXRMcLXMfX,0.9962206428694037,no,,,10893,2.2952309520191614
8630,"(XLLXCCmXqmXLXmCfLmXFXXXrQfX, rMmFX)",0.8301735853035006,no,,,10893,2.2952309520191614
8631,"LLC(LXrLCLLXrXL(CXLLXMXrCFQCQX), rrLXmLQX)",1.252224745976221,no,,,10893,2.2952309520191614
8632,"(mrLLqmqXccLcQLQXLMXmMmCFX, LLLX, )",1.248909802836874,no,,,10893,2.2952309520191614
8633,"FL(rLfX,FqmXLLXrLq(XRcLXX,, RRMMmmX), )",1.4445524837839034,no,,,10893,2.2952309520191614
8634,"LFLL(XRLX, Cfq(rCXrCfFCXfX),, CqCmX, qXCqCLXRmLXqX)",1.3144822230853361,no,,,10893,2.2952309520191614
8635,"M(LLF(qMqXLLLLccXLLLXFL(X,rX), QLLXCCXXX,  ))",1.4095593305303016,no,,,10893,2.2952309520191614
8636,LXRFXclqcXlLLXMLXMqLcLXRLXFX,0.8651239315714342,no,,,10893,2.2952309520191614
8637,"FqLXRLXf(RMLLFmfXfcLQXmcMXfXL(FLX), FX)",1.0960328874995424,no,,,10893,2.2952309520191614
8638,"LLLL(rrCXmFXLLLXCXmX, QmX)",1.011456716628734,no,,,10893,2.2952309520191614
8639,"(FmFLLXL(qLXLXCXLMFLXLLXRLX, XX), , )",1.5524478722282837,no,,,10893,2.2952309520191614
8640,RQlLXLMLXRFCLLCCXXFlFlLmXXLLfmXLCLX,1.2261909586399697,no,,,10893,2.2952309520191614
8641,"LFmFFLLL(, qFLXFXLCXFXLXX, MX)",1.361749006848948,no,,,10893,2.2952309520191614
8642,"FLXRLLXqfM(X, LLXLXLCCXLLXMLMXLX)",1.6630568061991506,no,,,10893,2.2952309520191614
8643,"mCLL(LL(RRCLXLmCLXLmMXf(XLLccmX), (RRLmX)))",1.6707410075584026,no,,,10893,2.2952309520191614
8644,"MLcXLFfLm(MX, MXMQQXcLcLcXLLLLX)",1.0900908160270466,no,,,10893,2.2952309520191614
8645,"(LLcMLXFLqcqFXm((M(rXXqLLXQLX), )), CqqLX)",1.2407083764830598,no,,,10893,2.2952309520191614
8646,rrmLMCLXcfQcLfLcXFLXLcMXqXrLX,1.3108470196165298,no,,,10893,2.2952309520191614
8647,"fL(LqcLqccXLLFcLXXrXX, , LCLLX,)",1.500263427478816,no,,,10893,2.2952309520191614
8648,"LLLXq(rLfLX(XRFFXrLLmfLXQX, rLLLX), QX)",1.7199766913932883,no,,,10893,2.2952309520191614
8649,"LLL(RRffcLXfLXLXcmFFLfffXLLLmX,  QX, LX)",1.5686697256795847,no,,,10893,2.2952309520191614
8650,"LmLL(,, qLXML(Mf(MXcmcLXrFXqmqXLX)), LfQX)",1.217115438319017,no,,,10893,2.2952309520191614
8651,"F(rrfFLLLLMLXqccXcXLXQcXf (rfX),  )",0.9722484135104642,no,,,10893,2.2952309520191614
8652,"LFf(RFLLQCXLLLL(L(, LXMLLXcFLQMLX)), LfLX)",1.547020064936428,no,,,10893,2.2952309520191614
8653,"LL((RCXmCQXL(LLLMCXRLXLX), fX), )",1.1951977618978549,no,,,10893,2.2952309520191614
8654,"X(, RLcFMLLX((RMXLLX), LXcFFQXLcLXmLX(LX)))",1.2921534915469692,no,,,10893,2.2952309520191614
8655,"CLXLCXcFcCXLL(LfFXRRcccfXFlLXLLLLXrqLLFX, qQmFX)",1.4141391556359693,no,,,10893,2.2952309520191614
8656,"(FLfLLXqfCMXXCLXXQX, FXX)",1.0349254783190864,no,,,10893,2.2952309520191614
8657,"LQQXLmXLQ(LXLqMLX, LX(CFX, LX qCLXLXmX))",1.3156955097271563,no,,,10893,2.2952309520191614
8658,"LX(FXrrLXCXfXLXmXRX, mX)",1.5037868754718247,no,,,10893,2.2952309520191614
8659,"LL(QLXLLFFM((LLXLcXLXQMLLQmLX)), MFFcX)",1.1923178125165814,no,,,10893,2.2952309520191614
8660,"(cm(XlMQLLCfLCXCQXrLLLX(XmFCXRXLmmX)), (MLqX), )",1.1749928359977264,no,,,10893,2.2952309520191614
8661,"f(LML(F(, RRcCXCLLLLMCXMLmLLXrMMc(CCQ(LqcX), FfX)), ), LX)",1.6822523951310269,no,,,10893,2.2952309520191614
8662,"(LQQLLXCQXm((m(rLCLqXmCXLXm(MCLXLXf(rfCmmX ))))),)",1.0518260267383188,no,,,10893,2.2952309520191614
8663,"LFFLX(LFLXqfL(rfXLmCmCmXFLLLLQmX), MLfLFLX)",1.0201110906639257,no,,,10893,2.2952309520191614
8664,"LF(,LmLXLFLXqMFCLCXLfXFLXLXCLXRX)",1.1697826421039603,no,,,10893,2.2952309520191614
8665,mLcqmqqXcMFqLQcXLLQXclLFXrrLLXrLX,1.1953437810034417,no,,,10893,2.2952309520191614
8666,LmLmFX rrcFFFLfcXLcLLLLMXrrqLFLLmLLmXRRX,1.4316591230546607,no,,,10893,2.2952309520191614
8667,"cLL(rrLLXLLL(LFXF(MXRcCFLLXMmX), ), mX, )",1.9397611362745073,no,,,10893,2.2952309520191614
8668,RLMCmXqMCMqLmLlLLXLmmLXfCXLffFLX,0.9079358779521214,no,,,10893,2.2952309520191614
8669,"LLccc(rLcqXQLcX(mCL(M(FLLXqqqLqqLqX), )), LqmFXFcQX,)",1.189792208046977,no,,,10893,2.2952309520191614
8670,"FFXLMLL(FQLX((mLXcmXrLX(LML(LmLX)))), ((X)))",1.2064173590597869,no,,,10893,2.2952309520191614
8671,"XLLQLXL(L(QLQX), XLXM(RcXLLXX, XcX))",1.62133837167453,no,,,10893,2.2952309520191614
8672,"(L(rLXLLXXLLqCMXCLLXL(FX(Q(CX)))), MX)",1.0835986689933457,no,,,10893,2.2952309520191614
8673,"(LLLMXFFX, cqMLFXLLXLLLLLcfX((XrrLFLcX(FX))))",1.1721452148758076,no,,,10893,2.2952309520191614
8674,"(QX, MFX(RFmLXLXQL(X, ), RLcmXRLXcmXLXX))",1.1170083316473622,no,,,10893,2.2952309520191614
8675,"LL(qqX, rrcLLXLFcLLXMLfMcfXCLLXrLX)",1.8423704073046203,no,,,10893,2.2952309520191614
8676,"CmM(,FLMLXLXRLLCQCLLXLLCLfLXrmLqXqLmX )",1.0900556088569118,no,,,10893,2.2952309520191614
8677,fLX RfFLLMCXQCmXLLXfLCLXmfXLmXLX,1.201855939391288,no,,,10893,2.2952309520191614
8678,"fF(rMLqXL(rfLXFCXFXLXLQMLXC(X), LqLX))",1.4232696191778096,no,,,10893,2.2952309520191614
8679,"FFQLXLXm(m(FfX), , RFFXcXL(LXLFLcXLX))",1.2557738452861216,no,,,10893,2.2952309520191614
8680,"LQcL(MQX,,,MXFXfLXf(LXRLX,),, FLX)",1.371874498450645,no,,,10893,2.2952309520191614
8681,FccXrqmmXrccLFLXXXXfXXrmcLLcXcfXrLXX,1.0339520318669846,no,,,10893,2.2952309520191614
8682,"L(LX,mLfX, rLXcXfqXcfXXrLffLX(cfX))",0.882686955598908,no,,,10893,2.2952309520191614
8683,"LL(fL((mFmmQLX)), cqLXLXFqLmmLccLXLXMLX)",1.1332219880809395,no,,,10893,2.2952309520191614
8684,"L(CQfXLXfLLfCMXfLXCLQXLLMmX,  LXMqX)",1.1451590873798398,no,,,10893,2.2952309520191614
8685,"qFXLXmmL(XXrCLCXCQmXFLXLQcmXcX, ,FLqLX)",1.3874168884772209,no,,,10893,2.2952309520191614
8686,"L((, lLXCLX, ), RLXCLCLQmXQmfCXrXfmXQ(RcX))",1.0250411357752174,no,,,10893,2.2952309520191614
8687,LfCmLXfXRCCLXLQXLfCLmLmLLXLXRRqLLQX,1.083984140828026,no,,,10893,2.2952309520191614
8688,LLLFLfXrcLcfmXLLqccLXFXLcXMFlXCLX,1.0769627300628644,no,,,10893,2.2952309520191614
8689,"FLLCXXrmMLLq(LlFXRLmLCCLfXFX, XLMMX)",1.0235302704950058,no,,,10893,2.2952309520191614
8690,"LCXF(Q(CX), rrfLX(cFLFLcLXLLLXLXCfX))",1.5837939884416812,no,,,10893,2.2952309520191614
8691,"LFF(X, RLXLXM(X, LqXqLLLCXRLfq(mX, QLmXfXX)))",1.3065226012839635,no,,,10893,2.2952309520191614
8692,"Lm(rMMFLLXLXXqCXLLXqCmLXqMcLmX, RQLXFmX, )",1.4279890035240972,no,,,10893,2.2952309520191614
8693,"rLmMXfMLfm(rfXrX(MML( (CLX),)), cQcLcLCXL(RMccccXXX))",1.2496781094044243,no,,,10893,2.2952309520191614
8694,"M(LLXfLXLCqXrLCCCXRMLLLLXRLXX, FXrX)",0.9183342683328083,no,,,10893,2.2952309520191614
8695,"RQmLXLL(((rm(FLfX))), LXFmLFcQXqL(LLXLLLX, ))",1.3540381439178102,no,,,10893,2.2952309520191614
8696,"LfXRLLMXXcL(LLLQmXRmmcXLX, QX)",0.8225126249508152,no,,,10893,2.2952309520191614
8697,"(, MLmQXLmXRLLLfLLmCCLCXLmMXCfXMXLLLLX)",1.2753672699532632,no,,,10893,2.2952309520191614
8698,LmmXLLXQcMcLXLXMXLXLLFMXcqqLfMmQX,1.1774401693981151,no,,,10893,2.2952309520191614
8699,"((MQFX), fXfLXqLccXmXLLLLXLFcXrLXcFMXXrmfcX)",0.9460756136343598,no,,,10893,2.2952309520191614
8700,"fcF(,,, , LL(X, (F(LqcqcLXLLcXLLmXRXRC(mCX)))))",1.7077644274075978,no,,,10893,2.2952309520191614
8701,"CFfLC(RRmLCLLCCMXCLLXMXcXX, qmX)",1.6553955205424997,no,,,10893,2.2952309520191614
8702,"LL(FLCX, L(LXXrLqmXqqmLCCQXLLLFX))",1.08996737119353,no,,,10893,2.2952309520191614
8703,"LLL(rrLLCXLXLQML((MLC(X, )), RRLLX), (LX))",1.0424910443973194,no,,,10893,2.2952309520191614
8704,"LX(F(XqXFXCXLfXLXqQX), ffLFX)",1.312963230848557,no,,,10893,2.2952309520191614
8705,"LqL(MFCccLXcLLXQQXFfX, LLfMLCCXMXLFXLLXfCX)",1.2564589430390818,no,,,10893,2.2952309520191614
8706,"QLF( LfX, L(LXXCCLXQQQXXmX) ,)",1.1677531901509206,no,,,10893,2.2952309520191614
8707,"L(QMXLcXfXLXXrmcLX, RRLQfXMX, rFLMX)",1.23986405276097,no,,,10893,2.2952309520191614
8708,(LLfLXRRCCMCFXmfmfmXLXmLCXmccCmfX),1.162936697635525,no,,,10893,2.2952309520191614
8709,"rLLXCLLXLLQLLXL(,RXCmmFXqXR((qXmFX)))",0.89295467357919,no,,,10893,2.2952309520191614
8710,LfX LLLcXqXcMfLLXLLFXrcLXXcXFmX,0.9928741185898072,no,,,10893,2.2952309520191614
8711,XRQcqXLLcLMqfXcXLXLcqcLqXFXrfLFqCcX,0.9901877437595301,no,,,10893,2.2952309520191614
8712,"fFL(f(LLQCX, XqXXCLLmLmCFXfmX((X))))",1.1766040358383356,no,,,10893,2.2952309520191614
8713,"LLFML(RQX, (LXfFMcQXFmX(XcLXRQX)))",1.0282398396550254,no,,,10893,2.2952309520191614
8714,"(LlLqXLLXcLLMXcXFFFmXmX, qLX, )",0.9816450663464342,no,,,10893,2.2952309520191614
8715,"LX(FXFqXXCCMLXR(LC(LLLFL(FQmLX))), rX)",0.9575089352521625,no,,,10893,2.2952309520191614
8716,"FLL(CQXLLXFCFXfLQXRLmLmXX, LXfL(mfMMXX))",1.0395441015759204,no,,,10893,2.2952309520191614
8717,"(XLXFX, RLXfXL(LcLQXcLLXLmXfXLccXrfrfcCX))",1.0717766566904998,no,,,10893,2.2952309520191614
8718,"CLLLm(MRRCCXLCLXLmLMfXMLcXLL(X), RFLX)",1.9849354626209041,no,,,10893,2.2952309520191614
8719,"((ff(LL(m(CfLFQLmXMFLXCXLXqXLX, rMXRLCX) ))) , )",1.1727721789159162,no,,,10893,2.2952309520191614
8720,MFXFfLLLXQQLcXcLXXLcmXcFXXrqXrfFX,1.0932866887260921,no,,,10893,2.2952309520191614
8721,"LMML(RRcMCfCXLLLLLXrrrfM(Q((cfqF(RFmmqF(X))), ), rLXXLCcX), FX)",1.4159398363142535,no,,,10893,2.2952309520191614
8722,"mFLL(LMXqLLCXMXLL(mCLfFCqFLXX), lLX)",1.083193663913956,no,,,10893,2.2952309520191614
8723,"mmLL(FQXLX, LLLfXQcXXL(LLFLLcXfXrq((MX))))",1.2405357929644603,no,,,10893,2.2952309520191614
8724,"L(MFLFX, rrcLMLLLfXcLXLLXRRRLmQXX)",1.7694028333268306,no,,,10893,2.2952309520191614
8725,"LLL(X, cqLXcqcqccXrMQXX(QCXRLFX))",1.3346412312686968,no,,,10893,2.2952309520191614
8726,rMmccqLmXcFFLcmqLLXcFfLfXRXRLXLQQX,1.2388134819374759,no,,,10893,2.2952309520191614
8727,"RmL(L((QCLXLLL(, ((rLMLfLLX(LQ(mLLMqXcX)))))), rX))",1.5289460647156456,no,,,10893,2.2952309520191614
8728,"m(LmlLLX, RRLLLLXfLML(, CXQ(CqcLXRfXmX)), )",1.8980300924368465,no,,,10893,2.2952309520191614
8729,"L(LLFXXqCMCLXLMXLXFXmLFXCX, )",1.086781475187485,no,,,10893,2.2952309520191614
8730,LLLLMLfXQLfCCLQXMCXqfXRLfLX RmmLCX,1.1303411720804777,no,,,10893,2.2952309520191614
8731,"LL(L(XLLX, McmqXmLXLLLLLcfXMLXMLLXc(mmMLX)))",1.0595486708905268,no,,,10893,2.2952309520191614
8732,QMLLXrCLMCMLqXLfXFXLlLLLXrrLCQMLCX,1.2090283447488526,no,,,10893,2.2952309520191614
8733,"FF(frrLLMFXLLLcmcXLXXc(R(fcX,, ,),), cLlLX)",1.6347376087369228,no,,,10893,2.2952309520191614
8734,"l(,LFMLfMX, RRLLLLLXfCmXLfLfLLCLXLXcqLcX, )",1.4425953413306492,no,,,10893,2.2952309520191614
8735,"QLFMmXXRLCccML(,FLXqLMmX, LXcFMXXXRfX)",1.1810265087650855,no,,,10893,2.2952309520191614
8736,LLcLXccccLMqLXlLLXrfmLLLcfLcXLlMXrQLXLX,1.1947887821450074,no,,,10893,2.2952309520191614
8737,"LLLm((LLffX), rrcLXLccLLXXCllXXQmX)",1.722802730818298,no,,,10893,2.2952309520191614
8738,"LcL(RXXLLX, QLcXXXM((LFXLcFXX)))",1.1208389467249684,no,,,10893,2.2952309520191614
8739,"LML(F(MLLLXR(XRXFcXLmMXXXX, (LX))), )",1.5252443482843918,no,,,10893,2.2952309520191614
8740,"rLF(LL(LLXCqCqFXQXLLL(MMX), mXX), MLL MLLX)",1.2664166224038815,no,,,10893,2.2952309520191614
8741,"(LlLLRQX, rrffLLcmXcXLXQXX)",1.3679203235776018,no,,,10893,2.2952309520191614
8742,"F(mLLX, LLLF(lMfCXRLX, qCXXFLFLX(, FLXrLLX)), )",1.3581979727050837,no,,,10893,2.2952309520191614
8743,"cXLM(LQXfLX, RRLcmXfFXMMLX(X(FLXmmfXFf(qcX))))",1.4047948802597707,no,,,10893,2.2952309520191614
8744,qXLLcLXLLLMXqcLXMLLXcFXXfXrfQX,1.0770010534655625,no,,,10893,2.2952309520191614
8745,"LF(RLMMXCQXLLmLLCXrLLLLLXLmX,  M(LmfXm(LmLmX,)))",1.146520757955767,no,,,10893,2.2952309520191614
8746,"XLF(MQcFFXLFL(LcQcXLXX), RLXcmX, LXX, )",1.1929097004238494,no,,,10893,2.2952309520191614
8747,"fL(Fcf((M(MLXFXqCXrCLMFCXRlLLLXLX), LX)), ,  FLqX)",1.2215832806611127,no,,,10893,2.2952309520191614
8748,"L(RFLmLMLmXCQCMXLLXLFCXLLXrLfX, C(cCcLLLX))",1.1283008621992532,no,,,10893,2.2952309520191614
8749,"(LXLLmXL(RFXCQCLXMXLXqCLXCmmLLcX,RRFX) )",1.0897919205221347,no,,,10893,2.2952309520191614
8750,"((LXqCmLqXlCLLXfQXLrL(rMX)), MX)",0.9582335765177138,no,,,10893,2.2952309520191614
8751,FQMQXLMLXLCqMLLCX rFLCXLXRLMLXLCLQXX,1.3252736601392923,no,,,10893,2.2952309520191614
8752,"L(LQFcXLXcLMLXQFXFFFqX, mLX,qXmX)",1.1896563183200795,no,,,10893,2.2952309520191614
8753,"mLL(FfX,  ,FcFLcmLcqqLXcLLLLXXRmmXX)",1.51025691567776,no,,,10893,2.2952309520191614
8754,"RLffLCXrrLCCCCXRLQL(MXfLX, mmqX)",1.372629741127562,no,,,10893,2.2952309520191614
8755,"l(LFX, LLmLXXXRRcclcXcLLLLLXLXRcQX)",1.0191722886539005,no,,,10893,2.2952309520191614
8756,"fc(FLmFLmX, qcLcXrLfcXRfmLcXXCMX)",1.1555256231587958,no,,,10893,2.2952309520191614
8757,"LCL(rX, RLCXCQXMLFXfFfXQLMCXLFX, LqX)",1.1722308460092719,no,,,10893,2.2952309520191614
8758,"L(qLXLLLLLXM(LQX(cLXf((m(LXRlLcMLqMLXrLX)))), LX))",1.2573395625693196,no,,,10893,2.2952309520191614
8759,QLLXLXQLLMCCmXmLXLCfXrFXLXrmfX,1.262881177854722,no,,,10893,2.2952309520191614
8760,"LLmCX(mQXCFmX, cmqXCmX(rLCCCX(mXXCLX)))",0.8303804447806787,no,,,10893,2.2952309520191614
8761,"LLcLL(rXfLX, rqcXmLMcXRQXRQqfflXRRmXrMX,)",1.3491347681941928,no,,,10893,2.2952309520191614
8762,"LL(L(q(LLLQX)), RRLcXXm(XLLXcXRqX))",1.033063804452087,no,,,10893,2.2952309520191614
8763,"RfL(X, qXrfMmLLcX(rXqXFmLXLMX,  ))",1.282314390361293,no,,,10893,2.2952309520191614
8764,"L(L(L(L((QMMFLLXRCLCLLCLLCXCMMXRQQXfQX),LmcX), ,)))",1.1354849503524418,no,,,10893,2.2952309520191614
8765,"LLX(rLLmXL(rrLFLXR(XmXqX, m(CllLLXQX)), rfX))",1.5692625325137743,no,,,10893,2.2952309520191614
8766,"FML(rrCcLLfXcmcXfXfLXfXcXLLMLX, cqLFcqLX)",1.2164332889593508,no,,,10893,2.2952309520191614
8767,"LLFLLL((CmMqMX), rfXccMFLqXLcLXrfqLLMXQQLMqcX)",1.2612151386894423,no,,,10893,2.2952309520191614
8768,ML LXQmXrLLCLCLCqFXFMXFXLLXLLXMLLfqX,1.192250021610808,no,,,10893,2.2952309520191614
8769,"LLXMF(Xl((MXlqfXCXLL(LLMCqX(L(FLLX))))), L((QLX)))",1.478544979211955,no,,,10893,2.2952309520191614
8770,"XLMLML(XRcQFX,QcFmXLXFcLMXXX)",1.09046589061564,no,,,10893,2.2952309520191614
8771,"LmLXLF(L((rFMCmqXfLCXLLQX), r(L((XX, ))), rMMFLMX))",1.0365758961359959,no,,,10893,2.2952309520191614
8772,"(( LMMLXRRFLMMCfCLXMCLLLXrLMLFXr(rQcX)), )",1.3731560738069224,no,,,10893,2.2952309520191614
8773,"L(LFXCLXCQXX(LXFLXM(, MXFXLX)))",0.7133771125053878,no,,,10893,2.2952309520191614
8774,"q(QqLX, mLmFmFmLXmXrcLFLLcmLcXRRQXLLX,)",1.0806585728556541,no,,,10893,2.2952309520191614
8775,"L(XRFFFqLLLQXX(cLccFfLX(rLmLLX)), (rFcLLX))",1.1349040879723442,no,,,10893,2.2952309520191614
8776,"ML(rmXrX, XRRmFLcXLXXcXfLX)",0.9793657771168939,no,,,10893,2.2952309520191614
8777,"FMLLLF(M(fMXXLQfcQXcXqLXmFX, , ), fCX)",1.1815907752160717,no,,,10893,2.2952309520191614
8778,"LXmFX((XrrLLXLCXFXLmXffXFX),q(LX))",1.5046131000882783,no,,,10893,2.2952309520191614
8779,"RFLCfL(XMLQCLmLmCXLXF(rrrqmQmX,), XRccLX(X))",1.1675564164793337,no,,,10893,2.2952309520191614
8780,"LL(LLQX, , rrfLLLccXMLLcXMXXL(CCX))",1.5664499222739376,no,,,10893,2.2952309520191614
8781,"((X), rrLX(CLFXMXfMLLLLfLXCXMQFfLfmLX), X)",1.3615041004313801,no,,,10893,2.2952309520191614
8782,"LLmXFFL(LqLXlLlXCLLCmXMLXfX,LLFMLFFMLmLX)",1.3365674128961043,no,,,10893,2.2952309520191614
8783,"rLLLMXF(rrLXLCCXRfXqXqLX, R(fFX))",1.2726002049929783,no,,,10893,2.2952309520191614
8784,"((ML(RLLLmXCCLLqXLLLXFLCLXmLXrfFLX)), )",1.4220218996103096,no,,,10893,2.2952309520191614
8785,"LMXf(QFXmfXccLXMLXFFM((RRQMmX)), QfX(ffmX))",1.0433038875741318,no,,,10893,2.2952309520191614
8786,"LMmMM(RRfLCMXfFLMm(, LLLLLfXRmLLLLqXLcLX), MQX)",1.576398575033622,no,,,10893,2.2952309520191614
8787,"(McL(XcLX, LQcXFXLLLMXcXLLMX), fX)",1.2589343225817196,no,,,10893,2.2952309520191614
8788,LXFMXLCCLqLXLXXfXFLXCX,1.1509021461810351,no,,,10893,2.2952309520191614
8789,"LMlLL(, (LMcX), rrLcXcffXLLLLLXXMX)",1.5614723844854386,no,,,10893,2.2952309520191614
8790,"LcXrFfFLFL(fqXrfcLLXrfXLm(XX, RX, LLX), rQX)",1.139418357674288,no,,,10893,2.2952309520191614
8791,"mL(LLMFXrCLLXQmCFCqqXXQ(LFMfX), FX)",0.9866329512202594,no,,,10893,2.2952309520191614
8792,"LL(F(cqqqXLL(XL(rLLXLFlLX(qX)), )),, , ,  RX)",1.8408178065750243,no,,,10893,2.2952309520191614
8793,"fCL(fCmQXLLfLCXLXRfCCLXRQLLLXX, mLLX)",1.1890116306965062,no,,,10893,2.2952309520191614
8794,"XL(LqFCXfXCXM(LXMXrLqX), LXRLX)",1.0539957413021779,no,,,10893,2.2952309520191614
8795,"FfmC(LXLQ((L(QXm(QFLcXXLX, McX)), LLFfXMmqLcX)), rXLFX)",1.685303545060389,no,,,10893,2.2952309520191614
8796,"LLf(, rrLLLLXcXLMLLLcXLf(rCLCLXX, ), RX, QXrQX)",1.2322762117660122,no,,,10893,2.2952309520191614
8797,"LCcmL(qX, mXrLFXCmfqXLMXLMq(LCLXrqcmXFX), RX)",1.5970047714376114,no,,,10893,2.2952309520191614
8798,cmmLLXrcLcLLLqXcfXRRlQfXqXFLmX,1.1192879605266526,no,,,10893,2.2952309520191614
8799,"L(CfQXLLXCXFLfLQXqXrCFX, rmQLfXrFLMFLX)",1.118338242852438,no,,,10893,2.2952309520191614
8800,LLXXRLCCLLXFmLXRCCQXLLmXrXLXMX QCX,1.1281729101630629,no,,,10893,2.2952309520191614
8801,"QLLL(LX, cXFLLXMCCLXCLQQLLLX(X))",0.9520233875210379,no,,,10893,2.2952309520191614
8802,RRLCLLLLfXLCXLLLqmXmLFCXLXRffXLLX,1.3820103800609507,no,,,10893,2.2952309520191614
8803,LFCMMXrLLXXrLmCmXMqCCffLLLLLLXFLCmX,1.0348198659911536,no,,,10893,2.2952309520191614
8804,LF RQLCXLCLLCLQmXrLmLXCCXmLXFfX,1.3372022934419336,no,,,10893,2.2952309520191614
8805,LfqXLfMLXLccfmXrcLffXFXlFXQQmMLXLcFX,1.1131346439943446,no,,,10893,2.2952309520191614
8806,"rrFmfXLL(FQXLFL(XM(LXLqcqQQqXqX,  X,FX)), rFX, )",1.6002711112459704,no,,,10893,2.2952309520191614
8807,"FLL(QmXcLXFXQXrXr(MX(rX)), XX, M(FfX))",1.2639665272737084,no,,,10893,2.2952309520191614
8808,"(LL(L(m(r(qcX, cmLcX)), rLqmcXRLLcXqLXrqLLqMXX)), )",1.5749648580932396,no,,,10893,2.2952309520191614
8809,"LL(RmfQCFLXm(, RLLLqfLXrrMmLMmLqfLXMmLX), rX)",1.5275964840454979,no,,,10893,2.2952309520191614
8810,"LLXM(XLL(RQmXL(rQMQFqXLX(QX), X, LXFX)), RLMX)",1.4856600707916376,no,,,10893,2.2952309520191614
8811,"LLLQqf(rmXLccqXRLXRRfLmLmQX(FqX),MX, )",1.5932438590642883,no,,,10893,2.2952309520191614
8812,"LM(fCQXL(XL(LLCLLXXRMLCXRLLX)), mLXX)",1.1283778793633608,no,,,10893,2.2952309520191614
8813,"f(,LLL(QXLXffCCXLLLXRRmLXX, LMcmX))",1.1095161316500401,no,,,10893,2.2952309520191614
8814,"(m(FL(LLfLmLFLCMCCqmqCMFXLXFQX(MLLX), )), FX)",0.9348100312183258,no,,,10893,2.2952309520191614
8815,"LLLQ(qLX, LLLmqqqLcXccLXqMLXFLCqLXcFqX)",1.6367025436833051,no,,,10893,2.2952309520191614
8816,LXrrLLccXLLFmcqXXXLcLX LQLXcX,1.3196199580200356,no,,,10893,2.2952309520191614
8817,"LXLXF(LQXLmX(cXLmXFLLFXLFLX), QX)",1.4859416836818449,no,,,10893,2.2952309520191614
8818,"LLqXLLL(CFLFmXXCmMmXXLX, LLLXL(FLfLX))",1.0878515797036883,no,,,10893,2.2952309520191614
8819,"XR(X,,(RcXLXcLfLXXFFCcmX))",1.0746391460929632,no,,,10893,2.2952309520191614
8820,"rLL((XlXLqCLqCCFCXLLCMqLX),,,RX, rrLLX)",1.0840810529643794,no,,,10893,2.2952309520191614
8821,"LFL(LXRLmmLCmQXc(LFLLXMX, LXfcXLLX), FXqX)",1.3917482544052937,no,,,10893,2.2952309520191614
8822,LLFXCLMXrLLLCXrCmXmXRRqmqqQLCLFX,0.9529585124921461,no,,,10893,2.2952309520191614
8823,"L(FLfqqLXLfXrFLLF(qLfqXqX, CMX), RLXRXcXLLX, )",1.2471081962087307,no,,,10893,2.2952309520191614
8824,"(L((XMFmcLX)), qLMLcLLLLXXLLcmXLMFXrccX(XX))",0.9605255195006371,no,,,10893,2.2952309520191614
8825,LRQLmXrLMCLCLCCLqMFXMXXLQCXLLX,1.4380480862904148,no,,,10893,2.2952309520191614
8826,"rffLLQLXLL(,QXLCCQX(qXqXlQ(M(RRFXMML(qX)))), X )",1.3140638491503638,no,,,10893,2.2952309520191614
8827,"LF((rqLXLcqX, (LLLLLQcMMcMcXXRLLcLLXFX)), mqX, FFX)",1.3218422282714732,no,,,10893,2.2952309520191614
8828,"(l(QmrMLFLLXLqqX), cqXLLLX(cMfXXLXX))",1.0007782826824234,no,,,10893,2.2952309520191614
8829,"(((LLXrQLFX(RmMCXmFLcmcXmLFLXFX))), RMmLLFLX, )",1.3247497390283833,no,,,10893,2.2952309520191614
8830,"XFfXFLL(, RXLFQcLcXMMLc(FMLXFX), L(RX))",1.089476945298739,no,,,10893,2.2952309520191614
8831,"XLX(McLQFccCXXM(LLXLcXFfX,(XX)), FFLLX)",1.4560274466214638,no,,,10893,2.2952309520191614
8832,LLmmCmCCmXRCCLQXRLqLLLCXrmLqFXRLQLqX,1.3724245560004493,no,,,10893,2.2952309520191614
8833,"FLXFXLLLL(qXXLCLLXXLmLmXRRLLFmqX, rLFX)",1.6144694070433232,no,,,10893,2.2952309520191614
8834,"cFf(QLfXf(rfX), cqXMLXLfMcXLXrcFXX)",1.0117074015683871,no,,,10893,2.2952309520191614
8835,"LLf(L(mFXRFLX, ), fcLQXLFmMXcXMXrX, CQQQX)",1.0102133162062876,no,,,10893,2.2952309520191614
8836,"LLcCL((f(F(rcLLX))), rmcLcmqXRcLXrqLLLLXrrfXX)",1.8211497069210043,no,,,10893,2.2952309520191614
8837,RLLLXQLXRcLcfLcXccmXRLLcLXrLXX,1.1611685420941507,no,,,10893,2.2952309520191614
8838,"FcfcLmQLc((MXXLLLX((qQlX)), XRLmFXLX, ), XXXrqX)",1.3586242958365653,no,,,10893,2.2952309520191614
8839,"FXLXL(qqCXMCLXRLQLXLX, , f(XmLX))",1.1762879891981626,no,,,10893,2.2952309520191614
8840,"CLLL(RCQXCLLLLXrqqLX(RfmMfFQMCQXX), X)",1.6754591657271212,no,,,10893,2.2952309520191614
8841,"cLLLQ(QXCfCfCmLXLLXrLLLLL(qFMX, cQLFX), r(FqcX))",1.5384571637718671,no,,,10893,2.2952309520191614
8842,"(, rlLclLmXlcFFqXXLLXcLXFLfXLX)",0.9133011635499384,no,,,10893,2.2952309520191614
8843,"LmLL(mQLXLLX(XFLLXQ(rfL(r(LX)),), LMX), rQqMcX)",1.2495897271432117,no,,,10893,2.2952309520191614
8844,rcLLLXcLMQcLfQXmXrFXLXlLLXLFX,1.1462745213047099,no,,,10893,2.2952309520191614
8845,LMLF(CLfLXCQQCCXCLLLXXRQFFXFmFMX  ),1.4899772984742123,no,,,10893,2.2952309520191614
8846,"LLX fL(MQLLLLQCXCFXrLLXqLXLX, RX)",1.3761246907869433,no,,,10893,2.2952309520191614
8847,"LL(,rLCFX, RRmCmMLXLLLCXmMXqqLfFqXX)",1.6482222005886673,no,,,10893,2.2952309520191614
8848,"LL(RccXRmXmXfMXFqcX, , RLXCLXCXXMX)",1.1321476167749744,no,,,10893,2.2952309520191614
8849,"rfMqCcXLCLXFLCXLqCX(LCLXqLLX(XFLX, L(QLX)))",1.3712603485932189,no,,,10893,2.2952309520191614
8850,"LL(, qmXLMXcfcLXLqXqrqLLXcF(l(, MqMX), , ), LfLX)",1.3694341486997852,no,,,10893,2.2952309520191614
8851,"f((mCQXMLXmCXfXLQfMXLX), rLfXffX)",0.9142490876028462,no,,,10893,2.2952309520191614
8852,"( ,(LXLFf(,(McQXFcXLXLQXXrcMX), (XX), rXX)))",1.3812997159570104,no,,,10893,2.2952309520191614
8853,"LC(LXX,,FLLX, ,qXLFXFXLLCmXFFLX)",1.192523461097345,no,,,10893,2.2952309520191614
8854,"LXLXRL(XXFccQLMXLLFXMqL((X)), rLLFFX)",1.2499694682928744,no,,,10893,2.2952309520191614
8855,m( LLLqXLQCLMCFfXQCXFCfLXLLMLLXqqX),1.0610248470617671,no,,,10893,2.2952309520191614
8856,"rLLXFMfLL(RRFXLLf(XMQ(L(LX, )), XLXX), RX)",1.8147978432637857,no,,,10893,2.2952309520191614
8857,"LLm(,RX,FmXMXrCrCXLXLfXLmXrFfCXRFCX, ,, )",1.187796155584707,no,,,10893,2.2952309520191614
8858,"rLL(L(m(RX),rLXL(RLXLLLXMLLXRqfLLX,X),fFffFfX), )",2.094371801297987,no,,,10893,2.2952309520191614
8859,"FLL(FFX, qX, , qXLFmXLCXLXLqLQX)",1.3009826532054658,no,,,10893,2.2952309520191614
8860,"QqCcLccL(rmcmLXL(qmcXLLXQqqX), cMX)",1.2073555932685192,no,,,10893,2.2952309520191614
8861,mfLL(  mqFLqccXcXLLXFXLcLLXQmLmLqX),1.302335467045242,no,,,10893,2.2952309520191614
8862,"LFLX(rq(FXL(RFXLfXRFMMXRRmX, LLX)), qX)",1.7066471058458097,no,,,10893,2.2952309520191614
8863,FqFfMXLLMMLXqcLccXMLFFLXfLcXRMqFQLXXRFmMX,1.1709299525163501,no,,,10893,2.2952309520191614
8864,"m(clLX, cLLLmLXRRLLcccXFlXF(LXLLfX))",0.9910131124849644,no,,,10893,2.2952309520191614
8865,qLMLXLccQmfXffQFfXcXLLqXLLLX,1.203929965042767,no,,,10893,2.2952309520191614
8866,"LLL(mX, ,  RqX, RRCXLCfXfLXX(Ff(RFq(fX), mlLX, )))",1.5760861715509589,no,,,10893,2.2952309520191614
8867,"M(, LL(LfqX, rFXcqLXrL(LLXrLLLXmFLX, ), ), )",1.3462007630641184,no,,,10893,2.2952309520191614
8868,FLFLX rLqmLcMFmXLcLLXLXrFXLmFcLMXFX,0.9941222260230388,no,,,10893,2.2952309520191614
8869,"LLFL(QfQCXCLLXrrmLLCmLXRQ(RmXCFmlX), RX)",1.4087749351307832,no,,,10893,2.2952309520191614
8870,"Lc(LFcX,RCCLQCXrFfCLLLLLLXLXRXlX)",1.4900941757970632,no,,,10893,2.2952309520191614
8871,"MLCLLL(, qXLXLFXCMFfLFfLMXXFX, rLXMFmXLX)",1.218018054840811,no,,,10893,2.2952309520191614
8872,"cfmf(RCCfLLCQLX(rLLCLXMXQQXX), ,, rMLLLX)",1.4332405796434515,no,,,10893,2.2952309520191614
8873,"F(FLLQXLX(LLmqccXX), LmqXFXXLFRLLmCXMmmXXX, X, )",1.1198469803532818,no,,,10893,2.2952309520191614
8874,LLLfLXqcLqcLLXFmcMXMMXQfXfX,1.1733646977636087,no,,,10893,2.2952309520191614
8875,"L((XQCXXXffLMLmCLmXLLL(RMLXLX)), LLLFLX)",0.9355001612037386,no,,,10893,2.2952309520191614
8876,"f((lF(MLMqXMCXLLFCqLLXLQqLX, LQLXrLrLmX)), LXLfMLX)",1.373673921729915,no,,,10893,2.2952309520191614
8877,"L( Lc(mX, ccqXrfLcMLXLLLcLQfXFrrrMXlFLfX))",1.3202695024325446,no,,,10893,2.2952309520191614
8878,"L(,QLLXfmXLm((Ff(LLX),  ,LX)), rfFQM((X)))",0.8480432929394046,no,,,10893,2.2952309520191614
8879,"LXL(mq(rLX(rXqLQXFXRcX, R(L(mmX)))), ((MfX)))",1.5971703333360354,no,,,10893,2.2952309520191614
8880,"LM(LLXMCFqXXLLCXFXqX, LXX)",1.133684460917452,no,,,10893,2.2952309520191614
8881,"qXmMMXqcmcmmcmLLLXFmMfFXRL(XLX, X)",1.2375277802706082,no,,,10893,2.2952309520191614
8882,"LL(rmLcFXrmfccXrXXLqMqXmcMX, , , LqLXX)",1.0361741190831473,no,,,10893,2.2952309520191614
8883,rMlLFccQQQXXXLXLLLcXRLcXLXLFcXX mfX,1.1080627645422534,no,,,10893,2.2952309520191614
8884,QXqLmXcqLXLLXLFcXXMCXLCXfLXX,0.9327845220497034,no,,,10893,2.2952309520191614
8885,"mLMML(,X, m(,(rrffcLLcXLcMLLMLXXXrCQCQfMX)))",1.6013386165989505,no,,,10893,2.2952309520191614
8886,"Lc(qX, RXlmFm(RX), rXrLCXMfXLLMCXFMX)",1.1594272422781997,no,,,10893,2.2952309520191614
8887,LLLMXRcCmLCfFCQXrLLLLMCXRRLFCXFX,1.184918438468435,no,,,10893,2.2952309520191614
8888,"LmCcLL(qLqLqLXcLLMLcLXQ(RLMQQLXLXfX), rcMMcLX)",1.918089327036573,no,,,10893,2.2952309520191614
8889,"LmLXLmmMm(LXRRFLXcXFXLXC(XLX, ), X)",1.7881322547043492,no,,,10893,2.2952309520191614
8890,"LXc(, qfXLLmXcMQlXmXFLXcXLFXLLXRQX, rLfX)",0.9308546952933119,no,,,10893,2.2952309520191614
8891,"MMcLLfqML(RX , qLXLcLLLfcXqfXQXRCLLX,)",1.6319351620100508,no,,,10893,2.2952309520191614
8892,"LLLL(Q(LQMLX), rcqXLLLLLm(FXLLmmLXrCL(CCX, qFX), ))",1.813318496300587,no,,,10893,2.2952309520191614
8893,"LM(r(mRmX), FXRRLcLXmLXLXcLLLXfqX)",1.224115975854537,no,,,10893,2.2952309520191614
8894,"(,LcmmLFcfqcLFfXFLLXrcXXLLLLLLXrcXLLXrrQmX, )",1.1642505542101584,no,,,10893,2.2952309520191614
8895,CfLMLLLXCfCfCQCXLMXmLMMXMLCQLCXRQLQLLQFXLqFX,1.2138882253411358,no,,,10893,2.2952309520191614
8896,"L(L(QMMXcXLLXLLcMmQcMXcqLXLMX, ), RLLLX)",1.0605907983057357,no,,,10893,2.2952309520191614
8897,"(,FLL(ML(LQLQCX(CFX(fqLXQXRQXl(X))), XRX)) )",1.3825475199893194,no,,,10893,2.2952309520191614
8898,"LLX(LfF(qLXXLMCCLLX(fLX(X))), rLLFLFFX)",1.3343067103146742,no,,,10893,2.2952309520191614
8899,"cLF(LXQcmXXMXXMXXMLXRcMMXLXMmXXX,  FqX, X)",1.1052217173872014,no,,,10893,2.2952309520191614
8900,"mXLXcQLMX(((XLLfLXFQcLcXLXXm(cFX(RLX)))), X)",1.0494782520779413,no,,,10893,2.2952309520191614
8901,LQm(mLQXCCXFXFXCLXrLXX),1.1728628877362781,no,,,10893,2.2952309520191614
8902,"LLL(LXrcCqCCXXFLQXRLLFMXX, , mXq(mQCX), FLFL((fFQ(, X))))",1.5081490052609403,no,,,10893,2.2952309520191614
8903,"FLC(X, LXMcQmLmXLcXXLXRMcFXRX)",1.0744913780111438,no,,,10893,2.2952309520191614
8904,"(M(rQLmCCFX), rfqFLXcLLcLccLLLccLmLcLcXrrcrrcLqLLmcCX)",0.92945493478072,no,,,10893,2.2952309520191614
8905,"f(, , RLFLXCQLCLXLfCLFXRLMXLLFX, rLqLmqcCX)",1.2280937447612146,no,,,10893,2.2952309520191614
8906,"McLL(XLmX, LLXLQFXMXLcXLFXMMLLX, )",1.4198972582286433,no,,,10893,2.2952309520191614
8907,LFLMLLXCQfLLmCLCLCQLX(CXQQmXflqfXfFfLmmFX ),1.1442769733263145,no,,,10893,2.2952309520191614
8908,"fXML((, RRLmcXXLcXLLLXrcX), LLX)",1.2902892489064304,no,,,10893,2.2952309520191614
8909,"mXL(LXfmFqmqMX(LCfXRLFLLXLMXrQX), X)",1.138628695252837,no,,,10893,2.2952309520191614
8910,MLcccLLLLXLccLqFXLXrLMMcfcXfMXrrfXL(X),1.1972955578487094,no,,,10893,2.2952309520191614
8911,"MfL(mF(L(XCqXmfLXLFLCXqLLC(MMLXqfX), LX)))",1.082141860862483,no,,,10893,2.2952309520191614
8912,"RcfcMLL(Qc(r(X), LMXX, cXRLLQX, ), LLLLQFXFfXrLcLqXLLLX)",1.6735433769248633,no,,,10893,2.2952309520191614
8913,"LL(RMLCFLQLMXrLLCCXMLqLX(mX rlcX, ), rrmQLfX)",1.599688923710242,no,,,10893,2.2952309520191614
8914,"Lm(LLXLQf(QF(X)), LLLLLqLcXcmMXrcXLXRqmQXfCCCLX)",1.0843510466308595,no,,,10893,2.2952309520191614
8915,"LLXL(MMLLLRRmMFXCmccXlLLfXLXmcLX, rrLmX)",1.4923790497031417,no,,,10893,2.2952309520191614
8916,"(MXLX, LLC(CLLFQXRCCLXLL(LLXRLLXRqLmX), X))",1.1821678641738191,no,,,10893,2.2952309520191614
8917,mLfLXLCLCLQCQXCFXrLXXmCcqMX,1.2897504334542926,no,,,10893,2.2952309520191614
8918,"(FLLmqXFFMCX(L(FXLMLCqLXrfCLX)), (qLFLLFXFCX))",1.3525339632694182,no,,,10893,2.2952309520191614
8919,"cLcf(, c(rqLCFX), LMLQffQFCmFLXCLCLfXLLXF(LFLfXqLccX))",1.7891073824318942,no,,,10893,2.2952309520191614
8920,"LLCLL(rlX,qFLLXrXX,rLLLXrmcmcXfmFfXLqXfXrfMqlX)",1.1572519028544206,no,,,10893,2.2952309520191614
8921,"c(qLqXLLLcccXrLFfXrfXX,FqccLXrrFmQfmX)",1.158404196665561,no,,,10893,2.2952309520191614
8922,"LLfqQ(, QfFmXCFCXLLLMLMMXF(rmmCMCXccLcQX), ffX)",1.256505612304142,no,,,10893,2.2952309520191614
8923,fLLXRMLqcXLccqXcccqXrqXQqLXCX,1.028549696335929,no,,,10893,2.2952309520191614
8924,"L(,LLFXrLm(rXmXllCLXmLXL(LLXLLFX), mmX))",1.7732230380688907,no,,,10893,2.2952309520191614
8925,"FLFfm(X(qXlXLLLCCLX(MFXmX)), rLMX, )",1.2570340311484505,no,,,10893,2.2952309520191614
8926,"(LLrLFQLqLLmXqcccXrMqXrqlqXLLLLX, RCffLqcX)",1.269182146018062,no,,,10893,2.2952309520191614
8927,"L(,LfX, (L(, rCLCmMQfXLLCQXmCXLLLXLXLX)))",1.2597035244720798,no,,,10893,2.2952309520191614
8928,(RLLmcqXFLccLqmccLLqmXLMcLXRfLLfXrCfMX),1.3394053068910465,no,,,10893,2.2952309520191614
8929,"LL(RLMX, rMcMqLXcLFLcLFLLccFXRL(M(, LLXlLXCX)))",2.0805368651107976,no,,,10893,2.2952309520191614
8930,"LL(rXMQX, RRMLcXXmXXLLXcLXrFX)",1.3274983255771886,no,,,10893,2.2952309520191614
8931,"L(CMX, LFLLM(mLLXrrfFFCCXXXXMQfXX, X), )",1.1598287413664368,no,,,10893,2.2952309520191614
8932,"FMlLLc(, qFX,rrLFLLLXcXmLXLLXLMCX)",1.6208839166597777,no,,,10893,2.2952309520191614
8933,"LfM((C(Q(rFX))), LMFLXLqXCXLLCqLXRQLX)",1.2333867817849984,no,,,10893,2.2952309520191614
8934,"MCLL(rrfXLQQCLcLLccqXRRLQQLXLLX, (QLQ(LqqX)),)",1.4439860930608506,no,,,10893,2.2952309520191614
8935,"(fLLLfXLMCfQQCXCFXMFXMQXMqFX, )",1.0982964090068725,no,,,10893,2.2952309520191614
8936,"MLLfmFffmF(qLXCmmX(LXLXCLLXLX),XQX)",1.3682510735667694,no,,,10893,2.2952309520191614
8937,"MLL(X, qXLXcmLLLXf(LLMcLLXLXRmLMfmCX), QMqX)",1.185157576606119,no,,,10893,2.2952309520191614
8938,"(FLFLLQCFQCXCLXrLfmXQXLmLqLMX, QQCQqLX)",1.5145473187560499,no,,,10893,2.2952309520191614
8939,"L(rLmcXcqXmfML(qMLcXmqXmX), rLcqcXLLcXQXRFX)",1.4485703367420526,no,,,10893,2.2952309520191614
8940,"rLXLLXQL(LLfXfcXLcFFXFFL(LmffXmqX), LX)",1.2645346196124232,no,,,10893,2.2952309520191614
8941,"LCLX(FFqqmXLCXQXCLLLX, LXRX)",1.1756124509418804,no,,,10893,2.2952309520191614
8942,"L(LX, LMLqcXqcfXRLLcLLXQXrLFLmMCX)",1.2845545196003862,no,,,10893,2.2952309520191614
8943,"qLFfCLqC(rQmCQXLLXRCMCXLLLXRRfLX  rX,CXf(rX))",1.2072181376354199,no,,,10893,2.2952309520191614
8944,"CL XL(mfXCCFqqCXLMLFXmfLLmMXF(LLLLX), , FMX)",1.1061822289637233,no,,,10893,2.2952309520191614
8945,"LF((XRX), XCCLCXrFLCqmLFLXFXRLLXQXFMMqLX)",1.0795941069317598,no,,,10893,2.2952309520191614
8946,"LF(L(M((LXQfXX(LL(ccFLMXRMLMLLX))), RcmLX)))",1.1281177390533517,no,,,10893,2.2952309520191614
8947,"LLm(mCQFX(LLXf(FMLCXLMXLQX((, fX)))), rXLX)",1.0153025446495132,no,,,10893,2.2952309520191614
8948,rfcFXmXMFcLLXXmX FXLcQXLcmLLLLXrXLX,1.0674438302698193,no,,,10893,2.2952309520191614
8949,"mLLXLXLLF(LqfXCFmXmXrFLXRlLfXXX, rFXCQCfLX)",1.4810550940307083,no,,,10893,2.2952309520191614
8950,"L(mF(X), FcccqXLLXrMmLmLcXfFLmLXrcMMXXRFXX)",1.0836973089112092,no,,,10893,2.2952309520191614
8951,lFLQXFLLfLXfLmLCQLLLCXLCLXFLXmqXMmLXLLMX,1.2177842107388366,no,,,10893,2.2952309520191614
8952,"rLLm(X, rLcXLcLLXfLLLXQLQfLLLXlX)",1.881372115875952,no,,,10893,2.2952309520191614
8953,"L(,rcLqLmXcLLXLXXXcLXmLLX(rLXcXfcX) ,)",1.439205295179456,no,,,10893,2.2952309520191614
8954,"C(rLLQXRMCmFLLFXCLXQLXQfXLX, L(X))",1.3665078729484095,no,,,10893,2.2952309520191614
8955,"RLLFL(MLXmXRLLccXLXmLQLLLQXCLcLFLcLcqmcX, CmqX)",1.6340708172170577,no,,,10893,2.2952309520191614
8956,"LLMLLMXLC(((mLQXLcfXRccLFLXRXrMLfMmL(FcLcfmX, ))), QqLX)",1.0366660824484433,yes,B4,14,10893,2.2952309520191614
8957,RfL(LRXQCmCXFXLLCXL(XrrL(RX))),1.009952086816403,no,,,10893,2.2952309520191614
8958,"L(fLMLX, rLMf(CX, rfMcLCLmCXLFXLXLLCXLX))",1.5145927980271587,no,,,10893,2.2952309520191614
8959,LLLfLCXMLXQqXCLfXqXfCXLXQXrrLLFFCXX,0.9968992704092723,no,,,10893,2.2952309520191614
8960,"LL(CQXl((FLmLfXFLXLLL(cmcmQX, RXFMLmMfX))), fX)",1.1756704910500775,no,,,10893,2.2952309520191614
8961,"L(LXRCCmCXRLLLfXQL((Q(mqX, CXXrfmX)), ),, )",1.3039573024915938,no,,,10893,2.2952309520191614
8962,"(MLFQCXLXFCXLmFXFLQQXRmmCLX, LLFfXLX)",1.102796579074242,no,,,10893,2.2952309520191614
8963,F(fFLQXfLLX(qLCLCXLXlXM(CLXLLXmMFqX)) ),1.311143385588904,no,,,10893,2.2952309520191614
8964,"LCL(mLQ(QLMqLqLX), qLMLcXcmXcmLLqcqfXLLFLXL(LLX))",1.1901849602970775,no,,,10893,2.2952309520191614
8965,"(f(, LMcLmX, ), rLLLCfCqccLfXLcMRcLXr(rLXX))",1.2618361191490612,no,,,10893,2.2952309520191614
8966,"LL(LXLFqCMXXRMQ(L(CmX)),  RQXccXLqmXqLXMqX)",1.0571296588166614,no,,,10893,2.2952309520191614
8967,"LQLLLL(XCFLCXfXXQX, XXcLfFcXLmX,)",1.3422200776970032,no,,,10893,2.2952309520191614
8968,"(R(LXffX, LCCCXLQCXLLXRLfCXMXXCX) , )",1.063560587466157,no,,,10893,2.2952309520191614
8969,"F(LL(FFXXrFmcCLLqXCLCLXLLLLLX, LMRqFLXfQffX))",0.9456473977278969,no,,,10893,2.2952309520191614
8970,"cMf(qmXLfXmcXrMLMXLfX(fX), LLMMMLMXLXlLfqX, )",0.9287375223964962,no,,,10893,2.2952309520191614
8971,"LLX(M(LXLXFqCCFFXXFXXmXLMCX, FX))",1.0203211899596603,no,,,10893,2.2952309520191614
8972,"FCLqqLL(rCXLX,,mmqXLm(rqcLLXMXmFXMqX, LX),, RXFCLX)",2.0313928863841775,no,,,10893,2.2952309520191614
8973,"(FcXLfX, LLcclqXLLLLXrcMcLXXXlLLLCX)",1.097531798458463,no,,,10893,2.2952309520191614
8974,"L(CLf((RQfLXrLLCCLFLFLXLQ(LLRRMXL(LX))), LX))",1.4383795429519688,no,,,10893,2.2952309520191614
8975,FmMfQLFLLXqfLLCCmfXLXrCmXLLXRRfmLLFLLQX,1.236069999375031,no,,,10893,2.2952309520191614
8976,"mLqL(,RmCCQXLLCLXQLQMLXXcfX, rLCmXMX)",1.540917686648496,no,,,10893,2.2952309520191614
8977,"L(LmCFFMQXLLLXFMLXrcXQmcXFcQLLX,LX)",0.817759470198734,no,,,10893,2.2952309520191614
8978,"LLC(c(RMLMLX), rrLCFLccXcLXLLLXLFMXrCLCLX)",1.8374518628740348,no,,,10893,2.2952309520191614
8979,"LF((QqmLX(LLX)), f(cmMMqmXFLXLmLLcmXXrrMLmMcXX))",1.131729084322959,no,,,10893,2.2952309520191614
8980,"LL(MXFXFFqXMCFXqLLCXLLLX, FQmmX, )",1.4189476660229008,no,,,10893,2.2952309520191614
8981,"LL(LXqfmFCXXXCLXmMX, rLqfFX)",0.9586480841063294,no,,,10893,2.2952309520191614
8982,"LMLcXRFL(QXcLLLcXqMqXmLX, rQfmLX(LffX))",1.1308114725409448,no,,,10893,2.2952309520191614
8983,"CfFLXF(rrmmLLcXL(FM(LL(L(X L(MLLXLX), )))), )",1.5550352907647589,no,,,10893,2.2952309520191614
8984,rmLXrLmLXRccQLcLmLLLXXmXLqXLmLcLcX,1.1138978222231848,no,,,10893,2.2952309520191614
8985,"L(RLc(rfcFLFmmX), RRLLCMCfLLCXMLCLLMXLLLLFXLmcLmXmX)",2.0777962046159213,no,,,10893,2.2952309520191614
8986,cqXMLlLLfXLLqccXLmXFcXRLXRLLqX,1.2151819565611144,no,,,10893,2.2952309520191614
8987,"((mLMX, , rCLccqLXRLMLLMLcXmqXrLXX, ), )",1.7105357272090724,no,,,10893,2.2952309520191614
8988,"FLXQ(X, XXfcLmLXXXLLX(QcXcMLXrXRLX))",1.2322752327172661,no,,,10893,2.2952309520191614
8989,rLLXLQLccXXLFFLXcXLmX,1.1470857963414538,no,,,10893,2.2952309520191614
8990,"L(LLLLLm(Lc(qmMX, cqMcXLFXcqXLLLmXQX((mX)))), X)",1.2740742119914596,no,,,10893,2.2952309520191614
8991,"Rm(, rqFmLLXLmmfX(((XrMLLcXXMllL(L(LXX, FX))), )))",1.2255727979486426,no,,,10893,2.2952309520191614
8992,"LLmL(mX , rfFfLqQqXccLXfXlmlXQLCX CcX,)",1.4670542984809902,no,,,10893,2.2952309520191614
8993,"Lm(F(LXXrqfCLXFL(, RLLMLMXRRXrrmX)), LXLmLXmcX, )",1.2264620394432155,no,,,10893,2.2952309520191614
8994,rlQXLMLccLFmcXmLMqXMcLLFqXcLMLLXXRFXX,1.1813920205682085,no,,,10893,2.2952309520191614
8995,"L(FcX, rLfLXrCmCfXLLMXrLLLmCXrCLXqqXqFCX)",1.135193954891044,no,,,10893,2.2952309520191614
8996,"LLQFL((X, , RXQmf((LLQXXXX), , LFX), FL(, X)))",1.7302395720604622,no,,,10893,2.2952309520191614
8997,"RLLM(CLXCCfQXRLLXRLLLqLLXLmfX,LXLFrMqLX)",1.184026777554183,no,,,10893,2.2952309520191614
8998,"RQLLQMXLLC(, LMfMQXL((fLfLLLXLX), qLCLX))",1.6263888221235558,no,,,10893,2.2952309520191614
8999,"(mLLcQLLXfLXcXRLcLLX, , , LLX)",1.0438867067898612,no,,,10893,2.2952309520191614
9000,"mm(FLFX, mMCLQLXLXCXRXfCXfFX(mXX))",0.852824155163857,no,,,10893,2.2952309520191614
9001,"LL(rrMLLfcXcLXLLLLXRmXlL(RLX), , ,  ,fX)",1.7319197894061948,no,,,10893,2.2952309520191614
9002,"LXLFLFXLF(RRcFcXFXLFLXXLQLX, rLLLX, RLXqLX)",1.6565081068596694,no,,,10893,2.2952309520191614
9003,LFFXLLLCLCXrLqfXCLfXFLFFfLMmLX,0.854312955554056,no,,,10893,2.2952309520191614
9004,(lLL(cLmFcXl(LmcLXqLXLFqLcXRLXMcqXLXrCX))),1.0883741531051756,no,,,10893,2.2952309520191614
9005,"FLCmMF(LLX, rqcLXRLcfLLcLXrrFMLXQLLX)",1.3865696115628245,no,,,10893,2.2952309520191614
9006,RFCLLLLXrLCLCCCLLfqXfLmXRLXXRRqqfLfLFmX,1.2452355544491909,no,,,10893,2.2952309520191614
9007,"fLm(X, Lf((QCX(fmmXfFCXQLXRLXrLX)), FQXRMX))",0.9780876193809257,no,,,10893,2.2952309520191614
9008,"(FLMLX, LLMqFcqmcXMcLLLXrrrLLLcFLLXRMmX)",1.2768795368585975,no,,,10893,2.2952309520191614
9009,"LLLF(RRLlcmXMLXLXXXLLXLcX, (X), MMMX)",1.7519683412013167,no,,,10893,2.2952309520191614
9010,"LLmLm(MMCRRXCXLXLXfmX, FFX)",1.451063988465429,no,,,10893,2.2952309520191614
9011,"FLLLm(QQCXLCCLLLXFQQLLLLXrLLMLFX, LMX)",1.3989957259473513,no,,,10893,2.2952309520191614
9012,"LmLq(rqqX, qcFmXLLLLcFFcMXrLLLmLXFmLX)",1.3802953959974562,no,,,10893,2.2952309520191614
9013,"L(rMfLLfX, , rrmLcFcXLFLLLLcXLLLLLqMMLXLLX)",1.4295266571110128,no,,,10893,2.2952309520191614
9014,"fLLX((,,RFQLCXRCFQCLLFfCLLLCXRLLCLLcX))",0.9207868848942043,no,,,10893,2.2952309520191614
9015,"LLLCL(rqCXmLLCXF(LFMX), fXL(rFLccXLccLMLXLXlX))",1.1928460396106855,no,,,10893,2.2952309520191614
9016,LLLLmQXrLCCXFfqMMmXLLMXLLCCXRfLX,1.1269890406522696,no,,,10893,2.2952309520191614
9017,"FLLX(XqXFXCXXRLFFmMmXrMLLX, RFFLqMX)",1.4851996459175756,no,,,10893,2.2952309520191614
9018,"XLLLL(fQQQXL(LFQ((X , FLLFLMXLXX))), XRmLLX)",1.3373641618511976,no,,,10893,2.2952309520191614
9019,"LXL(RRfXrLLf(((LqXFLCQCQXXX, XrXQLLLQfMX))), ,, )",1.222951399529285,no,,,10893,2.2952309520191614
9020,"RLFLF(RLLLFMCXmCXFMLLXrrrqfLFLLmXRFX, r(RFX))",1.649306879866986,no,,,10893,2.2952309520191614
9021,"LML((LLL(mLXcLLfQX(QXrLLFXrFLLLcXLFLX)), McFFX, ), )",1.4165522475692123,no,,,10893,2.2952309520191614
9022,"LLLq(RcQCCFCCXLXCQfQLXrLLLLXfC(X, ), rfm(cqf(rrLLCCX)))",1.4455358430787746,no,,,10893,2.2952309520191614
9023,"qXLX(FXLmqXL(LQXFX, CXqQXQX), qMLLfX)",1.5313742276262738,no,,,10893,2.2952309520191614
9024,( QMLXLFqCCXfLX(rFfCMXXrQLMFX)),0.9658850305997038,no,,,10893,2.2952309520191614
9025,"LLMX(lL(XMm(RLFQlLXrcLXXL(LfXfMLXcQFX))), X)",1.6670151059382634,no,,,10893,2.2952309520191614
9026,"(lLLRFLLc(XX, XXmQX, LFXRcLLXQXFqqXqLmLX),QQLLMX)",1.5428306727474173,no,,,10893,2.2952309520191614
9027,"FLfXXCM(rlqMLXCFXqMXL(MQQXrCX, ,cFfLcX), X)",1.1771445087276082,no,,,10893,2.2952309520191614
9028,"(qLLXCFFLLXXCqLXfLLX, qfQXfXFqLLLLX)",0.9307294034265591,no,,,10893,2.2952309520191614
9029,"LFL(L(L(LQmFX(mXcFXLLLXrLLXX))), cX)",1.3233583730587501,no,,,10893,2.2952309520191614
9030,"fMLLMmQq(RX,XrLcmMLmcLXMXrmcFLLLXrLXLmX)",1.2291883086060007,no,,,10893,2.2952309520191614
9031,mLLLQXQLXqccqXLLXccLXLmXfcFLXFfCX,1.1406533109463937,no,,,10893,2.2952309520191614
9032,"mL(F(LLLCQQLCXCXLLLLLXLLX), LFX)",1.1902023486046278,no,,,10893,2.2952309520191614
9033,"F(LRcmcqqLXLXcLLXfFMLXcfLXrLMXrQLcLX, , RRqLX)",1.1535343349799378,no,,,10893,2.2952309520191614
9034,"LLL(CX, (FLLLFqXFXLMCXXfLqLLX))",1.0448747823246627,no,,,10893,2.2952309520191614
9035,"L(,LL(L((qMX),RRXCfCLLXLXlXcmcMqX, )))",1.5702351237740537,no,,,10893,2.2952309520191614
9036,RRcmCLXCMMFLLCMCqLMqXCFXRFLLfXCLMFFLmX,1.064990948399296,no,,,10893,2.2952309520191614
9037,fLCCCQLLQFXLLCfXFMMXFmXLQCXFLXLLmqcX,1.4059100594373626,no,,,10893,2.2952309520191614
9038,RXMcLcmLqLLQXRXLLmMXRLLfLLLccXLQcXLmcX,1.4341074767639939,no,,,10893,2.2952309520191614
9039,"FCLqL(CfCqmXFXfFX, qXL(LMXFLmLXX, , RFmX, ))",1.3445065749016414,no,,,10893,2.2952309520191614
9040,"LFL(, LqLLLXX(RXrrLXRQfLqqLcXRX,, ),  LmLX)",1.2644622655136486,no,,,10893,2.2952309520191614
9041,"fLXLLLLfFL(XrXFqLmCLXLFLmLCFffXLFX, (qX))",1.2760943508612126,no,,,10893,2.2952309520191614
9042,LLLFXXLLFfMMqfqXRCXLfMLqLCXFfXCFLmCmX,1.2728065715894428,no,,,10893,2.2952309520191614
9043,"LL( , mMMfLMFX, QXLLXMCCXRRfLXQQXqX)",1.2501702056104056,no,,,10893,2.2952309520191614
9044,"FLXLQLLXL(LCXRccFXXQ(rLLcX), XcX, )",1.066897489559789,no,,,10893,2.2952309520191614
9045,"FM(RLCLLLQXCCmLLXLLXXRLLCXLFRLFX, )",1.3033560654426748,no,,,10893,2.2952309520191614
9046,"((LXXccQXLLXXrrcX), RLXcmmXfX(F(X)))",0.8105434222282286,no,,,10893,2.2952309520191614
9047,"(L(LFFXqmXLCXLXXqLLFCLLXLCFX), qlX)",1.2650525664765442,no,,,10893,2.2952309520191614
9048,"LL(fmf(rrLLcXLcXLLLLXLLX(LLCX), ), QQLCMMX)",1.8983224686083824,no,,,10893,2.2952309520191614
9049,rflLLqXccLLQffXXXcLFQXrFqLXFX,1.3339608948547912,no,,,10893,2.2952309520191614
9050,"L(LLFLFcXqLqFLCXLM(mCLXRLXLLLX), L(rFQFQfLX), rX)",1.4076938139912303,no,,,10893,2.2952309520191614
9051,"ff(c((Rml(LMcX), ffLLqLmLcccLqX(LXcLQXRRX(MMfLX)))))",1.2970955238989037,no,,,10893,2.2952309520191614
9052,"rLLXCXl(RRLFQMXLL(LCL(, fLLXMmXCFXLLXrrmMQLFX)))",1.1103169072952823,no,,,10893,2.2952309520191614
9053,"fFL(, MLLMLLL(mqXX, LmX(QmcXX(cLLLLLX((XqX))))))",1.241225612241721,no,,,10893,2.2952309520191614
9054,"L(LqMLfXMCfXLLXFLXCXRLmL(RQ(rLLLX)), LXLfqFqX)",1.3503352344263881,no,,,10893,2.2952309520191614
9055,"Lm(LX, rmqQqLcMXmcLLXcLLXCQXLX)",1.7314270258841402,no,,,10893,2.2952309520191614
9056,lfqcLmqXLqlMLXLLLCCfXFfCqXCLXQXQMXrmX,1.038887590156799,no,,,10893,2.2952309520191614
9057,"LmcF(LcX(, X), rLLFcMqXcmmLmLXRRLLLLLQXMX )",1.1261644996902305,no,,,10893,2.2952309520191614
9058,"LLL(rFXLLLCqCXLFL((LXC((qQmLX)))), mXRL(QMLLLX))",1.3217111405364308,no,,,10893,2.2952309520191614
9059,RlQXcfLLQXXFfFXLLccQXMXLLXXRQX,0.9480799720021158,yes,B3,1,10893,2.2952309520191614
9060,"((XLFXLLLCCCQXXLfXRmLmCXLXXLX),  )",1.053402548159814,no,,,10893,2.2952309520191614
9061,"LLLXfLF(X, rrLXCLXLLLXLMLLLMLLmfCXqX)",1.4969515600144434,no,,,10893,2.2952309520191614
9062,"LFfLFF(, X, mLLXLLfLQXcQfMLLXLLFLLLFLLL(QX, ))",0.8464376639198641,no,,,10893,2.2952309520191614
9063,rcLfLmLCLXRcccLFLMXXRXLcXLLqqX,1.2316081902464753,no,,,10893,2.2952309520191614
9064,"LXfLX(FLMFQXLXmFcXLXLXLfQLX, (MFFfX))",1.4289040882941513,no,,,10893,2.2952309520191614
9065,LmLQmQXrFLLqcLXcLLmXmLqLLfcXcLXfXmQLLX X,1.1704356969379326,no,,,10893,2.2952309520191614
9066,"L(LLCXMQXLXLLfLfLCQLCXRLXm(LLMX), cCLX)",0.9891268539770477,no,,,10893,2.2952309520191614
9067,"cLL(RXFLX, fXRFXLcX, MLcQXXcLLQX(LX))",1.4021851197609791,no,,,10893,2.2952309520191614
9068,"cLcLm(LQFXLXMfXL(XmLXcX), QXqLqX, MX)",1.339848748557045,no,,,10893,2.2952309520191614
9069,"LLmLcXL(qmXccqLXLcMMXRmmFXrLfL(,  QLFLL(L(RfX))), )",1.2489878658844644,no,,,10893,2.2952309520191614
9070,"LF(rrmLLXLXCXFL(MmLfX(L(LXCX))), RcRXMFmX)",1.332780002528662,no,,,10893,2.2952309520191614
9071,"LL((ML(X, LfQFXFmCQCFLmXCLMXFLMXfXrrfCXLQfLLX)))",1.150979812203238,no,,,10893,2.2952309520191614
9072,"LLLLFX(RLLQXLF(RQX, MqXRXrLMmQXLX),RmX)",1.8156285850679916,no,,,10893,2.2952309520191614
9073,"LFL(CQQLXLLLLLCCXRLLLLLX(LRL(MLMLX)), X)",1.4118851777385342,no,,,10893,2.2952309520191614
9074,LfLLXRQCCXrFLCLLCLXRLQLQXRqX,1.2857352331101002,no,,,10893,2.2952309520191614
9075,"M(LLLRLQCFXrCmXLQLFLLXRFLMLMFXX, LqLX)",1.7382773126413043,no,,,10893,2.2952309520191614
9076,"r( ,rLFMLXccQLLcmcLX(mmXlXqXLmmXFLLX))",1.2345139972983625,no,,,10893,2.2952309520191614
9077,"LF( XFLMLfQXMllXRcmccLLcLcLLX, qFX)",0.664168598305706,no,,,10893,2.2952309520191614
9078,"FL(fcLX, LFXMCLF(rLCCCCqXfLXQXFfLX, fqLXRmMLmXLqX))",1.2708162895237531,no,,,10893,2.2952309520191614
9079,"RLFLLL(XRfLXM(F((M(FmXmLLLMqcX), (rqQLLXLX)))), XmlX, )",1.49225566928927,no,,,10893,2.2952309520191614
9080,"Lq(XmLLXq(rFqcLFMXXLXX, ), rrrXX, )",1.2073842580217047,no,,,10893,2.2952309520191614
9081,"rCLLLqCFM(CCXLXfFQQXLX, LmXLQLXX, LXLXX)",1.7835981726957235,no,,,10893,2.2952309520191614
9082,"MLML(QL(rrX, FLFFX, ), qXXFFLmM(LMLCCXLmXX))",1.4097335313084904,no,,,10893,2.2952309520191614
9083,fMLLXLLXLfCQmCCMXXLLLXCQLmXLFfXqmLXLX,1.1626953797512765,no,,,10893,2.2952309520191614
9084,"LL(rmccXqLMXL(LqLqqXLLffXLMX, ), ,, q((RFqX)))",1.3494576599921557,no,,,10893,2.2952309520191614
9085,"MLM(mLLL(LcLcCQLCQfXLLLCCXRLQLLmfXLX), mLmFX)",1.3749622094282874,no,,,10893,2.2952309520191614
9086,rFLcLXcQfFLcXXFMLXLXMMcLLX,1.0436590117882294,no,,,10893,2.2952309520191614
9087,"LLXQML(rcQ(, RmcQCQcmX, ), MLqmmMqCcXCCfFX(LfX(LX)))",1.1997624699497378,no,,,10893,2.2952309520191614
9088,"X(FLLLLmQXMXFmcXLXL(mLL(qLLMqLFF(LX))), QX)",1.011553520094266,no,,,10893,2.2952309520191614
9089,"QLLL(RcCXL(rLLCCLLLX(RQMMXqqX(L(RqlQLX),))),  fMQX)",1.7153439791533278,no,,,10893,2.2952309520191614
9090,"M( ,FLQXLXCCLFqXLXfXCFXrLQXRMX, )",1.1637251175643963,no,,,10893,2.2952309520191614
9091,"mL((MFMX), LLLXccqLXLXFcLLcLFqXXlqmXLqLX)",1.1347682911040171,no,,,10893,2.2952309520191614
9092,"(FFMfLLLLcCQQXLCLLmLCfLXFfXmXQMqX, RqLLLqX)",1.5222768317700417,no,,,10893,2.2952309520191614
9093,"(Q(LfLX), rrLLLMLcXLLcXLLXLFfXqFQX)",1.7857346766758955,no,,,10893,2.2952309520191614
9094,"LLL(CL(XCqqXMLCLCXLFX,,mX), , mX)",1.104853506912836,no,,,10893,2.2952309520191614
9095,"LLL(RfMMRXr(, , rLXFXqmXLX), cCm(rrMcFX))",1.7171777216774569,no,,,10893,2.2952309520191614
9096,"rmlMMXLLXLXFLQM(X(RLLcfXr(rXMLMXmmXcX, LX)), rMX)",1.3960864470446481,no,,,10893,2.2952309520191614
9097,"LL(LXX, RRMLcX(FFFXLLXcXqFMXRf((X))))",1.0780237079585067,no,,,10893,2.2952309520191614
9098,"rqLMLXLL(XLmLXCXLXLFXqXRMCCLLqX, rLX)",1.3167575330555354,no,,,10893,2.2952309520191614
9099,"LLL(rrCFXLL((mcLLXmLFLXCXLLX), ), qQF(X))",2.0418345241202025,no,,,10893,2.2952309520191614
9100,"L(fQl((qLmLX), , ), (RRcLLCLLCXLCFLLLXFLLXMX(LMmLFmLFcX)))",1.861469034130462,no,,,10893,2.2952309520191614
9101,"RLmFcLcM(fX,  LqLLXcqXLmmLcLXLXMMcXR((LLX)))",1.1515705168049934,no,,,10893,2.2952309520191614
9102,FLcLcXQXXLXcQLLXLLmLcXLLcMLmXLXX,1.2578543373342288,no,,,10893,2.2952309520191614
9103,"XmmXXrrLL(LXXCLLMXXLLXXX, RQQQMQX)",1.384510545829967,no,,,10893,2.2952309520191614
9104,"MXqCqLfCfC(MXLmXFLXq(RRmLX), XLLXLL(FLX), LfXLXrfX)",1.7505085392948982,no,,,10893,2.2952309520191614
9105,"m(LLFLFqXCXFXXLMXLXqCXFX, FQXLQlLX)",1.177690599522705,no,,,10893,2.2952309520191614
9106,"(RLLXCQLLX(mFL(, QQLLXLMFLXLL(MX))), RcLLX)",1.3632491986686694,no,,,10893,2.2952309520191614
9107,"FXM(MfLqXLLCXXLL(mXCmLLXLX), MLLLXLX)",1.2941198002558387,no,,,10893,2.2952309520191614
9108,MXcLqQLLLXLXrcFLLqXcLXLXMLcXCmmLXCXQXrLX,1.018088167521467,no,,,10893,2.2952309520191614
9109,"L(LMLMmF(mLLMQXLMcX, RLQcX(LcLLcXRLLcFFqX)), (LMX))",1.1070137332520116,no,,,10893,2.2952309520191614
9110,"cLX(QFFXLL((RRccLXMXrMfLX), QXLcXX), RFXRXQ(L(LX)))",1.4843912147133802,no,,,10893,2.2952309520191614
9111,"QLFf(L(rMLX), LLFCcXMLLXcmXlLXLqFLqfLX)",1.2476065425296705,no,,,10893,2.2952309520191614
9112,XFFQXcqccFXLrXmLXMcXrFXlLcXXLXQqLX,0.8992657336674738,no,,,10893,2.2952309520191614
9113,"XL(rXLmCLCLLXmfqLXmLCqXmXFfXX, qqfXXmQLX)",1.094136238092137,no,,,10893,2.2952309520191614
9114,"F(fLcMXRf(XRmqX, , RLXcXmXLLLFLfFLLX), qXRX)",1.1664320653594489,yes,B4,15,10893,2.2952309520191614
9115,"LMQ((RMLC(F(XQ(f(, rrQMLQfLLLfXRRRLLmLFXX))))), X)",1.4986525736726517,no,,,10893,2.2952309520191614
9116,"fFL(QfXCcMXMM(L(mLcXLLXLX)), ,rrLXCX, fLXcLCX)",1.7105383557090679,no,,,10893,2.2952309520191614
9117,"(L(LffL((f(rrLcXL(FL(L(XRRQQLfXXQQmrX), )), )), mCX)))",1.7828341075447791,no,,,10893,2.2952309520191614
9118,"(LLLXCQCXLXLXRfLLLCXLqXLLX, X)",0.9887354647162634,yes,B3,20,10893,2.2952309520191614
9119,"(FLXLLMCXXrMXCqXXRmLXLXRLL(, rLX), X)",1.1562393957634816,no,,,10893,2.2952309520191614
9120,"L(FRX(cLLQQXLQXFX, XMFcLQXFcLXRmLXfX), LFXLX)",1.5044038169551492,no,,,10893,2.2952309520191614
9121,"LLLLFLC(, rfFcXMLcLQcXmLLLXmccmLcLLXmLX)",1.1689079025080567,no,,,10893,2.2952309520191614
9122,(MCrLcLLcMXLFcQXXlfXLLLLcXcX ),1.107474000461307,no,,,10893,2.2952309520191614
9123,"X((qXCLLXM(rCCLmMXRFLX)), mmXrLLLLQX)",1.0856160607866467,no,,,10893,2.2952309520191614
9124,"LLXF(rLLqXrQLq(rL(RRLmLmXLXX(MX), rX)), RX,)",1.9416903381676374,no,,,10893,2.2952309520191614
9125,"LL((,f((M(LmLCqmLXCMX(rCLLXX), X(RfX)),),LLX), , mX))",1.2592987940179383,no,,,10893,2.2952309520191614
9126,"cLXLL(X, mmXqqXFCCCLLCLXfrFLLLqX)",1.1671874581067618,no,,,10893,2.2952309520191614
9127,"MCFLm(rrFCccXLLL(LFLmcXLLMLMLLXmMXX),, MLX)",1.812987479500035,no,,,10893,2.2952309520191614
9128,"rLLLf(qXL((FLLLXQXLL(CQXM(, r(lQX)), )), qX), rM((QX)), )",2.102893911173494,no,,,10893,2.2952309520191614
9129,FLXrFXRFFcLXfLccQcXLLLLcLXrXLmMXFLLcXLX,1.000320474603982,no,,,10893,2.2952309520191614
9130,"(LmXRLCFCQXfCLLLCQLqXRLQLQQXqf(X ),)",1.2975034563579118,no,,,10893,2.2952309520191614
9131,"(FmCQXLMLXCXLXXfCCFX, LXQMLQX)",0.9921580586642449,no,,,10893,2.2952309520191614
9132,"LL(RCLfccXRQCX, CqFLqLcLLccXcLXMLLXMXFX)",1.3738447974261072,no,,,10893,2.2952309520191614
9133,LLXLqCFcccqXLLLLLcFqcmcXMLLXCX,1.3321445878391684,no,,,10893,2.2952309520191614
9134,"rLLX(Mf(rLmLqFmLXLLLLLm(XXmmfX, X)), RX)",1.515831978021122,no,,,10893,2.2952309520191614
9135,"rlCLM(rFXLCLLXLLXmX, (LX(LXLLX)),LLFFXqQQMQX)",1.6249176908040743,no,,,10893,2.2952309520191614
9136,"LFFLL(QcXcLLQXMqLFXLLLX, rXLX, XRmmX)",1.3517104801744109,no,,,10893,2.2952309520191614
9137,L(XRcXLqLXFcmqLXMLcXLXXX),1.1046178028962048,no,,,10893,2.2952309520191614
9138,"(MFL(, , FX, FqXCXXLLLXCXFX, mX(,fQX)), , qCfX)",1.1092999365655736,no,,,10893,2.2952309520191614
9139,"LL(qXf(qccXFLLLXL(LXcMmXLFXLLFLX)), fqfXRX)",1.2254236831228893,no,,,10893,2.2952309520191614
9140,"rmLXm(FFXrFLLLLCXrCXQmmQXrLLX,MQMQLX)",1.1986376666398744,no,,,10893,2.2952309520191614
9141,"qLLL(MXLCXLXFXLXRm(, qFLmX), XQccLQLXrLX)",1.3042394810999665,no,,,10893,2.2952309520191614
9142,"QLCLQL(, MLMLXmL(, LmLXFLLLmXRmqQQCXQ(LCX)), LX )",1.720786623821449,no,,,10893,2.2952309520191614
9143,"(QCXfmfLLLFLLXFCXXLXrMX, rLQLXRqLX)",1.0298867684247628,no,,,10893,2.2952309520191614
9144,"Mc(,ccLLqqXmcXrLMFfXMFFMXMcLCCX, QLLX,, ,)",1.374966766869938,no,,,10893,2.2952309520191614
9145,"LLF(FXXRRlLmXLMfLcXXLLFXLX, XXRX, )",1.4666220778959185,no,,,10893,2.2952309520191614
9146,"LXF(LLffm(Lf(QLXMXcXFLXLLmmXLFF(qLlX))), X)",1.2422549875103204,no,,,10893,2.2952309520191614
9147,rLLLLqfXLXCqCXLMXmCXLXMXRX,1.058836921246443,no,,,10893,2.2952309520191614
9148,LLLLccXFMFXrrLLcXcXLXMMXCqCqLqX,1.2107773988267436,no,,,10893,2.2952309520191614
9149,"LLL(fMXCLQffXCLLXfmCQX(LXFQmXX), mqQX)",1.1596015619761468,no,,,10893,2.2952309520191614
9150,"MLLXrcccqXLcccLLLXm(, XLMX)",1.3762708136907498,no,,,10893,2.2952309520191614
9151,"(fm(ccQXmLLcLcqLXrcFXLcLLXLLXCLX), L(rMQQcX))",1.1571418478760862,no,,,10893,2.2952309520191614
9152,"mLFLmL(M(MXQQCQXQ(cLLLX, MMXRXL(mCXfX))), M(RRRMmFXfLfX))",1.3339020838026212,no,,,10893,2.2952309520191614
9153,"LLLC(MLLQLCQLFLXCXfFfFfXrrXX, QLX)",1.2065960128106665,no,,,10893,2.2952309520191614
9154,"RlLmL(RRmCLX(qFFX),(qLQLLXMFXcXMMXLmXLFLX))",1.3349630196638405,no,,,10893,2.2952309520191614
9155,"rFfLLcXLLM(rrLCX(CXMXLFLLXLXX), cX, RRMQmLLXLmLQX, X)",1.6815366656430313,no,,,10893,2.2952309520191614
9156,"LmLLXM(rqXLLL(LL(L(rLmfLXF(R(qXXqX)), LL(qX)))), X)",1.86304836560966,no,,,10893,2.2952309520191614
9157,"MLQLL(QmXR((, mLMLFCXLQLLfX(LmX(rCLLLLX)))), rMfmX, )",1.795274178668993,no,,,10893,2.2952309520191614
9158,"LfCFL(QLQCMXCFCLLXrLXQ(XX, ), LLX)",1.6822963278751675,no,,,10893,2.2952309520191614
9159,"LL(rrcFX(LLFLLLXLLLXLCLXRcLX, ), RFFQX, RX)",1.8835219067077302,no,,,10893,2.2952309520191614
9160,RLLXqCCXLXmLX CLfXRRRLFMFqFXX,1.3693797953021178,no,,,10893,2.2952309520191614
9161,"mLLLQ(, FLXfLXL((QLXLLX), fMmL(fLLCfmX), ), RFQXX)",1.1468422019173174,no,,,10893,2.2952309520191614
9162,"mL(, rqXL(M(RmmMXFX), ), LXcFX(RlLLLcXRMXcLLfMXLqX))",1.2280220139857165,no,,,10893,2.2952309520191614
9163,"LLLcLX(XQM(mLX), LmQXF(XLcLXLXFLLX))",1.5992626638486664,no,,,10893,2.2952309520191614
9164,lCCfMfcmqLQXLfXcqLLXcLXrcXLLXmXXfqcXQX,1.1694079568106366,no,,,10893,2.2952309520191614
9165,"(RcXQcLXrMLLLLLQXLLcQcLXcmX, QLMXLMX)",1.2074019811731815,no,,,10893,2.2952309520191614
9166,"LXLLm(cqLCLXfLFXMCLMXLLLLX((RFXqX)), LX(CrrMX))",1.583337591932619,no,,,10893,2.2952309520191614
9167,"LFmL(rLLFX, rrLLLLcXfLcfmXLXLLXrCmX)",1.7459489097871175,no,,,10893,2.2952309520191614
9168,"L(LMffF(LFF(RLX((XcQXLmXrLXLXX)), rfcFX)))",1.5909096178987265,no,,,10893,2.2952309520191614
9169,"LLmLLL(, RLFQX(mL(, , XRmLLXRXLLLLLLLX)), fX)",2.0253322046880142,no,,,10893,2.2952309520191614
9170,"LXLLmFF(LMLMMXRRLLXmLcmmX(LLXLXFXFX), X,)",1.710788922655282,no,,,10893,2.2952309520191614
9171,"LMX(L((mXXCqFLqLXL(mCLLXLLQXLX))), XLQX)",1.1455638576190361,no,,,10893,2.2952309520191614
9172,"LLF(rrffCffXFXFMXffLXfMXFFLL(, rX), (RFqFX))",1.2943041427376087,no,,,10893,2.2952309520191614
9173,"(MXCLQMXLLLX(RmCCXLfXLfLmXLLXmXrmfFCX ),)",0.9679828578637364,no,,,10893,2.2952309520191614
9174,"Lc(LFfqX, LcLLML(, RRfFCCXLLCLXLLLX(LXcLFX)))",1.9258658646356428,no,,,10893,2.2952309520191614
9175,"FLcFXL(FLLMLX, lLLqFcqLXcmfXLfmQXLLMXL(C(rrQCqLFX)))",1.328899442573108,no,,,10893,2.2952309520191614
9176,"MFXRMLLXL(RQQXcmLXFQX,fX,fX,RFmQcXLccLXRMXLX)",1.2494114219165515,no,,,10893,2.2952309520191614
9177,"c(LqX, XLXXRcXQcXLXXrX)",0.8245147716087032,no,,,10893,2.2952309520191614
9178,"FXXLfXcqL(LqqLqXCLX, QQXcXLmLFXLLFFQLX)",1.388540232302248,no,,,10893,2.2952309520191614
9179,"FL(FF(RcLXLXQcXLXLXfcLQLLLcXXffffX), qqLX)",1.2664414284895564,no,,,10893,2.2952309520191614
9180,"RLLC(RLXCLXqmFXXrX, FFLQMXr(mMX, rXrMLrMqqLFFX),)",1.2935596045459465,no,,,10893,2.2952309520191614
9181,"LLfL(FMLLLL(QCCQXCXLLLLLLXLLLLLMmX), LX)",1.2066881559072173,no,,,10893,2.2952309520191614
9182,"qLL(XLLLXRFqmCXmMmXRLX(RmX), rqfXFFQX, )",1.1256136543922377,no,,,10893,2.2952309520191614
9183,"rLLf(,,, rFLLcX(LfMXfLXCXX, ), X,, )",1.7844725446827396,no,,,10893,2.2952309520191614
9184,"cFFMXM(rLXRQL(, , cX), QXmXLXrLcQcXfLLqX)",1.0297489211889,no,,,10893,2.2952309520191614
9185,"XLF(RMLXcLQXRFLqXLFX(L(qCX, LX, CQX)), cX)",1.0605022883502133,no,,,10893,2.2952309520191614
9186,"L(qfqCXF(LCXF(LqLX)), FXLLXrmMFfMXCLXLLXRqCX)",1.013363754570972,no,,,10893,2.2952309520191614
9187,"LmL(L(CQFQXMCfCLLXRLXR((RQXLX)), qqXRLX))",1.418856989601709,no,,,10893,2.2952309520191614
9188,CL(rcLcccXmfqXLLFLcLXXLLLcXqLX),1.2072595507008057,no,,,10893,2.2952309520191614
9189,"LL(rCmLLX(X),rmMXqcmcX(fLmLXXLfcXmLmLX))",1.1630667692880188,no,,,10893,2.2952309520191614
9190,"cf(rFLLLMQXRcMCLCFmLLXCmmX(LLXLQQXffLqLLX), MLX)",1.328414072041208,no,,,10893,2.2952309520191614
9191,"RcLL( ,  , RcMFmLMXfLLLmFmCCCXrrqqLLqX(XX), LfqX)",1.8798215743893407,no,,,10893,2.2952309520191614
9192,qLLXccQLXXX RclcLXmLqX,1.0600086323483326,no,,,10893,2.2952309520191614
9193,"MCXRRfmcFXXrLLcLccMQX(fLQXcLXrf(qLm(rF((F(FmMX))), )))",0.932738689637121,no,,,10893,2.2952309520191614
9194,"FLLLF(LXLM(RLmqcMFQXmXX(RLQLLfMQcLX)), FLcX)",1.045209099321773,no,,,10893,2.2952309520191614
9195,"LML(, F(q(X)), LXFMXFcFQcLXmXfXFLX(cmLMXLX))",1.1192762995266665,no,,,10893,2.2952309520191614
9196,"(lF(LLXLXMqMXqCLCXLFLXLX), MLmLLX, )",1.2550334913409276,no,,,10893,2.2952309520191614
9197,"m(XrrLQCX, MQXMXXLLFL(LL(rLMLqq(MLffX, XLX))))",0.7824840930490508,no,,,10893,2.2952309520191614
9198,"CLL(fmmX, RRFLXLLfm(f(, MLXLXmcmXLM(X))), )",1.9391136861829517,no,,,10893,2.2952309520191614
9199,"LFL(XQCCCLLXLMXRLLCCXRFXfMXrMcX, , FmX)",1.2007377046134289,no,,,10893,2.2952309520191614
9200,"LLL(MQXRX, cqXMXfLXLL(LFLLXLmQQLXFX, ))",1.0422157849642044,no,,,10893,2.2952309520191614
9201,"LLC(mmX, , ,, RRLCMLLXXLfLLfLLCLXMXcX)",1.3782051850879289,no,,,10893,2.2952309520191614
9202,LccLcXcccffcqmFXffLXFXrcXLLXqLqmX,0.9194973371212461,no,,,10893,2.2952309520191614
9203,"mLLFQf(qqfQX, mQfLXCCLLLCXFQmLQFLQXL(MlXFX), )",1.617824729846258,no,,,10893,2.2952309520191614
9204,"rLqF((LLLXccQFXMXLFXXcMLXLX),)",1.2739306402692423,no,,,10893,2.2952309520191614
9205,"Lf(LLMqqLXccMXLfMLXXCfX, LfX, , )",1.4954239004458074,no,,,10893,2.2952309520191614
9206,RLQCLXFFLLCqLXMXXFCXLXrLMLXrCX,1.3868974955966806,no,,,10893,2.2952309520191614
9207,"L(MFqXLX,fXQcXMFfFXFcXRqmLmXlLXMX)",0.8399836498229651,no,,,10893,2.2952309520191614
9208,"(L(clfmqLXLLXLLcXqqcLX(qMXX), CCLLXLQLX))",1.119592458971728,no,,,10893,2.2952309520191614
9209,"RcLLLXrrFLLfC(,XMfXlXLCLCLXLX)",1.302600387966751,no,,,10893,2.2952309520191614
9210,"LfL(RRLFCXLLLLL(, LFMMXrLqLLMXqLLFFX), RFfX)",1.5249352036740642,no,,,10893,2.2952309520191614
9211,"LL(, QfXLLmXcFmcXXfQX, QX, )",0.9754119525529477,no,,,10893,2.2952309520191614
9212,mLMLXLXcQXLXLLLcQMcLLXcLXccLLLmqXX,1.0871374776487448,no,,,10893,2.2952309520191614
9213,LcXrLfLMXLcQLmXLfXcXLXLLMXMXcQFLX,1.2060906959656492,no,,,10893,2.2952309520191614
9214,"FL(LLLLfLQQXLLLCCXXRRQXLMFfX, X, LLFX)",1.3505879915043735,no,,,10893,2.2952309520191614
9215,"LXLF(L(FL((qXLLXLCXXLLLXRLX), X)))",1.7050157396994703,no,,,10893,2.2952309520191614
9216,"qLL(mMX, cqLMXmcLcLMXrLLLqLXQMM(LqLX))",1.3658305777221051,no,,,10893,2.2952309520191614
9217,"(((QLXfQXlcmXrqLLLXLfFcLLFLXcLLMLXRQX)), FX)",1.1372420743354847,no,,,10893,2.2952309520191614
9218,"LLL(RXfX,FmFqcXLfLXqLFLfcFMLqLLcXqXCfXFX)",1.3000539634803228,no,,,10893,2.2952309520191614
9219,"rMXLLLL(RRfLMXcLLcXXLXCFmX,, XrFLLmX,  XrX CmcccCX)",1.4537831104646377,no,,,10893,2.2952309520191614
9220,"(rffX, XLLLfXLccqXLfXcqXF(LXmQXMLX))",0.9326327027831625,no,,,10893,2.2952309520191614
9221,"FLL(fQFMXCFLXLmXCLQFXLLLXQmLLX, RMLMX, CqX)",1.0621331821756566,no,,,10893,2.2952309520191614
9222,"FLLL(,XR(, lmLX), LqXLrFcccXMMLLMLLXQLLXRMLLX)",1.3601711426693401,no,,,10893,2.2952309520191614
9223,"mLLLL(mqMLqFqCXmQL(RRLqQQLXRLLmLFX,FQmLMLX),FXrCMX)",1.2182222459082557,no,,,10893,2.2952309520191614
9224,"LF(LLMFfXmfXLqLqFXfCmLCCLCXmLX, QX, )",1.0668600101037096,no,,,10893,2.2952309520191614
9225,"L(MQLXXcLfXmLXLcFLLX, LfFcMXXLllLX)",1.0455950731448729,no,,,10893,2.2952309520191614
9226,QLXLXLLLMLQCCX LCXfXqXmXmQMXrLX,1.171322437532913,no,,,10893,2.2952309520191614
9227,"(rLLLFL(XFCCCmX, mX), , FXrrCXXCFLLLLXr(LqX))",1.399591248013364,no,,,10893,2.2952309520191614
9228,"ff(((FMLL(rFLMX, RRMLLcXCCX(LLLfFLXLXcX)))), )",1.69199848099066,no,,,10893,2.2952309520191614
9229,"LLL(ffX,,,FqcXlFFXCXLLCXFFFLLLLLX,rFqX)",1.1870740063985505,no,,,10893,2.2952309520191614
9230,"LfMLf(,L(qXRm(LqLCX), rMcXrlcLXLXLL(rLFLXrLrLFX)))",1.3983700107214951,no,,,10893,2.2952309520191614
9231,"fL(rCmcMLXcX, rMLcLXrMLLcXrLcLXmXX(XQmLqLX))",1.175000120082429,no,,,10893,2.2952309520191614
9232,CML((CLfLLXCLCLCQLQX((LfLLLmCLXXrMX(LLcmLX))))),1.6315861192896182,no,,,10893,2.2952309520191614
9233,M(cLXFLXqqcLcqLXLLFLLcXRQLLLLFLXFX),1.1393906345818174,no,,,10893,2.2952309520191614
9234,"L(rLmcX, XcLcmqcXfFXMMmLXrLcXFXXLLX)",1.0330701412791266,no,,,10893,2.2952309520191614
9235,"(LXrLFX, LLLXRRLLLLcLLLXmLmXFX(cFLLFXmLX))",1.2951651916833409,no,,,10893,2.2952309520191614
9236,"(,LLLLFcXQcXmLLmXLMXXXLXFLXRLLLLcXRLcXcX cX )",1.499140601781044,no,,,10893,2.2952309520191614
9237,"LF(rMLLFXrCXFLXLLXrCm(LmXFX), LXcX)",1.3223266966261906,no,,,10893,2.2952309520191614
9238,"MFL(LMLLQCLXLcXXXLXqcMqmQmQmXL(, LX), QfLXq(fmQX))",1.450545163028193,no,,,10893,2.2952309520191614
9239,"FLQL(m(rCCXqLXXfXMMLCqXLXrMCFLX),, QM(Mm(X)))",1.152340133927422,no,,,10893,2.2952309520191614
9240,"r(MLMFLXqCXCXLLFXL(rmCXrLQQFX), MLXFf(, QX))",1.0373821441592266,no,,,10893,2.2952309520191614
9241,"XfL(qLXFLXLLCLCXLmLFFFXRFfM(q(QMqX)), QX)",1.288222312294025,no,,,10893,2.2952309520191614
9242,"Mmqc(F((rX)), QLccLQMLLLLfX(m(FMlXXMqLX)))",0.6782456913292989,no,,,10893,2.2952309520191614
9243,LcMfFXRMqXLfLmXcLLMQXmfLQcXrMMLcLXLmLXX,1.0979862531448683,no,,,10893,2.2952309520191614
9244,"L(fMXfL(FXMLcX), LmLmXRRFccfXXFmXLmLXmXq(RqcX))",1.0671059669339011,no,,,10893,2.2952309520191614
9245,"L(LFLXRLCFMXmQCLXLCXMQQXrrmXcX, rFX)",1.1782043543205567,no,,,10893,2.2952309520191614
9246,"(RLLFLmmX, rrLXcFcLmXRRRLXLmXLCLCX, )",1.664137795218061,no,,,10893,2.2952309520191614
9247,"L(LLLXmLXFqMCXfLXCFLLFXqmMXrX, FMmQXQLXQMX)",1.0310666922862275,no,,,10893,2.2952309520191614
9248,"LLML(RQFXrLmLCCLLXL(RLQXMQXlX), RLMqLQfQX, , )",1.836821452004234,no,,,10893,2.2952309520191614
9249,"(LfLLXFLXRQCFmX, FXLQQXLLcLXrLcXX)",0.9869175486876491,no,,,10893,2.2952309520191614
9250,RLXLLLLCLCQXqXCXCLLLfXLFMXrFQLmMFqCX,1.1686457553716605,no,,,10893,2.2952309520191614
9251,"(mLLXXXrrCCLXXLMLLMXLXMLXrCLFXRX, RLLLLLFX)",1.352422894941378,no,,,10893,2.2952309520191614
9252,"LX(RRLLLM(XFXmcLLcmXLLXRqX), RmqX)",1.3637279005505838,no,,,10893,2.2952309520191614
9253,"L((LL(RCQXrLCLCXM((Rq((mRRLQLXXQLLLmX)))), mX)))",1.6955370766710653,no,,,10893,2.2952309520191614
9254,"(RLX, CCQLLfMFXfmFLLLXLCQXMLLXLCXXmqX(fX), )",1.1713451282853224,no,,,10893,2.2952309520191614
9255,cfmLLLXrrLcXLLcLXrrLLfLFXrX,1.365349293783389,no,,,10893,2.2952309520191614
9256,"(, fLLLLLMXqLLFqLLccXmcXXXMX)",1.1828703452152254,no,,,10893,2.2952309520191614
9257,"LLFLXLflmLF(RLMX(X,), XRRcXXcLLXRLLmfLX)",1.391298637706213,no,,,10893,2.2952309520191614
9258,"L((RffQMX), rrfLMcLfLLMXcFXLLFLXFLXX)",1.5872983195797628,no,,,10893,2.2952309520191614
9259,RLmmmCLFMLLXrrcCCLLXXCXLLLqqLMXCCFQX,1.2125188342274322,no,,,10893,2.2952309520191614
9260,RLmLLLmLXCCXrrMXCfFXLMXXLLLFX,1.2102567964142412,no,,,10893,2.2952309520191614
9261,"MlLLmXL(f(fFFXmXM(rfCllqXLL(, RCCLXRMQLX, lX))), LX)",1.142611073535996,no,,,10893,2.2952309520191614
9262,"c(qMlX(mLXcLLLLLXLLLMLLXrrfLLX), LLfLXLlLLfXffX)",0.874711934263391,no,,,10893,2.2952309520191614
9263,"LF(, , QMXCXXRM(, FXrF(LLLXX)), LfX)",0.8829432536217492,no,,,10893,2.2952309520191614
9264,"(((L(rML(LXrmLLCXm(FXmLXLXLqLLXLqCCXX))))), LX(RQcQcX))",1.3929480476868363,no,,,10893,2.2952309520191614
9265,"L(LLLQCMqQX, LqLXLXCXLFLmX(QfmXrLLqX))",1.3505494203111443,no,,,10893,2.2952309520191614
9266,"LLFXf(LXLQLXLXcXLXQLXrFFQXRLLLL(CX, mMX), X)",1.8467839137143467,yes,B6,7,10893,2.2952309520191614
9267,"FLFLX(X, FqXLXCXMmLLLXLXR(LLX))",1.5304771308259493,no,,,10893,2.2952309520191614
9268,"LLLXRR(RX, FMXFmL(LfQ(fX), QXrLLXrqmXrFX))",1.7947423059409922,no,,,10893,2.2952309520191614
9269,"FLL(LF(LMXmLCmqXLFFXLm(,LqFXLXRQlCX)), X)",1.1656834944797385,no,,,10893,2.2952309520191614
9270,"LL(RmfmQXLCfCLLLXLfLLfLMXcX, RXRRLLffX)",1.1581111533318464,no,,,10893,2.2952309520191614
9271,rFMLFcXLXCqqmmXmLCXLCXLLXFLLLLCX mLLqfqXrCX,1.0848324704913397,no,,,10893,2.2952309520191614
9272,"LmXLfq(F(, F(FXX(LLMFLCCXLXX)), ), QX)",1.2172931264402305,no,,,10893,2.2952309520191614
9273,"LC(LFF(rrFCcMLCLXCXLLLXrLmX, rqFFXQfLqX), rqMqXLmX)",1.7086603313927227,no,,,10893,2.2952309520191614
9274,XrLLXmQCCmXXFLFLCLXfmXMLXmmQCXmXRLX,0.9441257109365728,no,,,10893,2.2952309520191614
9275,"(LL(FC(rFCLMLMQFQXQLX(L(L(, Q(fLLQLQXLLXrLLX)))))), LCfMX)",1.3287309545907817,no,,,10893,2.2952309520191614
9276,"L(LLQXmFXQCXLXL(CmLXCLXFLXXqQQFCX), )",0.9683868018917654,no,,,10893,2.2952309520191614
9277,"(rLLX, rrMLLLcXLLLccLLX(LmXCLLXrrLCLX))",1.9739258999282208,no,,,10893,2.2952309520191614
9278,"ffL(RFMQCLX(LL(rm(m(, LLLmXrrfLLLFqXLLX)))), LFm(mLfCfX))",1.5451142247893077,no,,,10893,2.2952309520191614
9279,QLXFqMLLCLLfCXqCXMFLLXRFMFFFXLLmX,0.9442211838008295,no,,,10893,2.2952309520191614
9280,"LLFL(RqqX, rrLcXfLfLLLLLLcXLMmLXLmLXRLqfFX)",1.8831132623116043,no,,,10893,2.2952309520191614
9281,"L(R(LqMCXmMFXLXXCCqfLLXLXCXFX), RmX)",1.0193295806843223,no,,,10893,2.2952309520191614
9282,"LQLCLLf(fQXfCLCfLXQXRRmmmXrMLX,FQXLCqmMLXX,)",1.4438774841350046,no,,,10893,2.2952309520191614
9283,"LmLMmL(,M(rmFLFXXqLLCXLLLFLCLXQX, QMLX, ))",1.1308269687047778,no,,,10893,2.2952309520191614
9284,rMLLFFQcqXMMLXLcqMLLLLXcXXXRLRcLLLLX,1.0871092595143128,no,,,10893,2.2952309520191614
9285,M rLLqcfcXRMcqmXfMLXLFXRcLMmXXrLX,1.273411109555878,no,,,10893,2.2952309520191614
9286,"(mLRcX(,, LX), rLcLLcmqXcfLfXLqLLXqLCX)",1.150418883590048,no,,,10893,2.2952309520191614
9287,"L(FLXrmCXqCXMLXfLFFXFFmX, LqX)",1.01356437486017,no,,,10893,2.2952309520191614
9288,"(l(LX LL(rLLMX, rcXqcXrLMLLLMLcX((RLLqLLXCqfmX)))))",1.2433795188518186,no,,,10893,2.2952309520191614
9289,"L(LXmcQcXMXLLLXXXFFcQLXLX, L(X),XX)",1.1867758137431297,no,,,10893,2.2952309520191614
9290,"MLXLm(qMX, RRFLLXXc(XLmLLXLLXRFLqLX))",1.7396072940651461,no,,,10893,2.2952309520191614
9291,"MLXrLLC(LLLMCXMfXrrCLCX(((XqX))), XX, , )",1.0000457722297689,no,,,10893,2.2952309520191614
9292,"RLL(,RMXLLCLLLCXrLMLXXqLF(LLqcX, ), RX)",1.8027048698097223,no,,,10893,2.2952309520191614
9293,LLqFXqXXfLfqCCCCXfLCfMXLmLLCXLQQMMXqmX,1.015006838668254,no,,,10893,2.2952309520191614
9294,"CL(fcLcXfLXXRRMcXfM(cMLMLXmMLXmmLLMXmX), MLQX)",1.0972475316600363,no,,,10893,2.2952309520191614
9295,"(rLMQXcQqqLCffffLFCXXfCLXLmX, mFmLLX)",0.9440345110291751,no,,,10893,2.2952309520191614
9296,FLXRQLFLLCCXrLLCCLMMXRRLLLXrrLmqFLLX,1.3241870369231497,no,,,10893,2.2952309520191614
9297,"mLm(,MML((fLXqLXLF(CXCXLX), qXcFXLXcXCmX)))",1.1780109178998301,no,,,10893,2.2952309520191614
9298,"XLLQLLf(Ccmc((RLlcQX(rrqLLLLLX, ))), X, RX(fLccX))",0.9250557133570997,no,,,10893,2.2952309520191614
9299,"CC(RLqLqcX, rcLLcqfmXRLLLcXLLXrmLfqmqMcXccM(LX))",1.6078628904076395,no,,,10893,2.2952309520191614
9300,"LLLFXf(rMlXLFqFMXLmmL(FLmX(LLXFX), qmLX), m(RqRqfX))",1.3560892536185214,no,,,10893,2.2952309520191614
9301,"FqLL(RLXrLccfcXqcfXLLLmXMq(Mm(rLL(f(, , LlX))), rCfX), )",1.2933925707210974,no,,,10893,2.2952309520191614
9302,LLmFqMfXLXFL(rccLcLLLXLLXLLclXfXLLLLQLFX),1.2825058079971425,no,,,10893,2.2952309520191614
9303,"LFCqL(cXqCmClLXLLMXL(rLX), XFXLLXMqLX, XrXX)",1.7377587518552882,no,,,10893,2.2952309520191614
9304,"LXLFLXfL(LL(M(RXFCQCXFfXXLLLLXL(CMX), FMX)))",1.001149275147319,no,,,10893,2.2952309520191614
9305,XrmLLMqXf(rLLfLccmXcLXfLXmFXLLmLXF(rrfmcfQQX)),1.162842313859084,no,,,10893,2.2952309520191614
9306,"FMMLXL(LXL(rrCCXXFLXLXXFX, ), MLX)",1.8098194397815686,no,,,10893,2.2952309520191614
9307,"mLLL(RLMmMLLCLXFXcQcXFXF(rLLqMXRLLmX), LqXcC(RLLmX))",1.4149284838375569,no,,,10893,2.2952309520191614
9308,"XMXQLFLQmm(LX,RX, M(mMXFclflXqMLLXLLM(LcX)),)",1.1412376322347313,no,,,10893,2.2952309520191614
9309,"L(LXlQL(FMMXcmlXLXLXfLXqcLLFFLcLX, LX), RMFmX)",1.5100410447567905,no,,,10893,2.2952309520191614
9310,"(RRfLmXLLf(LLX, mLmfXRMMcXlLXLcMXFLqLX), mL(LX))",1.4786770680888548,no,,,10893,2.2952309520191614
9311,"fLXLLL(M(LqLX(LfXcLcqqXLLMLXfXcX, )), XQ((FLcFX)))",1.2439493733806546,no,,,10893,2.2952309520191614
9312,"LMcLL(mLX,X,  , RRXLfmfXffLLMcFLLXMXFmMX)",1.4795579501256997,no,,,10893,2.2952309520191614
9313,"(LccFX, RRMMCLLLmXCqXmLXCXLXMmXLLqX)",1.126465110920999,no,,,10893,2.2952309520191614
9314,"mc(RLXrLX, LqfLXmLfLcXLXcLLXqLXLL( MX), )",1.1738803408746208,no,,,10893,2.2952309520191614
9315,"(LmLLXCLqfXLXCLXLXFqffX, LXFFqX)",1.281457597909158,no,,,10893,2.2952309520191614
9316,"fFLmLXLXlL(RMmXRMLLqcXcX,cMQXccfLQLXfFXLX)",1.332710491951191,no,,,10893,2.2952309520191614
9317,LcLMMXqQX  XfQcXMLLXcLXLXLcXrfX,1.0997484446619372,no,,,10893,2.2952309520191614
9318,"LFL(qmLX, rcLLqcXrFqQLLcQLXrrLLLLLMXfq((QmLX)))",1.4055608778452127,no,,,10893,2.2952309520191614
9319,"f(rLMffMmXLLLCXLCQMXmLXCQLXLXqmXRFX, RMfX )",0.9858621677468347,no,,,10893,2.2952309520191614
9320,"LqLLL(,  MqXLccXLLLFLXLXCLQX, fX, )",1.7331251374499808,no,,,10893,2.2952309520191614
9321,RRmMLQXLfLXfCCFLLLFXRXXLmLLmmXLmCMXRFMX,1.1530780235715816,no,,,10893,2.2952309520191614
9322,XLLLCFXRCMLLLQXrfCLfXRmFFXQXQX,1.242555985087581,no,,,10893,2.2952309520191614
9323,"L(qqLX, rCMCLFMcqFMLXRLcmLcLXrXqXmLLmlX,)",1.5351047016658907,no,,,10893,2.2952309520191614
9324,"LccLLm(RcFf(RLqFFX, ,), rLX, qcLXFXcLqXmMXQFXFLFLX)",1.1182688001493215,no,,,10893,2.2952309520191614
9325,"LMLXLm(X, RRFFMfXFLXlFcLXLLLXLXCLLLLcLX)",1.797965830433402,no,,,10893,2.2952309520191614
9326,"LL(R(qLFMX, ), rrMcLcXLcLLMLLXrLLqFMqLLXrLQffMX)",1.4492202088391049,no,,,10893,2.2952309520191614
9327,"(L(LLMLLLXCMLLLMQLMLCfQX(FCXXrXqX)), )",1.1900437555761816,no,,,10893,2.2952309520191614
9328,rLqLFLMLXLcmcQLLXcLLXLMlXMLLLFLFfXqLcmX,1.3241901056896497,no,,,10893,2.2952309520191614
9329,(M(m((LrLqXRLmLFmXLfLccXLLfXFXrcXMLXLLXcqccqqX) )) ),1.2346488622151393,no,,,10893,2.2952309520191614
9330,"mQLLMMXLQ(LmXrL(FQFLX, mCX), rMXmccMMflQLQXccLXLqmFX)",1.114815310547,no,,,10893,2.2952309520191614
9331,rmFCMFmXrFXRFCmLFQLLFCXrCCQCCFXmLXXXRLLLCXRCLX,1.128169107253903,no,,,10893,2.2952309520191614
9332,"cFLc(RfLcXcQXLLXLXcqX,, cLXCMX, LMQXFX)",1.345533849832657,no,,,10893,2.2952309520191614
9333,"LLmLM(, QqLXmMF(rXmCLLL(CXLLLLLLLXFmCqX)), LX)",1.2831494937628647,no,,,10893,2.2952309520191614
9334,"(LLMM(,, QXCCMFMLQXLLLLCLmXXQccX, X), )",1.3484939431433576,no,,,10893,2.2952309520191614
9335,"LL(QQCLLLXCLfLLLXLmCqqXQXccX, QLX)",1.4647163671672807,no,,,10893,2.2952309520191614
9336,"LLL(QXfCXL(RCFLLLCXLFML(XrX)), X,,, )",1.1985262118418936,no,,,10893,2.2952309520191614
9337,"r((X, XLXL(MXq(m(ccXCLFCqLXFfX), XCLLFXXX))))",1.2554552233356693,no,,,10893,2.2952309520191614
9338,"rFFXqXRQLL(XLXccXXRFQLXLLCXCMmFCCX, mX)",1.3919996463061588,no,,,10893,2.2952309520191614
9339,MX LXrccMfLcLqXRLcXrLFLXqfqlXRX,1.2102010399610557,no,,,10893,2.2952309520191614
9340,"RLCLmLMC(,RMfLCXLCXLLLLXfcLXQLqmX,RfX)",1.9547697366037926,no,,,10893,2.2952309520191614
9341,"cXFX(RLLLXcQX,  cQmFLFLXXFLXcLLLXL((qX)))",1.3152514838785525,no,,,10893,2.2952309520191614
9342,"LLXMF(rRmQXX, QLXML(LXLcXMLmXMLMLXF(LX)))",1.4539317596194892,no,,,10893,2.2952309520191614
9343,"rLCQXLLL(, CQXqFX, QmXLMCLCXQLXRRmLLXrqLQX)",1.3430271229911883,no,,,10893,2.2952309520191614
9344,lMLCfmLmLCQXLCmqLXLLXrCCFfFXRmLXFX,1.1676653230719647,no,,,10893,2.2952309520191614
9345,"RLqLXLF(cFX,rMMFcMcXLcLFLXrLXXFX)",1.4365786393130615,no,,,10893,2.2952309520191614
9346,"LLL(LLQCFCFCQFXLFCLXXXRlFX, , rLfqmqLX)",1.4365816289427062,no,,,10893,2.2952309520191614
9347,"XLLF(XQff(rLLX), QcXfMXcfFffXLXXfLqX)",1.0835207635774275,no,,,10893,2.2952309520191614
9348,"(LCCfXQfXXCLXRLmLqXLfQXCmLmLCXQX, )",0.9118511473127684,no,,,10893,2.2952309520191614
9349,"rLLXRmF(XQFXrqMLLcQXX,QXLXLL(mmX,mX, X RfX))",1.2409716616415445,no,,,10893,2.2952309520191614
9350,RcmLXqLLXqLFLcXcXXQXLX,1.043606995824603,no,,,10893,2.2952309520191614
9351,"FL(qmXrMLCCXRXRFFmFLLX, (RqqX, ), LXRMMX, RQfLLXfFfMX)",1.218617255364518,no,,,10893,2.2952309520191614
9352,"Lm(mCX ,,cLXrqLMXmMcXLXLfXrfFFcXL(LXLMMLLX))",1.0156767758264706,no,,,10893,2.2952309520191614
9353,"LLL(rrCLLLfFXfFF(XLQXQ(fXRLLmcX), , MFLQX, ),   fXLqX)",1.6223708051431647,no,,,10893,2.2952309520191614
9354,RmMqLccXrLFLLcFLLcfXcLqXRfLMQLXMQLX,1.2680683578388263,no,,,10893,2.2952309520191614
9355,"((LfLCcLX, LqqLLcXFcLLLcXLmX(, rFQcqXCQcqcqX)), )",1.7112418350278746,no,,,10893,2.2952309520191614
9356,"LMLmq((LLX), FX, , fLfFXFLmLmXF(MFCLLXLLXRLLLFLX))",1.4365606556438257,no,,,10893,2.2952309520191614
9357,RLfLQXL(LXm(mCMfXLCQMXLLXqCXqqQXRLmLmX)),1.19522730225123,no,,,10893,2.2952309520191614
9358,"RLXMXLc(rLqXCLLCCMLXLLX(CX), FXRXLLX)",1.1482176404867244,no,,,10893,2.2952309520191614
9359,"FL(cffX CLF(rrLXLMM(QXLX,  XLLQX), LmX))",1.5562199391009583,no,,,10893,2.2952309520191614
9360,"L(LL(, M(L(Qf(mLfX))), rrXLLcLLLcXRmXLMXRfCCCCCCLX))",1.687551435053737,no,,,10893,2.2952309520191614
9361,"L(mFLLmXLLCFCqXLXXXLLLXCX, X, )",1.2721613598760886,no,,,10893,2.2952309520191614
9362,"mLLL(,rLLX, LLRRLLXLLm(LL(, , RFLLXLLX(XMX))))",2.1197235403803765,no,,,10893,2.2952309520191614
9363,"MLLf(fL(L(cCQCLCQfXCLFXmLLLqLLXXrcLX), ,MX))",1.6794831042318277,no,,,10893,2.2952309520191614
9364,"L(mffLLLLLMXrLLqCFfXfCXRQmXfXrqFX, rMLLLFXlX, )",1.0712871155749146,no,,,10893,2.2952309520191614
9365,"L(LfXQX, qCCcLXLMFLMXLFFcfcXqqXrrMMLXfX)",1.1415849661529076,no,,,10893,2.2952309520191614
9366,"LcmLc(RRLLLCFCXLLFFFFLCXLfMfLXfXcL(LLLX), LF(CX))",1.872804805385411,no,,,10893,2.2952309520191614
9367,"RLLLXLqLLmc(, X,XMcMXLLXrFcfXqLLmXc(X))",1.0483471359971297,no,,,10893,2.2952309520191614
9368,"LL(LXmqFFLmCLXFLXCLLMMXLLfXX, rFFXmFFX)",1.357626995911383,no,,,10893,2.2952309520191614
9369,"LLL(FfLLCQlXLXLCLXfLX(, LLXqLX),  L(RLmX))",1.0808551843453649,no,,,10893,2.2952309520191614
9370,"(QLLXLXMQQcLXfcLMXLcLXLcXLXfCX, )",1.1099960684885641,no,,,10893,2.2952309520191614
9371,LLXrcmcXLfXLFFfqXfcXLXfXmLmfcXqQLfX,0.9648715139691539,no,,,10893,2.2952309520191614
9372,"L(, fCCCLLX, FCFCLRRmLLXLfCXFLXfLXFcX)",1.463783342963708,no,,,10893,2.2952309520191614
9373,"L(MLLX, qcLffXCLLFLXcccXfqMqXrFXLfLX)",1.104166930819202,no,,,10893,2.2952309520191614
9374,"FLLM(FLLFLMCQXfFMcLXmMXL(F(LXLLLcmLX)), LMMfX)",1.0875545146719878,no,,,10893,2.2952309520191614
9375,LmLfCXXCqXFLFXCLCXrMfXRFMMFCMXmX,0.8734393491474645,no,,,10893,2.2952309520191614
9376,LLLLf(rLLQXCMLXLFLLLFFmQFCXCLXLLXmXrLqLCX),1.359338506514671,no,,,10893,2.2952309520191614
9377,XcLcLLLmXlMqlmMXXmLLLXccLLXLLqLXX,0.8648635828438426,no,,,10893,2.2952309520191614
9378,qLcXRcQccLLXmFXXLFXLLLLLX,1.1479071899695945,no,,,10893,2.2952309520191614
9379,RQcXLXLMLXMcccccQLMLMXmLcLXLQXrXRcQLX,1.2226230554517756,no,,,10893,2.2952309520191614
9380,"F(cMLFX,rrcccLLXcMLXfLLfXflmLCXm(LX))",1.8039779503351063,no,,,10893,2.2952309520191614
9381,"LFLXXrL(XmLXqFLCXLCMX(LmXRXqX, ), XrMX)",1.277806109203648,no,,,10893,2.2952309520191614
9382,LqXrLfXLqLLccXMmXcmXLFLmXqmLfLFX,1.1076002518166026,no,,,10893,2.2952309520191614
9383,"(L(fLXCLMLLLLQXRCCXLLLXCMLXcLmLmFX, X))",1.1080919835539964,no,,,10893,2.2952309520191614
9384,"FLLL(fQX, FMmMXQcXFXFmfXLLLcLfXRX)",1.1673719342162847,no,,,10893,2.2952309520191614
9385,"(MLLXLcccqqXLcLffXRFXrXrLcX, )",1.3654947798977302,no,,,10893,2.2952309520191614
9386,"QLCQmLF(mFLXLmLCLCLXLfLQ(RL(LXrLL(RLFmX))), cFLX)",1.4109867662854652,no,,,10893,2.2952309520191614
9387,"QLXfFCLXrqqCXL(QXMXCXLXMX, LfLMX)",1.1586488024695814,no,,,10893,2.2952309520191614
9388,FmqXfLLmLXcLQcLLXfLXlmcXfXRqLXMX,1.263495522544457,no,,,10893,2.2952309520191614
9389,"FLCMC(, XLLqXFXrLLCmLXFLLQMLMLQLqX, mLLXCX)",1.0313458871279844,no,,,10893,2.2952309520191614
9390,"(Lf(LLLLqfqqLXLLcLLLLcLcXRLfLfLLX), rFfX)",0.8531756953602162,no,,,10893,2.2952309520191614
9391,"(LFLXlLXrCLMXqCXXLmLMLfqXmFX, LXLfX)",1.2394896721925233,no,,,10893,2.2952309520191614
9392,"(FLLFFLX, C((qX), QLQFXLFLCXrFLrLLCfXXcqX))",1.2138822109995682,no,,,10893,2.2952309520191614
9393,"L(fCQXLXfCXF(qLLLQXc((LCXM(, RMX)))), LLXMQX)",1.1366568765828569,no,,,10893,2.2952309520191614
9394,"((LLLLQLXCQmXLLLmCLLFXrrrLLLLXLX), mXrLLX)",1.0589821262846084,no,,,10893,2.2952309520191614
9395,"LLLL(RXFX, cqXffMLmXcXXrLLLLLXLQcLX)",1.0352975610982893,no,,,10893,2.2952309520191614
9396,"LLXqL(LXX(FCXLXMM(RFLLXLf(RL(R(rmmmX))))), rLqX)",1.6428861622863002,no,,,10893,2.2952309520191614
9397,"LCqLCq(qFXRXLLLmXFFLX, XLXLMX, mMXXrLX)",1.8395219655247732,no,,,10893,2.2952309520191614
9398,"L(XfFXFlLX, mXfXLQcX(FXLMLLcX(ffLFXRX)))",1.179112757441298,no,,,10893,2.2952309520191614
9399,"LLL(qcfqmfXL(cLLcXL(rLLLXFLLX)), , , , , QX)",1.3780389190438804,no,,,10893,2.2952309520191614
9400,"LLXL(LmMfFQFFmXXccLcFLXmLMLMLqX, MMLmLMmX)",1.1211166666880763,no,,,10893,2.2952309520191614
9401,"(MLQXCXLXCLXQLXRmmLXML(, FX), RqLXLmFX)",1.041753178696416,no,,,10893,2.2952309520191614
9402,"LLm(r(rQmLX), X, L(,rrLMcXcLLLXLLFfXLLXCX))",1.6456669228709142,no,,,10893,2.2952309520191614
9403,"rmLLLCCL(rFFXXLXLLXX,FLXLLX,  rCXMX)",1.7407560626454,no,,,10893,2.2952309520191614
9404,"Lmc(mLcQLXRccFLXLLLqMXXLc(Qf(X)),  RRLX, LLX)",1.3857251438899492,no,,,10893,2.2952309520191614
9405,"mLXXFLL(, rmFXfqqCCXQXr(LLX), qXCX)",1.2219275915254115,no,,,10893,2.2952309520191614
9406,"ML(F(RmLX), XMLLXRRccXLLLFXcFXX)",0.9139238283067062,no,,,10893,2.2952309520191614
9407,lFLQXCLffqLFFXXXmFLLCCqXLMXQLXlFqMCQX,1.1316822701196791,no,,,10893,2.2952309520191614
9408,"LLFLCXRXLL(qLqMrLXCCXLqX, rrFXCXRLLX)",1.3122882698538614,no,,,10893,2.2952309520191614
9409,"mmLC( LcccLc(M((RLQCXrLLCCLXXRQffLLXLQX,, ), rX,)) )",1.435008705412088,no,,,10893,2.2952309520191614
9410,"(LfcXXQcmXFXcLLLLXcQLmXX, LX)",1.0174593930826967,yes,B4,18,10893,2.2952309520191614
9411,"(MLRRmLLXfCCFXqL(rLLqqqXRRMXRccLLX), rQLcLX)",1.6414998526381344,no,,,10893,2.2952309520191614
9412,LXFCXCQXMfMXLXLMCLFFLXRLXLCqX,0.918024286037212,no,,,10893,2.2952309520191614
9413,"((QFLX), CLfL(qFX, rrfmXXXLXLCLXX))",1.4698146006287998,no,,,10893,2.2952309520191614
9414,LmLRRqqLqCXFCCLLXLLXLl(XLmXQLLX),1.0420324379354993,no,,,10893,2.2952309520191614
9415,"F(XLLLMXRLLFL( mXXFcQcMXfLXRLLLX,X) )",1.272865070164642,no,,,10893,2.2952309520191614
9416,LqFLqqLXcLQcQXXcMXFLMXRLLLLLQMX,1.2120494708372354,no,,,10893,2.2952309520191614
9417,"rlcLML(MqFXLLLLm(LLFfXLLLLXrLLqCLX, ),X, )",1.5768111572590067,no,,,10893,2.2952309520191614
9418,"XLL(X, qcqLmLqXcLLcLmLLLXLX(RqCCXRX))",1.408888282149875,no,,,10893,2.2952309520191614
9419,RCfLLLLqXqMccmcXcXLLXFXQFFX,1.2133168052407326,no,,,10893,2.2952309520191614
9420,"LLFL(, (L(((f(fX))), LffX)), LLCXrrCMLXLmFLXXLLFXLXLX)",1.8744665089954258,no,,,10893,2.2952309520191614
9421,"L(rmMFqcLX, CLCXRRLFFLLXCXmFXFLLLMXLcX)",1.2518216270315914,no,,,10893,2.2952309520191614
9422,"MLMLL(LX(mLLFqCXFXX(LLLLLMCMXrX)), rFFMX)",1.2656515350698656,no,,,10893,2.2952309520191614
9423,"(LLcXRX, , , rmqLLmLLXRMLfccXrrLqFLLLXrMLMLXLX)",1.6743330305552562,no,,,10893,2.2952309520191614
9424,CmCmLLXCCQFXXLXCQFCLLmLXlmQLmXMlMLQLX,1.0502437719429714,no,,,10893,2.2952309520191614
9425,LqXL(FFXmqcLLLcLLXLXl(fcFXLmLXqLmX )),1.1562764758835593,no,,,10893,2.2952309520191614
9426,"l(MML(CQXLLXMLfFLCXLXmXfLmX), rqLfXQLfLX)",0.9591286648133232,no,,,10893,2.2952309520191614
9427,"rLLLm(rXLL((LL(QqXLLFLXLLX, LX))), F(FLcX))",1.7609265282206223,no,,,10893,2.2952309520191614
9428,rLMLXrLfLqmmXLmCLqXCLCLLfXCXrXfffXMQXLmLX,1.0875930848363558,no,,,10893,2.2952309520191614
9429,"L(, cLqXMXLF(fLLXX, ), rMqcLMXLcXRQLXMXMCX)",1.4293877619511794,no,,,10893,2.2952309520191614
9430,"F(RLMLXLX, RRMcXLXXLXcLXXX)",1.1541832358382151,no,,,10893,2.2952309520191614
9431,"LLC(XQX, RMfLFQCXrLLLf((RCLXrqFLLXrLmXL(LX))),,)",1.5243603370380012,no,,,10893,2.2952309520191614
9432,"L(F(rrfLfLCXLL(LLFL(fLcFXMLLLLXQL(LCX)), )), rmX)",1.5733696138865811,no,,,10893,2.2952309520191614
9433,"LLML(RCQm(, cX), RRmLLXCLCLXRRLLXXLccMcFX)",1.7462593234259112,no,,,10893,2.2952309520191614
9434,"L(, qLXFLmX, LLLXRRFMCLLcXfcfXLXrXF(RmX))",1.2670620204382064,no,,,10893,2.2952309520191614
9435,"LmX(FCLX,, FFrrCXCXXRX,, )",0.7680503871495973,no,,,10893,2.2952309520191614
9436,"RFML(L(,RmMfQ(QCX), RMFCXCLLLLLfXLLLXLLXX),)",1.8965496131238941,no,,,10893,2.2952309520191614
9437,"rLXQQFL(qqmCXCfXLLXFX,,FXXLX, (LXRcLX))",1.3616792650795495,no,,,10893,2.2952309520191614
9438,"LXm(LMLXqqXM(ML(MCfmXRMLCm(RLmLLX(rFQX)))), L(X))",1.2288232337233673,no,,,10893,2.2952309520191614
9439,"LCXLL(LfX(rrLCCXFLfXLXLXrfFFX), qXRXRLMX)",1.3464268273021915,no,,,10893,2.2952309520191614
9440,"rc(rLXrLc(XLXX), rcfXfXLCmFXCXrLFXfX)",1.113611590290535,no,,,10893,2.2952309520191614
9441,"((LmfqmXXCX(LXQLXRRRLFMqX), mXLcLMMX(qX)))",1.0814720347907794,no,,,10893,2.2952309520191614
9442,"LLXLLLL(RfQLXFLfL(cLXLX, ), XrCX, fmfqcX)",1.1341811356052762,no,,,10893,2.2952309520191614
9443,"c(LLLqXcfqcLLqfXRFLXRfFLLXfLmLX, LLfXfXX)",1.1503279483399558,no,,,10893,2.2952309520191614
9444,"FfLLLLff(FfMmmLX, rrMmcmXfcLXLLMXLLmXCMX)",1.8091500006930965,no,,,10893,2.2952309520191614
9445,LCcQX LmFLLFXLLcLXQLFLLcXLLXcLcLmXqX,1.0854550371858247,no,,,10893,2.2952309520191614
9446,"MLXLFML((, (L(LLM(QFFLX(XLcccXLL(rMLLLX))))), ), RLX)",1.1012096954561237,no,,,10893,2.2952309520191614
9447,"LL(QQQCLfXML(, QLLLXLXLqXLqcLX), FX)",2.0938944829398833,no,,,10893,2.2952309520191614
9448,rFFLXLccLQXmfLXmMmmXLLcLmLXRLqmmMX,1.3416345452942389,no,,,10893,2.2952309520191614
9449,LLLLXRQFCCCXrCLfLLMLLmmMLXLQQQLXLX,1.390783261484733,no,,,10893,2.2952309520191614
9450,MFmqMXLLXrMLLLLccXLcLXmXllMmffXLLLfXcMmmX,1.2711082375147396,no,,,10893,2.2952309520191614
9451,"LLccL((FfXMX), fXLLQXcFfX, RLQXcFLXFLLXrCX)",1.3401636213684662,no,,,10893,2.2952309520191614
9452,"LXRmFMQXLFLfLL(rqXCLCXrLfFXqX, rfLLXRfXrr(LM(lXRqfLX)))",1.524345732867295,no,,,10893,2.2952309520191614
9453,"FLfLXLmLm(q((X)), QMXXcLLcLXLLMXF(qM(FmfX)))",1.3991432508549941,no,,,10893,2.2952309520191614
9454,"MLLXFM(fqFmLXLF(LL(LXCfMFXLLXLCX)), (R(LqqX)))",1.1756850208431098,no,,,10893,2.2952309520191614
9455,"LfL((, (Qm(rLmX))), qqFXLLcccqLLLXRRQLQLLXRQMLLX)",1.4250501364651347,no,,,10893,2.2952309520191614
9456,"RMXfFQXLLmf(QFLLX, LLmXX(ccqQXrLLFfQMQXmMLqXFFX))",1.4529351772548023,no,,,10893,2.2952309520191614
9457,"M(LLLFXMfXlCqFCXMXMMFXLXRLMLCCmXrmffX, )",1.0323876290932557,no,,,10893,2.2952309520191614
9458,"LM(QFCXLXlLCLLLXXRQCLLXfMX, LLffXQMX)",1.1517724989654956,no,,,10893,2.2952309520191614
9459,"LqXFMFL(LC(rLFXCXLMXLLMXMLX, ), rFmFmLX((rX)), LX)",1.4274819810717216,no,,,10893,2.2952309520191614
9460,"MLM(LXrrmFCXXLXLLXmLCXmX, F(XX))",1.3054926278682224,no,,,10893,2.2952309520191614
9461,"(mCLLX, , LcLcqqXLcXRLLLXLXmqX)",1.4969793280010462,no,,,10893,2.2952309520191614
9462,"CLc(, LX, LXQXQFLcccXQLLcX)",0.8985933765031239,no,,,10893,2.2952309520191614
9463,"LL(, XX,rLfqXLLL(LrQXLXlLXfX, RX))",1.9495501181184984,no,,,10893,2.2952309520191614
9464,LFQXLLXmLLCMMCFqXXflXLCMXXrLLLfX,1.275996576460247,no,,,10893,2.2952309520191614
9465,"LLXf(LLXrqXLLQf(, cXMX, mXQmqXFmXrFX),FFX)",1.6790972332821912,no,,,10893,2.2952309520191614
9466,"XLLFL(RLmmXQLQcX, fXRRLLccmmXXLXFMXRLLLLLX)",1.4128596070603805,no,,,10893,2.2952309520191614
9467,"(f(LLMMqLQXm(LqCqLXfCXMXLQFLLLXfLX)), rQMLFX)",1.4123847665976557,no,,,10893,2.2952309520191614
9468,"LLL(MQX(XcMMXFLqX),rcXrcLcXrfqLXrXrrCX)",1.289957747939384,no,,,10893,2.2952309520191614
9469,"(LLqFLX, L(XFmcQX(X(mcMfXXmrqmm(RQqmQX)))))",0.870460983146052,no,,,10893,2.2952309520191614
9470,"FmLL(, c(RQfcXFLLQMLL(LX, c(RCQQQLfXLX)), LX), rLLX)",1.5732607099348042,no,,,10893,2.2952309520191614
9471,"L(FLLLX, mcLCmLCXFCfmQLCQXLMmLCLLXLfXRRmQFQQXrffX)",1.4441102040174105,yes,B5,18,10893,2.2952309520191614
9472,rLXfLXCFQLCXLCmLXRCXLXXLlFX,1.0640524513224634,no,,,10893,2.2952309520191614
9473,"LF(rrMFXCXLlXLXLFFX, , LQXLLX, RXmMLX)",1.4248268955206225,no,,,10893,2.2952309520191614
9474,"mL(LL((Lcc(mLRRCXL(F(LF(fLCCXqLXmQQQQ(M(RRFQXCX))))))), LfQqfX))",1.6179747123860773,no,,,10893,2.2952309520191614
9475,"FCFf(QXLLXRCCLXLLXM(CXLLXLCLX), , , )",1.2387549621029796,no,,,10893,2.2952309520191614
9476,"LF(XRRXLcXLXLfLLXLLFX, qXLMCfX,  FX)",1.7845369209821722,no,,,10893,2.2952309520191614
9477,"(m(LLXfXfCCLqCLqXCLMLFCX(MXLmLX), mQQmFX), )",0.865625295694812,no,,,10893,2.2952309520191614
9478,"L(CLFXLqLXXLLMCLLLXXrrLLLLX, fmXCLXrX)",1.393351432231875,no,,,10893,2.2952309520191614
9479,"LLC(rCLQqFXFXFXLXLLLQ(, rLLX), mX)",1.263203126144319,no,,,10893,2.2952309520191614
9480,"(LRmLqQLLLCXCXLLMXRCQXCLXX, LLXl(X))",1.1881822746370396,no,,,10893,2.2952309520191614
9481,"Lf(FXrcCX(XXrrMCCLXLMLXqX), fXmlLX)",0.9621329139938088,no,,,10893,2.2952309520191614
9482,LXLXqLLCCMXXXLXFLMfXCX,1.0924178008278609,yes,B4,16,10893,2.2952309520191614
9483,"(RLX LF(MX, XFMXcFQXFLcXLXQQmMfcXMX, ))",0.973640888642418,no,,,10893,2.2952309520191614
9484,"mFMmLLX((LqX(MFFXFCXlm(FLmmXLLXqLQLX)), (QLQLRX)))",1.6315996835206243,no,,,10893,2.2952309520191614
9485,rLMMCLXFLLFFXLLLLXCCqLLCqLXXXfQqmX,1.1452475351715272,no,,,10893,2.2952309520191614
9486,"(L(QLLfLQcLLCXCLCLLXfQLXXcmLX), LMLXLX)",1.4538365617915916,no,,,10893,2.2952309520191614
9487,"LXrL(rcCLFLLCXLLLX(LXCLLXLFmmX), LLmXLqFLLFCLX)",1.4867723467585499,no,,,10893,2.2952309520191614
9488,"RLLLLL(LLXLQCmXCFXXRLFLQMfQMX(RLX), LqFXrLqlX)",1.0809448768916148,no,,,10893,2.2952309520191614
9489,"(LLmFXL(QQLLX(LXFX, XXX), QX(cLmQXLmFXLLcQLX)))",1.4176450722786051,no,,,10893,2.2952309520191614
9490,"RFLLFc(LXQXrQX, mXFQLXLLXX,XLQcXmMXLXX)",1.6378339680333094,no,,,10893,2.2952309520191614
9491,"LqqXMLQ(RXLQc(FLmXQcX, LXrCX), X)",1.4796877757402533,no,,,10893,2.2952309520191614
9492,"f(((LLLMXLCmfqXLmmXLCXMFFLXRX)), FLXfX)",1.2891895800261048,no,,,10893,2.2952309520191614
9493,"fmLM(LrLXFfcfXqXFX, RLLcLMXcQXFLmFXLfmfQXCfL(mX))",1.0737350872014675,no,,,10893,2.2952309520191614
9494,"cML(((mLFXCX)), MqcLXLMXLqcLfcLLLXLLQQLXR(LCLLmX))",1.1211075236160295,no,,,10893,2.2952309520191614
9495,"rLL(CmMXqQX, qLLXLLf(LLXrrL(, Qf(FcXrFXqX)), rMM(X)))",1.8864024303777245,no,,,10893,2.2952309520191614
9496,"(CLL(FlqXLXrCLfLCLXLFLX, rLFXrrLqQLCMX, rXFqX), )",1.377558856954491,no,,,10893,2.2952309520191614
9497,"FLLmc(XCfLX, rmLXqLcLXcMXrmXrrFFqXRLMcX)",1.098554875658231,no,,,10893,2.2952309520191614
9498,FL(RQQLLXrCLFCqCLLXLLfXMXlXLfFXLmfqF(FLLmLX)),1.4686990978755727,no,,,10893,2.2952309520191614
9499,"FLM(,RLMLXRcXlLFXLmXRFQMLfXFX, ,LXcX, mX)",1.4195593475888515,no,,,10893,2.2952309520191614
9500,"(XLQLMFXRlXCcqcXMMLLXRR XX, XXmX, )",1.086768513885501,no,,,10893,2.2952309520191614
9501,LLLMXCXLLQCQLfXCXrLLLXfXMX,1.2910292927840807,no,,,10893,2.2952309520191614
9502,"LLmq(qccX, LqLcXcXXFX(cLmXXM(fmX), RLX), X)",1.116582836734523,no,,,10893,2.2952309520191614
9503,"L(LLCL(Mf(M(fMQfXmXcFFcLXL(LLXRLLFLX), LL(mCX))), , ), MqLX)",1.3612699642255655,no,,,10893,2.2952309520191614
9504,"L(MMLXQQXqlcQLXrLcXqX, LmLcX)",1.060534727196583,no,,,10893,2.2952309520191614
9505,mfmLFmXFLXfQCfCXXMXFmFXLMLCXmLQXLLmmX,0.8098146030261825,no,,,10893,2.2952309520191614
9506,"LMLLL(,MQFXfMmLXFcXmmXLFXLX, m(RFXmLX), )",1.2938074774708166,no,,,10893,2.2952309520191614
9507,"LFXFL(LXXMMqLCXLqCXRLXLXCX, CX)",1.207495034781047,no,,,10893,2.2952309520191614
9508,rLFLmcLccXRQfcMLXXLXqFfLXRLqLLX,0.9566462498432047,no,,,10893,2.2952309520191614
9509,"RFLLLLLF(CmXCQCLMFXLLXmCQQXrXX, ffQX )",1.2477572874738951,no,,,10893,2.2952309520191614
9510,"(,F(rLXrFLLXF((LLLXRRmMfcXcXrLXLLmXrmX(X), fX)), ))",1.438613888624155,no,,,10893,2.2952309520191614
9511,"(LLcXMLcFLXRLmMXXQMLcmXXLX((cMX)), X)",1.0871447093819793,no,,,10893,2.2952309520191614
9512,"L(RmQCLLXL(qLCLCLXRQmQQQXXrfLLLX), MQ(MqQFfLLX))",1.6071378083098542,no,,,10893,2.2952309520191614
9513,"LFXLmrFM(mrfCqXQFXLXFLMLCXrqMQLX, LXRCQX)",1.3317836945306385,no,,,10893,2.2952309520191614
9514,"LL(,,RRCXLLCfLXfLLXCXMqLmq(ccX),(,X))",1.670618035903313,yes,B6,11,10893,2.2952309520191614
9515,"FLL(rXRLqLLMCX, FqLXcLXcXqXrrqFMXFX)",1.0962625879618368,no,,,10893,2.2952309520191614
9516,"mqf(LMLX, cqfLLLLLXLLqcMccLX(RFXrLfmCfmXC(L(cX))))",1.7961164359175261,no,,,10893,2.2952309520191614
9517,"LCff(rCLfLXL((, qfXMXLQQlmX)), m(QffMmXL(((LLXL(LX))))))",0.7849881086575267,no,,,10893,2.2952309520191614
9518,RfFqXRlMLLmmmCXfLMXqMXLFCFLCLXLFXXLCLX,1.1146325749948447,no,,,10893,2.2952309520191614
9519,lFLccXLXrLcXrmFcLLXcLqLXrLLLXrffLLX,1.1082157954084826,no,,,10893,2.2952309520191614
9520,"LLXL(fL(qLX, LfFXRRXfLMLLccXLXRFmX))",1.3443261230697414,no,,,10893,2.2952309520191614
9521,"LL((MfX), FLqmXCXfLLMLLXFLXCXLX, , LqX)",1.2823141159236486,no,,,10893,2.2952309520191614
9522,"LFFLqfL(LM(L(rXRccLLXrqLLLFqLXrXLX, )), (, ,  mX))",1.9371012818902036,no,,,10893,2.2952309520191614
9523,"LLCX(Ff(F(rrMMLCLCXCLLXLL(FLfFLMfLXffqCfX)), (qqM(rfX), )), LLLLX)",1.3182988960684703,no,,,10893,2.2952309520191614
9524,"L(ff(LLLXCqXLLLfXLCMXLXFX), LMLFMFXRMX)",1.2988622132049672,no,,,10893,2.2952309520191614
9525,"LmLFXqLLm(, FQLXcQfcFMXXLMLXMXMF(MX), RQXXrqlX)",1.261934132595257,no,,,10893,2.2952309520191614
9526,"m(MLLLLffXLLqcLLqccLXmmcMXmXmQXQmCmX, )",1.2270628154815557,no,,,10893,2.2952309520191614
9527,"L(rLMfQLLLmX, fqfcmXfMfMfXcXLXqcXX)",0.9192029523536847,no,,,10893,2.2952309520191614
9528,rFCLCXmQfcFFcLLcXFLmXcMXLLXfFX,1.255925439725961,no,,,10893,2.2952309520191614
9529,"L((mfQX(QLLCXrLLCXLXRRRXrX)), fLLMFXLf((LLLQLFX)))",1.3406164365911075,no,,,10893,2.2952309520191614
9530,"mXL(XFqLXLLCqXRfCLqLLXfLXQqL(X, ), LLXfcLLX)",1.2042335531347297,no,,,10893,2.2952309520191614
9531,"CCmL(, RRLfCfXLLLCXX(mLXRLLLX, ), rrLLLMX)",1.860522638815065,no,,,10893,2.2952309520191614
9532,"(lLL((, cQXXmLXcLXFmLLX, X), X, XFX))",1.2104152465473683,no,,,10893,2.2952309520191614
9533,"L(F(QMCXRCCCLLXLLffLXrLXX), LX)",1.484229984019678,no,,,10893,2.2952309520191614
9534,"MLL(MMQXFcLX,fMqcXLLLLfXmcMfFMXLXXQQfX)",1.1329276408232958,no,,,10893,2.2952309520191614
9535,"LcL(rLLqMX(L(RcLLXLXqfMqXX)), XX)",1.4446094917704775,no,,,10893,2.2952309520191614
9536,"L(c(RCX), LLXLLLffQXFcXRfLLLFcXFFRmLLmX)",1.2334824556399393,no,,,10893,2.2952309520191614
9537,"LmLfmLmf(RLfQXrFLCCLLfMXRFQXffLXLcX, RQRLFX,  )",1.7262921713602504,no,,,10893,2.2952309520191614
9538,LLL(LFXCfXRLFFqXrmXFLCmXLLXLXRCFX ),1.1213826677238439,no,,,10893,2.2952309520191614
9539,"LLLfccMM(M(, ,  RRXrqLLX, LqmXLMcXfmXQMXF(rLcFCX),) )",1.299399483911109,yes,B5,20,10893,2.2952309520191614
9540,"LCqLL(X, X(M(FmMf((LXCmmCLXLLLXLQLMX, )))), )",1.4767323889083444,no,,,10893,2.2952309520191614
9541,MqXRLcqLMLcXLQQLXcLXMcFLXcLLXcXLXrQMX LX,1.0920916028932333,no,,,10893,2.2952309520191614
9542,MXLLMcfMLMXcFMLcmXcQLXLXMLLmXMcXqX,1.0451121514895219,no,,,10893,2.2952309520191614
9543,M(mQFXLL(mLfXRCFLCLCCFCXLXXXrCqmXRLLLLX)),1.3469221381000769,no,,,10893,2.2952309520191614
9544,mLLLLXLcqccqXmLLLffcXXfQXQqX,1.4778869453716634,no,,,10893,2.2952309520191614
9545,"(LLL(rrFCXXLXLfXLLCXF(LX)), rFLfX((RLMXQCX)))",1.3128813259071415,no,,,10893,2.2952309520191614
9546,"FLmXLLXf(LLXRRFcXcLXMLLXRmQX, RLfqX)",1.108097500236498,no,,,10893,2.2952309520191614
9547,LLmqFLLXLMXLcLfFQcLmfmmXXMXcmLXLXfLX,1.3029392922136338,no,,,10893,2.2952309520191614
9548,"(cMFX, RFclLfX, cqXrcfcXRLLXrmmLqXFFX)",1.0343304483078006,no,,,10893,2.2952309520191614
9549,"mCXrLXL(LcMfqXmXlCCXFLXmLFLXrLFX, )",1.3799477697032554,no,,,10893,2.2952309520191614
9550,"QLLFccL(MXLXmLXrrFLLLcMMcX,XQXX,mffMXXXF((cX)))",1.431734320278953,no,,,10893,2.2952309520191614
9551,"LLcf(c(qX), LfLCXRCCQXCLffLFfLLLX(rLLqqqXLqLLFX))",1.1623761365381469,no,,,10893,2.2952309520191614
9552,LCLXXFXqCqXLLLLCMCXQCmLX,0.9092971022086372,no,,,10893,2.2952309520191614
9553,"RRLXRQLFLLXlfMcXRLcmLXLcXQmX qXF(,MLX)",1.11549271916763,no,,,10893,2.2952309520191614
9554,"MCc(MqQXRmLCXCfXL(RLXLXfFFX), LfXLMmX)",1.1437549744152695,no,,,10893,2.2952309520191614
9555,"mLFXXLFL(rXX, ,RRcXFcLXFfXLL(rFLX))",1.2993402134578182,no,,,10893,2.2952309520191614
9556,"(L((rLLrLXLFf(cFLcLLXrLXfX(LqmLCCCX))), f(LQX), ))",1.7535657974346428,yes,B6,4,10893,2.2952309520191614
9557,fLXrrcLcmLmLmLmXcLLLXLLLfXLX,1.3710445348200766,no,,,10893,2.2952309520191614
9558,"LFfmfL(LLQMMLXQCLmLCXMMLLCXrmXLLccMX, qX,,fmX)",1.2222068402969868,no,,,10893,2.2952309520191614
9559,"Q(LLLXcLXFXLXLXMLX, lLLXLXQF(MqcX), (RLXLcX))",1.496663647271109,no,,,10893,2.2952309520191614
9560,"L(qFLXCLqXRMmCXmLMmLXMX, LLXLmqMQXX(FmX, ))",0.9780944154146289,no,,,10893,2.2952309520191614
9561,"LLXFLFqM(RQMXXLCLcmmLcLcLcX qmX, MLX)",0.9812939857423124,no,,,10893,2.2952309520191614
9562,rLqqqFXcLQLcQLFLLcMFXMXFXLqMmXLFXmX,1.3063084261036984,no,,,10893,2.2952309520191614
9563,"rLL(qCLLXXRLLXMLLXmF(rX, X), MLXXX(fFMCmCLXX))",1.039048051336022,no,,,10893,2.2952309520191614
9564,"LFLXL((QLXFXMcLXLFF((LXLLXLFQmX))), fX)",1.65679636217808,no,,,10893,2.2952309520191614
9565,mXRFCLQLXCLXFcCCLX CFXXLMX,1.0161506975743495,no,,,10893,2.2952309520191614
9566,"mLLMm(RLX, fXccqXLXcqLLFXRMLLLLXX)",1.0158123188795651,no,,,10893,2.2952309520191614
9567,LLmrrLLLMcMXLcMQXFLLcMLLcXFXXLmX,1.0584821391022363,no,,,10893,2.2952309520191614
9568,"l(Lm(L(LXfQL(RXmFRFLFqLccXmXFX))), FLcLXQX)",1.019299672801923,no,,,10893,2.2952309520191614
9569,"FFLLC(, RLQXrLLLLmLfFCCXrXRcLXX, RLLmMX)",1.7842436354583568,no,,,10893,2.2952309520191614
9570,RLFLX LLLCmCqXLXmfMXLLLLLCXRLLLFX,1.4554672558187365,no,,,10893,2.2952309520191614
9571,"LX(QmX(mXMFcXLmXrX(XrFX)), rX)",1.2686329625899335,no,,,10893,2.2952309520191614
9572,"L(MLL(LmLXrrfCCX(XX(LXFX))), FX((X(QLLqX)),,))",1.1377731635263657,no,,,10893,2.2952309520191614
9573,"RcLXLF(QLLmLX, LLMFMLXfQcLXFLXcLXrlQLQX)",1.0755740044403357,no,,,10893,2.2952309520191614
9574,"cL(LL(qqLMXccLLXfLMmFXr(rqXcmFX), LQX, ))",1.5733729953738604,no,,,10893,2.2952309520191614
9575,"FLL(RCMMQfXLFLLL(, LLXrLLLLQXLcXX), fmLX)",1.886324760083175,no,,,10893,2.2952309520191614
9576,"LL(, QXCLXLCCFQLXLLLXRL((fX)), LLLX)",1.1480439404313845,no,,,10893,2.2952309520191614
9577,"LLXrF(rLcLXLcLFLXLXLLLXX,CCmX)",1.5397365656386977,no,,,10893,2.2952309520191614
9578,mLLLLXRRLCLCLXLLCXfLFLFXmFfqLFX,1.3236059788248333,no,,,10893,2.2952309520191614
9579,LLLXCXqLQQCXCLLLLFFQLCQCCXrXmXcX,1.1816146373521041,no,,,10893,2.2952309520191614
9580,"((LFQCMLqLQMXRCMXLLmCLXrmLfmLfXMfX, ), QcLX)",1.19538038657425,no,,,10893,2.2952309520191614
9581,"ML(rFLqLFX, X,((FFLfXQcLcXfXM(XXFXmFXcX))))",0.939415590826179,no,,,10893,2.2952309520191614
9582,"((RLfFMFMCCLmQLLXrCLLLLLXRLQfLLLXrfmX), LX)",1.4197793619152894,no,,,10893,2.2952309520191614
9583,"MLL(,LLLmXCFLLLCFQQXCXXmfqXfqX)",1.1741301192234588,no,,,10893,2.2952309520191614
9584,"MLL(LMX, rrfqqXLqCmLXMfCLXCLLLLXrLfXmLLLX)",1.1700915831808747,no,,,10893,2.2952309520191614
9585,"LLL(CqLMXf(LL(L(mLMXCLLllXLXLLQLLXMMFX, ))), LX)",1.5415678181954937,no,,,10893,2.2952309520191614
9586,fLXLmcccLLqXXLXMMCFXCFFfCXLLLLLX,0.9299462818317233,no,,,10893,2.2952309520191614
9587,"CL(MQCXLLXLCLmLXfQXCXq(fX, ), CXQQ(McmXF(q(qc(RqX)))))",1.1703231643218095,no,,,10893,2.2952309520191614
9588,"LL(LcFX, LcLXRmLFQcXFcFmFLXLMqLMMQLLX)",0.8638079625455579,no,,,10893,2.2952309520191614
9589,"LLLXRCfLCQLXCQLmCQqLmXLMfLXRQLLL(fX, , )",1.3531689106711178,no,,,10893,2.2952309520191614
9590,"RLXL(rqXFXf(RCCLmXrLmMMLLXX), LXCX)",1.3821183906604346,no,,,10893,2.2952309520191614
9591,"LLLL(mqXXfmfmCFFXF(FmXRLmMMXFLLX), q(X), )",1.4453547262619635,yes,B5,8,10893,2.2952309520191614
9592,"LFcCLMLL((RRLCXfLLLLCXLfmXX(c(LfFX))), X)",1.7880049396740982,no,,,10893,2.2952309520191614
9593,"LLL(LLLLFMqXLLLFXcXcXQmXMqLX, f(rLLLX))",0.8199427560227311,no,,,10893,2.2952309520191614
9594,"MLLL(MFQFXMLLXcmXLFXLLFLXLX,,cFmXFX,L(LX))",1.6097932158049597,no,,,10893,2.2952309520191614
9595,"LLL(CQCXfLXRMCCMMXFL(LLLLmX(rcLLLX)), LX)",1.114344996937514,no,,,10893,2.2952309520191614
9596,"CLmqXLXcL(rLLXLXF(LMfcX(fXRXFXXX)), cLmXqXcX)",1.245089699102836,no,,,10893,2.2952309520191614
9597,"CM(LXRLQQXmCfX, (QMXLXFLLLLCXLQXrLrLX))",0.875301042051001,no,,,10893,2.2952309520191614
9598,"L(, qX,LQfXFLLLXLCXCXLqXRmfLX,)",0.9897341786998675,no,,,10893,2.2952309520191614
9599,FmX MLFXRQCCXLLLCFXrMLfMqqXX,1.032465636373064,no,,,10893,2.2952309520191614
9600,"MLm(cfQCXLXCLLLLQCfLXqqMLXrrlXL(LX), QXfL(QLX))",1.240160130055866,no,,,10893,2.2952309520191614
9601,"((FFLCXQLLLCLQXCLXLmXCfLmXmXlmqXMFFLX), )",1.1918613087948222,no,,,10893,2.2952309520191614
9602,"LLL(CqXLfLXLXQmL(, FXLqLX), rmLXLCMqX)",1.2200130122812545,no,,,10893,2.2952309520191614
9603,"RFL(Rmcc(rqcLLLX, CFXrlXX, XXmXLfXLFX), LQXFX)",1.565211621848777,no,,,10893,2.2952309520191614
9604,"(Lm(m(mXMLLXqLCXLLLmCXrCFLCLXRQqrLfX)), LLLLLX)",1.0823901636153497,no,,,10893,2.2952309520191614
9605,"((MMLFmFqmLfLfLqLXccXrLLLLmmLXLQLLFLLX), r(R(LFX)))",1.202702183712025,no,,,10893,2.2952309520191614
9606,"(RRmLCmMLLXCLMFLLFMLLXXMqLLLXMX, LfLX)",1.7381116839123656,no,,,10893,2.2952309520191614
9607,LLRccLqXLfLqXmcMXLLLLXmcXXX(LLX),1.2613299577100516,no,,,10893,2.2952309520191614
9608,"ccL(m(QMX, ), LX, rLLccMXrfLXrLLLLmfcXrq(RFfLLLXLX))",1.2187079131360272,no,,,10893,2.2952309520191614
9609,"CL(mCML(CLLqqFXLfLXFfmMMLQLXrrLCMCLMX), qqQX)",1.0617379609739457,no,,,10893,2.2952309520191614
9610,"LXM(RCLXQLX, mmCqXXLXLCLXRFXX,)",1.1254304295888304,no,,,10893,2.2952309520191614
9611,rMLccXrmFcLLLcMQqXcLXFLXXmLMX,1.186892921671888,no,,,10893,2.2952309520191614
9612,"(LL(M(XLXcQcXXMXXLLLLX(cXfLX), LX), ), rrX(CX),)",1.308675921656077,no,,,10893,2.2952309520191614
9613,"(LLLXmXLLLLCXrrfCLmLmFCXLXm(FLXRMLXLQX), f((X)))",1.1227514287422518,no,,,10893,2.2952309520191614
9614,"(, mLFLLFXLLMLXF(mmqFXCXMXLLCqXCLCX), )",1.0663027502395084,no,,,10893,2.2952309520191614
9615,"L(L((LMRLLfCXRLXCQXLXffLLXCXmLXFfX), , ), rmX)",1.0832703111058508,no,,,10893,2.2952309520191614
9616,"LLLMLXL(rrMLmmLmCXLX(mLLXL(CLLX(L(QMLLX)))), ,RfFX)",1.6598568839522654,no,,,10893,2.2952309520191614
9617,LMLfXMcLXrXcqLcLLXfLLmXfcXLXfmFmmCX,1.092587243543438,no,,,10893,2.2952309520191614
9618,"XLF(rXCX, LXfX, rrFCfXfmLFC(LXMLLmXRQX))",1.4471032855409744,no,,,10893,2.2952309520191614
9619,"L(rrLMLCmXlFXXfF(LLLX(CXX)), (RLlLLX))",1.1225999596012044,no,,,10893,2.2952309520191614
9620,rFQLLLXrmcMXRXXRLMccLfcLXXLXccqXLX,1.044005650438277,no,,,10893,2.2952309520191614
9621,Rmqc(FmqmQlLCLLXCQLCFXLMXFLLLCXMmfLL(rFXFfXFCX)),1.341236295305654,no,,,10893,2.2952309520191614
9622,"L(LL(FF((RLLXQLMCXCLFXRLLLLMXcQqffX), RLMcX), , RRmX))",1.0931149995624891,no,,,10893,2.2952309520191614
9623,"(M(mL(LL(LFX, QQfqX),rrFmLLCCXLfLLCXXqX)), LXmX)",1.2534681088086772,no,,,10893,2.2952309520191614
9624,"LLL(cLq(r(LX, )), QMcXFfXLLXm(LLmmLXLX, ), MFCfcLX)",1.533669988470464,no,,,10893,2.2952309520191614
9625,"f(fXCqF(LXMXF(LXLfmLCXFLX), rLLFmmmX))",1.262855845515747,no,,,10893,2.2952309520191614
9626,rrFLLXmLLLLCXLLLXRRMLmCCMXCXLmX,1.194264591955884,no,,,10893,2.2952309520191614
9627,"LLL(RcqLLQXmXLXLLLcXX, fX, RrqX)",1.385634365130445,no,,,10893,2.2952309520191614
9628,"(((RRRLMmLLLXRLFCCmLLXRLCXLXXXX)), , )",1.2031138016534444,no,,,10893,2.2952309520191614
9629,"FX(FLmLXLMXcQLfcXXXLfLXFcXLFFXX, MLqLLqLLX)",1.1027794772721125,no,,,10893,2.2952309520191614
9630,RLlLLQFXRLCqqFFXLCLXfFCXmXXLX,1.0929324838692698,no,,,10893,2.2952309520191614
9631,"rLLLMXLLQLF(LLXFcXcLmmFcXLqLLLqFCLQcX, rmLMLX)",1.301074774542339,no,,,10893,2.2952309520191614
9632,"Lllmc((rCF(Lcf(rX)), (mLLXFXQcQLcMLLXLXrLXLLXQLLMQLMX)))",1.078458556660857,no,,,10893,2.2952309520191614
9633,"qmcL(, , X, rLLXRFLLLcLXLLXm(rrcLXc(McQ(cMQX))))",1.633183162722348,no,,,10893,2.2952309520191614
9634,"XmL(mLLqXCXmXLfFXLLmXCX, RXCX)",1.309503421354183,no,,,10893,2.2952309520191614
9635,"q(, RRLQX, FLqLLXMccXFmXm(RRQMmXLX))",1.2107640182981634,no,,,10893,2.2952309520191614
9636,"FLmC(X,RLCCXQXCLLLLMXRRLLXrLX, RCX)",1.1618360646316512,no,,,10893,2.2952309520191614
9637,"LL(FLLLm(rX, qMLCLcXFLLcMLXcfLXqX(cXXcL((, FX)))), qLX)",1.1348667751791413,no,,,10893,2.2952309520191614
9638,cLLLLmcmXcXqXLLXqcLLLcXrLLFfLLXLqfX,1.025706232358631,no,,,10893,2.2952309520191614
9639,QXLFXLCCCQmLLXLXLXFLqfXrQLmfFLXfCX,1.2437340052989632,no,,,10893,2.2952309520191614
9640,"LLM(LmX, qXcQQX,cLQcXLXfXXfMLFXf(cLLX))",1.436174178131419,no,,,10893,2.2952309520191614
9641,"L(LCLLLQCQXCXrLLLMXFXQqFcX, , QLX, )",1.5385311295154827,no,,,10893,2.2952309520191614
9642,"LLLQ(FXLL(QX, rXLfLmmMXFQLLmX), cfLQMcQfMXXrfLLLmXFQLX)",1.5001592874374432,no,,,10893,2.2952309520191614
9643,"LcL(R(qX), LXqqLLfccqXcLLfLXqXLqLCXrLqLX)",1.5416130229389184,yes,B6,14,10893,2.2952309520191614
9644,"LFfXqcLCfLXLL(XX, rFX(CCXmLLLLXRFX))",1.174769531900516,no,,,10893,2.2952309520191614
9645,"(,f(CQXLLLLXCXXLXqlLLqX, RLLLX(rqfqQX)),)",1.038562989844922,no,,,10893,2.2952309520191614
9646,"FfL(, FMLX(rLqXLL(mMmLqX, , rFFLXLLX)), MfmX)",1.2762975759927249,no,,,10893,2.2952309520191614
9647,"mFL(CmXm(rLcX), MLFXQMXlXLcmXXrLLLXL(QX))",1.558626555005243,no,,,10893,2.2952309520191614
9648,"L(L(rmLX), LLQCFcXfLXclXLFLMXrLfLX)",1.2875246123818367,no,,,10893,2.2952309520191614
9649,FXcqqcLLXLLcMXLXmcfXXRXRRLLLX,1.2949832780288582,no,,,10893,2.2952309520191614
9650,LCMmLMQXfLfXFLLMLmCXRmCCXXmLfXrFX CX,0.9966105724045689,no,,,10893,2.2952309520191614
9651,"L(RmcLCQLXMCLLMLCXLXMfMq(L(cQLXL(fcX))), rLLXcX)",1.6531140369291173,no,,,10893,2.2952309520191614
9652,CLXRRMLFFCCXmLLMLLLCMXLMMLLLXMfX,1.3761665520695852,no,,,10893,2.2952309520191614
9653,"mXmL(RXM(cX), qLcXLcFXLLmLXcXrqXL((FMfX)))",1.0458512376943034,no,,,10893,2.2952309520191614
9654,"C(qFmLXL(LX), qLL(MqXFLX), , RRXLLLLLLcccX(L(RLQqX)))",1.4053675092431086,no,,,10893,2.2952309520191614
9655,"LfmL(rf(X), rrMcLXcLLXL(LLmLmXQFQLLmXlX))",1.844331790378525,no,,,10893,2.2952309520191614
9656,"FLLLMF(LXrqCXLLX(m(FFfQCLLX(LLmLLFX))), FFXrLX)",1.025933989408161,no,,,10893,2.2952309520191614
9657,rLLFX RmccfFLXMmLXRfcXrLMMFLFqQmQfXrFcfLFX,1.2264388526840462,no,,,10893,2.2952309520191614
9658,"(, (LLfCfX), FXrLXmCLLXLqCXLXXrLLCXX)",0.9983889469310783,no,,,10893,2.2952309520191614
9659,"qCCLL(MMXLXMXXRQQMX, ,  qmXMXLmmFX, LXrLCmLXqLLX)",1.6659858239117173,no,,,10893,2.2952309520191614
9660,"L(RRLCX(CXLLLLMfLX(LLMfXcfLQcqX)), (rLX))",1.708673332554747,no,,,10893,2.2952309520191614
9661,LLLXrLqLXrMCFCFmFXXLCLXrCFLLLCXmMMfqLXMX,1.1080895163678903,yes,B4,1,10893,2.2952309520191614
9662,"Cm(, RLMLLLXFL(RXfl(rLXLLLX,, ,lLX), MQFX X), QLX)",1.2553928024352103,no,,,10893,2.2952309520191614
9663,"(LL(XQcXLffLXLXL(cLFfLFFLXqX), R(QX), r(X)) )",1.2351234645349658,no,,,10893,2.2952309520191614
9664,"(MLLLLmQQCmXLCFLCLXQLQQLMQLQXLX, LL fLLLX)",1.3690529903709714,no,,,10893,2.2952309520191614
9665,CXFQmLXCqLXLFmLLmXFCMCLqLXLXRFLLLX,1.0757367577164387,no,,,10893,2.2952309520191614
9666,qLLLXLqXLMLccFQXXMXRfFLmcLXfqLfXrX,1.1703637208473399,no,,,10893,2.2952309520191614
9667,"LL(M(L(LLLX)), QXfLXCCLXLL(QLXQ(RFQfXrmX)), )",1.3964267949862503,no,,,10893,2.2952309520191614
9668,"L(LqXl(q(LqCLqX)), LrFLLLcXccqXLLqfLXqXrfcX)",1.3327993048835776,no,,,10893,2.2952309520191614
9669,"RLLL((CFFQLXQCqfLCXLLLMX(m(FqL((FXMcQX),, )))), LX)",1.8028188072755595,no,,,10893,2.2952309520191614
9670,LL(LXcLLfXLXFmmmXRRmcXRLqLcXRFmfLmX(LXX)),1.0311660544256704,no,,,10893,2.2952309520191614
9671,"L(rLFLLXcX, LcMLLLLqqXmLcLcLXrLLMXrqMXFX)",1.534109987836836,no,,,10893,2.2952309520191614
9672,"f(rLcfFQCLXRfCCLXCLLLLXFLXFFXmXrMLLX, )",1.2781637209464558,no,,,10893,2.2952309520191614
9673,"LfF(FLqFFXFmfLCXLXLmXCLXqLFLmX, LXmX)",1.3453079855665233,no,,,10893,2.2952309520191614
9674,"LCXXLcML(QQLcFXcLLccXLFfX,, qX,F(RMX),)",1.1985369464511366,no,,,10893,2.2952309520191614
9675,"CF(LmX, FQCXLLLLXFFLQCXXXCQQX(((rqqQmFX))))",0.8353830417374937,no,,,10893,2.2952309520191614
9676,"C(mLLLXrrmMLLcXML(LmLXLLLXX, ),, cMfLLX)",1.2649911096427624,no,,,10893,2.2952309520191614
9677,"LcL(rmLmmmqMXrcLcLLQXmLqLXCQXX, qX,)",1.7047219634531372,no,,,10893,2.2952309520191614
9678,qFLQLXRRfMLXQFLLCCLXLXFCLXLLXfLX,1.1910548666279193,no,,,10893,2.2952309520191614
9679,"LL(mmLFX, rrMLcXmLLcFFLXLLfLLXfLQXFfqX)",1.871353793043213,no,,,10893,2.2952309520191614
9680,"CLCF(q(X), (LqXMXLLmfXmLLXCFLXfLX), LXXCF(X))",1.3894465804577874,no,,,10893,2.2952309520191614
9681,"rLCL(, rCmXmFmXLXLXCfXrrLMQX, fXLFX)",1.208066291555284,no,,,10893,2.2952309520191614
9682,rXrLLCmLCLMXLffQXMLFCXRmfLLLCXMXfXMCLfLLX,1.2179152786785223,no,,,10893,2.2952309520191614
9683,"LL(LMX,fXRRFFcMXlXMMLXLmLLXLcfXq(QX))",1.418537073740668,no,,,10893,2.2952309520191614
9684,"CLfLL(CFFQXLXCLLmXFmLXQFCXCX,  rrMLLmXfFX)",1.219884889834576,no,,,10893,2.2952309520191614
9685,"FLL(qX(m(mFXcMcXLLXrrCcXrX)), L(LX),  , )",1.0000404589018463,no,,,10893,2.2952309520191614
9686,"LLC((LCQFCQmXLCCFLXRQLQLMQX(QXmLfQLX), rqLCX))",1.8120420610607002,no,,,10893,2.2952309520191614
9687,"LF(cLX, LMF(RXRLFX, RRcXLlfXLfXcLFFLLXRX))",1.20194413461756,no,,,10893,2.2952309520191614
9688,"MCFLCLLL(mqXXXLLLXXCLqXX,FXmX, QX)",1.3794311209577814,no,,,10893,2.2952309520191614
9689,"FLMLcMXFF(QFmLmL(mQXLfLfmcccLX(LLLX), FLmLFMMX), RLLX)",1.2274170618714972,no,,,10893,2.2952309520191614
9690,"fLLF(LqXCMXrLCLLXMFqfX, (FXmLCFLX), (rXfQLX))",1.149297548839227,no,,,10893,2.2952309520191614
9691,"Lf(FqXXcLLLMLfLmffcLXL(FLXqqqqqcXL(f(F(mX)), )), fFX,cX)",1.1259322877441127,no,,,10893,2.2952309520191614
9692,"LFmMLL(XfXFFlXm(CqmMqXCCmLLXQLLLfX,, , , ), QLcX)",1.184093067381406,no,,,10893,2.2952309520191614
9693,"FLLF(rLLmXQc(RCMX), XcLQXLMLLXFfcFXLLXrX)",1.2465074939129568,no,,,10893,2.2952309520191614
9694,"cXRMLL(LXLCqXMX, LfXcQmXXLLfqMX(mXmmcFX))",1.2126643174678637,no,,,10893,2.2952309520191614
9695,"MLL(, LqmMFLX, , mX, ,,,rLFmLXCCCqfXLqXMX,,rFLX)",1.1842437069895067,no,,,10893,2.2952309520191614
9696,"XRLLLL(c(ccccXQLLXMLXFMXfqFXX, LQX), FLXrfMFcXRX)",1.422484604847619,no,,,10893,2.2952309520191614
9697,"LCLF(cfXRMccXRLmXFXLcXQX,qMQLCXRRRFX)",1.0136914462744346,no,,,10893,2.2952309520191614
9698,XrLLLFXFffFcfLcLmXRLLmXFXcRXLXfLX,1.0744706563390305,no,,,10893,2.2952309520191614
9699,XmMLLqLFmXRcFcLLmmQXXLfLXLMXLFXRLcX,1.1531613189937961,no,,,10893,2.2952309520191614
9700,"RL(,MXRLXXcXLFXLXFLLLX,X(L(RFQXrrLLCQCmX(mmX))))",1.5576946663148743,no,,,10893,2.2952309520191614
9701,"LL(qLXFX, lqlFmXXLXLLmL(LFQFXrX, LCLX), rQCMX)",1.070602538066028,no,,,10893,2.2952309520191614
9702,"lLLqLCCLqFFC(CLFX(X(mLmLX)), F(LXfXrX),CCCCXLXqLX)",1.6298023076936556,no,,,10893,2.2952309520191614
9703,"LLfQ(LLfCXCqMFQXLXMLLQQXQrq(CfrrCLqX), (XLLLLcX))",1.2922204246071574,no,,,10893,2.2952309520191614
9704,QMFmXqLLLLqCCXMLLLXCLfXLQX,1.00850820108493,no,,,10893,2.2952309520191614
9705,"LMLLL(FMLQXFFL(cXFLXXLLLX(cLMX)), RFX((rm(RmQcLX))), rX)",1.609179411251109,no,,,10893,2.2952309520191614
9706,"RLLXqLL(cccLCLXCCqCLqCXXF(RX), LXRmLLXFF(MQMQfX))",1.426732809497713,no,,,10893,2.2952309520191614
9707,"RFfLXQLfCFLLXCLXXfMMCQXLLLFLFqXL(qCQmX, , mcmMLX)",1.1900570832637152,no,,,10893,2.2952309520191614
9708,"Lf(rFmX, , qQfXmLLXcffcmQMXLFMXLLXrccFLLX)",1.3749239066488426,no,,,10893,2.2952309520191614
9709,McLLXRCmCCLQCLFLLXrLCLMLXfQLXlfXRCCFX,1.4606205856377523,no,,,10893,2.2952309520191614
9710,"FLmLXLXrL(XCqXCFFLFLLfXRLX, , RLmMX)",1.2426250337101346,no,,,10893,2.2952309520191614
9711,"LmLf(cfX, rMFcmFcqXRMLLLMMcXrLmqXrFqXf(X))",1.7897186036511847,no,,,10893,2.2952309520191614
9712,"LF(LMfFcLFLCXfMLXrLLqCXfFCMfm(FLLXLXQX), X)",0.8614853311479025,no,,,10893,2.2952309520191614
9713,"LLXqLLL(rrX,XmXLCLccLLFXLLXLLcLXqmFX)",1.1747452115576886,no,,,10893,2.2952309520191614
9714,"(FLfLXrfLccLmMLcqcXLfXQmLLLLXqLLX, (q(, ,RcX)))",0.9563204285425191,no,,,10893,2.2952309520191614
9715,RLfmXLmFLXrcLLFXrMmccXrcXrrLFXRRLQQXfX,1.08778345285898,no,,,10893,2.2952309520191614
9716,"LLm(MfLMXrFX, , ccMQXFFLLXLXMmL(LXcLXRLLMLLQX))",1.4415657873551846,no,,,10893,2.2952309520191614
9717,"L(rMMcfLLX, rlcmcLqLXmLRMLLLcXrrXXCMfLX, )",1.7092250491688057,no,,,10893,2.2952309520191614
9718,LMXLCXCLQfRLCXrCLLXQLXXX,1.2682746029571332,no,,,10893,2.2952309520191614
9719,"L(LL(RLLLXQCCXL(LLLLCX(mXm(mm(qLfXqCLFX)))), fC(cm(fqLX))))",1.0967455529931895,no,,,10893,2.2952309520191614
9720,"L(rX, FQLXLmXCCMLXRMFLLQXrLQQXrcmX, MX)",1.3008978256536758,no,,,10893,2.2952309520191614
9721,LMFXCMqCLLXLXLMfXCXLX,1.1818351927539852,no,,,10893,2.2952309520191614
9722,"(, LLLXLLLMMqXMML(rXL(CCXFLX(LLXLmmLX)), LFFMCX, , MX))",1.4126629217831637,no,,,10893,2.2952309520191614
9723,"FLX(FFFqLMXLXCXLXLXL(CX, LMcMX), rLLX)",1.5383942242142483,no,,,10893,2.2952309520191614
9724,"(MfLmFLFCQXLXCLXLXLXQlX, FLXRFLX)",0.9385283983942576,no,,,10893,2.2952309520191614
9725,XrcLMmLL(LX(qcXLXcLLX(fXLLXLX))),1.158144082550056,no,,,10893,2.2952309520191614
9726,"FLXLXMLMm(RXRLL(Rqq(F(LX)), LfXLfX), cLQQX(cXflLqXFX))",1.4571066142935782,no,,,10893,2.2952309520191614
9727,"LLLXrLq(LLXmmLCF(cLXrqXLLFX, RX), QQX)",1.4989170729559858,no,,,10893,2.2952309520191614
9728,"C(((CCmFLLLcXrLccLqcXRLLLLLcmXqqLLXLX, ,  ), ), )",1.3777462711038562,no,,,10893,2.2952309520191614
9729,fLLLXQMLLCCCQFQCmXCXfXrrfQfLFLcQXMQX,1.4829998601831476,no,,,10893,2.2952309520191614
9730,"cL(, FQXLmfXLXccLLLMLMXrfLqX, cFX(mFMX))",1.119641999862787,no,,,10893,2.2952309520191614
9731,"ccLccXLLf(,qqFLfXrMcQX(qXMqXX X), rQX,  )",1.2365070559455351,no,,,10893,2.2952309520191614
9732,"LLL(RXLmX, rFLLXL(rmLLcLXcLfmLXQmXRLQCQXLFX), X)",1.248341165729716,no,,,10893,2.2952309520191614
9733,LMLXCLXCLLLCLLQQXCfLLfXXRMMqLXcX,1.3471063877873515,no,,,10893,2.2952309520191614
9734,"LXLFFm(LFrLXFXqCCXXLLLLLLX, RMQqX)",1.2438861703676425,no,,,10893,2.2952309520191614
9735,"(RRmFccXXLXrXLQX, rFXFXLFLX, LMMXLFFX)",1.3027950622625328,no,,,10893,2.2952309520191614
9736,"LLXLXmLLm(RXRMMcMQlMXrrLMmLLFXLFLmcXLfX, LX)",1.3480898571492501,no,,,10893,2.2952309520191614
9737,qLXLfFXFQqccXLLLMXmMXcXMXrQlqLLLmXLccX,1.1512812453867614,no,,,10893,2.2952309520191614
9738,"LL(RLX, RRLmMLcLXLLXL(LMLXFcXfqX))",1.030021335519283,no,,,10893,2.2952309520191614
9739,"FLcf(rMmqXLLL(RLXLL(mqLQXLmCX), ), RRRcMFQQX)",1.5240097044510925,no,,,10893,2.2952309520191614
9740,"rCLLfMXfLmML(RcLmMQX(QQX,,QFqLXXX), )",1.6911799404366796,no,,,10893,2.2952309520191614
9741,"RCCML(CCFLMMXRXQ(mCXXX), RLLXCMLfCLmqLCXLQXrqcX)",1.2437533566716568,no,,,10893,2.2952309520191614
9742,QQCCLCCCLfXLMLfCLXLXfMMFCFFfXrLFmXRLLLMX,1.4636825024021747,no,,,10893,2.2952309520191614
9743,"LLL(MCQmfX, RRFXLLMLLFCCXLLfXfX((rfcqffcqX)))",1.694889302945451,no,,,10893,2.2952309520191614
9744,"L(MFLLLqcLX, rrmLLccLccccXLmXLFLXL((MXX)))",1.7311410656373345,no,,,10893,2.2952309520191614
9745,"LfX(rF(LmX), XXRRMflfcfXflXFLLLcXCLcX)",1.1531363478747538,no,,,10893,2.2952309520191614
9746,"LLLc(RXf(M(FrCLCqLXMXFMLfXQQCLLLXqLLX)), qFqXLfLMLLX)",1.1750264281065665,no,,,10893,2.2952309520191614
9747,XFfXLCLCmqXXXfLX XFmqLCX,1.0137164433052503,no,,,10893,2.2952309520191614
9748,"L(LqLXLLXLLfffLLcXLLcfXfXX, LLLLqLcmX)",1.2000716181424143,no,,,10893,2.2952309520191614
9749,"(FX, LLLLLfXcFcqXXXfXcLLfmXqXqX)",0.8556281166046394,no,,,10893,2.2952309520191614
9750,"LFXL(RLXL(L(, RmmcXLcLQXXFqX), RXFQXqLqX), X)",1.3989464933900342,no,,,10893,2.2952309520191614
9751,"q((LLXmX),cXLLXffcfXmXMLFXFMX)",0.9570169807143795,no,,,10893,2.2952309520191614
9752,"MlLLLFLcXL(rMLQX, RmQXXMLmLcqLXLLmXrLcfLLFX)",1.562170223607441,no,,,10893,2.2952309520191614
9753,(FfFLLMXFLXmcQFLcXmXLLLLXcLXqXQX ),1.2019391475376262,no,,,10893,2.2952309520191614
9754,"cXmFL(, QLLXLXcMXFLXqFLX, fMX )",1.2866492545144388,no,,,10893,2.2952309520191614
9755,"LXrLCLqCLC(mXXRLX, XFFXqX, , LXLLCmXmLLX)",1.6474302631100437,no,,,10893,2.2952309520191614
9756,"XMXLL(FX,FqXm(qMCCXFLLLQXX), qFXX)",1.0110076864655682,no,,,10893,2.2952309520191614
9757,"CL(MLcX,rMCFLLXqCXLLXLX, LMXXRCmmLLqX)",1.3311249154881506,no,,,10893,2.2952309520191614
9758,"(Lc(, LFmX, cLLLLLMqqcXfLLLcXLLLLLXmLX) )",1.3569039558377223,no,,,10893,2.2952309520191614
9759,"L(LX, LLQXfFXlFcXLXrLLXLX, )",1.462904832512399,no,,,10893,2.2952309520191614
9760,"(Lf(lLLLmLffXLMQLCLFCQFLX(CLXXrrqXM(LmLLX)), RQFX), )",1.2437651740401119,no,,,10893,2.2952309520191614
9761,"qLLFF(XMXLL(, XX), XXRX, fCCLCqFXMXRLXM(LLMXX))",1.6056783874548217,no,,,10893,2.2952309520191614
9762,"LXL(RmMLLLXCCQXfLLLfLmXFCXRQXRLMCLqCLCLX, mX,, )",1.205891963384565,no,,,10893,2.2952309520191614
9763,"FFLLMLXr(l(RFLX), LXmXqCXLCLLXRX)",1.117721283636218,no,,,10893,2.2952309520191614
9764,qLLXLLXrcMcLLXLcLfLLXflXLlXLLXfcX,1.2347530699984322,no,,,10893,2.2952309520191614
9765,"L(FQMXlMMXcmFLFXLXmLXRMX, rLXFLXMMfccX, FQLXLX)",1.4144063137756073,no,,,10893,2.2952309520191614
9766,LLLfXLXRccfXXQLLLLLX cfXLLfmXRLMLXcX,1.0380125908127227,no,,,10893,2.2952309520191614
9767,"LLXrLQXqL(FfqXFmLCL(CXLXX), CFXqX)",1.30646519463129,no,,,10893,2.2952309520191614
9768,"LM(RLCmQMMLXL(rLLX, LLFmCLXCcLXRfLCmXrMX, ), LqLXRqLX)",1.9172455110468778,no,,,10893,2.2952309520191614
9769,"LXFLL(RXRXlml(LLLccXFLFFXRX), RX)",1.2975490761509667,no,,,10893,2.2952309520191614
9770,LLLLXMffcX qcXXFqcqcLLLLLXLLLMMXMX,1.0284095262515476,no,,,10893,2.2952309520191614
9771,"(LXLX, cLqXMLXFLcMXLLXLcqXfcFFX)",1.0998402208342242,no,,,10893,2.2952309520191614
9772,"RL(RLCXLFq(L(X, CLXCcXq(qX), )), LQLFX)",1.5879100138270414,no,,,10893,2.2952309520191614
9773,"LL(MQFcqX, , RRMCXL(FCLXLLFLXLfmmLXCLcMX))",1.9085559758286876,no,,,10893,2.2952309520191614
9774,"F(LQLcmXf(XrmXrqX, XcmX(fLfLLXLLmXRLcXmX)), LmX)",1.3883736498627854,no,,,10893,2.2952309520191614
9775,"(mfmLfX, cqLLFLXcqccMmLXrLcLXrrmLLLXrLqX)",1.4739947012996781,no,,,10893,2.2952309520191614
9776,"L(LQ(qF(RLFLMLcfQqX)), cXqXcXfLXrcLmLXRLFX(rQqL((QqX))))",1.0268125383638709,no,,,10893,2.2952309520191614
9777,"L(rmLMCQXRLCmLXLL(LCXLLLmQMQXrQqXm(LX)), , , lLLX, )",1.5537574014380253,no,,,10893,2.2952309520191614
9778,"mL(XqLLXqCCLXLCLmXFFqQX, FqQMXQFmX)",0.8893960128294608,no,,,10893,2.2952309520191614
9779,"L(lcQLLXmLLLcXX(LFXRLcXQFcLLXcLQFX), X)",1.2514273803872447,no,,,10893,2.2952309520191614
9780,"F(LL(, , LfCXmX, CLmLQCFXRCCLXLLLXrrrLMMXMf(LfX)), )",1.3622705099437127,no,,,10893,2.2952309520191614
9781,"LLLLXmLLL(q(fX), RRLlmXcmLXLLXLLfXcLXLFmfX)",1.5909235320867177,no,,,10893,2.2952309520191614
9782,mLMQLCQXqqmMCXXMmXLLmCMXLfLFLQX,0.979007883314197,no,,,10893,2.2952309520191614
9783,"LLLFL(mCX, X, rrmCCXLXXLCLLX)",1.3371921028399845,no,,,10893,2.2952309520191614
9784,"(,  fL(RRccXXLXLXLXcXX, RcX, LX))",1.3933352386690743,no,,,10893,2.2952309520191614
9785,RRLLmMMLLMfLXCLQCXFMmXmF((lCLXfXrffXQ(LX))),1.258770209383293,no,,,10893,2.2952309520191614
9786,"XLXMLF(ff(mCccQmmQXcFcLLXLFLX, RRL(RmX), X, ))",1.164449847181593,no,,,10893,2.2952309520191614
9787,"rLLXLLLM(RRLXLqLqf(FqQLcfX, LFmXRLXX), X)",1.9580305455162608,no,,,10893,2.2952309520191614
9788,"(,LCfXLQ(XCXmLLXRFLCCXXX, X, ))",0.9585891381887961,no,,,10893,2.2952309520191614
9789,LFXRLCLfLQmmFMCfCXrLfLCCmFLXRRQLfLFXRQmCfX,1.297448124344628,no,,,10893,2.2952309520191614
9790,"LL((fCmXX), MCQXLLXCLLqQXRLFX(CFXlXLLXXqX))",1.158839348188039,no,,,10893,2.2952309520191614
9791,"cLcMX(CX((, QLLQXLCfLLCXXQXX)))",1.277797856190473,no,,,10893,2.2952309520191614
9792,"rL(MLMX, FXrClXq(RLqX(FFX)), LLfXcXLLLXcLXX)",1.0226601956745105,no,,,10893,2.2952309520191614
9793,"(lLXXrLLcMLQXfMMXLcLQMXcFLXrFLLLLXXLcLmmcLqLXX, )",1.1553516877123036,no,,,10893,2.2952309520191614
9794,"LLL(MLFL(rMX(ccLqccqLXLrfLf(cXQ(R(RFQXrqLmX))))), QXFCFX)",1.2684179087791398,no,,,10893,2.2952309520191614
9795,"L(RQCCXLCLLXqLXL(r(X)), Q(CL(QXCLX(FXLX))))",1.4393233365290008,no,,,10893,2.2952309520191614
9796,"LFX(rLqLLFMXRFFccLLcLLLLccXMLMML(, MmLLLXRLFX), , )",1.5842625799041206,no,,,10893,2.2952309520191614
9797,"((f(FQfCX((LLXCXFXLmXmMLMLX)))), fLXLffqfMffX)",0.9934259536819494,no,,,10893,2.2952309520191614
9798,"(CLLMcX, FMcLLqfXLcqXFLLcXrFmLLXCX)",1.145436934589234,no,,,10893,2.2952309520191614
9799,"LLL(RMQL(RMQX), rrLcXLcLLXLLFXLLMXX)",1.8444252043764067,no,,,10893,2.2952309520191614
9800,"(, LML(LML(, R(RXCLLXmLc(FXrMqX, , mXcmXqCX)), QMLX)), rfX , ,,)",1.6489429383064886,no,,,10893,2.2952309520191614
9801,"(LLmXQQCCCLXCLXRFXfXLcX, LMlLX)",1.2084602459788363,no,,,10893,2.2952309520191614
9802,"LfqLL(, CX,, rffXqqcQLLLLcLLXLXrrqLMXlRfLMfLX)",1.550290980951565,no,,,10893,2.2952309520191614
9803,"mLL(LLqFqqLLXLFcLccFLfXmXL(RCXLfX), RqX, )",1.7162764211947648,no,,,10893,2.2952309520191614
9804,"(FqLmFX, LCfLXM(qCLfLfLfLCXLFLX(Mm(fXCLXLX))))",1.1642510807744921,no,,,10893,2.2952309520191614
9805,"L(LX, (LCLmQXRFLCmFCLCLXLXLML(RRRLLXLX), LqX))",1.392333026724655,no,,,10893,2.2952309520191614
9806,QMX fcXLLLQXLcLcQXLLccXLcXX,1.1355606673193097,no,,,10893,2.2952309520191614
9807,MfqLLLXrXrcLLccfXFXlfXMLXXRLQLfcX,1.1693506460825722,no,,,10893,2.2952309520191614
9808,"FFmLL(, (rMLLLmXrCXLXFCLXLX), X(FX))",1.1701525755161024,no,,,10893,2.2952309520191614
9809,"(RLL((LLQLX(LLL(X, LXLLMLXRL(mLXRX))), FX, ),  ), rf(mlLX))",2.129325559594445,yes,B6,23,10893,2.2952309520191614
9810,LXRRLCCLXMLCLLMXLLfLLLX LQLX,1.3876833365164127,no,,,10893,2.2952309520191614
9811,"cFfLXLF(QXLX, RRLfcXXXXLQLcLX)",1.1455598787886692,no,,,10893,2.2952309520191614
9812,"MLLXL(rqcXrQLf(((LLLfLXLLLqXCLX, ))), )",1.5293715205231504,no,,,10893,2.2952309520191614
9813,"L(RmfCXLXQCLXmXLCfXL(RMXLmLQX ),X)",1.03424132608317,no,,,10893,2.2952309520191614
9814,"LXF((QqXrmlMCXLLLXLFXmf(LCXrqLX)), LXrmqMCX)",1.4106511566194497,no,,,10893,2.2952309520191614
9815,"LLM(L(RRLXLLL(LFXrLmL(MMX, X), QXLX)), , RmX, X)",1.768240915085252,no,,,10893,2.2952309520191614
9816,"rrLLLmFXXfFlXqCLLXCLLqXLL(X, rLX,)",1.4771052485959826,no,,,10893,2.2952309520191614
9817,LFXfFLXCFFLXFXrrLFLfCXCmLXLLXqmFLXCXfX,1.156851800316403,no,,,10893,2.2952309520191614
9818,"LML(RQFLCFXQMLLM(, rrLLLXrLLLLLfLXLcXRX), RQFMLLQMX)",2.1506134384038473,no,,,10893,2.2952309520191614
9819,LqFqFFFlXFLLLLLFXRcccqQLXXXlXXMLLQMXX,1.0628832880721208,no,,,10893,2.2952309520191614
9820,"CM(qCLXXFLXCFLCmXmFX, qLQLqLqCX)",1.0282667718549214,no,,,10893,2.2952309520191614
9821,"(F(LLLXCqXMXLCLXcLLCqXRX), LLX)",1.3130336682142594,no,,,10893,2.2952309520191614
9822,"LL(,MLL(fX, cX,  crcqFmXLcfMLXqXCXRXfX) ,)",1.6627995270938398,no,,,10893,2.2952309520191614
9823,"LQM((mMfFXLL(LL(LLLfXCCXRRLLLLLXMLLfLX))), RRFMqLmLX, )",1.0246740562539056,no,,,10893,2.2952309520191614
9824,"LLLMmL(M(RLXCCLFFFXF(qLXX)), QFLLLXcLXLFcfXR(X))",1.2748807607753847,no,,,10893,2.2952309520191614
9825,RLQXLCLCXmXFXrXmQfXrFfFLQCXLXCLfXFFqCXLXX,1.3737166560741707,no,,,10893,2.2952309520191614
9826,"CFL(LqXCLLXrmLLmLLCXCLXRLfLXCLX, (XFLLmX))",1.1245687172569017,no,,,10893,2.2952309520191614
9827,"(LmqqLLfXLLLXMMMcLLQLcXXRcFmXqMXmMXLQQX, , )",1.2378605271293819,no,,,10893,2.2952309520191614
9828,"((LLLXL(((CMX, RRLCXLlCLLXLmLXLLLLXfcX)), ) ) )",1.5814444784016375,no,,,10893,2.2952309520191614
9829,"LLLL((ffcCX), RmXRMCCXRLLLQmCLCXrrLLLXcqFX)",1.3127529355830907,no,,,10893,2.2952309520191614
9830,"F(rLL(LCX, LXqccXLLXcXXrX), )",1.1477194593335256,no,,,10893,2.2952309520191614
9831,"fL((mFQMX), fLLXLXFLFQcXLXLLLcXQXcMLQX, )",1.1452796493787503,no,,,10893,2.2952309520191614
9832,rrLcXMLLcLQcQcLcXFLXqLFcXXLMFX,1.3764150401613107,no,,,10893,2.2952309520191614
9833,rLcLLLLXRFcLXXXRLcXmFLQLLFLQLFcXLX,1.3041941630946496,no,,,10893,2.2952309520191614
9834,"fmLf(,, L(LL(CRRXfCLXLLLLXLXcX, RLX)))",1.8291688025037085,no,,,10893,2.2952309520191614
9835,"(FX, (CFLL(mCCQCXLLLXXCQLfXfFLLfFLmXQCQlLX, QLLqX)))",1.0908564426094955,no,,,10893,2.2952309520191614
9836,"LLqLMM(mL(q(rcLMX), mcqqXMLLL(f(Lq(MXqqXqLXLX), )), ))",1.9625350712880187,no,,,10893,2.2952309520191614
9837,"F(LCCXqCXfX(XXrfLCXRXfCqX), , Q(CX))",0.8369594057465695,no,,,10893,2.2952309520191614
9838,"(mlX, LL((, (LqfXLLLCXCXFqLXX), LXmLmX)))",1.1755659381974588,no,,,10893,2.2952309520191614
9839,"X(FMmCLXqLXXCX(MLLXLXCqFX), , LLXX)",1.1220136476905007,no,,,10893,2.2952309520191614
9840,"RMMcLLc(cXLmqX, L(, cXRMX(RmLLLLLQX), ), MXFLmQXLcfLXL(L(mMLX)))",1.7201953010795952,no,,,10893,2.2952309520191614
9841,"LLLMXLLL(,FX,F((RRcLfcLFXLLcXXrX)), X)",1.260498252003663,no,,,10893,2.2952309520191614
9842,rLLXQLLCX RCFCXLLFCXRLXcLX,1.1458153968577476,no,,,10893,2.2952309520191614
9843,qCmXrmfCXFCCQLLCLLLXLLLXLCQXFXfXLFCLXLqX,1.1972107422155287,no,,,10893,2.2952309520191614
9844,"MLLFmc(F(qqfLLM(fX, ), RCQLCXCLFLXqLqqqXLLXLX), fc(rcLX))",1.5677398512858076,no,,,10893,2.2952309520191614
9845,"(MmX, FLLLXmMfqccFXfXXffXmLcXmXfLX)",0.7950740155573901,no,,,10893,2.2952309520191614
9846,"fLQQX(RFXfL(lCLcLXcLfXcLX, ), rLqXmXFL(X))",1.2566491029884315,no,,,10893,2.2952309520191614
9847,MLCXLLMXfLLfCLCFqMXFLXXFLCXX,1.0366908241277757,no,,,10893,2.2952309520191614
9848,"mcLqL( (rLqLX,LqLcXLLcLXRLLMXrLLf(rmXRX)),)",1.7619903819915457,no,,,10893,2.2952309520191614
9849,"LL(,QLQXCLCXFLLffLLXLX cLcLX, RmfQLlL(LL((FX))))",1.7846775464265643,no,,,10893,2.2952309520191614
9850,( rMfLLMfLLfMqXMFccLMXMXLLXcXLLfXX),1.3757409280731585,no,,,10893,2.2952309520191614
9851,"mq(LqLXLLLmCXCXLXCCXLLXL(flFX, ), qLXFLX)",1.080808399798799,no,,,10893,2.2952309520191614
9852,"f(rLFLLX,  XLXFcQXXmXcLLXfFX)",1.019653799510204,no,,,10893,2.2952309520191614
9853,"LmFL(RXLLFLX, qfmcXXFcQfqXLLMXrQXF(LX))",1.082533241820321,no,,,10893,2.2952309520191614
9854,"FLLMXLF(XRQXL(rQXrLXLX, mFQXCX, LX), m(MX))",1.6789297946388142,no,,,10893,2.2952309520191614
9855,MLLXLXcFmQccXfXLfMmLLXQfcXLXmfqfX,0.9998144467636568,no,,,10893,2.2952309520191614
9856,"LcQ(cXfXLXmXqqLFLFqX,fcQXmXLXRMLX,XLQmXL(MX))",1.826257558295479,no,,,10893,2.2952309520191614
9857,"FLLf(MQMQXXmLLL(RfQLXCLX, ,R(fFXX)), cQLQLX)",1.293496073992166,no,,,10893,2.2952309520191614
9858,"L(X, XF(LXfC(l(qFLXqCLCXmLXRLX), rXFLXX)))",1.2369480719912005,no,,,10893,2.2952309520191614
9859,"(LFLLmL(QXlX, cqXlLFCmXFXLLXLLCQLXmLX), X)",1.2818937253791711,no,,,10893,2.2952309520191614
9860,"FXrF(fLX, XFLXRQmmcXccLXLLmXrrLX)",1.0159707955707105,no,,,10893,2.2952309520191614
9861,"LLLXLmL(rqmXLmL(XFLmXXrrcX, fFFFmX), X)",1.9270478909037403,no,,,10893,2.2952309520191614
9862,"L(mFQLXmFXLcLLcXLmFXFX, LQCLFX, , RLqX)",1.3844771692236328,no,,,10893,2.2952309520191614
9863,"FL(RRLLfcXC(CLqXX), RLCCFQCXLLLCMXRFqXcX)",1.2524581475927972,no,,,10893,2.2952309520191614
9864,"CLLL(, MfLQXCLXLLXLCXL(mLFXrCQmX), rmLXMX)",1.121013617912354,no,,,10893,2.2952309520191614
9865,"LLQ(RLLLLLLCXQ(L(cX), RRQXLLX), MqfX)",1.1023775174622914,no,,,10893,2.2952309520191614
9866,"rLcmXLLLcQXLXcXMLFfXXlLXL(LLX, )",1.276967266654426,no,,,10893,2.2952309520191614
9867,"LXF(Cf(CCLCFF(rrFLLCXLXLmLLXFLX, ), LFX))",1.3444245081356818,no,,,10893,2.2952309520191614
9868,C(cLcXcXLcfLmqXLLfmXLcXmqLXMcX QLXcLmX),1.1122152811194137,no,,,10893,2.2952309520191614
9869,"LmL(RLXCCRXCLLLLQLXMQ(RXC(fLLQX)), cLX)",1.2511350952425115,no,,,10893,2.2952309520191614
9870,"l(LLFCL(CLqXXXLLXLQCX, XFXrLLX, FX) )",1.3860180347062767,no,,,10893,2.2952309520191614
9871,"(cqLMLLccXqLcLLXccXXRXlCX, LX)",0.8946447201323852,no,,,10893,2.2952309520191614
9872,"LF(f(qFCXlmLqXRR(RLcfXmXXmX,)), FXX)",1.0724062868150843,no,,,10893,2.2952309520191614
9873,"LLLmL((X), C(L(Ff(QX), rXrFXLXL(LLCFLXMQX))))",1.3816838126907787,no,,,10893,2.2952309520191614
9874,(rcCmLXlLLXqFLfccLLXrMcFXXLXXcXfqX),0.9996566942404237,no,,,10893,2.2952309520191614
9875,CLLmLQQXrLfqLCFCCXLXlXLXRLXRLLmMQmMX,1.3621539188269969,no,,,10893,2.2952309520191614
9876,"rmX(rXRfqCLXmXFLqXLCLFMXLfXCXLF(QLqXMLLXCXfLXrfLX), X)",1.075979117309274,no,,,10893,2.2952309520191614
9877,"LML(QLL(QFXLmL(((fLLmXcX)), XCLqFXLQFcX), rXQX), RRLMX)",1.5573180351269336,no,,,10893,2.2952309520191614
9878,"LL(RRfLLFLFLCXCLLLLXLLLXLLLLX(X), RqFX)",1.8984291849418564,no,,,10893,2.2952309520191614
9879,"FL((XLXMqMXCmX((XLLXL(CLLLLqXCX)))), FX)",1.3188440912519885,yes,B5,7,10893,2.2952309520191614
9880,"c(MFfLX, LqLcLcLmqLXLLcLXfLmLLcQXLLfLCQX)",1.301048648833935,no,,,10893,2.2952309520191614
9881,"(LLC(RfCQLmCXffLLLCLXL(LLXcLLX), ), LLFFXX)",1.1858764506951676,no,,,10893,2.2952309520191614
9882,"Cl(rLL(cXCqXmlCLXRLLMLLX, qXRRLX, LXmX) )",1.2529121024761816,no,,,10893,2.2952309520191614
9883,"LLLFF(LFLXLmmqLLmXClXmLLLCqXl(mLMLmLFX), X, )",1.4260619745110545,no,,,10893,2.2952309520191614
9884,"mL(LMFqmQfLX, qLXLLmLXccXLLXrLFXX, )",1.1394962213445958,no,,,10893,2.2952309520191614
9885,"XFLfL(FLLqCXXXCLLXmXmmcMX, MLfXCmCFX)",1.3239000800579648,no,,,10893,2.2952309520191614
9886,"LL(rffLLCqXmccfMXmLXfffXcfXXRmQXr(X), RmXLcLX)",1.1557769314612651,no,,,10893,2.2952309520191614
9887,"f(fL(,RMmQLMXm(f((CfCXfXfffLX(CXffXrrlmMLX))))))",1.1877577806325916,no,,,10893,2.2952309520191614
9888,"(LL(, XfX, qXmcmLmXLLcLLLLcqXrXrrFqXfMX), ,)",1.278525014649482,no,,,10893,2.2952309520191614
9889,"(QX(cX), fX)",0.07606223432270838,no,,,10893,2.2952309520191614
9890,XXRCcXX,-0.006678200228696504,no,,,10893,2.2952309520191614
9891,"(X, RQXXrcX)",0.10537507187287143,no,,,10893,2.2952309520191614
9892,"(qCXX, X)",0.033108070699113944,no,,,10893,2.2952309520191614
9893,XRflcXX,0.006994982105603631,no,,,10893,2.2952309520191614
9894,CqlCLXXrlmX,0.001113007436295882,no,,,10893,2.2952309520191614
9895,(XrrLCCCCXX),0.18112020573433354,no,,,10893,2.2952309520191614
9896,"(X, cqLXcXX)",0.17233559985617788,no,,,10893,2.2952309520191614
9897,rXRmCCQXLX,0.12903693605804092,no,,,10893,2.2952309520191614
9898,(QmXCXX),0.00030276578767615806,no,,,10893,2.2952309520191614
9899,"(QXCXX, X)",0.08461067177479795,no,,,10893,2.2952309520191614
9900,(XrmCXXqCXXX),0.1299915939963794,no,,,10893,2.2952309520191614
9901,"(LX, mXRcRcXXX)",0.25485635832508685,no,,,10893,2.2952309520191614
9902,cXqXX,-0.001425947714471322,no,,,10893,2.2952309520191614
9903,"(QXRCXX, X)",0.09687139673945082,no,,,10893,2.2952309520191614
9904,MXXRCXmX,0.01437366658744958,no,,,10893,2.2952309520191614
9905,"(RXcXFQX, XqX)",0.17786146618723625,no,,,10893,2.2952309520191614
9906,"R(X, RccXLXX)",0.22216146783758572,no,,,10893,2.2952309520191614
9907,XcMqXXX,0.04523149379981636,no,,,10893,2.2952309520191614
9908,XXCqCqXXXX,0.2534027319997298,no,,,10893,2.2952309520191614
9909,"(qCXX, lX,)",0.031025067022830262,no,,,10893,2.2952309520191614
9910,"X(RXqCXqX,)",0.05876375315072862,no,,,10893,2.2952309520191614
9911,CXrFCXrXX,0.09001587234284321,no,,,10893,2.2952309520191614
9912,"c(RXXFX,f(mX))",0.10123601423512808,no,,,10893,2.2952309520191614
9913,"(X,RXQcXQcXX)",0.26736533843100513,no,,,10893,2.2952309520191614
9914,"Q(RCXXRX , X)",0.11378117315077954,no,,,10893,2.2952309520191614
9915,CXCRXCXRX,0.07390505972438198,no,,,10893,2.2952309520191614
9916,XqcXcXLXX,0.14788258461620096,no,,,10893,2.2952309520191614
9917,XCQXfCllLXX,0.0895771430353015,no,,,10893,2.2952309520191614
9918,"L(rMqX(CX), rX)",0.1402896414571306,no,,,10893,2.2952309520191614
9919,"(qX(cX), X)",0.05928836196216565,no,,,10893,2.2952309520191614
9920,"((QCXCXMXFX), X)",0.24146187602197505,no,,,10893,2.2952309520191614
9921,LXRccQXcX,0.20960980623133413,no,,,10893,2.2952309520191614
9922,LXXCmqXCXX,0.13775592665344244,no,,,10893,2.2952309520191614
9923,clMmXXQXrCX,0.030956556610813646,no,,,10893,2.2952309520191614
9924,"X(qLXXCXX, ClX)",0.32967334726261743,no,,,10893,2.2952309520191614
9925,"F(CQXc(MXX), X)",0.10058596578042538,no,,,10893,2.2952309520191614
9926,"(X, lqcXX)",0.019108374051123807,no,,,10893,2.2952309520191614
9927,"qL(qXqCX, cX)",0.13558476490152913,no,,,10893,2.2952309520191614
9928,"(QCCXCX(X), X)",0.18977801637162414,no,,,10893,2.2952309520191614
9929,cXflXQcXXXX,0.1287480707775161,no,,,10893,2.2952309520191614
9930,"(X, rrFcXXLX)",0.13696076188865117,no,,,10893,2.2952309520191614
9931,rLXcX,-0.009999999999999688,no,,,10893,2.2952309520191614
9932,"(RX(X, ), rX)",0.11686257507426034,no,,,10893,2.2952309520191614
9933,LXccqXLX,0.08784019853851265,no,,,10893,2.2952309520191614
9934,cXRCXlXX,0.006102758475584775,no,,,10893,2.2952309520191614
9935,"(mqXcXXX, cXX)",0.19838290088509275,no,,,10893,2.2952309520191614
9936,LXrqCXrCCXrX,0.19552871711596695,no,,,10893,2.2952309520191614
9937,QXXQCXXXX,0.11243894547760908,no,,,10893,2.2952309520191614
9938,XcqXrXQX,0.05368169088341151,no,,,10893,2.2952309520191614
9939,"(XX, cQXXcXX)",0.388081625947645,yes,B1,21,10893,2.2952309520191614
9940,QCQCXRXX,0.09046283077011193,no,,,10893,2.2952309520191614
9941,"(X, rXcXmX)",0.05876761913178242,no,,,10893,2.2952309520191614
9942,"(,qXCf(CX), X)",0.09153706165136,no,,,10893,2.2952309520191614
9943,"C(LrXfX, mX)",0.04209413146661276,no,,,10893,2.2952309520191614
9944,"(CCqXXX, XX)",0.18052859863506468,no,,,10893,2.2952309520191614
9945,"(cXXrqX(cX), X)",0.06101316162266339,no,,,10893,2.2952309520191614
9946,CXrCLXRmMX,0.06584152112686864,no,,,10893,2.2952309520191614
9947,"R(RCX(qFXX), rX)",0.09696274120163459,no,,,10893,2.2952309520191614
9948,"(fCQXF(LXX), X)",0.08442840742818057,no,,,10893,2.2952309520191614
9949,"c(qXXX, LX)",0.10476701566526235,no,,,10893,2.2952309520191614
9950,XcqXCXX,0.1386316164450371,no,,,10893,2.2952309520191614
9951,"c(RlcX(XX), X,)",0.11909904993732477,no,,,10893,2.2952309520191614
9952,"q(rXcX, RqX)",0.09347434464767959,no,,,10893,2.2952309520191614
9953,XLMQFQcXLX,0.07999150852908211,no,,,10893,2.2952309520191614
9954,XXRLcQXXX,0.14829177795898346,no,,,10893,2.2952309520191614
9955,QQcXRXcXCXX,0.11464929243474187,no,,,10893,2.2952309520191614
9956,"Q(X, cQXXX)",0.12876144004511006,no,,,10893,2.2952309520191614
9957,"((XMCqXX), )",0.019296531945905932,no,,,10893,2.2952309520191614
9958,Xrq(cXcmX),0.12234157314696285,no,,,10893,2.2952309520191614
9959,"(RXRCXXX, mX)",0.1424485831074312,no,,,10893,2.2952309520191614
9960,"L(rrX(rLCX), rX)",0.19551789702351366,no,,,10893,2.2952309520191614
9961,cqfXrcXXX,0.10768165805098599,no,,,10893,2.2952309520191614
9962,XQCmXXCLX,0.12489063751730418,no,,,10893,2.2952309520191614
9963,"(fQX(, X))",-0.009999999999999712,no,,,10893,2.2952309520191614
9964,qXrfCXRqXXX,0.06582652927636531,no,,,10893,2.2952309520191614
9965,qXcXXXrX,0.02655998379072667,no,,,10893,2.2952309520191614
9966,"RX(, X)",-0.009999999999999714,no,,,10893,2.2952309520191614
9967,"QX(, MX)",-0.009999999999999714,no,,,10893,2.2952309520191614
9968,XXcXFQcXcXX,0.23560286185703921,no,,,10893,2.2952309520191614
9969,"(X, QXcXLcX,X)",0.320412690314466,no,,,10893,2.2952309520191614
9970,Xf(CXrXcX),0.030660546591249505,no,,,10893,2.2952309520191614
9971,"(QXFXcqX, X)",0.12237999756582923,no,,,10893,2.2952309520191614
9972,"(RCXCX, ,X)",0.04809853263756125,no,,,10893,2.2952309520191614
9973,CXrqqCXXX,0.16129585038440522,no,,,10893,2.2952309520191614
9974,"q(XXrqCXX, X)",0.1775226317066208,no,,,10893,2.2952309520191614
9975,XcFXqcmfmXX,0.03359260933041608,no,,,10893,2.2952309520191614
9976,"(rXcXX, qlXX)",0.10333072174767621,no,,,10893,2.2952309520191614
9977,"r(rLXc(FX), qX)",0.123858258465219,no,,,10893,2.2952309520191614
9978,"L(qXLccX, X)",0.12914880975124587,no,,,10893,2.2952309520191614
9979,(XXQX cX),-0.009999999999731102,no,,,10893,2.2952309520191614
9980,QXfQCCXX,0.07202136337925173,no,,,10893,2.2952309520191614
9981,XRfcQXFXX,0.07285055235534642,no,,,10893,2.2952309520191614
9982,"r(rFX(CmX), X)",0.12321884501244311,no,,,10893,2.2952309520191614
9983,"rFqmLXQLm(RLRLLXLXRLcQLX,,qcXfqLccX(LXXfLMXLcX))",1.3110742267895465,no,,,10893,2.2952309520191614
9984,"fL(RRMfMfmFLLX, qCCLcXFXLFfcXcfLXmXRffFf(FX))",1.0050010740110216,no,,,10893,2.2952309520191614
9985,"fL(FmLXLXfXrFC(lXqLLCXLXLLXLCLX, LXLXqX))",1.4904143531546836,no,,,10893,2.2952309520191614
9986,"LLfXL(mLCcCQXFCFXLLMmQCX(fXFXrLqLLQCLX), LLmmX)",1.1103479689809281,no,,,10893,2.2952309520191614
9987,"mLLLmf((, rrMXccLLXq(LqLXqQMXCCfX), FX))",1.6841350517963376,no,,,10893,2.2952309520191614
9988,"L(FXLcfqLcqcXRLLLXLQXFqqLX, ML((LqCFXCXFXRmfX)))",1.1239912480787964,no,,,10893,2.2952309520191614
9989,"RCLmML(, QXL(rCCmLLLmLLXRRRFXRLLLFFXX), qQfX)",1.8739580195201517,no,,,10893,2.2952309520191614
9990,"QLFLLqFLqqLcXccLLLmmXLXMLL(XqLFLX, RmMQLqQLqX)",1.6045735392771903,no,,,10893,2.2952309520191614
9991,"LL(m(f(QFLLFLX), MLLfXRLcFmmLFmXFLQXLLcXMLLFMFLLFMFLLLX))",1.2274812421485328,no,,,10893,2.2952309520191614
9992,LLXLLXCmLmqLLmQXfCQXLmCXRXqXQXX,1.0388778422787763,no,,,10893,2.2952309520191614
9993,"LXqXLMLM(rLLLXcCFLCX((LXm(LXR(LX)))), MXLLXCCMmX)",1.3706899843201714,no,,,10893,2.2952309520191614
9994,"cC(,fLMccX, rcmFLccqMXmQLLLmLLccXLMlLXCCXX)",1.4427250948511854,no,,,10893,2.2952309520191614
9995,"(LFLFmqXLLXCLXLMXLXLX, LLX, )",1.4580723374793678,no,,,10893,2.2952309520191614
9996,qLmqXfMLMXLLcQfLLXMLLLXRLcLccXfMXlFXfXLQLmmX,1.0011225317079668,no,,,10893,2.2952309520191614
9997,"LFLFXXLLF(QLLLXM(rcLrcqX), RXQLcXLLcXLX)",1.3667390317739256,no,,,10893,2.2952309520191614
9998,LXCXXLMLLXrrLLLCFXCXLfLXX,1.0458952066801281,no,,,10893,2.2952309520191614
9999,"LLF(RR(LXLFLL(LLMX, rfLXLLLQXLLLXRRfX), qX), , QX)",2.2607860374923554,no,,,10893,2.2952309520191614
10000,"RLmLCMC(RCXXLXLXfX, LXCCLXLLLqX)",1.3393287452601332,no,,,10893,2.2952309520191614
10001,"L(, qLXLm(X),RqcfLLQcQXmcLfmMqXLLLFX, rLL(RmLX), FX)",1.2010635903502414,no,,,10893,2.2952309520191614
10002,"(FQMXFLLXCLLLLCCQXLXXrFXrLLLLLLLCmXX, )",1.4277153055123024,no,,,10893,2.2952309520191614
10003,"fMFL((LMLXCMmqXLmXLCXLXm(rrFX), mXQX))",1.2563961970732715,no,,,10893,2.2952309520191614
10004,"L(FLLfFLLXL(MCCqXLmLXMXXXmCQLX), (R(RQX)))",1.1487900544382128,no,,,10893,2.2952309520191614
10005,"((LMMLLR(, mmLFX, ), ), XfcqXLLLXcXLXrXf(FmcLXXQ(fFLX)))",1.0757257421415911,no,,,10893,2.2952309520191614
10006,"F(FX, XRLMLLQcLLLLXmFLLmcmXrrQLQLQLLLLMQLQFX)",0.7097515582329043,no,,,10893,2.2952309520191614
10007,"(mfFLcQXXqXQQccLXfffXcfLXfFFX, QX)",1.0313411785686828,no,,,10893,2.2952309520191614
10008,"Lm(, QLXcLLFLFCXFQq(QcmXQFLXrX, XcLmflX), LQX)",1.5769183398612332,no,,,10893,2.2952309520191614
10009,"rLLqLMLXmm(M(LXLXqMfCCXRLX(RmFLXQqLLQLLX)), ffXFFqX)",1.59089875912325,no,,,10893,2.2952309520191614
10010,"FLLmQXFLQXFLLq(QLX, XXcqclLlXRfLXFQLQLQXmXLX)",1.671301795757142,no,,,10893,2.2952309520191614
10011,LQCLXrqLLLLfCCCCXLFLXXFQXLMFXmmqX,1.3927909127769262,no,,,10893,2.2952309520191614
10012,"LmMm(RRLFLLXLQ(RqLMmmqFX, rqQfXLQlMXLXRLLfLLCX), RcLMLLLX)",1.8441525308623772,no,,,10893,2.2952309520191614
10013,"MLLL(CQ(RLX), rMqXRCLl(CLLmLLccLcLMFXrrmLLXL(qX)))",1.4233414574321814,no,,,10893,2.2952309520191614
10014,LFMqLQLQLXrLFCCqCLLCXLXlfXfmmXRffMFFLXLQmCmLMX,1.5615759189988279,no,,,10893,2.2952309520191614
10015,LfLrrLLfLLLCXQccfLLLcXLmXcLXcqLqLXLX,1.5106837377205335,no,,,10893,2.2952309520191614
10016,"(LX, LfffXQMMLC(LXLXCXRFLLLfMfXRLFLXrCQLQX, LX, ))",1.094842758661437,no,,,10893,2.2952309520191614
10017,"LcLm(,L(((mLQX)), RRmLLXMCCmLX(LLLLXQLXrMLLfX), ))",1.7585700716324817,no,,,10893,2.2952309520191614
10018,RfmX LLFqccXLfLXqccLLXLmfXmMXRRfmcLmFXqFXX,1.246493730323573,no,,,10893,2.2952309520191614
10019,"cLL(MLQX(mCX, ), MXRXX, RQFXrcXLFmLLXfFX)",1.381199842863574,no,,,10893,2.2952309520191614
10020,"(FL(LMfFLQcMXLQqfX), CCLCCQXmfXLX(XCQLX(rLXRRFX)))",1.1156834347503826,no,,,10893,2.2952309520191614
10021,"(RFX, LXLFLLLFcXRRMcmMLfXLfXLXLXLMXRcFFXcX)",1.3242398125148014,no,,,10893,2.2952309520191614
10022,"(lLLLQXLMFX, mcfLqXFLLFLFXMLcXLMFXmLcQFfLQXCMX)",1.1712901892493277,no,,,10893,2.2952309520191614
10023,"LCL(Lm(Lq(LCX), F(rrLXccLLXLLLLLXrrqfXRFMLX)))",1.8572541437336396,no,,,10893,2.2952309520191614
10024,"qLLXLMLf((rCXLXMQCLLQCXFFfXX), RmMX)",1.1984459566631496,no,,,10893,2.2952309520191614
10025,RRMLLLLMXmfCqLCXXXLCfFLmLLXXrlCmLCLLcLX,1.2893846000846718,no,,,10893,2.2952309520191614
10026,rrrQLFFcLMQqqQXFccLLLQXfcmXlXrLXcLQX,1.224067501596637,no,,,10893,2.2952309520191614
10027,"cLL(FQXCCQmCCXLLLLXRLLfLXCX,QqQMcX)",1.4112293426225448,no,,,10893,2.2952309520191614
10028,MFfFXLmLLLXLqLCCFFMMXmXMXFXFXmLXCQQX,1.1446540836442864,no,,,10893,2.2952309520191614
10029,LLff(CCmLXRLMQFCCCXLfLCXrFqFqfmqlXLXLLX),1.511114091617517,yes,B6,9,10893,2.2952309520191614
10030,"LCXmXLFCmL(cccQmXXLXLFXMXLQM(LLX, ), rrLQLX)",1.17614219580198,no,,,10893,2.2952309520191614
10031,FRLXCLmFLXrrLFCCmMXfFCXqLqQfFXLX,1.1105386820102294,no,,,10893,2.2952309520191614
10032,"FFLLqL(LFMLX, XX, L(X), QQmXLLLLccXLLX(X))",1.356586411184281,no,,,10893,2.2952309520191614
10033,"LMLL(MLFX, rrcXcLLLFXLfMLX(FmLLQX(X)))",1.8482080867689623,no,,,10893,2.2952309520191614
10034,"mL(RLLMXrFFX, LqXMXrQLXLm(XLX, ,MfLqXQXQMQMLLFLLFX), X)",1.455398688411847,no,,,10893,2.2952309520191614
10035,CLFLmXRRLLCXLfLfLfCXMLLmLLFQXQX,1.3747657035485015,no,,,10893,2.2952309520191614
10036,LFMMLXFmCfQmCfXMLCfmLXLLfLXRLLqQLmLLCCXRffCqLfLFLXLLcX,1.179981416236867,no,,,10893,2.2952309520191614
10037,RRClLXCLLLLLLqCXCLmXrQmlXXLLLLX,1.2791896301865382,no,,,10893,2.2952309520191614
10038,"LCL(QCXLmLXCXQXrLfLXLX,  rMqLXX)",1.1592399656522185,no,,,10893,2.2952309520191614
10039,"FLF(CmfLqXLXf(CCXLQFX), rQXrLFf(rrLfm(FX)))",0.9579793625649443,no,,,10893,2.2952309520191614
10040,"rLLLLXqLL(RQfX(fMLXLccXLMfLLMfX(FX)), FqX)",1.3831066305587154,no,,,10893,2.2952309520191614
10041,"(MmLLmqfcLLqXmcXLLLXcXlXLLLFLXMLLX, X)",1.2545747284252282,no,,,10893,2.2952309520191614
10042,"fm(,r(mXL(LLCXqCLLXCXrMXRCX), (RLqmXrLLqMX)))",1.0725953980396732,no,,,10893,2.2952309520191614
10043,"XLL(qmfXXFfXCLMLLLlf(cXL(LFLX), LLX), FqFqRQ(L((LX))))",0.9876045662308128,no,,,10893,2.2952309520191614
10044,"CLL(LXrrCMXlmLfLXmmFMLXFLCmFLLLXLX, qfLXFXLX)",1.2611888109289229,no,,,10893,2.2952309520191614
10045,"lqC(LLMX,,  rmlQLmCcqcFXMmLLcLLcmXrqXLX )",1.2649223524472086,no,,,10893,2.2952309520191614
10046,"(,LcMm(LL(RXmcQXLXXqFQX, F(LmXQCX), X(X))) )",1.306136976290692,no,,,10893,2.2952309520191614
10047,LCLLXRFfLmXQLCmMCXLXLLMmXLCLXMLXLX,1.1445521539037857,no,,,10893,2.2952309520191614
10048,"f(fMRfcLfqXLcFXcCLLqccXLLcXXqLXqLX, )",1.3756269261537577,no,,,10893,2.2952309520191614
10049,"L((RqcLCX), rLfLqLFfXRLLccLXFLL(LrqXQfLX(m(RL((CmQmX))))))",1.946768662330053,no,,,10893,2.2952309520191614
10050,"FLLXLLm(RQX,,XFX, McQcFXLLlXRLLLmcXRFmLmLLLX)",1.5067057234303012,no,,,10893,2.2952309520191614
10051,"rLcCLLM((CcQm(Q(qfX),), ), RX, XrrfcccmcXQfXRRRXLMLLLFXlcX)",1.2544100213305678,no,,,10893,2.2952309520191614
10052,"LML(FMCQX(LX(LmCXLLLfLXRmQCXfC(LffqFfqFX))), LXLLX)",1.1993585975515983,no,,,10893,2.2952309520191614
10053,"LfLXcLLq(FLmXLFmXcXXMMLXL(q((FFMX))), qFXcXRRFLX)",0.9531125536234375,no,,,10893,2.2952309520191614
10054,"FLLXRRLLLm(LXLQLLL(LX, RLXRLXL(LLqmqXX)), (mQqX),  )",2.0868918609172327,no,,,10893,2.2952309520191614
10055,LXLXmccQLXLXXLLLLFcmXcLX,1.021453619596028,no,,,10893,2.2952309520191614
10056,"mL(LXLL(LX), fqcfMXLLLXcXrqQXmLLLqXLX)",1.1226984242320581,no,,,10893,2.2952309520191614
10057,"f(f(cmXRqfLL(RlFLMLX)), ccLQLLXfXXmMXfmLLLX(f((cFXX))))",1.2777950399933424,no,,,10893,2.2952309520191614
10058,"(LLqLXCfXX(LLXCMXR(qX)), LX)",1.0962893417556698,no,,,10893,2.2952309520191614
10059,"mcLLLmLLL(M(RFccLLLFMQCXrLCLLLLCXRfmQLLQLXRfXLMX), RqX)",1.9749287547144294,no,,,10893,2.2952309520191614
10060,QXLLXFCCLXMQfMXLLLXCqXfLXmmQX,1.2241419599409682,no,,,10893,2.2952309520191614
10061,"FLLX(mmXrFLCmXXMqX(LLCXLqLX), , r rrQmLqLmFX)",1.3237525094170404,no,,,10893,2.2952309520191614
10062,"LCL(RLCCmQXLLCmLXLLLmQXLLLcX, RQmMXlF(rLCLCQLXXFX))",1.5536984987263458,no,,,10893,2.2952309520191614
10063,"FqLLLL(qX, MMLXX,XFCLXLXLMLXLFLQ(,rfFqqfLLLLCcLCXX, ))",1.8362727527769207,no,,,10893,2.2952309520191614
10064,"qLMLCFm(RCQXLL(MCLLLLXRCCLLLLQlXRLQXLLX), X)",1.3106101616561017,no,,,10893,2.2952309520191614
10065,"LLLF(QCqqX,qqXCfCLCXLLLX, , , r(LLX), mqX)",1.2063279339661879,no,,,10893,2.2952309520191614
10066,"L((rQL((,mX, ))), rLmLXLQLccLXLLXL(McXLLX(RLL(mF(LLX)))),)",1.3970630687717713,no,,,10893,2.2952309520191614
10067,"f(mLCL(LqLFMfX, RRLLXMFCLLLLFXLLmLXmLXLX,,), , )",1.8759878498402796,no,,,10893,2.2952309520191614
10068,"FFMMlL(LFfXqLXXCLLmFXL(ffMLFLXrLMX), rrLLcmqMLXCqqQMX)",1.0871064246799251,no,,,10893,2.2952309520191614
10069,"f(LL((fLLFFCXM(QLX)), rLFMLLXrmCXLLLXXmXFX))",1.003146737909125,no,,,10893,2.2952309520191614
10070,"LLLXLLLF(X, (MXqFXmlmlX(LLLFLLCCXRLLLLLX)))",1.2437375861006503,no,,,10893,2.2952309520191614
10071,"(m(rLLL(QMLLXCXQLLMCLXLCLFFXFXfQXrQqqX)), X)",1.174176305130343,no,,,10893,2.2952309520191614
10072,qXLLcXQLcLXmXFXLLLcXLLXcX,1.1120727534392323,no,,,10893,2.2952309520191614
10073,"LML(((mFX, rrCmmLcLMLXfcLcLFXmLLLLXCfLFMXX)))",2.0049454887514595,no,,,10893,2.2952309520191614
10074,"Lf(LLccfmmqX, mcLccqMcqmmXLmcLLLMLfXLLLLMLX X, , )",1.3503464805149021,no,,,10893,2.2952309520191614
10075,"L( CFfLLMX,RLMCQFXCLLLmCLXrrqLFFLXXCX, )",1.649776465025024,no,,,10893,2.2952309520191614
10076,CXfmLLXCLQCCXLXmLXRRcLCLMLCLLMfCXRRQXqLX,1.0387949738309121,no,,,10893,2.2952309520191614
10077,RLLFMXCCLLLqLXfMXMmXCLXLLMLLLX,1.374829051053844,no,,,10893,2.2952309520191614
10078,LLXFLFXLcLcQXLXXLfXLLXRRcmmLFX,1.2493026897795907,no,,,10893,2.2952309520191614
10079,"L(X, LLLL((, mQXCXLL(RCMMXLLMLLXrLLFX)), X))",1.0882269890850882,no,,,10893,2.2952309520191614
10080,"LL(LcmXmcFmXrMQLL(rcLX), CfLCLMMXrrMFLCXXLFXLMXqqmLX)",1.2465432495282185,yes,B5,12,10893,2.2952309520191614
10081,"(FqLXLLXrLLccXLXXrmclXQLmMLQLXfLFX, FX)",1.2563461182662536,no,,,10893,2.2952309520191614
10082,"CLmL(LCmLLX,RLMLQLFMX, rrCCCMXFmXLMMLLLLXLLmQX)",1.4346164533912558,no,,,10893,2.2952309520191614
10083,LcQX XRccXXcXXX,0.5640226393150084,no,,,10893,2.2952309520191614
10084,"RC(RLXCCmX(QX), X)",0.5050067549119389,no,,,10893,2.2952309520191614
10085,"Xrr(fqX, XCXFXXX)",0.5658179770746311,no,,,10893,2.2952309520191614
10086,"(rXrXMcMcXLQXX, XFqX)",0.5667040783831585,no,,,10893,2.2952309520191614
10087,CXXCqXXXqLCXFXCX,0.5574446761011305,no,,,10893,2.2952309520191614
10088,rqXrcmlcmcXXXcLX,0.4702579621280429,no,,,10893,2.2952309520191614
10089,"(XXCcqccqXcLX(XcXX), )",0.6467412632492661,no,,,10893,2.2952309520191614
10090,(XmXCLCMCQQXXXQQLXQX),0.40511297643486555,no,,,10893,2.2952309520191614
10091,"XCC(XRFXFXRX, rrCXXLXX)",0.476218626309897,no,,,10893,2.2952309520191614
10092,XcLXqXXXccfXLXX,0.4591398715119954,no,,,10893,2.2952309520191614
10093,"L(XRRfXcXLXX,cX)",0.6948443791425107,no,,,10893,2.2952309520191614
10094,"C(XXX, RRLXXCXXX)",0.531607871097527,no,,,10893,2.2952309520191614
10095,"(RRCCCXCXrF(LqXX), CX)",0.7910060568174427,no,,,10893,2.2952309520191614
10096,"(Lm(rCFqXmCX(X), X))",0.3781392512638912,no,,,10893,2.2952309520191614
10097,XQXrCCLqCXXXXXX,0.701962581220225,no,,,10893,2.2952309520191614
10098,LXccQXFXXcXMqcmX,0.5589445519304057,no,,,10893,2.2952309520191614
10099,XCXQCXXmXXCXqXX,0.5088629012896964,no,,,10893,2.2952309520191614
10100,"(XQQCCXCXXX, LX)",0.5263935926542787,no,,,10893,2.2952309520191614
10101,"X(qX(cXqLcXLXXcX), r(X, X))",0.5969124997929584,no,,,10893,2.2952309520191614
10102,"(CCqMXXfXCX, mmmXCXX)",0.4014562881508701,no,,,10893,2.2952309520191614
10103,"QfL(X(LX), LLcQXCCXXX)",0.42903929800570706,no,,,10893,2.2952309520191614
10104,FCXqXCLFqXXCLXX,0.5293866675399969,no,,,10893,2.2952309520191614
10105,"L(X,, QXXcXXX, X)",0.5131699518361703,no,,,10893,2.2952309520191614
10106,"XL(rXCqX(CXX), XXCX)",0.5462934868103296,no,,,10893,2.2952309520191614
10107,"LXm(Fq(qXcfcXXqX), ,X)",0.5858375206024391,no,,,10893,2.2952309520191614
10108,CXXRLlLCmQXXXCX,0.2999775791046061,no,,,10893,2.2952309520191614
10109,"C(mXCXX, qXFLXrQCXX)",0.4242355334121405,no,,,10893,2.2952309520191614
10110,"LC(CqXqCqXlQLXX, XXX)",0.5129922325592831,no,,,10893,2.2952309520191614
10111,"X((rCX(rLCXrCXXX), ), X)",0.5037299234770027,no,,,10893,2.2952309520191614
10112,"(XMX, qXXcXcXXcX)",0.4630488135758424,no,,,10893,2.2952309520191614
10113,"LXq(XMcXXXX, XcX)",0.3358254443543061,yes,B1,15,10893,2.2952309520191614
10114,"(FXMFXCqCFXXXCXqX, rX)",0.5844367340150879,no,,,10893,2.2952309520191614
10115,"(RQLX, rrLXccMXX)",0.4930595471900215,no,,,10893,2.2952309520191614
10116,qLqXLcqfXcXXXcXcX,0.6249899998460985,no,,,10893,2.2952309520191614
10117,XCXQCCXXLXfXCmqXX,0.4565036134430054,no,,,10893,2.2952309520191614
10118,"XXLc(,X,,RRXXXXcX)",0.5550385434756948,no,,,10893,2.2952309520191614
10119,"XXc(QqQXRcXX(LQQqX, ))",0.437734310670114,no,,,10893,2.2952309520191614
10120,"X(L(QQXcXXqLX), X)",0.44144979065152956,no,,,10893,2.2952309520191614
10121,"mXXM(,,, QXXcXQXX)",0.3781240889717374,no,,,10893,2.2952309520191614
10122,XMCXQCLCXXRCXLCLXX,0.6272272354121355,no,,,10893,2.2952309520191614
10123,"r(rX(FLLXX, , ), RX)",0.7646804991203294,no,,,10893,2.2952309520191614
10124,"(MqXX,qcX XcFXXfX)",0.46806505038011703,no,,,10893,2.2952309520191614
10125,(XMQcLcXcLMXcQXXX),0.47384769334080173,no,,,10893,2.2952309520191614
10126,"R(mXRQcX(fX), X)",0.11406135203301558,no,,,10893,2.2952309520191614
10127,"rL(CqCX(XLfCX), XCXFLX)",0.6059748791983628,no,,,10893,2.2952309520191614
10128,"(XX, LXQcXXcXXX)",0.7551335963301578,no,,,10893,2.2952309520191614
10129,"QLQF(,LXCCCXXlX, X)",0.812219605255329,no,,,10893,2.2952309520191614
10130,"(RRCXCXCXRX, fX)",0.5471704735233273,no,,,10893,2.2952309520191614
10131,"L(QQXQCCmXrXCmXCX, fX)",0.5692892280204404,no,,,10893,2.2952309520191614
10132,"rLC(,RQXL(XccXXX), XX,)",0.6920630947642608,no,,,10893,2.2952309520191614
10133,"LX(fQXcXcRX(, FX, X))",0.6816149718040455,no,,,10893,2.2952309520191614
10134,"(mXLXqqCCXFCXX(XRLX), QX)",0.5484469002671731,no,,,10893,2.2952309520191614
10135,mm(XMXRQXRCCXXXLCXqmX),0.5753442922101042,no,,,10893,2.2952309520191614
10136,XMcXcflqXcLXXXRcX,0.4565156755092364,no,,,10893,2.2952309520191614
10137,XRFCCXQCFXXCXX,0.43873308337834616,no,,,10893,2.2952309520191614
10138,"L((CRXRLMCXCXX), qMX)",0.5280271018383185,no,,,10893,2.2952309520191614
10139,McX(cF qQXQXcXlXcX),0.31105933021730336,no,,,10893,2.2952309520191614
10140,"(RRCXCXX(fXX), RXRX)",0.7403995278959875,no,,,10893,2.2952309520191614
10141,"L(X, cQmmXXcX)",0.16288909674267582,no,,,10893,2.2952309520191614
10142,cXXrQcXRFXLcXXcX,0.6263507537767559,no,,,10893,2.2952309520191614
10143,qfF(XccX crXXmcXX),0.43981777190016663,no,,,10893,2.2952309520191614
10144,"rc(,rLXcmXX, X)",0.4631947697958741,no,,,10893,2.2952309520191614
10145,Xc(qqXccX XLcXLfX),0.5565691919834964,no,,,10893,2.2952309520191614
10146,CCXqXmqMX,0.018749910318999426,no,,,10893,2.2952309520191614
10147,"(X, rcqXRcMXX)",0.2000003724451757,no,,,10893,2.2952309520191614
10148,"(X(QcXXcXX(cX), ), X)",0.6116442135424143,no,,,10893,2.2952309520191614
10149,"X(((X), ), FX,rrXcXcXXX)",0.4966154728232871,no,,,10893,2.2952309520191614
10150,"r(XX,rcmXfcXLX)",0.33738729456077776,no,,,10893,2.2952309520191614
10151,"cL(QXmcXcX,XcFX)",0.4401240536507151,no,,,10893,2.2952309520191614
10152,"(M(MFXRCQLXCXLXX), XrfX)",0.5905364089830623,no,,,10893,2.2952309520191614
10153,"QQ(X,cmMXMX cX)",0.22892416392767467,no,,,10893,2.2952309520191614
10154,RfLXQCXQCXCXXXX,0.5376059711886984,no,,,10893,2.2952309520191614
10155,LXRqCCqXMXLXCXqX,0.6943588591826213,no,,,10893,2.2952309520191614
10156,"(RcXXRccXRfcXRcXcX, )",0.48110286868312824,no,,,10893,2.2952309520191614
10157,"F(ccXrLcMLqXcXX, )",0.5358883453657257,no,,,10893,2.2952309520191614
10158,"(q(XCXCXqXXX), XX)",0.4332870378781313,no,,,10893,2.2952309520191614
10159,"(CXRRXCLXLX, X)",0.4429220658253058,no,,,10893,2.2952309520191614
10160,"XrL(rXcXXX, LXrLFX)",0.35949994870162494,no,,,10893,2.2952309520191614
10161,cQXXcqqLXMcXcXLlXX,0.5710472301913466,no,,,10893,2.2952309520191614
10162,"Lc(rqX(XrcXX,), XX)",0.5402734574682256,no,,,10893,2.2952309520191614
10163,"(X,qXccFqXXC(RcLX), X)",0.385780536342725,no,,,10893,2.2952309520191614
10164,"L(LXX, FXrXrCXFXX)",0.480099796960975,no,,,10893,2.2952309520191614
10165,"rLC(X,qXXCXX, XRX)",0.4215528780773519,no,,,10893,2.2952309520191614
10166,(XcXRcQLXFXLXX ),0.4253744187648711,no,,,10893,2.2952309520191614
10167,"(,mrrXRmcqmcXRQX, mX)",0.3908277104387102,no,,,10893,2.2952309520191614
10168,rMXrmqCFMcCCXCXCfX,0.24680316661440788,no,,,10893,2.2952309520191614
10169,LCXRCMRMfCXCXXfX,0.7213750363902083,no,,,10893,2.2952309520191614
10170,"mCQX(X, RFXCXFXXX)",0.36966017230973625,no,,,10893,2.2952309520191614
10171,"(QX, XXrcqcLXcXXXX)",0.4574227928731364,no,,,10893,2.2952309520191614
10172,XCXrlLCXqXXXX,0.26981588452298905,no,,,10893,2.2952309520191614
10173,"LX(XCRQX(RLcXX, ),, XX)",0.5385598236500894,no,,,10893,2.2952309520191614
10174,"LX(rrLFCXX(, XX), XX)",0.6196675850844919,no,,,10893,2.2952309520191614
10175,(FXXQXRCCXX fXXX),0.31689808913266254,no,,,10893,2.2952309520191614
10176,"R(LXCQMXXX,XcXcX)",0.48676499580182353,no,,,10893,2.2952309520191614
10177,"X(X, XRlcXL(QXcXXX))",0.3955220704409224,no,,,10893,2.2952309520191614
10178,X(fXCXrrCXXXXRfX),0.39583813479672847,no,,,10893,2.2952309520191614
10179,"X(mLMQXXRCXXX, , X)",0.3227151706280079,no,,,10893,2.2952309520191614
10180,"(CRRMCXFCFXf(, X), CX)",0.3001610306134775,no,,,10893,2.2952309520191614
10181,XRMXCMFCCqXXXXrLX,0.48634569745506506,no,,,10893,2.2952309520191614
10182,LXCXqCXCXfXCCCX,0.4956682747900986,no,,,10893,2.2952309520191614
10183,"C(QXLXLX(, FLXXrX), LMXX, )",0.7161433935724545,no,,,10893,2.2952309520191614
10184,(QfmXXcLcccLXLQXcfXLXRcX mX),0.8936943158150772,no,,,10893,2.2952309520191614
10185,LXcLXRqQccLFXXcXX,0.7269791480384219,no,,,10893,2.2952309520191614
10186,"XCL(MFQXX, fQXXCXQXrFXX)",0.7068187217131188,no,,,10893,2.2952309520191614
10187,"X(RQmmXcmXqLXXq(X, ), X)",0.6211451391525558,no,,,10893,2.2952309520191614
10188,"RFL(XXQcXXXrL((RX)), cX)",0.8495377786830213,no,,,10893,2.2952309520191614
10189,"L(QCXlLLXCXXQXLX, fXX)",0.782332411263669,no,,,10893,2.2952309520191614
10190,"rLqX(qLXR(r(cfLmXX), ), rX)",0.7224824603157737,no,,,10893,2.2952309520191614
10191,ccFmXQXLcXRFX FcXRX,0.5022046109786348,no,,,10893,2.2952309520191614
10192,RXfcq XLqcccXMcXXX,0.694113728891473,no,,,10893,2.2952309520191614
10193,"L(cqXMXcLrXLLXX, (X),, ,MLX)",0.7870041414951643,no,,,10893,2.2952309520191614
10194,"MXqCXX LXFL(, rLXCXXX)",0.612154887859091,no,,,10893,2.2952309520191614
10195,"(LLXCCCQXXfXXCLXX, X)",0.6398057462177058,no,,,10893,2.2952309520191614
10196,LqCcXccXXrLLcXXfXFqX,0.5964417786499574,no,,,10893,2.2952309520191614
10197,"((rLqXmcXLLmmQmXXcXXX), XcXMX)",0.6855233297405269,no,,,10893,2.2952309520191614
10198,"CXL(rrXRf(LLXX, RX), fqX)",0.8870828664074856,no,,,10893,2.2952309520191614
10199,"RcL(LXX, XXRcqmMLQcXXXrmX)",0.7928770755294934,no,,,10893,2.2952309520191614
10200,"Lq(qXccfX(XQm((((LfX), )))), X)",0.6675394143396358,no,,,10893,2.2952309520191614
10201,"fL(mLQmXfX(XXm(ccX), X), (f(cX)))",0.7513288239971537,no,,,10893,2.2952309520191614
10202,"(LQ(, QCXffX, , X(XcXXQX)), X)",0.5040197905536755,no,,,10893,2.2952309520191614
10203,"L((CmmQXXL(RCCXLXMX)), fX)",0.9476074242372177,no,,,10893,2.2952309520191614
10204,"ff(LLc(rLqXmcmXLX,, ), X)",0.573549975266851,no,,,10893,2.2952309520191614
10205,"LqF(LXXCXXMX,  cX)",0.7055950475687294,no,,,10893,2.2952309520191614
10206,"((XLQqXMXCCqXLXXCXMXX), cX)",0.8073330142196969,no,,,10893,2.2952309520191614
10207,"LL(QFXc(XcQXX), ,X,X)",0.8039501335272383,no,,,10893,2.2952309520191614
10208,"(XRRLCX(XfQcFLX, , , ), XcLX)",0.6169312154680042,no,,,10893,2.2952309520191614
10209,"XfLL(rqfLX(XXlcqXX, fX), X)",1.2679263944763162,no,,,10893,2.2952309520191614
10210,"(FXcmMX, FfQMcXXXcXQLXcXRRqCFX)",0.6106401521448274,no,,,10893,2.2952309520191614
10211,"(LXRmQCXCLXrXRRMX, XX)",0.6474546796128274,no,,,10893,2.2952309520191614
10212,"L(QCXfXQ(, MXLLmXQqX), QLXX)",0.7388248180680254,no,,,10893,2.2952309520191614
10213,"X((XCCqqXCXLX(X), QX))",0.5708600152883233,no,,,10893,2.2952309520191614
10214,"(qLXLXrCCXrCLCXX RXCX,)",0.6424779808771104,no,,,10893,2.2952309520191614
10215,"fQfL(FX,CXX,RCXFC(CLXXQX))",0.6945022871971394,no,,,10893,2.2952309520191614
10216,"L(QQcX((QLLffMXcX,  X)), XLlX,XfX,)",0.9386786331172183,no,,,10893,2.2952309520191614
10217,(FQmXMXLCCQCXXXrXX QLX),0.7404917358609254,no,,,10893,2.2952309520191614
10218,"L(fmX, rrccXcXQXX)",0.8102036722498293,no,,,10893,2.2952309520191614
10219,LXCCXQCLCQXLXCLqXMX,0.7711289647499884,no,,,10893,2.2952309520191614
10220,"mqLX(LX(mqXMCCXLX), LqX)",0.688609123847583,yes,B2,19,10893,2.2952309520191614
10221,"L((L(LQCLQXCfXCXX, FMX)))",0.7792533323020361,no,,,10893,2.2952309520191614
10222,"L(CX, rrLXccXXRXX)",1.0477835841117988,no,,,10893,2.2952309520191614
10223,LLXRMCQCXCCLXRFX,0.6412197575897443,no,,,10893,2.2952309520191614
10224,"(XLcqX, rLMcXFcqcXFXXXcX)",0.6796930926121466,no,,,10893,2.2952309520191614
10225,XLmqXccLFQQXLcXMXlLXrLX,0.7949003830153705,no,,,10893,2.2952309520191614
10226,"LXr(XrXC(XMXXlQLX), FX)",0.977276454125897,no,,,10893,2.2952309520191614
10227,"((RRCXCX(XXX)), LX)",0.8668319159565252,no,,,10893,2.2952309520191614
10228,"(MLXrCFX, cqFfXfqccXLXXFMLX)",0.8666037217839839,no,,,10893,2.2952309520191614
10229,MLqXCXLXrQqCfXCXCXcX,0.6718938011120994,no,,,10893,2.2952309520191614
10230,"cL(X, QXLXCCXXLXX, RX)",0.8680923739553511,no,,,10893,2.2952309520191614
10231,"(LCX(QX(mCLLLQXCXXX), X))",0.7576801902663077,no,,,10893,2.2952309520191614
10232,"(MX, LqX(F(LXmCCLXLX)),)",0.8368737636625095,no,,,10893,2.2952309520191614
10233,"LXff(XRRFcXmXLLXcXFLX, cXX)",0.8819238499923496,no,,,10893,2.2952309520191614
10234,"C(CXLFCqCXLXCqXX, , LLcX)",0.6858429968232812,no,,,10893,2.2952309520191614
10235,"(fXRL(RLXMfCCXLXCX, , ), )",0.938240308759668,no,,,10893,2.2952309520191614
10236,"rL(, rXccXLLXFLX, rX)",1.0124753501284618,no,,,10893,2.2952309520191614
10237,"(QXLLLX, cqLXXcLLXXXX)",0.7911367097315334,no,,,10893,2.2952309520191614
10238,"MLC(X,RQLX(, qXXFXX), CX)",0.9840332619933859,no,,,10893,2.2952309520191614
10239,"L(X(X), L((, qX), RCQXCXqXXX))",0.8336127828760939,no,,,10893,2.2952309520191614
10240,"(cLc(LqXXcqXXXX, fXX), X)",0.6889656809990768,no,,,10893,2.2952309520191614
10241,"Q(QCXRCQqX(fLCXX), X)",0.6728997696499688,no,,,10893,2.2952309520191614
10242,"RLF(RX(cLXXXX), rXX, fMX)",0.7900306738501731,no,,,10893,2.2952309520191614
10243,"RmL(qLXrCCXCXRXMXRFCX, fLXLX)",0.7455962431867742,no,,,10893,2.2952309520191614
10244,"L(LfX(X, XXqqFXCFCLCXL(MX)))",0.8491567255987617,no,,,10893,2.2952309520191614
10245,LcXcrrXcX qXfFfX,0.73060175313198,no,,,10893,2.2952309520191614
10246,"X(rc(rmLCX(CMXXXX)), XLLX)",0.7523670085200316,no,,,10893,2.2952309520191614
10247,"mLXX(MQX(XcXXLXmX), X)",0.7008082914823913,no,,,10893,2.2952309520191614
10248,"L(XmfX, LXRcMcMXLQFcXXRX)",0.6842212848555334,no,,,10893,2.2952309520191614
10249,"(RX, LXFf(XX, , QcXcXmXmLQXcX))",0.9475969659325508,no,,,10893,2.2952309520191614
10250,"(qfXFXRqCLCXXX, LXqX, X)",0.8527727495196081,no,,,10893,2.2952309520191614
10251,"(LQXFX(cQLcXLX(fFX, ,)), cLX)",0.6634068391176112,no,,,10893,2.2952309520191614
10252,"L(,,FXcQXXX((LX, )), X(QX))",0.5929986132307333,no,,,10893,2.2952309520191614
10253,"L(,XCqXCX(CLXqLXqCX), CX)",0.678471560309915,no,,,10893,2.2952309520191614
10254,"MC(rrLCCLCXXXX, X)",0.6724824243666929,no,,,10893,2.2952309520191614
10255,"L(LXflCLmX, qmXFfcXcXrXXcXX)",0.7170147834660706,no,,,10893,2.2952309520191614
10256,LCXMXQQCLLXXrfCXmXLX,0.7079451302474348,no,,,10893,2.2952309520191614
10257,"C((qLCXXLXXCMXRX), XXX)",0.7970395350592809,no,,,10893,2.2952309520191614
10258,"LL(QCCMFQFfXMFCXLXX, LX)",0.9890745754786548,no,,,10893,2.2952309520191614
10259,"cXLL(rMfX, MXRRFXMcFXLXrX)",0.9317984903099187,no,,,10893,2.2952309520191614
10260,"(XX, cLqlXLXLcXrcXXXmXRQMqcX)",0.6909785693175591,yes,B2,23,10893,2.2952309520191614
10261,LccqXLcXrLcXmXLLcXLQXX,0.9967782912316169,no,,,10893,2.2952309520191614
10262,XrMcXLLXLXmMcQXcMXXXLXrX,0.6717140818640855,no,,,10893,2.2952309520191614
10263,"(CXXX, RRCLXCFXLXXX)",0.9582342927377562,no,,,10893,2.2952309520191614
10264,"L(LMQXmLXcXrcXX, LXX,)",0.6952895445338299,no,,,10893,2.2952309520191614
10265,"L(LXrCLXrCXLCXXX, mX)",0.767172037373968,no,,,10893,2.2952309520191614
10266,"(QXX, , QXcXLXcLQXLcXXXmMX)",0.8379693274852978,no,,,10893,2.2952309520191614
10267,"rLFXL(CqLX(XmCXRMMX), X)",0.669720371833082,no,,,10893,2.2952309520191614
10268,"m(RMLCL(RLCCXCX(XXX),  CX, ))",0.9961308641189227,no,,,10893,2.2952309520191614
10269,LQQQXXFXcQcXfLXcXXXCX,0.7735834366831253,no,,,10893,2.2952309520191614
10270,"fL(RRfCXmMCX(XrLXX), FX)",1.155493318196061,no,,,10893,2.2952309520191614
10271,"LC(X,QCXXCQXLQXrX, LX)",0.7574696683832239,no,,,10893,2.2952309520191614
10272,"X(XmX, XQXcLXRLLccXX)",0.7628278930529655,no,,,10893,2.2952309520191614
10273,"L(LQXXFccXLX, F(flX),)",0.7965193826686668,no,,,10893,2.2952309520191614
10274,"LMXR(RXLXLccXLXQX, X)",1.1542096779156044,no,,,10893,2.2952309520191614
10275,LXcLQcXLcXQmXrQcXFfX,0.7190070360862717,no,,,10893,2.2952309520191614
10276,"L((CX,MX), QQXCCCXRmXX(X))",0.8369125563818696,no,,,10893,2.2952309520191614
10277,"mLL(QXmMLXCCXLXLXLMX, cLX)",0.9929979693207636,no,,,10893,2.2952309520191614
10278,"(fCCQLXfXfXCXrX, XfLX)",0.48321126781277945,no,,,10893,2.2952309520191614
10279,"L(XX, FqcXcXrcXXrXqX)",0.7960525719156617,no,,,10893,2.2952309520191614
10280,"(XXRXcRcXFQLXmX, LcXRLX)",0.6851452558904777,no,,,10893,2.2952309520191614
10281,"F(RLQmXLLCLCX(X), qX)",0.7394835185354174,no,,,10893,2.2952309520191614
10282,"LXL(QXXCXFLCXXX, X, )",0.7155102532481826,no,,,10893,2.2952309520191614
10283,FXCLXCQCXXLLXQCXXX,0.7012536831176445,no,,,10893,2.2952309520191614
10284,"(LLrQXRX, (mqcXLXcXLXXX))",0.9057686515374733,no,,,10893,2.2952309520191614
10285,"CLL(fcX, rccMmXqcXFcXfXFX)",0.7595922860847298,no,,,10893,2.2952309520191614
10286,"LcL(MX,RXLX, LQQXcXXLX)",0.9106725153175945,no,,,10893,2.2952309520191614
10287,"QL(rXXCQCXLXCXLXlcX, QX)",0.7810774600731933,no,,,10893,2.2952309520191614
10288,"L(Fm(f(X)), rrMcXcLLXXcXFX)",1.2467177588878084,no,,,10893,2.2952309520191614
10289,LXLLcXQXXcLXXfcXX,0.7830836858962447,no,,,10893,2.2952309520191614
10290,rqXMLXqLccXXLFcXLXLX,0.9568118917315094,no,,,10893,2.2952309520191614
10291,"RRf(Lc(CCLLXCXLXQXFX), LmqLLX)",1.3289411055960123,no,,,10893,2.2952309520191614
10292,MLXCCQLXLXLCQLFXXLCXXmFX,0.9613079168880672,no,,,10893,2.2952309520191614
10293,m(FX rcQLmXFXcQXrXXXQcQXqFfX),0.7816248456387784,no,,,10893,2.2952309520191614
10294,"X(RRFLXX(XMMLXX,X,), QX)",0.9998263718034186,no,,,10893,2.2952309520191614
10295,"m((QLCXcXQLcXrLX), MX)",0.6963780307901168,no,,,10893,2.2952309520191614
10296,"(L(LXfF(mLqXmXCXLXXrX, X), ))",1.1183827282847985,no,,,10893,2.2952309520191614
10297,"(RXFXLcXLX, RLfQLcMcMXFXrXLXqXX)",0.7836574815329728,no,,,10893,2.2952309520191614
10298,"F(M(RRLCFX(, LXL(XFcFX))), LX)",1.2563721101396275,no,,,10893,2.2952309520191614
10299,"q(LXcm(LX(LqXXX,)), rLLXcXXqX,X)",0.896523325923648,no,,,10893,2.2952309520191614
10300,"((LXLLLcqcqXcXXX(X), ), X)",0.9931605190276812,no,,,10893,2.2952309520191614
10301,"(fLXLXrLLcMcXqXcXmXXrX, )",0.8476792163898109,no,,,10893,2.2952309520191614
10302,"Lm(qXcXrqcmXfX,LmRXRCXCXqLFXX,)",0.8849176770945776,no,,,10893,2.2952309520191614
10303,"(LmXmX, X(XXRRXcXLFXXLX), LX)",1.0717375602518073,no,,,10893,2.2952309520191614
10304,"fL(, RCQCLLCXQCXCLXrXfXXRLX)",1.0473768393590657,no,,,10893,2.2952309520191614
10305,"cf(mmX, RRLcLcX(XXLLX))",0.7929737273749331,no,,,10893,2.2952309520191614
10306,"Lf(RLQXFLCLCLXXfQX, LmXfX)",0.962168803918025,no,,,10893,2.2952309520191614
10307,"LCL(,RRmLXMCmXXLQXfX, FQX)",1.2955062557810486,no,,,10893,2.2952309520191614
10308,"(LLX, qcXMLMXLcXLcmMFXXmX)",0.9168183122564747,no,,,10893,2.2952309520191614
10309,"L(CX, FXrLXLqCXFXLFXLX)",0.9111763684444643,no,,,10893,2.2952309520191614
10310,"Lc(cMX,(cqfcLX(rccX(cXXqX))))",0.7354243402451488,no,,,10893,2.2952309520191614
10311,"L(LQXrCLCCqXFXXFXLXrrX, X, )",0.9585410821878732,no,,,10893,2.2952309520191614
10312,RmCLLCXqCXfLXqLCXRFXLX,0.8562754727674606,no,,,10893,2.2952309520191614
10313,CXRLXXrrCCFFCXLXCXLfXMX,0.784898466714596,no,,,10893,2.2952309520191614
10314,"MLXLLCQM(CXRfCXLXMXX, X)",0.6762656842386565,no,,,10893,2.2952309520191614
10315,"F(X,LfX(rMfLXccqcqXfXXLXX,X))",0.7436351282547532,no,,,10893,2.2952309520191614
10316,"LLM(McQLXLcQcFcXcLX, (X), X,)",0.8908520241211625,no,,,10893,2.2952309520191614
10317,"LC(,LX, RLQLXCCXLXclmX,)",0.9819757642125989,no,,,10893,2.2952309520191614
10318,"LXq(X, LLXXCLXFLXqCFX)",0.8764518304668903,no,,,10893,2.2952309520191614
10319,LX(LLcrX ccqXXLXFXLXX),0.8197213922157587,no,,,10893,2.2952309520191614
10320,m( qLLXXQccXLFXcFXXXX),0.8484967030560956,no,,,10893,2.2952309520191614
10321,"(RLC(LMFXLQCCmXCL(QFXLXrqX), q(X), ), )",1.17305356402233,no,,,10893,2.2952309520191614
10322,"LL(LXrqCXLLX((L(QCLX(X)))), LMMX)",0.8814640254197126,no,,,10893,2.2952309520191614
10323,ML(CXXfqLCCXXXqLCXQXLLX ),0.8724023961318459,no,,,10893,2.2952309520191614
10324,"qL(CXFXL(rcX(XfQXX),), FFmXX)",1.039379166327799,no,,,10893,2.2952309520191614
10325,"rcL(qLmXRC(rLcXRX(RRRQXX),), cX)",1.3129828566086612,no,,,10893,2.2952309520191614
10326,"(cL((MqCQXQXL(CCXLLXRqX)), X), )",0.9556534683218239,no,,,10893,2.2952309520191614
10327,"mXX(QXLCCQfCXmLXrLXX ,LMmX)",0.9531108219038329,no,,,10893,2.2952309520191614
10328,"(RRLFmX(RMX, LXRX), LX,)",0.8886415571966503,no,,,10893,2.2952309520191614
10329,"LLXq(FfXCXLXLCFX, rrQXcfXcXfXX)",0.8971462065644112,no,,,10893,2.2952309520191614
10330,"LXcFcXmqmXX(fXqqM((LXXcmfX),) )",0.7189472545900887,no,,,10893,2.2952309520191614
10331,"cL(mXqCqmLX(, mCLXMCX), LX)",0.6205321477659125,no,,,10893,2.2952309520191614
10332,"ML(cq(ccLX(rCCLCLmXRLXmX), X), X)",0.950845781644553,no,,,10893,2.2952309520191614
10333,"L(FQXXcLXXrLXX, cLqXX)",0.8799734113327844,no,,,10893,2.2952309520191614
10334,"XXL(X, rXrXmmCX XLFMXLX)",1.1904080652834654,no,,,10893,2.2952309520191614
10335,LcXLCCmXrrMFCMXXLXrCLX,0.9023659556263767,no,,,10893,2.2952309520191614
10336,(XXlFcLLXMQXLXcXLXLXrmMcX FX),0.8970262018119438,no,,,10893,2.2952309520191614
10337,"L(cX,FfX, qXMXCCXLLXCX)",0.9894869546118591,no,,,10893,2.2952309520191614
10338,"fC(X, LLQFCXXRmCXMMXXRCXl(LXX))",0.8485625599013767,no,,,10893,2.2952309520191614
10339,RLLXRXRCCXRFXXXCLXLX,0.9981206043661339,no,,,10893,2.2952309520191614
10340,"FLL(rqXcccXXCMXrX, cQXrX)",1.0274149201814116,no,,,10893,2.2952309520191614
10341,"LQLMXLL(rRXX, mQXCCXXMMXrXcmX)",0.9784008924270209,no,,,10893,2.2952309520191614
10342,"((FXrrLLCFXXmLFLXCXfX), LLLX)",0.9884095035044087,no,,,10893,2.2952309520191614
10343,"XXLQ(rMLqLXXFCX(LLXfLXX), mX)",1.179577124936865,no,,,10893,2.2952309520191614
10344,"m(LL(rrXLcLcmXXlXFX, ), , L(, mMLX))",1.3731430655249144,no,,,10893,2.2952309520191614
10345,"LMLL(RRCXCXL(L(LXMXlcX)), fX)",1.5648897209657178,no,,,10893,2.2952309520191614
10346,"L(X(X), LfXcXQXXFcXLFXXcXXcX)",0.8730783825186772,no,,,10893,2.2952309520191614
10347,rLccqXLcLcXXXXXqmLcXcXX,0.9480084973565095,no,,,10893,2.2952309520191614
10348,"m(, XMLcQXffcFXXLXQQLccXMXQX)",0.7536503457678033,no,,,10893,2.2952309520191614
10349,"(LXCX, qmXcXX(LcLXXrX))",0.8212779429428809,no,,,10893,2.2952309520191614
10350,"FXL(,RQMXRRLL(, , XRQXmXX),  QfX)",1.50763785316631,no,,,10893,2.2952309520191614
10351,"Xc(RfLX, MLFLXRcFLCXRcFccXRXFXqcX)",0.7626602663178318,no,,,10893,2.2952309520191614
10352,"L(RqQccLXLcLXRLX X, XcX, mfXcX)",1.0040806467987264,no,,,10893,2.2952309520191614
10353,"(XLX, q(, XXXL(X, XXCFLLX), LmLXCXXRX))",1.1193969610087582,no,,,10893,2.2952309520191614
10354,"L(, FLCXrrCXLCXLLX, , rmLQX)",0.8084531799003057,no,,,10893,2.2952309520191614
10355,rC(fCLQXCQLCXLCXXLMXmCXLX),1.0436466311926498,no,,,10893,2.2952309520191614
10356,RQXRcfXLXRcLfcXQcLXFLXmXcX,0.8755855376912995,no,,,10893,2.2952309520191614
10357,"LLL(FXrXCqXFLXrL(LCfX), rqX, )",0.961844822301496,no,,,10893,2.2952309520191614
10358,rLqXfcLQcLQcXcXLLXX,0.8126597171448932,no,,,10893,2.2952309520191614
10359,LQQcXXFLXccqLcqXFXLXFcX,0.9290265551747585,no,,,10893,2.2952309520191614
10360,"LfF(fXLFXqCCmXLXXmXXXCFFMMX, XLX)",0.85719120943258,no,,,10893,2.2952309520191614
10361,"LXCLCLXrrMCXLMLXLL(, L(RLX))",0.7987272474972977,no,,,10893,2.2952309520191614
10362,"(LLXrLXCqLLXCXmXFXCXXFX,LLX)",0.8573833835103455,no,,,10893,2.2952309520191614
10363,LCXRCMXmqCXXMXmLfCXLX,0.8086925541166919,no,,,10893,2.2952309520191614
10364,LCXQCfCXCXCQXMLXQfLX,0.692754717398171,no,,,10893,2.2952309520191614
10365,"m(MQLCXCCCLQXCmXRRXMmX, LX)",0.9543608725906666,no,,,10893,2.2952309520191614
10366,"LLLXr(FqXL(rqXXXLFX, LLX), X)",1.6597119603138755,no,,,10893,2.2952309520191614
10367,"L(XX, MXrfFXrCMXXXrLX, )",0.7957843523018362,no,,,10893,2.2952309520191614
10368,"rLmL(qX(,RCXfX), RX,X,X)",0.7420994684965669,no,,,10893,2.2952309520191614
10369,"LLXL(QX(M(mX, )), XRQXLcLcLXX)",0.9400084457954672,no,,,10893,2.2952309520191614
10370,FLXQmmcXLXRcMFcLmmLLXcXcXccX,0.8506418601935855,no,,,10893,2.2952309520191614
10371,"(RRFFLXXXcFLXXLXX, LLXX, )",1.2669943214599053,no,,,10893,2.2952309520191614
10372,"FXXmL(CCqCXXqCLXX,,, FXfX)",0.8900952272978858,no,,,10893,2.2952309520191614
10373,QLXmXcLmmcQXFLXcXRMLcXlXX,0.8840073219890588,no,,,10893,2.2952309520191614
10374,"LMLC(XX, RQXrCLXXQQXX)",1.1841437891662547,no,,,10893,2.2952309520191614
10375,"L(L(QLQCXCCLXXX, (LMM(X))),)",1.0483537093720448,no,,,10893,2.2952309520191614
10376,"FXL(LXCqqFXLFXCLLLQXLX, LX)",0.9901234492257915,yes,B3,23,10893,2.2952309520191614
10377,"FX(QMXLcXXcX, QmLfLX)",0.5669298509027735,no,,,10893,2.2952309520191614
10378,"((rrLLLLmLMcXFcXfXRQXX), cFXX)",1.0712578047515997,no,,,10893,2.2952309520191614
10379,"(, XRLLQXCRCfXLCXXXmFXfX)",0.8272766036790298,no,,,10893,2.2952309520191614
10380,"c(cL(FX,qcmqXLLccXLXqX), , )",1.147906890621246,no,,,10893,2.2952309520191614
10381,"(LXXLXqLLqCCXCXLXXX, FX)",0.7224149045968352,no,,,10893,2.2952309520191614
10382,"LL(MF(CLQXCLXXCLQXmCXXRX), CX)",0.885864124071026,no,,,10893,2.2952309520191614
10383,"L(LXrLXCXqMXCLMXrLLQCX, rX)",0.9819637509427688,no,,,10893,2.2952309520191614
10384,"ML(RRCMXLLMQ(, (fFLLXrrmmqXLX)), qXqX)",1.1523347783806976,no,,,10893,2.2952309520191614
10385,"RR(, LfmfMMFX, LXLLCCXMLLXX)",1.2800630126599248,no,,,10893,2.2952309520191614
10386,"LLL(LLX, (RRLmFX(qX, XfXXfLMX)) , X)",1.4883844004996098,no,,,10893,2.2952309520191614
10387,CLCLLXLLLQMMCQMCMCXLCQLCCXLmqXcmX,1.2567045821632705,no,,,10893,2.2952309520191614
10388,"(fQLLXLfFXfFCCfXLXQMLXX, rLX, )",1.0261965121468397,no,,,10893,2.2952309520191614
10389,(LXQFQXCLCXLXLXLCLMmXRRFLmX ),1.1052734557869006,no,,,10893,2.2952309520191614
10390,"cLLmLfMF(X, X, rrXLLcXXXXX)",1.370347390277271,no,,,10893,2.2952309520191614
10391,"RLf(,RMXfCXLLCXlXX,mX)",1.053436289466491,no,,,10893,2.2952309520191614
10392,"L(FXqLX, LLLXQcXLXF(cXfXRfX))",0.9135256102039825,no,,,10893,2.2952309520191614
10393,"LFXL(,QXLLCCXQCXXLXqX, MQX)",0.9922442660872821,no,,,10893,2.2952309520191614
10394,"L(XLr(RfqLXCXrCXX, qXCLX), LqXCXrCXMX)",1.208875636243251,no,,,10893,2.2952309520191614
10395,"m(Fcc(, LXX, cqLXfLXXXcFXLLqXfX), , )",0.7676330760147831,no,,,10893,2.2952309520191614
10396,"L(RRLLCLXCLCXmXmcXX, r(RX))",1.535802442315986,no,,,10893,2.2952309520191614
10397,"qLL(LXXCXfFXXQfX, FcmLX)",0.9228169126303858,no,,,10893,2.2952309520191614
10398,"LLXF(LqLMXmXCXLXLXRX, MX)",1.3022416585983028,no,,,10893,2.2952309520191614
10399,"L(rqLLcXcXLXLX, , , RXLX)",0.8200894557680096,no,,,10893,2.2952309520191614
10400,"L(RRLMLXRQL(rX, L(cCQX), XX), ffcX)",1.125319021279005,no,,,10893,2.2952309520191614
10401,"L(RX(CCqXX), cQLXXcXrqX)",0.7507429140608665,no,,,10893,2.2952309520191614
10402,"Rm(LCXCqCXLXLXRRM((, QXRX) ))",0.9450737707764527,no,,,10893,2.2952309520191614
10403,"LLL(MXQCLfXLCXRCmX(LXMMXcX), qX)",1.1361440779794643,no,,,10893,2.2952309520191614
10404,"LRLLm(X,RXL(,,  XLqXXmX), )",1.8558212165309873,no,,,10893,2.2952309520191614
10405,"L(LQCX, , rrMLcLXcXLfLfMmXQFLXX)",1.5330940293968953,no,,,10893,2.2952309520191614
10406,"FcMCCCL((MLMXQXL(RCCLLXXX)), rrXLXX)",0.9998623544361662,no,,,10893,2.2952309520191614
10407,"fLFL(fX, rqLXQL(mXFXLFmXLMmX, , ), )",1.8245680499034043,no,,,10893,2.2952309520191614
10408,"F(LQqXLLLfmX, qcXLLLXfcXXLXqX)",0.9798117369152723,no,,,10893,2.2952309520191614
10409,"F(lLXqX, fLXcQXXcLXXr(F(X)))",0.9777406846296781,no,,,10893,2.2952309520191614
10410,"LM(qXLXRQQ(L(FXMLX, , LX)), qqcXLFLXcX)",0.9642167516874032,no,,,10893,2.2952309520191614
10411,"QLLL(RXlX, LX(XCCXXXRLfX))",0.7142326401835447,no,,,10893,2.2952309520191614
10412,"(LFcff(XMX, XQMXXcLXFXLX), X)",1.1058340655826935,no,,,10893,2.2952309520191614
10413,"cf(LcmXrLFcqLXcXRQMQXRLXccX, , MXmX)",0.9642032437571394,no,,,10893,2.2952309520191614
10414,"LXL(qXXCL(((, , XLXLCX), )), XRX)",1.1275578406584725,no,,,10893,2.2952309520191614
10415,LXRRCFLCXrLLfCQXLXMfX,1.2457498037867845,no,,,10893,2.2952309520191614
10416,"lqL(rmLLXLL(L(LLMXFMLLQXrLfX),, ), cX)",1.5786833784666505,no,,,10893,2.2952309520191614
10417,"(rLMLXFX, qcXLXcMmXmXLX(X))",0.9197441343980125,no,,,10893,2.2952309520191614
10418,"rCLLC(, qFXRqL(LcXQLLXXLLfX, ), QMX)",1.8958554098307978,no,,,10893,2.2952309520191614
10419,"LXmL(LqfXmFXCLXLmfXLXRFX, RX)",1.2933414950842324,no,,,10893,2.2952309520191614
10420,"Lf(MXLXqCmmqFLXfCMLmXX LXfX,(X))",0.7129969812028093,no,,,10893,2.2952309520191614
10421,LXqmqXmcLcXMXffXLcXQXLX,1.1309333736262541,no,,,10893,2.2952309520191614
10422,"CXL(LXCQFQLXMCFFXLXXcX, X)",0.9966275758448498,no,,,10893,2.2952309520191614
10423,"rM(XRLX, rcLLXcXXLXLX)",1.0706683684263187,no,,,10893,2.2952309520191614
10424,MXCmLLXRCQfmCLLXLLLLCLXqXRX,0.9869835559323734,no,,,10893,2.2952309520191614
10425,XLCXFCLFXMXqFmCXfXLXmCXX,0.7631370454556577,no,,,10893,2.2952309520191614
10426,"m(C(CmLmXrrC(XLXXmLCmX), ), LLX)",0.8087204486401087,no,,,10893,2.2952309520191614
10427,"Lm(L(qX, LQX, ), XQQcXMLccFLXLXmX)",0.8956969452114328,no,,,10893,2.2952309520191614
10428,"lXLL(LX, qLcLXcqccMXXrXXfX)",1.084093376791932,no,,,10893,2.2952309520191614
10429,"CLXRc(,RMXLXMFcLX(XX), ,LX)",1.037620597021672,no,,,10893,2.2952309520191614
10430,"rLFLLC(rMMXCFXLXFLCX, fXCfLMX, , RqX)",1.2502587158529375,no,,,10893,2.2952309520191614
10431,"(XLXQCfqXXqClLLXLLCLLFXX(LLfX), QqX)",0.961045421790969,no,,,10893,2.2952309520191614
10432,"ML(MX, QmMXL(LXLLCXCMFXrLFXmX), )",1.0432225411837974,no,,,10893,2.2952309520191614
10433,"L(,RmLLXX, rLqXLLLcLLcXLXCX)",1.089875213452559,no,,,10893,2.2952309520191614
10434,"FmXL( ,MQX, LLXqXXCXLXLX)",0.9743010346235258,no,,,10893,2.2952309520191614
10435,"M(QfXQfLmCLXL(, rfLXLXcQQX), LLX)",1.173034597480905,no,,,10893,2.2952309520191614
10436,"(rrLX, XLqXLcmLcmXcqLfXLLMcmXXX)",1.0068617183464759,no,,,10893,2.2952309520191614
10437,"Lq(MfXCXFX, mXLcLcXXmXrrLX)",1.1212617669748217,no,,,10893,2.2952309520191614
10438,"L(, LXfX, LqXLLXLCXCXX, )",0.8051918959281227,no,,,10893,2.2952309520191614
10439,"(lLLFMmCXX((rLqCXCLXX, ), MLLXX))",0.7255764805995327,no,,,10893,2.2952309520191614
10440,"XRQQX(RfXrCLX, XLXL(X,  XCqXX(X)))",1.069628943288491,no,,,10893,2.2952309520191614
10441,"rL(X,qRq(rX),, rmLcXmLcXfXXMqX)",1.184269095633538,no,,,10893,2.2952309520191614
10442,"XRLfL(cQXrmcFXRXLX, r(QXX), fMXrMcX)",1.1550569404033841,no,,,10893,2.2952309520191614
10443,"rLL(rXcFXrcQfXL(FXX), q(LmX), )",0.9391697456129608,no,,,10893,2.2952309520191614
10444,"C(rX(rfLXLCXMXLCX), fXmlX,)",0.884379432203965,no,,,10893,2.2952309520191614
10445,"(rLLqXrmc(mfXM(QLqcXQXfF(cX(LQX))), ) )",1.069992348665238,no,,,10893,2.2952309520191614
10446,"CLML(rLXqCXFLCFLXCX, (qqXFX))",1.0511866715530642,no,,,10893,2.2952309520191614
10447,"XL(rqLLXLX, XRcQXfLXqcXqXXR(fX))",0.9020967788728365,no,,,10893,2.2952309520191614
10448,"mL(CXRRCCLCXXXmLCX(L(q(X), ,)), rX)",0.971150715667124,no,,,10893,2.2952309520191614
10449,"cL(Lf(, rrMXLcXLXXX, RFX),)",1.5506166307425282,no,,,10893,2.2952309520191614
10450,"L((XRFFQFXcX(qLXfFLccX), LF(cfX(FcmX))))",0.9146534472500989,no,,,10893,2.2952309520191614
10451,"(RLLLCCCCQQXXCLXQmXCXXLL(MX,,))",1.00058105972631,no,,,10893,2.2952309520191614
10452,X(RcLX LXcXRQXccLMXmLXmX),0.8219107423555427,no,,,10893,2.2952309520191614
10453,"CLX(LLL(, LXrqLXLL(X, LXX)))",0.9974631300471881,no,,,10893,2.2952309520191614
10454,"cQXLLX(LmLFXrX,RfcXXLcXLXqX)",1.0123463155373014,no,,,10893,2.2952309520191614
10455,"rmfqL((RLqqX(XXXRX,X)), LcXcFXLXRcQcX)",1.2494125709553765,no,,,10893,2.2952309520191614
10456,"(LLQF(XqLqCXXLLLCXFFLLXXCMM((X))), mMX)",0.9434085612560037,no,,,10893,2.2952309520191614
10457,"L(L(M(rX), MQQXCMCXFLLXXLLX, LX, ), )",1.1572705052075276,no,,,10893,2.2952309520191614
10458,"L(RQX,, MQcX,, rFcmFXrCXCfLXf(LX))",0.9283404308923926,no,,,10893,2.2952309520191614
10459,(cLLXqqccMLXLcLLcXrLMLmXFMLX ),1.2951598271315214,no,,,10893,2.2952309520191614
10460,"L(, qXXrLfLcccXXXFXLXLcQFFFX)",1.0833018730120039,no,,,10893,2.2952309520191614
10461,"L(fLmX, rrLLcMXLMCMXLXCXX)",0.9156783108597422,no,,,10893,2.2952309520191614
10462,"LX(rX, , RfcQXfXqXLcLrLcLcmX)",0.9028984694745011,no,,,10893,2.2952309520191614
10463,"qLqLXRLL(QMXMfccXmXLXLX,X)",1.2911899983645028,no,,,10893,2.2952309520191614
10464,"FXL(FfX(qLXLrLCCCXQXFX), LX)",0.9857389541983064,no,,,10893,2.2952309520191614
10465,"((LLQXMXMCCXRRXXrX), LLLX,)",0.9054794897314518,no,,,10893,2.2952309520191614
10466,"RlL(LL(RmCLXFFCXLLX(LXLcX), X))",1.6552066590700545,no,,,10893,2.2952309520191614
10467,"LLLcfX(qXMcXLXMcqXLLXqX, QX)",0.9555687748701164,no,,,10893,2.2952309520191614
10468,"QLQMFcL(XcLXXfX,,,XLX,, XXqFFXXLX,)",1.3471078426375331,no,,,10893,2.2952309520191614
10469,"L(q(mX), CCLLXCLQXMCCQXXrFXrMFXlQCX)",0.9113138960654255,no,,,10893,2.2952309520191614
10470,"rMLLC(LX, RQQXLCLLCXRLXXcMLFX,)",1.671678892036237,no,,,10893,2.2952309520191614
10471,MfCMXRflLCCLQXLCXX,0.6558181177145008,no,,,10893,2.2952309520191614
10472,"LF(X, LXRQcFXFLXcqfLXX)",0.8742346521757296,no,,,10893,2.2952309520191614
10473,"(, LXr(, rX, rmmXmXXCMFXLXMXLX))",1.187017926617555,no,,,10893,2.2952309520191614
10474,"LL(X, rrcXMfcFFXLMLmXLXfmMX)",1.473523791001482,no,,,10893,2.2952309520191614
10475,"LC(qqXCLLCCXLX,rXLXX, LCm(RQ(qX)))",1.0176078595581755,no,,,10893,2.2952309520191614
10476,"LLL(QQXL(FCCXX(R(LmXfX))), (RLmXFX))",1.2260354502803557,no,,,10893,2.2952309520191614
10477,XMrCQXLmLLLXQFMCXCXLXXX,0.9457389471126673,no,,,10893,2.2952309520191614
10478,L(fMXrrMcLLcLcmXcLLXfXC(LX)),1.2610665558082588,no,,,10893,2.2952309520191614
10479,LLXXRLcQcXcLmLcXcLXcXLXmX,0.9710455950908768,no,,,10893,2.2952309520191614
10480,"LL(X, qcXcXMFXrcXMQLXMLX)",0.8985385013273093,no,,,10893,2.2952309520191614
10481,(rLLXmXLcLcQmXFFXLLXLmcLXQX),1.0109463414334134,no,,,10893,2.2952309520191614
10482,"FXFXr(, rXLF(FCCLXXmqX), LXLX)",0.9712992307406223,no,,,10893,2.2952309520191614
10483,"c(rLQLFXRLCfmXLCXCXFXL(fLX, ), RfMLmX)",0.9786442219274066,no,,,10893,2.2952309520191614
10484,"LCLC(QXCmLmXLFXLQCMXLCXX, rq(RLQX))",0.9318586167250079,no,,,10893,2.2952309520191614
10485,LcCLX LMMCLXRRmCCXXmXXCLXlqX,0.9406223119958187,no,,,10893,2.2952309520191614
10486,"LC(FfLLC(RCQXr(CFLmXRMMXfXcX), LmL(mX)))",1.3565275737187603,no,,,10893,2.2952309520191614
10487,"LL(, rrMcmFXFcfXLLXXC(FQFX), rcX )",1.5171705505889799,no,,,10893,2.2952309520191614
10488,"M(, RLccM(RXLXLXcLXmX, RfX), mX)",1.2315792579681961,no,,,10893,2.2952309520191614
10489,"(F((XLLMCXQXLLCLCLLCCQXLXXXFX)), X)",0.9022888457051101,no,,,10893,2.2952309520191614
10490,"RRLL(rQmLLX,  FLmXmCCLXLXRRqXRRFMX,)",1.3638620223643791,no,,,10893,2.2952309520191614
10491,"L(, rrc(, LXmcXLLXfFXmLFX, LX, ))",1.4551656715332808,no,,,10893,2.2952309520191614
10492,"(QLXrmX, qcLLXLXrLcLLcLFLXLXCMX)",1.010070582518657,no,,,10893,2.2952309520191614
10493,"L(CLLMXRRCLXLLCmCXLXcqclLX,)",1.2774989816143076,no,,,10893,2.2952309520191614
10494,Lc(LLmLRMqFXqccXM(mcXFXLXFX)),1.05037311083857,no,,,10893,2.2952309520191614
10495,"L(RFLFRLLXLCLLCLXLLLXRLX, qX)",1.388247455293561,no,,,10893,2.2952309520191614
10496,f(r(L(LLLqXRcccQXfcXLXXfX)) ),0.8476514875400457,no,,,10893,2.2952309520191614
10497,"( CLLLC(,,CQQXCFXRRmLLMXFLX,X))",1.1363602756842894,no,,,10893,2.2952309520191614
10498,RcMLmLXLFmLqXqcXcXXRFFXRRRqcX,0.8539880303298374,no,,,10893,2.2952309520191614
10499,rqMLcXrcLmcXFXLcXXfX,1.0540967169458404,no,,,10893,2.2952309520191614
10500,"LFXLM(RRMLX, X(fLLX), RcXRXcXLLLX)",1.0617134482945478,no,,,10893,2.2952309520191614
10501,"L(rrfFXrLL(RLccXmfX(lXrCFqX)), RfFcX)",1.4750924851145684,no,,,10893,2.2952309520191614
10502,"L(FQXcLXfX,cQXLXmXFXLLX M(F(qLMX), ))",0.9988549519006563,no,,,10893,2.2952309520191614
10503,"LFFqX(FfXL(RcMLQXQLm(RXRfCX, fXcX),XLXCFX))",1.3624853374371597,no,,,10893,2.2952309520191614
10504,"FfLL(LXLXrMFCLFXrCFXrFLFXLFXCX, cXRCX)",1.0357961359745722,no,,,10893,2.2952309520191614
10505,"m(, LX, , rrLLmLLccmXLcXMXLXrX)",1.2973644835991558,no,,,10893,2.2952309520191614
10506,"MfLL(XFLQQXcmm(cmXqLfXcfX), LfcX)",1.0293589678180248,no,,,10893,2.2952309520191614
10507,"L(LLXqCXMFXLLXCMLmmXX, FQmX X)",0.9841655683680101,no,,,10893,2.2952309520191614
10508,"XF(LXcLX, FQFcffLLLLXXLcXXQX)",1.0775519291232314,no,,,10893,2.2952309520191614
10509,"LLFXL(qXCLMXXLmXLXmXrXQ(, mX), CLLFX)",1.6477624395025352,no,,,10893,2.2952309520191614
10510,"LLF(RCQCXCMLLCfLXCF(mLqFmLqXX, MX), M(CX))",1.3681247146990592,no,,,10893,2.2952309520191614
10511,"XfL(MLqLXFX(CfLCLLLXLmX(rrrfQX)), (fMLX))",1.2353578070308835,no,,,10893,2.2952309520191614
10512,mLXMLXCCMqXXLXrCCLmXXCLX,0.9263331175731301,no,,,10893,2.2952309520191614
10513,"((XqmLLqCXLmmCXRXrrQmX), FQQX)",0.689966419657107,no,,,10893,2.2952309520191614
10514,"RFLLXfmLmX((LLXRLX), RcQXLQQcLfqXrFXXLX)",1.0457318089241805,no,,,10893,2.2952309520191614
10515,"LLXm((QfMXXcX  rrMX,XqLXCXLXMrCLX))",0.882128095800641,no,,,10893,2.2952309520191614
10516,"L(fLLXCCmqfqLXfMXLQLXCLFXX, fLLfFFXfFX)",1.1057949472192674,no,,,10893,2.2952309520191614
10517,"LL(RXQQCX, rLqXLccLXLQXCX)",1.0852595495287218,no,,,10893,2.2952309520191614
10518,"L(mfLLCX, QXLXLCCmXLXRQLfFMFXCQX)",1.252145367371433,no,,,10893,2.2952309520191614
10519,"LML(FQXCXCLFLXXRfX, XRcQXcX)",0.9940158595418372,no,,,10893,2.2952309520191614
10520,"LM(LXXRRcXfXFL(cXX), rfcX)",0.9415557083900465,no,,,10893,2.2952309520191614
10521,"(LLLXqX, qFqLmXcLLcXfLLLXLMfLMXcXLX, )",1.1827461801817238,no,,,10893,2.2952309520191614
10522,"LX(lLQLXXmMcXL(LXLLqfXrFX), X)",1.3059678308928204,no,,,10893,2.2952309520191614
10523,"F(fCQ(L(cX(fqX, )), LcLXcQX, cLXMXcXmXLLX), )",1.256225310461041,no,,,10893,2.2952309520191614
10524,"FmL( fLqX(LXccXLXlXFX), rqmLXrrcccXCXX, )",1.1776781618689516,no,,,10893,2.2952309520191614
10525,FL(fmFLLLXFCQCCXXLLXfFCCmLLfQXQQXLX),1.04198272039868,no,,,10893,2.2952309520191614
10526,"L(LXqcX ,fLFmfXRFmfQccXLLLXrqcXXX,)",1.060673376708884,no,,,10893,2.2952309520191614
10527,"FL(CqXX(Lf((CX)), FqqXFXRLX), LqXXLFLX)",1.0154526558058663,no,,,10893,2.2952309520191614
10528,"(mrLMX, L(mmXCRQXCXfLXLXLXRFLCXLmLX))",0.955851585972369,no,,,10893,2.2952309520191614
10529,"(LMLXqccXLXLLfXMLCCXXRfXX, X)",0.842490432369228,no,,,10893,2.2952309520191614
10530,"L(LqLXXcFcQXXFX(XXrX, RLX),)",0.9492981004820915,no,,,10893,2.2952309520191614
10531,"LF(LfF(qXLXCMmX(mXXRFLX)), LXF(LX), )",1.1036470419721807,no,,,10893,2.2952309520191614
10532,RLXLfqCCXXLXmCfXRLMmX,1.0492286843816978,no,,,10893,2.2952309520191614
10533,"LXrLLXL(RmQXR(rcXmLX, cFXX), LqX)",1.3697772985983503,no,,,10893,2.2952309520191614
10534,"XMLL((MqFLX(LXmFCXLLXLLX), , rLX, ), FX)",1.199476592752356,no,,,10893,2.2952309520191614
10535,"LXf(LLqXCXQmqmXFXLLXLFX, (QMXLFX))",1.1279584222389933,no,,,10893,2.2952309520191614
10536,"LF(QLCLX, , CR(RLXL(, LXLMXcXLX), ),)",1.8753243748001935,no,,,10893,2.2952309520191614
10537,LCcLLqrcXLcXXLLcLfXLXXcX,1.1983115813397223,no,,,10893,2.2952309520191614
10538,"LF(LFLFXqCFXMXfLXFLLCXFX, RXX)",1.0451946397634935,no,,,10893,2.2952309520191614
10539,"LL((rFXrmLCXLXFXXLqXCX), qXL((FcMX)))",1.2895445926472389,no,,,10893,2.2952309520191614
10540,QLLXFFCXrrrCCLmfCLLXLXLXLXQqfX,0.9261221748878854,no,,,10893,2.2952309520191614
10541,"LFL(, XXqqX(LLCMLCXCLLmXXLmLfM(, XqqLX)), FX)",1.014334411472887,no,,,10893,2.2952309520191614
10542,"RLm(MLLX(LQCCXLXMfXmFX), XcfXX)",1.2053458387973162,no,,,10893,2.2952309520191614
10543,"c(QcXLXfXLXFX, LLcXM(LMcX ))",0.7614206774550017,no,,,10893,2.2952309520191614
10544,"RLL((F(LmQX)), RcX(X(XXXQ(LmccX))))",0.9392481006918899,no,,,10893,2.2952309520191614
10545,"FcLF(cXFXf(RXcLqX), LQcMXLXXXLXcX, RXrX)",1.3589801337075655,no,,,10893,2.2952309520191614
10546,"L(RLLXCQXFLFL(CmCXlXqCcXFX), cfqLLX)",1.0390176727460285,no,,,10893,2.2952309520191614
10547,"LXQ(QLMXL(, , LXXQfCXlLX), XMcX)",1.254190344976305,no,,,10893,2.2952309520191614
10548,"C(Rm(XL(XQXqqfLfX), LLXRFccLFXLXXLqX), rX)",1.026105187601711,no,,,10893,2.2952309520191614
10549,"rrL(LLXLccXXQMMLXX, X,,  )",1.2833370363849919,no,,,10893,2.2952309520191614
10550,rLLLMXMCQMmXLQCXLCCLXLXcX,1.1029600984521533,no,,,10893,2.2952309520191614
10551,"L(LXCqCfXfqLCFXQXMX, qXL  LcXQX)",1.03705650798312,no,,,10893,2.2952309520191614
10552,"QLLcL(LLXF(QmXLX, LXrXfX), FXLcXXLX)",1.2869499541312823,no,,,10893,2.2952309520191614
10553,"fF(XrrLCXFXLLMLLXCFXFX, LLX)",1.0490443955736384,no,,,10893,2.2952309520191614
10554,"Lm(rLqXRmccLXqMXXrqCfX, rMqqqX, , CX)",1.174215093828713,no,,,10893,2.2952309520191614
10555,c(LRLQXrmLLMqCCCXLLCXlXLXLLMX ),1.2442627076294328,no,,,10893,2.2952309520191614
10556,"XRLLmF(((F(RLFcXL(LMFcX((LXX))), X), LqLX)))",1.2604253183237837,no,,,10893,2.2952309520191614
10557,"fL(,rmLMX, , rrfccLXcXXmXqX, )",1.0279155456903868,no,,,10893,2.2952309520191614
10558,"L(, LqqL(LqqXLCF(LLLcXLLXMq(MmX), ), rcFX))",1.5041931626699203,no,,,10893,2.2952309520191614
10559,"L(QXFLMMcXLXLLXLMXcLX, mQXX, LXCX)",1.4594714593438278,no,,,10893,2.2952309520191614
10560,"MML(XMLXCqMCXXfXm(rLCLXRXX), X)",0.834751853118582,no,,,10893,2.2952309520191614
10561,"CL(rLqXc(m(L((LLFXfMXrrCX))), ), qX)",1.3380035744203504,no,,,10893,2.2952309520191614
10562,"RfLLCF(,RLCmXCLXFLmXXL(qLX, , ,), rqLqqLX)",1.5841252358156843,no,,,10893,2.2952309520191614
10563,"LXL(m(qFXFLmCXLMXLCLXLX), RF(mXRX))",1.2284699244004245,no,,,10893,2.2952309520191614
10564,"(Cm(rfMCqLLmCXMFLXfXrrQCLX, rLXLQXL(RX)))",0.8931375400064259,no,,,10893,2.2952309520191614
10565,"LXrLFLX(LLQLQX(mmmcXlXFX, (XXX)), ,FX)",1.2430750165822313,no,,,10893,2.2952309520191614
10566,"CLL(rLF(C(RRfQLXqqQCXLf(rqXrXX))), MX)",1.444551620642245,no,,,10893,2.2952309520191614
10567,XFXccFQQmLLXcLLXXLXcXrXqX,0.9038580491699185,no,,,10893,2.2952309520191614
10568,"(rlLfLFmMLMXRqqQX, cqXmLLXcmMXXLXQX)",0.9783981592165876,no,,,10893,2.2952309520191614
10569,"((RRLmfCX(LFLMf((, LFLXXcLqFX)))), rLX)",1.400799936169188,no,,,10893,2.2952309520191614
10570,"FQ(, lQLLQcXFQXccXLcXLcfXLXf(rX))",1.002393774133135,no,,,10893,2.2952309520191614
10571,"L(fLFfX, LXccQXLMXfXfXLLXcQFcX)",1.0696480624015907,no,,,10893,2.2952309520191614
10572,"XL((LXrXFM(qCCXLXrqfXX)), RmX)",1.0821080181475158,no,,,10893,2.2952309520191614
10573,"LF(lFlXccRRcXFXMLXLX, FLXQX, RMLLFXrcMqX)",1.2817644245309858,no,,,10893,2.2952309520191614
10574,"LLL(LXQ(m(CMXMXLLCXQCXFMXMX)), RRRmqX)",0.8812727196842539,no,,,10893,2.2952309520191614
10575,"L(f(FmLXm(rCmLXqXCMXQLX)), QM(X))",0.8617290094552394,no,,,10893,2.2952309520191614
10576,"L(f(qLXLfmXMLCccLLXrLLLqLcXLX), LX )",1.0294279256489574,no,,,10893,2.2952309520191614
10577,"LLF(((CLXqLqFXCLXLXMLX)), XrMCXmMX)",0.9679561587236302,no,,,10893,2.2952309520191614
10578,m(mCLX  LLmXQCLCLQXLLFmCXXMXqFX),1.232677913703512,no,,,10893,2.2952309520191614
10579,QXLFLXRCLCCLFXLFXXmXXLfXRFX,1.0983227994079108,no,,,10893,2.2952309520191614
10580,"XL(qXMLXCCmmXXf(R(MX)), qX)",0.8548469516237558,no,,,10893,2.2952309520191614
10581,"(FLLXLqCXXCLLXrFX(X), QLqX)",1.0750817872443477,no,,,10893,2.2952309520191614
10582,"LXm(MX,FXRRLFMXcXLXLXmX)",1.1850541174514473,no,,,10893,2.2952309520191614
10583,"mmLLXRL(LXRXfLcXXLLFXXMX, X)",1.8564454572852624,no,,,10893,2.2952309520191614
10584,"QCLLQ(LLMfX, XLCLCXmLMXX(McX), )",1.4775499776049865,no,,,10893,2.2952309520191614
10585,"QcLM(XXXLMcXX, X, XRfXmFFX, RXFXX)",1.0983372704526666,no,,,10893,2.2952309520191614
10586,"LF(,LMXRRLCLCCXLXLLXLCXX, (RMFX))",1.2459216575236347,no,,,10893,2.2952309520191614
10587,"QmcLLQ(cFXLXqXFXrX,XfXRqXQX, fX LfmXqFXFcX)",1.521465177740657,no,,,10893,2.2952309520191614
10588,"FXLLL(MX, CQMcXlmXcMXX((LLLX)))",1.113246111775637,no,,,10893,2.2952309520191614
10589,"LMLXr(QFXRMQX, mXRQFXcXXLLXrcLLX)",1.275269923013317,no,,,10893,2.2952309520191614
10590,"FLXM(fXrFqXrLQCXLXr(LQXF(fX)), qX)",1.162833687351966,no,,,10893,2.2952309520191614
10591,"LXrrff(LXLMFL(RmfM(LL(RF(Xq(RLLXLLX)), rMX))), X)",1.5813299156546035,no,,,10893,2.2952309520191614
10592,"fC(, (LCXLLXrCCLXrfXLmLmXCFXFMMLX))",1.0723434094418085,no,,,10893,2.2952309520191614
10593,"Q(FL(L(q(RRLX, qcqfFX(LqLLXLXXfX, )))), )",1.7533035938771806,no,,,10893,2.2952309520191614
10594,qMCCXLfmXMXLCQXLMXRCLMXLLMXLFMLXCCX,1.022929507166221,no,,,10893,2.2952309520191614
10595,"L(rLXLLX, XRRcXXLLXLFXcXLQX)",1.1735658967509932,no,,,10893,2.2952309520191614
10596,"FL(RLfX, mXccqXLFLFLXmqcMcLXLqLLqLFXRQmMfMX)",1.0111650665644694,no,,,10893,2.2952309520191614
10597,"rLfQXXrL((X), XRMmLXQcmcXrLXrLXX)",1.3830698962097543,no,,,10893,2.2952309520191614
10598,"L(L(qq(RFFX), RRffcXFLC(, LLLLLXL(LXrFMcXX))))",1.9242278274022504,no,,,10893,2.2952309520191614
10599,"LL(,rXrCXLLFLqL(rmX,rLLLX),QXLmMXcccX)",1.067760995504545,no,,,10893,2.2952309520191614
10600,"RmXLm(FXLX,FXQXFFcMX(LcLXLLFX(lX)))",1.0712440513676262,no,,,10893,2.2952309520191614
10601,"LMLL(RCQXCLCLqXLXLcqXMqX,LX)",1.4044971802661268,no,,,10893,2.2952309520191614
10602,LXCLQCCLQCXCQCLLXLXRRQqX,1.193847731456135,no,,,10893,2.2952309520191614
10603,"RR(RqX, MLXLXXcMXmmLXLXLFX, LXX)",1.369875982205022,no,,,10893,2.2952309520191614
10604,"((RFXmFXLXLMQcXLXLLLLLXrMLFLX), RLFLQcLFX)",1.1497460669303023,no,,,10893,2.2952309520191614
10605,"FLLLXFF(LX,XLLX QlXcLcQXrQLXLQfX)",1.2304783574623477,no,,,10893,2.2952309520191614
10606,"L(RRLLLLMLCMMfXCXLLLLXLXRcX, QFLX)",1.709695094162222,no,,,10893,2.2952309520191614
10607,"fXL(XF(qmFXrCLCXRMMffXLLX), Q(FX))",0.986611247945164,no,,,10893,2.2952309520191614
10608,"LLQF((QX), mXLFXcLXXLXrmX, )",1.3128340711170576,no,,,10893,2.2952309520191614
10609,"rLLM(rfF(QFLX),  RLX, , rXCXLXXXLmqCQfX)",1.5610208893814506,no,,,10893,2.2952309520191614
10610,"LLLL(fqLCFMXLLMmXmXLLCLXrX, (qMXCmX))",1.112364041318214,no,,,10893,2.2952309520191614
10611,"L(L(LL(, LXRLQLcXrcLLLXLXrQFX)),XmX)",1.0561761550004243,no,,,10893,2.2952309520191614
10612,"LLFQ(rQXQmX,LXmXCcLFXLL(qqFXRQqmX,LX), )",1.2307957868463346,no,,,10893,2.2952309520191614
10613,"MLLLLf((RqX), rQXCCQXCXLLLXRfLXrLX, , )",1.2101379989262953,no,,,10893,2.2952309520191614
10614,LMXFLXccLfLXQXfXfcXRlQFLfLXRmX,0.9622617339691099,no,,,10893,2.2952309520191614
10615,"L(LQcXF(LLXX, XXFLLLcXXrXRX), mXcQX)",1.3533452148570067,no,,,10893,2.2952309520191614
10616,"L(,fLLqcrLMXX, rfLcLcqFXcfLLXRQQXLLf(XLX))",1.537666506550464,no,,,10893,2.2952309520191614
10617,XLLMfFXcccFLqqXLMMLMLMLcXXXRX,1.2879895970659776,no,,,10893,2.2952309520191614
10618,CMLXRcCcLXLffFXRcLcXRmfXXRcLfXLfX,0.9621936610591673,yes,B3,15,10893,2.2952309520191614
10619,"XML(MfmfFX, rLcCfXRLfCXrCLfqXCFLFLXLXrfQmX)",1.050557998621343,no,,,10893,2.2952309520191614
10620,"cL(fQXXLXf(LXLMFFLX, ), FXrX, qlX)",1.2160354639023938,no,,,10893,2.2952309520191614
10621,MFX MmXCRQLLCCCXMmMXrqLXLmX,0.7707428243954222,no,,,10893,2.2952309520191614
10622,"(fLFfmX, rLcLmXLLcmqLMXLLcXXXLXLLX)",1.1886889546230586,no,,,10893,2.2952309520191614
10623,"Lf(LLf(QQXLLLLLQQ(, QCLXLLXMfLfX), LX))",1.3646919647371867,no,,,10893,2.2952309520191614
10624,"L(RRMFLCXLCXLLXrrrfLQXLLlqX, mLX)",1.6973433573192804,no,,,10893,2.2952309520191614
10625,"XLLL(qXCXFLLLLX(qCmXLL(fX(QfCXLXlLfLLX))), LX)",1.201655465589583,no,,,10893,2.2952309520191614
10626,"LXM(LLXrrXCfXLLFFffLXLXFLLLFX, mmmX)",1.6668655528724514,no,,,10893,2.2952309520191614
10627,"((f(QCfMXXCXLXfCQQQQQXMX)), LX)",0.81035574997676,no,,,10893,2.2952309520191614
10628,"L(rqfFQFXX, LXcQMXmXfLcLXXFX)",1.1180347325301736,no,,,10893,2.2952309520191614
10629,QFXXRFccQfXcLLXMMLFcXXX,0.8452406052008128,no,,,10893,2.2952309520191614
10630,"FLMXLF(XMqLXrmCFCXRXLL(LmmLLmmLqX), X)",1.198205406953881,no,,,10893,2.2952309520191614
10631,"QF(X,XXLLXrLf(XXcmFmmX,CX, ), RQLLX)",1.1824098702046493,no,,,10893,2.2952309520191614
10632,"LXFMLQL(QLMX, LXmcXFMXXLXMXRXQmclX)",1.2340414562531277,no,,,10893,2.2952309520191614
10633,"mm(, MXR(RMmLLXMmfXMLLccLFXMLLMLLX),MLX)",0.9916338932855678,no,,,10893,2.2952309520191614
10634,"FL(, LMFlmLXRfmXCXL((XfX)), qLLLX(FLXMCXXLLXX))",1.266723186123093,no,,,10893,2.2952309520191614
10635,"LCL(L(RRXLmCccXLXmXRX, qXX  ),X QX)",1.4738089234052865,no,,,10893,2.2952309520191614
10636,"mMFLL(RRLXLM((M(, LXCLL(LfXLXcX)))), (mcX))",1.7659789714515577,no,,,10893,2.2952309520191614
10637,"MLXLqCL(CXLFXF(mFXXLMLXqCmLX), RMFFFqX(X))",1.383176556042928,no,,,10893,2.2952309520191614
10638,"qLmFLM((QFcXRLcXL(rLLX(, LFX), f(CX)), rX, XFX), , FX)",1.4644064566351658,no,,,10893,2.2952309520191614
10639,"Xf(,c(RRLQQQQXLccXLLfLMLXcfXRXQ(rqfXfX)))",1.0410234225165802,no,,,10893,2.2952309520191614
10640,"(L(rX, LXFQFLXmcXmXLXFXLmqQLXcXX), RLmX)",1.3417801718128097,no,,,10893,2.2952309520191614
10641,"C(LLmCQMXLXcccXLXrFLX,  rrLX)",1.2489221050684969,no,,,10893,2.2952309520191614
10642,"rCM( ,QLMXCLMXLLCQXCCLXRFXRMXfX, )",1.1470724572413429,no,,,10893,2.2952309520191614
10643,"fLcLf(rqLXQL(LLLXXrqCXffX, ), (X), )",1.8254073700790334,no,,,10893,2.2952309520191614
10644,"ML(fRRmLXLLmLCCXLXCXLXLLMX, QQMFX,)",1.2513420333171583,no,,,10893,2.2952309520191614
10645,"RLF(LXQLLCCXLLFXffXcLcX, QXmMLcX, X, )",1.3907645222938045,no,,,10893,2.2952309520191614
10646,"cLLcLXqccXXLLLXccqLfX((LQLLfX((,LqX))))",1.093398042630275,no,,,10893,2.2952309520191614
10647,"LFXmLX(LLQXXFcXL(mLXXR(rFrLX)), X)",1.3109804724507348,no,,,10893,2.2952309520191614
10648,"L(,XqLLX(rCMXCLLLCXLMX, XL(,(LLX))))",1.1277314530737017,no,,,10893,2.2952309520191614
10649,"LLLCX(XX, QXLX(CXM(XQLLLLLLX(MLLmX))))",0.9132217403501063,no,,,10893,2.2952309520191614
10650,"mC(LL(MqMQLQLLCXCFLmXLXQXXRMmX, rmMfXX),, ,rQLX)",1.2757869241587885,no,,,10893,2.2952309520191614
10651,"Lq(LmQQXXcL(, rLCLXrLfXLLLFX), rfMX, )",1.2412454142186051,no,,,10893,2.2952309520191614
10652,"fcL(, , LX, rrLLFXmcXRLqmLXRQQQLXLLX)",1.5611647692286645,no,,,10893,2.2952309520191614
10653,"LmLX(ML((rqXcRqcqX)), MFQXCXfLXQCXMLqMLXX)",0.8446485181033013,no,,,10893,2.2952309520191614
10654,rrLlClLXccLcFQXLLXcFXqLXQX,1.1736192367063816,no,,,10893,2.2952309520191614
10655,"LLLMLM(X, cLXcqFqXcXFXLXQLLCX)",1.0246445817155105,no,,,10893,2.2952309520191614
10656,"LLMX(XRQXLm(XQXFLm(qqX), fmX, RqcXX), LX)",1.4445532774215073,no,,,10893,2.2952309520191614
10657,"mL(XfQLLX, LqQXXFLQccLXLcLLXXRMcmLMX)",1.048156620631849,no,,,10893,2.2952309520191614
10658,"L(CRFLXLCMQXMLCXrXq(X),LL QLLMMMMX)",1.0223047754124315,no,,,10893,2.2952309520191614
10659,"C(CCCQXLLLXL(CXLLLLmQXMfQX), rXMLX)",1.0286791523536396,no,,,10893,2.2952309520191614
10660,cLXrcFcMXLqLXcLLLLLcXqqLXLX,1.146340994874606,no,,,10893,2.2952309520191614
10661,"RFL(, RLLLXX(MXLccXLLLX), QLL((RLX)))",1.0991057046970656,no,,,10893,2.2952309520191614
10662,"ccMLLQF(LmcXLXXMXRX, X(RX((LqXqX))), XLQfXX)",1.5344779276296,no,,,10893,2.2952309520191614
10663,"LqLXLLL(LqLXCXRLLCXRLLMX, rrLQX)",1.2336538757615079,no,,,10893,2.2952309520191614
10664,qfLLcX qcLFcXfLLLmMcXRmXrQMXLLMLX,1.1937377337609285,no,,,10893,2.2952309520191614
10665,"L(LcL(QXRFccXrLMLMXLLMX,MXqX CLMX, QFXMLlX))",1.3528838841323259,no,,,10893,2.2952309520191614
10666,"(LL(CmRLXRFLFCXRLLCXfMXFXLMfLXQmCX), fX)",1.2031082549395344,no,,,10893,2.2952309520191614
10667,"Lc(LQ(cLqX), rccLqLLmLXLmQQQqcLLXLLXfQCLX)",1.4239135479427,no,,,10893,2.2952309520191614
10668,"LLL(, RmLLfLQLXL(, , LXF(MLLfXfXrmQLX)), (LfX))",2.0755930513939793,no,,,10893,2.2952309520191614
10669,"LLC(RLQCXLCXrrLLqLXMXX, RmXRXqFmX)",1.4257422949704095,no,,,10893,2.2952309520191614
10670,"f(mCL(X,  ), rrLLLLcXcXLLLLXRXRX)",1.5755292521190938,no,,,10893,2.2952309520191614
10671,LXrrLqcQMQXLLLfXfLXcLQcXFLLXXqqX,0.9725226346394694,no,,,10893,2.2952309520191614
10672,"LqXCm(rFMCqXRCXRLLLLMFLX,LLL(XCqXFX,FLXX))",1.1072152407273776,no,,,10893,2.2952309520191614
10673,"L(rLX, XRRLLcXXFX(cLXRX))",1.113812275809187,no,,,10893,2.2952309520191614
10674,"C(LX,(McLCLLQXMmXLccXLLXFLfX), )",1.2050329237673498,no,,,10893,2.2952309520191614
10675,"LF(X, rrXLXCFLXMXLXX(R(rX)), X)",1.3969416179425211,no,,,10893,2.2952309520191614
10676,"XLLLLm(, RXcFQXMfXqXLfqXFX, rQFMQQX)",1.1409645109741384,no,,,10893,2.2952309520191614
10677,"LLL(L(X), RRLFfcFXmMLLLLXcLfXLLFLLX)",1.0681167026683034,no,,,10893,2.2952309520191614
10678,"(FL(fLQXFCFLXLLXLCXFLFLXQMLmX), mLQXLRLcX)",1.158518922138076,no,,,10893,2.2952309520191614
10679,"LX(QcXFCMmXLCX XFX, LFLXQFXMlLcXRmcXRLX)",1.0184214209496756,no,,,10893,2.2952309520191614
10680,"FM(LfX, rrmLCmLmcLcLXmmLLmLLcXLLXFLLFFFX)",1.3808989959509992,no,,,10893,2.2952309520191614
10681,"LF((CqmXm(X), LMMX), LXqLCCXLXmXFXMXCFLFLFXqX)",1.0355020381510678,no,,,10893,2.2952309520191614
10682,"L(RRRLLLfqX,RqFMqXXccMXqLLXrrfMFXX, )",1.1280185549648172,no,,,10893,2.2952309520191614
10683,"(fcccFXLLCXqmCXXFfXCLLXRCLFX, )",0.9665072417503038,no,,,10893,2.2952309520191614
10684,"L(cLLX, rmLFccmXrFLLLfMfcmXrLLccMmXrrLMFXrQFmX)",1.159447260065143,no,,,10893,2.2952309520191614
10685,"FlLCLLF(LXFFqXCLXXLMXqqXCX, rLXXMqLX, rQX)",1.4210781416459137,no,,,10893,2.2952309520191614
10686,"LC(RQXLLLLLLCCLXLLLLX, r(QrLX))",0.8507930510012509,no,,,10893,2.2952309520191614
10687,"L(QLXQCCLCLLLLXCLXRQQLXX, rrrMX,)",1.3109802749940986,no,,,10893,2.2952309520191614
10688,"LCL((MqCXXMXmfXLLFXRCX), FXXRLQFX, FXX)",1.3499220499554356,no,,,10893,2.2952309520191614
10689,"MCcXFFfL(,FLLX, rrCMfXfmFXCLLFLFX(FfXX),,LqMCCX)",1.1883842421867337,no,,,10893,2.2952309520191614
10690,LLXRLCQCLLLfLfXrLLQCXrMqqmqLXLX,1.3303775190027278,no,,,10893,2.2952309520191614
10691,"fF(mLXCQmLXLCXRCXLXrrXLFX, RmQmQLX)",1.1165722356031895,no,,,10893,2.2952309520191614
10692,"CmL(, fmfLlLQXQCmCXLLLXLLXLX, LqLLfqqX, )",1.440938898721826,no,,,10893,2.2952309520191614
10693,cFLXCqLXrCXLXCmXLqCXQmCXXXLMCXXLqX,0.9523561808868605,no,,,10893,2.2952309520191614
10694,"qX(qXLLq(CXLLL(LXmLX, MLQX), LLLX), )",1.1798831414953332,no,,,10893,2.2952309520191614
10695,"L(Qm(q(m(XFX)), FXLmXL(LLXm(LFXmFX, ), RLQFX),), fX)",1.2689942741442628,no,,,10893,2.2952309520191614
10696,LLL(XcLLmqfLcqcLLXcXrXf(XLLfqCQFX)),1.2984616388879768,no,,,10893,2.2952309520191614
10697,"(F(F(MXLrLLFqLLXRLqf(CCXM(rLLLqLLLX)))), rX, )",0.8454862633690844,no,,,10893,2.2952309520191614
10698,"LLCL(CQCL(X(QCXLLXffXXX),LLLXCLMmXXqX), ,,LmQmX)",1.3937786721880057,no,,,10893,2.2952309520191614
10699,"Q(, F(rMLqLX), LLLMLXmLLXFcXLLXLXFX)",1.4628520880756797,no,,,10893,2.2952309520191614
10700,mCfCXFCfLQXLFfCXLLXCFLQXmLfCFXmLXrrmMcX,1.1128308002677323,no,,,10893,2.2952309520191614
10701,"CLmm(LXffLLLm(XrXrMCXMLX(FLMXqFXMLLCX)), QQmX)",1.3745287319086064,no,,,10893,2.2952309520191614
10702,"LL(XF(c((LQLFXXmlrLFX))), RRLLcmFmXcLXLXX, mCLXX)",1.3419146795116683,no,,,10893,2.2952309520191614
10703,"L(LmLCFXQCQLLXCXLMLXXq(cQLfX), (CMFfX))",1.2994380394426204,no,,,10893,2.2952309520191614
10704,(LXMLLcXfclqXXLLFXLLLLcXFqX(X(RX))),0.9462724096712022,no,,,10893,2.2952309520191614
10705,"mLML(, RRLFLLXL(QX, LLmLXcqcCXXQmmX), RLX)",2.027262652940962,no,,,10893,2.2952309520191614
10706,"(LL(LLRLCXCQXLLLCLMXQLXLLmCFX), qLqLLX)",1.2344350148691803,no,,,10893,2.2952309520191614
10707,"XLQQXFLLMLf(qX, RXLcL((X(LLmX), RXX)))",1.5921047968421305,no,,,10893,2.2952309520191614
10708,"LLL(FX, FmF(rrCXFXLCXLfLf(LX)), C(, FFX))",1.3403258359593735,no,,,10893,2.2952309520191614
10709,"L(QLcCQXLLCLCXRLLLMLLMmXXcX, LLX(LX))",1.5459738382401327,no,,,10893,2.2952309520191614
10710,"mXL(FLX(mXRF(QLX, , )), FlLcQXLLLLXLcXLMX(X))",1.297704052983805,no,,,10893,2.2952309520191614
10711,LX MQLLXQLCLfCXCLXXXFCFXLqLX,1.10685232824456,no,,,10893,2.2952309520191614
10712,"LLLmL(cQ(c(RLMXLXrmMqcmXMQmQFFFX)), rFX, (FFX), )",1.0390487043863386,no,,,10893,2.2952309520191614
10713,"CF(RRCLMLLmXLLLCLLXfLXQXrrFcX, MMLX)",1.6348843433404259,no,,,10893,2.2952309520191614
10714,"LLFXF(XMqfXFFXCXLFXfMQXLLX, LX)",1.4043236933876826,no,,,10893,2.2952309520191614
10715,"L(qX,, rlLLqLXcMcLLLXFMXXLcXLLXQX)",1.3622777766354484,no,,,10893,2.2952309520191614
10716,"FfcFcXLL(QX,QXfqcX, RRcXLFmX(LcLmLXMfX))",1.2218430857644884,no,,,10893,2.2952309520191614
10717,"fL(MCQXCmQCFXLLLmF(MXLLXrLmmX), qrLLMrLLMLX)",1.4452653286286261,no,,,10893,2.2952309520191614
10718,"cXRm(LMLXRLLCCCXQLXCXLLXqL(L(f((qfX))), ), r(RmQX))",1.0254190059318093,no,,,10893,2.2952309520191614
10719,"(rLX, (LcLrrFX(Mr((LLLf(R(fXL(MFX(CX)))), )))))",1.429533361902415,no,,,10893,2.2952309520191614
10720,"((cLLX LLXX,rcLcqXcLLLLXRRLMQLX(XX)))",1.3634563559772286,no,,,10893,2.2952309520191614
10721,"LFL(fmLX, ,,,, RQLXrLCLMCMLLLXRQmXrLXrcX)",1.7852930570777938,no,,,10893,2.2952309520191614
10722,F(RRCLCLXrMQLLCqLCLfXmfXlCFXLmXLX ),1.3676479006373352,no,,,10893,2.2952309520191614
10723,"LLL(cXQfLQXLLcMFcFcLXqLLLLX, FqqX, X,)",1.2087927410425783,no,,,10893,2.2952309520191614
10724,rrfMcLLcFmXRQLLcmccccLXLXLLqcXqFLmLLcX,1.2206914924486594,no,,,10893,2.2952309520191614
10725,"cqf((cLL((qmQX), LLcqmXLcXMXrrqqqXFLX)))",1.4264946362599966,no,,,10893,2.2952309520191614
10726,mrCQFQXLLXLCmXLmMXRCFXLXmfXmLLX,1.1570043128579233,no,,,10893,2.2952309520191614
10727,"LL(QXLmXLLLCXLCLMXXM(L(QLX, )), QLX, QCMX)",1.1295805185321899,no,,,10893,2.2952309520191614
10728,"RXCLL(rqLCCXXfFMXXLXmLLX, FmqLLXXqX)",1.1338136277406339,no,,,10893,2.2952309520191614
10729,"FL(, mLXXrLXqCCLXLmMLXLXqClLX, X)",1.3053561177890234,no,,,10893,2.2952309520191614
10730,"fLmLq(X, rCFcXRLFqcMcFLXLXRCXcCLX)",1.7909199752270735,no,,,10893,2.2952309520191614
10731,"RLMLmmF(RLMLCXLCLXLLXRLLqXrqLLX, FX)",1.8001533763478788,no,,,10893,2.2952309520191614
10732,"L(L(LRCFfLXRCfCXLRQQXX(rqLX), qLXLXLqCXX))",1.2418877833961797,no,,,10893,2.2952309520191614
10733,"(MLlFLcLXrXLFX, cLQLLcMXLXLFFXmXXLXqcLX)",1.404736652998308,no,,,10893,2.2952309520191614
10734,"fL(MLX, XrfcXrLFLLcXfLXrcXLqX(QmX))",1.0100893300501435,no,,,10893,2.2952309520191614
10735,"LL(FLQX, rrfLLcLmfXLFLMcXLLXLXLqX)",1.7933988756396804,no,,,10893,2.2952309520191614
10736,"(Fql(rLLfFLQX), qcXFLLLMFXcXLXcLXX)",0.9855820808632619,no,,,10893,2.2952309520191614
10737,"L(QmXLMXLL(FFfqq(RL(mXrqX), RXRLLX)), LXFqLQX)",0.9390119706886877,no,,,10893,2.2952309520191614
10738,"LXRFXff(QXmcXLXLL(mLmLmX, ), LX)",0.9760884213964548,no,,,10893,2.2952309520191614
10739,"L(FX, LLXRRMLXcX(LLXMFXMMXXrQ(, FX)), (RRRRX))",1.3635324330398433,no,,,10893,2.2952309520191614
10740,"LL(F(L(mX)), LXQccXLLLXLLXcXRRFMX)",0.945152768360924,no,,,10893,2.2952309520191614
10741,"Lf(LLQCQXmLLFCLCFXRLLLLXQLX, X)",1.3626796581187424,no,,,10893,2.2952309520191614
10742,"LML(RCLMMMXQCXLMLLLCXLFQFQQLXCM(rX), LqX)",1.2642222615766179,no,,,10893,2.2952309520191614
10743,"(L(FFFfLQXXqQLcXrLLLmXXLX, LLFFmXX, X), )",1.3832162650531246,no,,,10893,2.2952309520191614
10744,"LM(LqLLmXLLMX, FXQCcLMXLXLfcFXLXXFX)",1.2357207729037707,no,,,10893,2.2952309520191614
10745,"LLLmLmL((fFXqCCLXXf((XLLMLLLfCXCX)),))",1.1142885763047854,no,,,10893,2.2952309520191614
10746,"(L((LCQMLLLXMXQCXqXLXLX)), m mqfXRmLX)",0.9438522152639017,no,,,10893,2.2952309520191614
10747,CLXRRmMCCLmCXLCLMLXFLXMcmX,1.3416244924591083,no,,,10893,2.2952309520191614
10748,"l(rLLLLQXCCQmXCXLLLFRXLXLqffX,MLLX)",1.2885034302989617,no,,,10893,2.2952309520191614
10749,"(fqqLcqLmXrfQcLLcLXQXrFlXCCQmX, , , RfmQLLqmX)",1.4018321132057985,no,,,10893,2.2952309520191614
10750,"LLF(((L(XXCLqmFCFLLqLXCLLLXRX(rLQXrLLmmX)))), X)",1.0704182346524356,no,,,10893,2.2952309520191614
10751,FXcqXMXcMLXFLmLFXFFcqFXFXmX,0.7341729506093781,no,,,10893,2.2952309520191614
10752,"L(mXRLLX, rqCX(CXrLLXCCfXrLLLMXLCQXLX))",1.0860100132593926,no,,,10893,2.2952309520191614
10753,"mL( ,(LqLXcXRQFcfXMlLcXLLLLcmXL(LX)))",0.9316169666795289,no,,,10893,2.2952309520191614
10754,MLFcLcLFXLXrrMLcfXLLcXLXfmQXrrFX,1.3350728254468305,no,,,10893,2.2952309520191614
10755,"LFL(rFLX, (CL(Qq(mX), MqXX(XCLFLLLLXFQX))))",1.3549179375330282,no,,,10893,2.2952309520191614
10756,"LX(M(rLXMLX), McQlLXfLXcXLXmXLX)",1.1089470660766771,no,,,10893,2.2952309520191614
10757,rLfLMLfLqXccXLXQMqXLcXLLQQX RMX,1.3070072433597464,no,,,10893,2.2952309520191614
10758,LrLrrLXcffLqcXLLXcMLXLXFqLX,1.3454024056272844,no,,,10893,2.2952309520191614
10759,"QmQXLLmXQcQXL(LXcLLXLcqMXlFqLXmmX, )",1.0500512021247748,no,,,10893,2.2952309520191614
10760,"LL(RRFLmcCLfXLCFCFLXmFLLXFcmXX, fFFQqX)",1.8748777337082732,no,,,10893,2.2952309520191614
10761,"LXcfcqLXLFLXRLQLQQQ(, (Q(mX), XrLLX))",0.9769859952513072,no,,,10893,2.2952309520191614
10762,"(fL(RLfLQLFXrCCLXRLfXmmL(RRLQXCX)), (LX), )",1.6490402524760381,no,,,10893,2.2952309520191614
10763,"mLfqLL(cqccFXLcXFXXmCQqFmCqXX, , LFX)",1.3911107172824342,no,,,10893,2.2952309520191614
10764,"LLL(rLfFqXCLCLLLLXX, , LfFX, X)",0.9125236763554087,no,,,10893,2.2952309520191614
10765,"rmLqXRLXX(XXrmcXX(LLLcXLLfFX), RmMX)",1.0543580152959207,no,,,10893,2.2952309520191614
10766,(qF(qcqLLqLXcLmQfcXXXfLLQcmXcLX) ),1.1663669662122669,no,,,10893,2.2952309520191614
10767,"RLqXLf(MLqXFLccXLXlMLXX, qLX ccXXm((FX)))",1.3155009341134833,no,,,10893,2.2952309520191614
10768,LLXLFXmCQmCCLQFLXCFLLfLLXFXX X,1.2921458719742385,yes,B5,3,10893,2.2952309520191614
10769,LCCXCQffmLFCXLCmXXRLCMLXLCLLXX,1.0270110822132905,no,,,10893,2.2952309520191614
10770,"Lc(LL((Mc((rqMLmX)), FQmXmXFXM(LLLcLcX(qX))), qFLX))",1.065019290098993,no,,,10893,2.2952309520191614
10771,LqMLfXLfLfLqXLcLQcLQcXLLXrLcmXFXLXqX,1.2574923396545628,no,,,10893,2.2952309520191614
10772,"Fmm(L(((QX(mFXLmLccLXFX((MX))), LLXrX, RmfX)),),)",1.085594753778805,no,,,10893,2.2952309520191614
10773,"LFXFLL(LQQX, FmXQXQfccmXrLXFmLLX)",1.3253722332835771,no,,,10893,2.2952309520191614
10774,"LXLLL(rmX, ,RMMFQLcXrLLLcXL(((RmcXX))))",1.227852105752382,no,,,10893,2.2952309520191614
10775,FLccLFXrLcLcqXrrrLcLFMLccLXLLMLCLXX,1.527676446864145,no,,,10893,2.2952309520191614
10776,"FLL(LXqQLX, qcXMXL((FmcLXFLXLFcqXcX)))",1.072726409800014,no,,,10893,2.2952309520191614
10777,"mLFmXM(RXFCMCMFXCLX, LQXXRLL(F(RLcXX), XqMX))",1.493119877806297,no,,,10893,2.2952309520191614
10778,"XqL(rFQXQQX,XLLMF(XM(LqX,LXLLCLXX)), )",1.4151393365374356,no,,,10893,2.2952309520191614
10779,cXLMfLXLLfXccQFFQXcmLLFcLLXFqLFLXRmMXMcXLX,0.9705956927146105,no,,,10893,2.2952309520191614
10780,"FLLQfXmXL(L(XFcQfXRF(mLLmfQLXMX, rrX), XrlfLLX))",1.2019976839834434,no,,,10893,2.2952309520191614
10781,"LLfL(LF(RCXmCQXLCLLXRRLLLX(Rq(r(LMLLCX)))), RfLX)",1.3379842633299073,no,,,10893,2.2952309520191614
10782,"LML(RRLLfCLLXL(CXLfXL((L(fLXrFmFX)))), RCfMX, )",1.6790283915944302,no,,,10893,2.2952309520191614
10783,"MLl(rrCLLCXFMcLLML(LXFLLLLLLXLLmX, ), F(RLLLCLX))",1.5960904647468828,yes,B6,24,10893,2.2952309520191614
10784,"MLLMX(((qcX)),mLMLLcLXLCmCCqCCqFFmXXRLLLFLLXLX)",1.1949197067689317,yes,B4,7,10893,2.2952309520191614
10785,"mLMFcL(LqLLqLqXLm(XXML(LLXX), ), rLfL(, MX, ), )",1.7008759649160792,no,,,10893,2.2952309520191614
10786,"(L(f(RLLLQCCmLLXrmLLCLXRRMXXrlQX), CLX), )",1.6245433590675882,no,,,10893,2.2952309520191614
10787,"((LFfLQCQXFLCLLCLXRLLLLLMLXqLX), LLX)",1.3876166713458542,no,,,10893,2.2952309520191614
10788,"LL(RRCLLXLCLLXLLXLLXmX, LX)",1.8443172368289975,no,,,10893,2.2952309520191614
10789,"L(QLXLf(LMmXfCXmCLfCCLCXLmqm(cXrcX)), cLMfX)",1.0955755150026665,no,,,10893,2.2952309520191614
10790,"LFLLMXcL(,,,LMXRQcfCLCLXrmCMXQQL(LQXQfXX))",1.3323391267876998,no,,,10893,2.2952309520191614
10791,MLMMfMXLLCLXCQCQLXLCLLXLMLXRmXclX,1.4358875487162932,no,,,10893,2.2952309520191614
10792,"L(LLm(RRLCXCLXLLLXqqqLLfXRqX, LX))",1.7679631656000907,no,,,10893,2.2952309520191614
10793,"LL(rrcXLq(MLLLXLFLL(, XrmcLXX), qX), cX, QMX)",1.591949636864394,no,,,10893,2.2952309520191614
10794,"Lf(FLLLXrCfLmmqXCLLXQmLXQCMX, rLFMMLXmX)",0.9458658747995996,no,,,10893,2.2952309520191614
10795,cLqLFXcMMXrcMXmXFLXRMLLXrLcFFLLX,1.0592526011276746,no,,,10893,2.2952309520191614
10796,rCLLXCXrLLLCXlXLLXrmFCLqCXMFXRmMfLXmXCX,1.0423939787466587,no,,,10893,2.2952309520191614
10797,"LLM(mFFqLX, cqXM(LfFXLLcfLcqFFXqLfLXQLLX))",1.1811168008215533,no,,,10893,2.2952309520191614
10798,"(R(MmFMCX(RLfXLLLL((L(, XQMLQMLLXLFX))))), LLX)",1.3483120922408995,no,,,10893,2.2952309520191614
10799,"r(CLMLXMCmFL(rqCXRLCXQMLLX, rXffX, rrrFXrfX) )",1.1970259073328378,no,,,10893,2.2952309520191614
10800,RcLXLqCCfXLXmCXXFfXLLXrMCmlLCX,1.160158918411016,no,,,10893,2.2952309520191614
10801,"(,FXccqLcLLXXLXrFLcMXXXQQXLqQMX, )",1.0913319676133273,no,,,10893,2.2952309520191614
10802,"RFfLX XLLL(QX, rlLXMXrCllCLCXLXLX)",1.150946948592398,no,,,10893,2.2952309520191614
10803,"clLLXXfFF(QLXcMLFX,RRMccX(mLLcXLLLLLLX))",1.2317967047296805,no,,,10893,2.2952309520191614
10804,QXLLXrcQCFMfCCqXLXXfXCLXLX,1.17697426067927,no,,,10893,2.2952309520191614
10805,LQLXXLXLccQMXXmcLLcLmXLfcXLLXLCX,1.2249754862636666,no,,,10893,2.2952309520191614
10806,LXMLCXLLCFCCQXLXLXRLfmmCLXfXLLMXQLLLX,1.2023647699493836,no,,,10893,2.2952309520191614
10807,LcqcXRfLLLccQMMLXLXMFXFLXLLLX,1.1739717943735926,no,,,10893,2.2952309520191614
10808,"LXRLLmmFX(RFMLXFLccLX, rMcFqmmXCCCLfCLfXL(r(MLMLqX)))",1.2836973083532766,no,,,10893,2.2952309520191614
10809,"FLXMF(FLLLLM((LLMXCfqqXCLX(RFLLm(mF(mLXFLLFX)))), MX))",1.346082032904749,no,,,10893,2.2952309520191614
10810,LLLLFQfmXMLMCCQXLLCXrFXLmFX rqLQLqCX,1.3111473216365224,no,,,10893,2.2952309520191614
10811,"LL((L(X), LqqLcXLmLLmLcLcXqqLXqlXrX), )",1.6109119891979802,no,,,10893,2.2952309520191614
10812,"L(((LfmLX)), rrfLLcLcXmLmLcFmXRLFLQLFfLQLQXfLmLFqX)",1.420510281201767,no,,,10893,2.2952309520191614
10813,"rLL(CmqCLMXL(FL(LLf(L((fcLXRLLqLQXLfX, ))))), RQLX)",1.5713230575092507,no,,,10893,2.2952309520191614
10814,"cLcc(cLFLXrLCCXLMqXLCFXrrqFmLmFqXX, rLfX)",1.1223283738830088,no,,,10893,2.2952309520191614
10815,"(FLLX(fLCqXCFXrLfXRLXXCX, X, LCXmM(X), ), , LX)",1.3183292509724949,no,,,10893,2.2952309520191614
10816,"FXLLL((LXXQqCqMXmCX(LfLLLXFLLLQX), mLX))",1.484022219610901,yes,B5,17,10893,2.2952309520191614
10817,"((mFmLL(FcqqXLcLcLLLLXrLLLLLXfLLFmLX), ), , LMLX)",1.4125886719832093,no,,,10893,2.2952309520191614
10818,RLmCcMLQcXRCCLCCCLmFXLLXrqQCXXRLLX,1.4111693141973691,no,,,10893,2.2952309520191614
10819,LLqcXrQcQLfXFXLLcmmXcLLXrLX,1.2049201685968616,no,,,10893,2.2952309520191614
10820,LFQXLXRLCmLCCLXLXLXXLLXMcLFCX,1.243802333698528,no,,,10893,2.2952309520191614
10821,"LL(CQLFLXFFCFcXLXLL(rmXRMXXX, X), XrLX)",1.5444008403703957,no,,,10893,2.2952309520191614
10822,"cfmXLLL(X,LcMqqXLLMcLXRLLLfLMXLqXX)",1.5637088126210372,no,,,10893,2.2952309520191614
10823,"LfL(RFXCXXrCmXXCX, RLLXQFcLXFXXLLX)",1.1283545110932394,no,,,10893,2.2952309520191614
10824,"F(LL(, QXFfCLRCMmfCCXLLLXfLXcFX,(LX)) )",1.5177951110292172,no,,,10893,2.2952309520191614
10825,"mFL(qqf(MLLX), rqLLMLcX((RcfLLLcfFLXRLLXCLXrCLLX)))",1.8683245358207439,no,,,10893,2.2952309520191614
10826,"l(mX(RL(LcLmfX), cqcXXLLLLLLMXMcXLLXQX))",0.8858448747772729,no,,,10893,2.2952309520191614
10827,"Lm(, MXf(qXFXLMCFXLLXr(Q(rLcCMLLX))), rX)",1.2384011092232152,no,,,10893,2.2952309520191614
10828,mLXFCLCLCLQXRLfCCLCXLmCXXCmX,1.0440150146878875,no,,,10893,2.2952309520191614
10829,"LLC(rmCFQX,QQFXLLLQMCCCLXRRRLXqLL((C(LX)), L(fcQX)))",1.6826897168377055,no,,,10893,2.2952309520191614
10830,"rLXqcL(RMQLXCXfX, LLXLFLFcXLLXMFXrMcLXfMLLLXfX)",1.4033732072169678,no,,,10893,2.2952309520191614
10831,"cLXLFL(LQLXQX, FXqLcQQXLMcXLLXRLmLFMMFMLX)",1.3830647562805973,no,,,10893,2.2952309520191614
10832,"QLLFFXMXL(rLLX, rmLqXmMFcMXXQXrFmXRqLLXFX)",1.398828956149859,no,,,10893,2.2952309520191614
10833,McLLfFLmXLLLXLcqLqXFcXLXRRXRLqX,1.171734443717074,no,,,10893,2.2952309520191614
10834,"LLXfL(rLqLXrmLL(LL(LXLLX, LLmFfCX)), QFX)",1.5198555810734613,no,,,10893,2.2952309520191614
10835,"LLXR(, , LLLFXcfcLmQXFmXXX, FXX)",1.112563788313371,no,,,10893,2.2952309520191614
10836,RmFXmMLQFLMXLLCCqLXXXCfLXLXLX,1.351097957581526,no,,,10893,2.2952309520191614
10837,LXLXcLfQXLXMXRcLXLLFXLXcXLXX,0.9991194389783763,no,,,10893,2.2952309520191614
10838,"RfXLFfFLmLXCCLLqXXX(qX, LRLmLXMFX)",1.3272893420702845,no,,,10893,2.2952309520191614
10839,"LL(cXMMLFCX, QRXLFQX, FmmmqXLXLCmLXLLXrLMFLXLX)",1.5942219567256133,no,,,10893,2.2952309520191614
10840,FLCLfXCCLQLCLLQLXrfQCQXXMQMQXqMLX,1.2357580442453617,no,,,10893,2.2952309520191614
10841,"LL((MLCQXQCXrL(, FXLcMLLXLX)), q(QLLX))",1.2161240755523404,no,,,10893,2.2952309520191614
10842,"L(LLqQQCXCLLXLCLfXRMQLQXLX, LX)",1.3568299108622395,no,,,10893,2.2952309520191614
10843,"LL(LX, rrcLLXFcLFfXmfLLLXLfXRLcmCX)",1.8254860287686958,no,,,10893,2.2952309520191614
10844,"clLFfX RLL(mLLLXLCCCQXLfXMQXFqLCXLLFQLFmX, RFLFX, )",1.2476319368493423,no,,,10893,2.2952309520191614
10845,"LLL(,CLCQXRCFFfFXrLqfCMXFLXLQ(qLMX  ,), ,rMqqMqqX)",1.1776863986588224,no,,,10893,2.2952309520191614
10846,"cXLFLm(LX, MXL(mqmqFQLQMcXfMcXXMLXcX))",1.0421505456191185,no,,,10893,2.2952309520191614
10847,"RL(MLXLCLLCqLXMCXXXqLFLX , rX)",1.0702316723346859,no,,,10893,2.2952309520191614
10848,"fL((lfLCXRRRfMLX), RRCLXCLFXLLLXLXLcMqX, )",1.5548863866116287,no,,,10893,2.2952309520191614
10849,"LcfL(cqXrLLMLcXL(RLFmcLfFXRRRMXrrX), rLXRcX, )",1.2420714586194979,no,,,10893,2.2952309520191614
10850,mLLcX qcLqcMLcMLXfqcLqfcXMfmXrrrCXRlX,1.443357103206403,no,,,10893,2.2952309520191614
10851,"L( ,L(FLFX, LLLqqXmFfFccXfLMXfFXRRLFrrCX))",1.4582290223356773,no,,,10893,2.2952309520191614
10852,"LLXML(MX, (RRLmXLcmXMXLLXMXL((cFMLLX))))",1.7305074625061159,no,,,10893,2.2952309520191614
10853,MQcQLLLFmXcXRMLLLXRMcccFcXLXMLLLX,0.9922189842027889,no,,,10893,2.2952309520191614
10854,"LFLLX((MQMQmX), XXFqmXrCCXMLLQ(LFmFmXLLX))",1.3590115792333584,no,,,10893,2.2952309520191614
10855,"(MLMXrrCXFFXLXLXFLFCLXX, LXX)",1.2718789943571691,no,,,10893,2.2952309520191614
10856,"LL(CQLLFLQQMXRL(, rLLMfLXL(QmLMFQXMLXCX)), LLqfX)",2.083960925404723,no,,,10893,2.2952309520191614
10857,"L(LLXXrLLMCfXCfqmXXLLXFFX, mFQLXLfX)",1.1882508036528001,no,,,10893,2.2952309520191614
10858,"LXr(rLXXFfFCXLLXXQXCXLCfXrX, MqLX)",1.1605649386808965,no,,,10893,2.2952309520191614
10859,"cfLLm((m((X))), CCLCmXFX, RLLfCCLCQLXLLCXf((rqLqXXq(fCfXMX))))",1.5545429483713675,yes,B6,13,10893,2.2952309520191614
10860,LCCqLqCFqLXLLLXLMLfXCCmLLXrLCCLXLLLfLmLmXXMLCqX,1.4159285031721125,no,,,10893,2.2952309520191614
10861,"LFm(L(LXrQCFqmXMXfLXRLqCXqX), X)",1.212768082427825,no,,,10893,2.2952309520191614
10862,FCXLqXLFXFCXLXrmCLXCX,1.0499638207907684,no,,,10893,2.2952309520191614
10863,"LCLXFLmm(((RmLX)), LLXRRLcMXXlXmLLLLcXLLXL(CqX))",1.716288929916098,no,,,10893,2.2952309520191614
10864,"LL(FFFLfCmLXmffLQCLLLQLXfCXMLfXRfqMXL(QX, ), ,mmX)",1.2505378160134055,no,,,10893,2.2952309520191614
10865,"LXFLXLf(FXRRFCMXLLf(cmLXQX, Xf(LX)), , X)",1.4364325918911014,no,,,10893,2.2952309520191614
10866,"LLL(, qffqXLFLLccLLcXrLfXXCFFX, X)",1.5928645008764621,no,,,10893,2.2952309520191614
10867,"LM(FqXL(LXcXLFFMLcLLXFmLQLFX), rrX)",0.8215654220548418,no,,,10893,2.2952309520191614
10868,"LfLLcL(L(LcqcqXcXrLLLLXLQLX), ,  RCCLfqFqFX)",1.1978020375105027,no,,,10893,2.2952309520191614
10869,"L(rLX, LFLXrcLXrLLcLXrMcfXQXmXrCX)",1.0827005682995792,no,,,10893,2.2952309520191614
10870,MmLFfXRRLLCFCmCLXLLLCFLXLLLXcqLX,1.4575977557105124,no,,,10893,2.2952309520191614
10871,LLXXrLcXQQFXFccLmXLcXLqXmmFLX,0.93649160896015,no,,,10893,2.2952309520191614
10872,"rcLFqLm(mXccXLXRRF(fL(L(, , LfFXL(X)))), LcX)",1.5883713973602467,no,,,10893,2.2952309520191614
10873,"(LRCLFQCXLFLFCLXXCmLLCmXRLFXfX, )",1.2087338051890049,no,,,10893,2.2952309520191614
10874,"(LLLLF((c(fLLX, XqcmXfLXLcLXrXRLcXX))), )",1.1144865463385634,no,,,10893,2.2952309520191614
10875,"(LLXLQQCCXrL(RFCFmLXrLLXXLX), mFLX)",1.3640553155859132,no,,,10893,2.2952309520191614
10876,"mLFL(m(RCQXLLLLL(, XFLLLFLFLXRLLcLLQX), qMX))",1.5799795093051299,no,,,10893,2.2952309520191614
10877,"L(mL(RRfLMCLXCXLLLLLXLX(LLmX, )), FqLLX)",1.7509918315167425,yes,B6,16,10893,2.2952309520191614
10878,"((L(FMfLLLLqXLccFXLQmXclFmXFXLXRfQ(fLQMLcX))), X)",1.1036053628785898,no,,,10893,2.2952309520191614
10879,"LLmf(cX, FF(rrMFcXLLLL((FL(fffXXMCXcX), ))), )",1.833582257861723,no,,,10893,2.2952309520191614
10880,"LXL(XRRX, RRlCcLLXMLlXLXfLLcFXLLmXRMmqX)",1.4227122990345764,no,,,10893,2.2952309520191614
10881,"LLL(LLCFMX, RFQXLLL(RLX, fLXLLLLLXR(RLcX)))",1.7751089998226486,no,,,10893,2.2952309520191614
10882,"LMLXr(,L(rlLXCFXmLmMXLFLXMXQLCFX), ,(LX))",1.7553197255414257,no,,,10893,2.2952309520191614
10883,"rLLFLXrLL(f(RfQQqXXL(CCMLCCmXrrLXLXrFX)), MX)",1.4631686537568642,no,,,10893,2.2952309520191614
10884,"LLFL((Lm(X, rrfFcXcLmLmMXLLXLLLMXLLcCcCcCX)))",1.922326830783373,no,,,10893,2.2952309520191614
10885,"(LLFQX(RLX), LcqFXLfLLmXLcXLXrrmLcXX)",1.1511046185103708,no,,,10893,2.2952309520191614
10886,"(f(LLFfCCXqLqLmXFCXLMLMQmXqMLX, ), LQX)",1.1797986928752868,no,,,10893,2.2952309520191614
10887,rrLLfcXRLCCMLqXXLLXLCmCqXLqMCCXmLX,1.3430976870880629,no,,,10893,2.2952309520191614
10888,"qLXLX(LLXrcXFXMMFXcmLLLXRQqqmlLLX ,)",1.3218774837358798,no,,,10893,2.2952309520191614
10889,"fLLF(,fX, rrFXmcLLfLLLcmXfLLFXlXC(LCMLX))",1.7571561960569233,no,,,10893,2.2952309520191614
10890,"(MLXLLX,  qcXLfXcXXLLXLQLX)",0.9647901755333336,no,,,10893,2.2952309520191614
10891,"FLM(cXRFQcXLccLLLmX(LLMLMLLFXcXRMm(LfLX)), QLLLX)",1.0793973603754727,no,,,10893,2.2952309520191614
10892,FFMLfFXLLXLQmcLcXXlMXXLFXfFXcX,1.135274000292211,no,,,10893,2.2952309520191614
