series,series_name,requested_candidate_slots,n,q1_retained_score,median_retained_score,q3_retained_score,metric,lso_simulation_chain,mini_simulation_chain,lso_source_artifacts,mini_source_artifacts,comparison_scope
tree_lso,TreeVAE-80 + latent EA,100,150,0.78743290999999993,1.0848764499999999,1.3184295499999998,"retained_best_so_far=max(best_score,seed_source_fitness)",eval-allcriteria.sim,eval-allcriteria-mini.sim;deterministic.sim;sample-period-2.sim;only-body.sim,jobs/gpu/*.csv; jobs/gpu/*.history.csv; jobs/gpu/*.details.json,final_benchmark.csv; final_benchmark.history.csv; jobs/cpu/*.details.json,cross-configuration descriptive contrast; not a controlled method effect
tree_lso,TreeVAE-80 + latent EA,200,150,0.85795676249999997,1.0905347000000001,1.3368384,"retained_best_so_far=max(best_score,seed_source_fitness)",eval-allcriteria.sim,eval-allcriteria-mini.sim;deterministic.sim;sample-period-2.sim;only-body.sim,jobs/gpu/*.csv; jobs/gpu/*.history.csv; jobs/gpu/*.details.json,final_benchmark.csv; final_benchmark.history.csv; jobs/cpu/*.details.json,cross-configuration descriptive contrast; not a controlled method effect
tree_lso,TreeVAE-80 + latent EA,300,150,0.91636729750000001,1.0983350000000001,1.3369713750000001,"retained_best_so_far=max(best_score,seed_source_fitness)",eval-allcriteria.sim,eval-allcriteria-mini.sim;deterministic.sim;sample-period-2.sim;only-body.sim,jobs/gpu/*.csv; jobs/gpu/*.history.csv; jobs/gpu/*.details.json,final_benchmark.csv; final_benchmark.history.csv; jobs/cpu/*.details.json,cross-configuration descriptive contrast; not a controlled method effect
tree_lso,TreeVAE-80 + latent EA,400,150,0.93344486500000001,1.10753295,1.3777314000000001,"retained_best_so_far=max(best_score,seed_source_fitness)",eval-allcriteria.sim,eval-allcriteria-mini.sim;deterministic.sim;sample-period-2.sim;only-body.sim,jobs/gpu/*.csv; jobs/gpu/*.history.csv; jobs/gpu/*.details.json,final_benchmark.csv; final_benchmark.history.csv; jobs/cpu/*.details.json,cross-configuration descriptive contrast; not a controlled method effect
tree_lso,TreeVAE-80 + latent EA,500,150,0.95468806500000003,1.1259542499999999,1.3777314000000001,"retained_best_so_far=max(best_score,seed_source_fitness)",eval-allcriteria.sim,eval-allcriteria-mini.sim;deterministic.sim;sample-period-2.sim;only-body.sim,jobs/gpu/*.csv; jobs/gpu/*.history.csv; jobs/gpu/*.details.json,final_benchmark.csv; final_benchmark.history.csv; jobs/cpu/*.details.json,cross-configuration descriptive contrast; not a controlled method effect
tree_lso,TreeVAE-80 + latent EA,600,150,0.96955378749999999,1.15071945,1.3846578250000001,"retained_best_so_far=max(best_score,seed_source_fitness)",eval-allcriteria.sim,eval-allcriteria-mini.sim;deterministic.sim;sample-period-2.sim;only-body.sim,jobs/gpu/*.csv; jobs/gpu/*.history.csv; jobs/gpu/*.details.json,final_benchmark.csv; final_benchmark.history.csv; jobs/cpu/*.details.json,cross-configuration descriptive contrast; not a controlled method effect
tree_lso,TreeVAE-80 + latent EA,700,150,0.98893542999999995,1.1525237000000002,1.3846578250000001,"retained_best_so_far=max(best_score,seed_source_fitness)",eval-allcriteria.sim,eval-allcriteria-mini.sim;deterministic.sim;sample-period-2.sim;only-body.sim,jobs/gpu/*.csv; jobs/gpu/*.history.csv; jobs/gpu/*.details.json,final_benchmark.csv; final_benchmark.history.csv; jobs/cpu/*.details.json,cross-configuration descriptive contrast; not a controlled method effect
tree_lso,TreeVAE-80 + latent EA,800,150,1.0087597000000001,1.1591426999999999,1.3957783749999999,"retained_best_so_far=max(best_score,seed_source_fitness)",eval-allcriteria.sim,eval-allcriteria-mini.sim;deterministic.sim;sample-period-2.sim;only-body.sim,jobs/gpu/*.csv; jobs/gpu/*.history.csv; jobs/gpu/*.details.json,final_benchmark.csv; final_benchmark.history.csv; jobs/cpu/*.details.json,cross-configuration descriptive contrast; not a controlled method effect
tree_lso,TreeVAE-80 + latent EA,900,150,1.038759175,1.19800405,1.416190775,"retained_best_so_far=max(best_score,seed_source_fitness)",eval-allcriteria.sim,eval-allcriteria-mini.sim;deterministic.sim;sample-period-2.sim;only-body.sim,jobs/gpu/*.csv; jobs/gpu/*.history.csv; jobs/gpu/*.details.json,final_benchmark.csv; final_benchmark.history.csv; jobs/cpu/*.details.json,cross-configuration descriptive contrast; not a controlled method effect
tree_lso,TreeVAE-80 + latent EA,1000,150,1.0502397000000001,1.2001620500000001,1.416190775,"retained_best_so_far=max(best_score,seed_source_fitness)",eval-allcriteria.sim,eval-allcriteria-mini.sim;deterministic.sim;sample-period-2.sim;only-body.sim,jobs/gpu/*.csv; jobs/gpu/*.history.csv; jobs/gpu/*.details.json,final_benchmark.csv; final_benchmark.history.csv; jobs/cpu/*.details.json,cross-configuration descriptive contrast; not a controlled method effect
tree_lso,TreeVAE-80 + latent EA,1100,150,1.0568257249999999,1.2076972500000001,1.416190775,"retained_best_so_far=max(best_score,seed_source_fitness)",eval-allcriteria.sim,eval-allcriteria-mini.sim;deterministic.sim;sample-period-2.sim;only-body.sim,jobs/gpu/*.csv; jobs/gpu/*.history.csv; jobs/gpu/*.details.json,final_benchmark.csv; final_benchmark.history.csv; jobs/cpu/*.details.json,cross-configuration descriptive contrast; not a controlled method effect
tree_lso,TreeVAE-80 + latent EA,1200,150,1.0642536250000001,1.2181505500000001,1.42528605,"retained_best_so_far=max(best_score,seed_source_fitness)",eval-allcriteria.sim,eval-allcriteria-mini.sim;deterministic.sim;sample-period-2.sim;only-body.sim,jobs/gpu/*.csv; jobs/gpu/*.history.csv; jobs/gpu/*.details.json,final_benchmark.csv; final_benchmark.history.csv; jobs/cpu/*.details.json,cross-configuration descriptive contrast; not a controlled method effect
tree_lso,TreeVAE-80 + latent EA,1300,150,1.0805077000000001,1.2254798499999999,1.42528605,"retained_best_so_far=max(best_score,seed_source_fitness)",eval-allcriteria.sim,eval-allcriteria-mini.sim;deterministic.sim;sample-period-2.sim;only-body.sim,jobs/gpu/*.csv; jobs/gpu/*.history.csv; jobs/gpu/*.details.json,final_benchmark.csv; final_benchmark.history.csv; jobs/cpu/*.details.json,cross-configuration descriptive contrast; not a controlled method effect
tree_lso,TreeVAE-80 + latent EA,1400,150,1.0902280500000001,1.23069775,1.4331492000000001,"retained_best_so_far=max(best_score,seed_source_fitness)",eval-allcriteria.sim,eval-allcriteria-mini.sim;deterministic.sim;sample-period-2.sim;only-body.sim,jobs/gpu/*.csv; jobs/gpu/*.history.csv; jobs/gpu/*.details.json,final_benchmark.csv; final_benchmark.history.csv; jobs/cpu/*.details.json,cross-configuration descriptive contrast; not a controlled method effect
tree_lso,TreeVAE-80 + latent EA,1500,150,1.1076593749999999,1.2378981499999999,1.4331492000000001,"retained_best_so_far=max(best_score,seed_source_fitness)",eval-allcriteria.sim,eval-allcriteria-mini.sim;deterministic.sim;sample-period-2.sim;only-body.sim,jobs/gpu/*.csv; jobs/gpu/*.history.csv; jobs/gpu/*.details.json,final_benchmark.csv; final_benchmark.history.csv; jobs/cpu/*.details.json,cross-configuration descriptive contrast; not a controlled method effect
tree_lso,TreeVAE-80 + latent EA,1600,150,1.1094004500000001,1.2459625000000001,1.434987,"retained_best_so_far=max(best_score,seed_source_fitness)",eval-allcriteria.sim,eval-allcriteria-mini.sim;deterministic.sim;sample-period-2.sim;only-body.sim,jobs/gpu/*.csv; jobs/gpu/*.history.csv; jobs/gpu/*.details.json,final_benchmark.csv; final_benchmark.history.csv; jobs/cpu/*.details.json,cross-configuration descriptive contrast; not a controlled method effect
tree_lso,TreeVAE-80 + latent EA,1700,150,1.1190666,1.2513060499999999,1.434987,"retained_best_so_far=max(best_score,seed_source_fitness)",eval-allcriteria.sim,eval-allcriteria-mini.sim;deterministic.sim;sample-period-2.sim;only-body.sim,jobs/gpu/*.csv; jobs/gpu/*.history.csv; jobs/gpu/*.details.json,final_benchmark.csv; final_benchmark.history.csv; jobs/cpu/*.details.json,cross-configuration descriptive contrast; not a controlled method effect
tree_lso,TreeVAE-80 + latent EA,1800,150,1.12522575,1.2542702999999999,1.434987,"retained_best_so_far=max(best_score,seed_source_fitness)",eval-allcriteria.sim,eval-allcriteria-mini.sim;deterministic.sim;sample-period-2.sim;only-body.sim,jobs/gpu/*.csv; jobs/gpu/*.history.csv; jobs/gpu/*.details.json,final_benchmark.csv; final_benchmark.history.csv; jobs/cpu/*.details.json,cross-configuration descriptive contrast; not a controlled method effect
tree_lso,TreeVAE-80 + latent EA,1900,150,1.14294165,1.2615986499999998,1.4355243500000001,"retained_best_so_far=max(best_score,seed_source_fitness)",eval-allcriteria.sim,eval-allcriteria-mini.sim;deterministic.sim;sample-period-2.sim;only-body.sim,jobs/gpu/*.csv; jobs/gpu/*.history.csv; jobs/gpu/*.details.json,final_benchmark.csv; final_benchmark.history.csv; jobs/cpu/*.details.json,cross-configuration descriptive contrast; not a controlled method effect
tree_lso,TreeVAE-80 + latent EA,2000,150,1.1494685499999999,1.2672224999999999,1.4429080750000001,"retained_best_so_far=max(best_score,seed_source_fitness)",eval-allcriteria.sim,eval-allcriteria-mini.sim;deterministic.sim;sample-period-2.sim;only-body.sim,jobs/gpu/*.csv; jobs/gpu/*.history.csv; jobs/gpu/*.details.json,final_benchmark.csv; final_benchmark.history.csv; jobs/cpu/*.details.json,cross-configuration descriptive contrast; not a controlled method effect
tree_lso,TreeVAE-80 + latent EA,2100,150,1.1665649,1.2726635499999999,1.4478061499999999,"retained_best_so_far=max(best_score,seed_source_fitness)",eval-allcriteria.sim,eval-allcriteria-mini.sim;deterministic.sim;sample-period-2.sim;only-body.sim,jobs/gpu/*.csv; jobs/gpu/*.history.csv; jobs/gpu/*.details.json,final_benchmark.csv; final_benchmark.history.csv; jobs/cpu/*.details.json,cross-configuration descriptive contrast; not a controlled method effect
tree_lso,TreeVAE-80 + latent EA,2200,150,1.1676636,1.2870091000000001,1.4550118750000001,"retained_best_so_far=max(best_score,seed_source_fitness)",eval-allcriteria.sim,eval-allcriteria-mini.sim;deterministic.sim;sample-period-2.sim;only-body.sim,jobs/gpu/*.csv; jobs/gpu/*.history.csv; jobs/gpu/*.details.json,final_benchmark.csv; final_benchmark.history.csv; jobs/cpu/*.details.json,cross-configuration descriptive contrast; not a controlled method effect
tree_lso,TreeVAE-80 + latent EA,2300,150,1.181226925,1.2937431500000001,1.4748211499999999,"retained_best_so_far=max(best_score,seed_source_fitness)",eval-allcriteria.sim,eval-allcriteria-mini.sim;deterministic.sim;sample-period-2.sim;only-body.sim,jobs/gpu/*.csv; jobs/gpu/*.history.csv; jobs/gpu/*.details.json,final_benchmark.csv; final_benchmark.history.csv; jobs/cpu/*.details.json,cross-configuration descriptive contrast; not a controlled method effect
tree_lso,TreeVAE-80 + latent EA,2400,150,1.189856625,1.3069277499999998,1.4748211499999999,"retained_best_so_far=max(best_score,seed_source_fitness)",eval-allcriteria.sim,eval-allcriteria-mini.sim;deterministic.sim;sample-period-2.sim;only-body.sim,jobs/gpu/*.csv; jobs/gpu/*.history.csv; jobs/gpu/*.details.json,final_benchmark.csv; final_benchmark.history.csv; jobs/cpu/*.details.json,cross-configuration descriptive contrast; not a controlled method effect
tree_lso,TreeVAE-80 + latent EA,2500,150,1.2010564750000001,1.31246105,1.4823515,"retained_best_so_far=max(best_score,seed_source_fitness)",eval-allcriteria.sim,eval-allcriteria-mini.sim;deterministic.sim;sample-period-2.sim;only-body.sim,jobs/gpu/*.csv; jobs/gpu/*.history.csv; jobs/gpu/*.details.json,final_benchmark.csv; final_benchmark.history.csv; jobs/cpu/*.details.json,cross-configuration descriptive contrast; not a controlled method effect
tree_lso,TreeVAE-80 + latent EA,2600,150,1.2018377250000001,1.3176573499999999,1.5006285749999999,"retained_best_so_far=max(best_score,seed_source_fitness)",eval-allcriteria.sim,eval-allcriteria-mini.sim;deterministic.sim;sample-period-2.sim;only-body.sim,jobs/gpu/*.csv; jobs/gpu/*.history.csv; jobs/gpu/*.details.json,final_benchmark.csv; final_benchmark.history.csv; jobs/cpu/*.details.json,cross-configuration descriptive contrast; not a controlled method effect
tree_lso,TreeVAE-80 + latent EA,2700,150,1.2073447000000002,1.3206010500000001,1.5089812,"retained_best_so_far=max(best_score,seed_source_fitness)",eval-allcriteria.sim,eval-allcriteria-mini.sim;deterministic.sim;sample-period-2.sim;only-body.sim,jobs/gpu/*.csv; jobs/gpu/*.history.csv; jobs/gpu/*.details.json,final_benchmark.csv; final_benchmark.history.csv; jobs/cpu/*.details.json,cross-configuration descriptive contrast; not a controlled method effect
tree_lso,TreeVAE-80 + latent EA,2800,150,1.212635425,1.3206010500000001,1.5089812,"retained_best_so_far=max(best_score,seed_source_fitness)",eval-allcriteria.sim,eval-allcriteria-mini.sim;deterministic.sim;sample-period-2.sim;only-body.sim,jobs/gpu/*.csv; jobs/gpu/*.history.csv; jobs/gpu/*.details.json,final_benchmark.csv; final_benchmark.history.csv; jobs/cpu/*.details.json,cross-configuration descriptive contrast; not a controlled method effect
tree_lso,TreeVAE-80 + latent EA,2900,150,1.21405615,1.3206010500000001,1.5089812,"retained_best_so_far=max(best_score,seed_source_fitness)",eval-allcriteria.sim,eval-allcriteria-mini.sim;deterministic.sim;sample-period-2.sim;only-body.sim,jobs/gpu/*.csv; jobs/gpu/*.history.csv; jobs/gpu/*.details.json,final_benchmark.csv; final_benchmark.history.csv; jobs/cpu/*.details.json,cross-configuration descriptive contrast; not a controlled method effect
tree_lso,TreeVAE-80 + latent EA,3000,150,1.2256832,1.3225584000000001,1.5089812,"retained_best_so_far=max(best_score,seed_source_fitness)",eval-allcriteria.sim,eval-allcriteria-mini.sim;deterministic.sim;sample-period-2.sim;only-body.sim,jobs/gpu/*.csv; jobs/gpu/*.history.csv; jobs/gpu/*.details.json,final_benchmark.csv; final_benchmark.history.csv; jobs/cpu/*.details.json,cross-configuration descriptive contrast; not a controlled method effect
tree_lso,TreeVAE-80 + latent EA,3100,150,1.22940315,1.3234215,1.5089812,"retained_best_so_far=max(best_score,seed_source_fitness)",eval-allcriteria.sim,eval-allcriteria-mini.sim;deterministic.sim;sample-period-2.sim;only-body.sim,jobs/gpu/*.csv; jobs/gpu/*.history.csv; jobs/gpu/*.details.json,final_benchmark.csv; final_benchmark.history.csv; jobs/cpu/*.details.json,cross-configuration descriptive contrast; not a controlled method effect
tree_lso,TreeVAE-80 + latent EA,3200,150,1.2393213249999999,1.3431207000000001,1.5209677499999998,"retained_best_so_far=max(best_score,seed_source_fitness)",eval-allcriteria.sim,eval-allcriteria-mini.sim;deterministic.sim;sample-period-2.sim;only-body.sim,jobs/gpu/*.csv; jobs/gpu/*.history.csv; jobs/gpu/*.details.json,final_benchmark.csv; final_benchmark.history.csv; jobs/cpu/*.details.json,cross-configuration descriptive contrast; not a controlled method effect
tree_lso,TreeVAE-80 + latent EA,3300,150,1.2461385250000001,1.34921135,1.5260648000000001,"retained_best_so_far=max(best_score,seed_source_fitness)",eval-allcriteria.sim,eval-allcriteria-mini.sim;deterministic.sim;sample-period-2.sim;only-body.sim,jobs/gpu/*.csv; jobs/gpu/*.history.csv; jobs/gpu/*.details.json,final_benchmark.csv; final_benchmark.history.csv; jobs/cpu/*.details.json,cross-configuration descriptive contrast; not a controlled method effect
tree_lso,TreeVAE-80 + latent EA,3400,150,1.2461385250000001,1.3624377000000001,1.539058925,"retained_best_so_far=max(best_score,seed_source_fitness)",eval-allcriteria.sim,eval-allcriteria-mini.sim;deterministic.sim;sample-period-2.sim;only-body.sim,jobs/gpu/*.csv; jobs/gpu/*.history.csv; jobs/gpu/*.details.json,final_benchmark.csv; final_benchmark.history.csv; jobs/cpu/*.details.json,cross-configuration descriptive contrast; not a controlled method effect
tree_lso,TreeVAE-80 + latent EA,3500,150,1.2492204249999999,1.36624105,1.539058925,"retained_best_so_far=max(best_score,seed_source_fitness)",eval-allcriteria.sim,eval-allcriteria-mini.sim;deterministic.sim;sample-period-2.sim;only-body.sim,jobs/gpu/*.csv; jobs/gpu/*.history.csv; jobs/gpu/*.details.json,final_benchmark.csv; final_benchmark.history.csv; jobs/cpu/*.details.json,cross-configuration descriptive contrast; not a controlled method effect
tree_lso,TreeVAE-80 + latent EA,3600,150,1.2609352249999999,1.36969765,1.539058925,"retained_best_so_far=max(best_score,seed_source_fitness)",eval-allcriteria.sim,eval-allcriteria-mini.sim;deterministic.sim;sample-period-2.sim;only-body.sim,jobs/gpu/*.csv; jobs/gpu/*.history.csv; jobs/gpu/*.details.json,final_benchmark.csv; final_benchmark.history.csv; jobs/cpu/*.details.json,cross-configuration descriptive contrast; not a controlled method effect
tree_lso,TreeVAE-80 + latent EA,3700,150,1.2686817749999999,1.36969765,1.539058925,"retained_best_so_far=max(best_score,seed_source_fitness)",eval-allcriteria.sim,eval-allcriteria-mini.sim;deterministic.sim;sample-period-2.sim;only-body.sim,jobs/gpu/*.csv; jobs/gpu/*.history.csv; jobs/gpu/*.details.json,final_benchmark.csv; final_benchmark.history.csv; jobs/cpu/*.details.json,cross-configuration descriptive contrast; not a controlled method effect
tree_lso,TreeVAE-80 + latent EA,3800,150,1.2751155000000001,1.3724639500000002,1.539058925,"retained_best_so_far=max(best_score,seed_source_fitness)",eval-allcriteria.sim,eval-allcriteria-mini.sim;deterministic.sim;sample-period-2.sim;only-body.sim,jobs/gpu/*.csv; jobs/gpu/*.history.csv; jobs/gpu/*.details.json,final_benchmark.csv; final_benchmark.history.csv; jobs/cpu/*.details.json,cross-configuration descriptive contrast; not a controlled method effect
tree_lso,TreeVAE-80 + latent EA,3900,150,1.279895,1.3734325000000001,1.5457520250000001,"retained_best_so_far=max(best_score,seed_source_fitness)",eval-allcriteria.sim,eval-allcriteria-mini.sim;deterministic.sim;sample-period-2.sim;only-body.sim,jobs/gpu/*.csv; jobs/gpu/*.history.csv; jobs/gpu/*.details.json,final_benchmark.csv; final_benchmark.history.csv; jobs/cpu/*.details.json,cross-configuration descriptive contrast; not a controlled method effect
tree_lso,TreeVAE-80 + latent EA,4000,150,1.279895,1.3734325000000001,1.552484025,"retained_best_so_far=max(best_score,seed_source_fitness)",eval-allcriteria.sim,eval-allcriteria-mini.sim;deterministic.sim;sample-period-2.sim;only-body.sim,jobs/gpu/*.csv; jobs/gpu/*.history.csv; jobs/gpu/*.details.json,final_benchmark.csv; final_benchmark.history.csv; jobs/cpu/*.details.json,cross-configuration descriptive contrast; not a controlled method effect
tree_lso,TreeVAE-80 + latent EA,4100,150,1.2828904249999999,1.3847544000000001,1.552484025,"retained_best_so_far=max(best_score,seed_source_fitness)",eval-allcriteria.sim,eval-allcriteria-mini.sim;deterministic.sim;sample-period-2.sim;only-body.sim,jobs/gpu/*.csv; jobs/gpu/*.history.csv; jobs/gpu/*.details.json,final_benchmark.csv; final_benchmark.history.csv; jobs/cpu/*.details.json,cross-configuration descriptive contrast; not a controlled method effect
tree_lso,TreeVAE-80 + latent EA,4200,150,1.288741425,1.3847544000000001,1.5558203749999999,"retained_best_so_far=max(best_score,seed_source_fitness)",eval-allcriteria.sim,eval-allcriteria-mini.sim;deterministic.sim;sample-period-2.sim;only-body.sim,jobs/gpu/*.csv; jobs/gpu/*.history.csv; jobs/gpu/*.details.json,final_benchmark.csv; final_benchmark.history.csv; jobs/cpu/*.details.json,cross-configuration descriptive contrast; not a controlled method effect
tree_lso,TreeVAE-80 + latent EA,4300,150,1.2894061749999999,1.3913568999999999,1.5558203749999999,"retained_best_so_far=max(best_score,seed_source_fitness)",eval-allcriteria.sim,eval-allcriteria-mini.sim;deterministic.sim;sample-period-2.sim;only-body.sim,jobs/gpu/*.csv; jobs/gpu/*.history.csv; jobs/gpu/*.details.json,final_benchmark.csv; final_benchmark.history.csv; jobs/cpu/*.details.json,cross-configuration descriptive contrast; not a controlled method effect
tree_lso,TreeVAE-80 + latent EA,4400,150,1.2894061749999999,1.3913568999999999,1.5558203749999999,"retained_best_so_far=max(best_score,seed_source_fitness)",eval-allcriteria.sim,eval-allcriteria-mini.sim;deterministic.sim;sample-period-2.sim;only-body.sim,jobs/gpu/*.csv; jobs/gpu/*.history.csv; jobs/gpu/*.details.json,final_benchmark.csv; final_benchmark.history.csv; jobs/cpu/*.details.json,cross-configuration descriptive contrast; not a controlled method effect
tree_lso,TreeVAE-80 + latent EA,4500,150,1.291015775,1.3941097,1.5589411,"retained_best_so_far=max(best_score,seed_source_fitness)",eval-allcriteria.sim,eval-allcriteria-mini.sim;deterministic.sim;sample-period-2.sim;only-body.sim,jobs/gpu/*.csv; jobs/gpu/*.history.csv; jobs/gpu/*.details.json,final_benchmark.csv; final_benchmark.history.csv; jobs/cpu/*.details.json,cross-configuration descriptive contrast; not a controlled method effect
tree_lso,TreeVAE-80 + latent EA,4600,150,1.2971769499999999,1.400377,1.5589411,"retained_best_so_far=max(best_score,seed_source_fitness)",eval-allcriteria.sim,eval-allcriteria-mini.sim;deterministic.sim;sample-period-2.sim;only-body.sim,jobs/gpu/*.csv; jobs/gpu/*.history.csv; jobs/gpu/*.details.json,final_benchmark.csv; final_benchmark.history.csv; jobs/cpu/*.details.json,cross-configuration descriptive contrast; not a controlled method effect
tree_lso,TreeVAE-80 + latent EA,4700,150,1.2971769499999999,1.400377,1.56734555,"retained_best_so_far=max(best_score,seed_source_fitness)",eval-allcriteria.sim,eval-allcriteria-mini.sim;deterministic.sim;sample-period-2.sim;only-body.sim,jobs/gpu/*.csv; jobs/gpu/*.history.csv; jobs/gpu/*.details.json,final_benchmark.csv; final_benchmark.history.csv; jobs/cpu/*.details.json,cross-configuration descriptive contrast; not a controlled method effect
tree_lso,TreeVAE-80 + latent EA,4800,150,1.3036991,1.4048609999999999,1.56734555,"retained_best_so_far=max(best_score,seed_source_fitness)",eval-allcriteria.sim,eval-allcriteria-mini.sim;deterministic.sim;sample-period-2.sim;only-body.sim,jobs/gpu/*.csv; jobs/gpu/*.history.csv; jobs/gpu/*.details.json,final_benchmark.csv; final_benchmark.history.csv; jobs/cpu/*.details.json,cross-configuration descriptive contrast; not a controlled method effect
tree_lso,TreeVAE-80 + latent EA,4900,150,1.3138241750000001,1.4284186999999999,1.5963380250000001,"retained_best_so_far=max(best_score,seed_source_fitness)",eval-allcriteria.sim,eval-allcriteria-mini.sim;deterministic.sim;sample-period-2.sim;only-body.sim,jobs/gpu/*.csv; jobs/gpu/*.history.csv; jobs/gpu/*.details.json,final_benchmark.csv; final_benchmark.history.csv; jobs/cpu/*.details.json,cross-configuration descriptive contrast; not a controlled method effect
tree_lso,TreeVAE-80 + latent EA,5000,150,1.31908775,1.43013675,1.5963380250000001,"retained_best_so_far=max(best_score,seed_source_fitness)",eval-allcriteria.sim,eval-allcriteria-mini.sim;deterministic.sim;sample-period-2.sim;only-body.sim,jobs/gpu/*.csv; jobs/gpu/*.history.csv; jobs/gpu/*.details.json,final_benchmark.csv; final_benchmark.history.csv; jobs/cpu/*.details.json,cross-configuration descriptive contrast; not a controlled method effect
tree_lso,TreeVAE-80 + latent EA,5100,150,1.3225626500000001,1.4320086999999999,1.6280534499999999,"retained_best_so_far=max(best_score,seed_source_fitness)",eval-allcriteria.sim,eval-allcriteria-mini.sim;deterministic.sim;sample-period-2.sim;only-body.sim,jobs/gpu/*.csv; jobs/gpu/*.history.csv; jobs/gpu/*.details.json,final_benchmark.csv; final_benchmark.history.csv; jobs/cpu/*.details.json,cross-configuration descriptive contrast; not a controlled method effect
tree_lso,TreeVAE-80 + latent EA,5200,150,1.3267630000000001,1.43435095,1.6500146999999998,"retained_best_so_far=max(best_score,seed_source_fitness)",eval-allcriteria.sim,eval-allcriteria-mini.sim;deterministic.sim;sample-period-2.sim;only-body.sim,jobs/gpu/*.csv; jobs/gpu/*.history.csv; jobs/gpu/*.details.json,final_benchmark.csv; final_benchmark.history.csv; jobs/cpu/*.details.json,cross-configuration descriptive contrast; not a controlled method effect
tree_lso,TreeVAE-80 + latent EA,5300,150,1.3267630000000001,1.4344809500000002,1.6547494249999999,"retained_best_so_far=max(best_score,seed_source_fitness)",eval-allcriteria.sim,eval-allcriteria-mini.sim;deterministic.sim;sample-period-2.sim;only-body.sim,jobs/gpu/*.csv; jobs/gpu/*.history.csv; jobs/gpu/*.details.json,final_benchmark.csv; final_benchmark.history.csv; jobs/cpu/*.details.json,cross-configuration descriptive contrast; not a controlled method effect
tree_lso,TreeVAE-80 + latent EA,5400,150,1.327969875,1.4344809500000002,1.6547494249999999,"retained_best_so_far=max(best_score,seed_source_fitness)",eval-allcriteria.sim,eval-allcriteria-mini.sim;deterministic.sim;sample-period-2.sim;only-body.sim,jobs/gpu/*.csv; jobs/gpu/*.history.csv; jobs/gpu/*.details.json,final_benchmark.csv; final_benchmark.history.csv; jobs/cpu/*.details.json,cross-configuration descriptive contrast; not a controlled method effect
tree_lso,TreeVAE-80 + latent EA,5500,150,1.3282239250000001,1.4362287500000002,1.668131625,"retained_best_so_far=max(best_score,seed_source_fitness)",eval-allcriteria.sim,eval-allcriteria-mini.sim;deterministic.sim;sample-period-2.sim;only-body.sim,jobs/gpu/*.csv; jobs/gpu/*.history.csv; jobs/gpu/*.details.json,final_benchmark.csv; final_benchmark.history.csv; jobs/cpu/*.details.json,cross-configuration descriptive contrast; not a controlled method effect
tree_lso,TreeVAE-80 + latent EA,5600,150,1.3282239250000001,1.4390374500000001,1.668131625,"retained_best_so_far=max(best_score,seed_source_fitness)",eval-allcriteria.sim,eval-allcriteria-mini.sim;deterministic.sim;sample-period-2.sim;only-body.sim,jobs/gpu/*.csv; jobs/gpu/*.history.csv; jobs/gpu/*.details.json,final_benchmark.csv; final_benchmark.history.csv; jobs/cpu/*.details.json,cross-configuration descriptive contrast; not a controlled method effect
tree_lso,TreeVAE-80 + latent EA,5700,150,1.3318142499999999,1.4430057999999999,1.668131625,"retained_best_so_far=max(best_score,seed_source_fitness)",eval-allcriteria.sim,eval-allcriteria-mini.sim;deterministic.sim;sample-period-2.sim;only-body.sim,jobs/gpu/*.csv; jobs/gpu/*.history.csv; jobs/gpu/*.details.json,final_benchmark.csv; final_benchmark.history.csv; jobs/cpu/*.details.json,cross-configuration descriptive contrast; not a controlled method effect
tree_lso,TreeVAE-80 + latent EA,5800,150,1.33657775,1.4430057999999999,1.668131625,"retained_best_so_far=max(best_score,seed_source_fitness)",eval-allcriteria.sim,eval-allcriteria-mini.sim;deterministic.sim;sample-period-2.sim;only-body.sim,jobs/gpu/*.csv; jobs/gpu/*.history.csv; jobs/gpu/*.details.json,final_benchmark.csv; final_benchmark.history.csv; jobs/cpu/*.details.json,cross-configuration descriptive contrast; not a controlled method effect
tree_lso,TreeVAE-80 + latent EA,5900,150,1.3411328499999999,1.4430057999999999,1.668131625,"retained_best_so_far=max(best_score,seed_source_fitness)",eval-allcriteria.sim,eval-allcriteria-mini.sim;deterministic.sim;sample-period-2.sim;only-body.sim,jobs/gpu/*.csv; jobs/gpu/*.history.csv; jobs/gpu/*.details.json,final_benchmark.csv; final_benchmark.history.csv; jobs/cpu/*.details.json,cross-configuration descriptive contrast; not a controlled method effect
tree_lso,TreeVAE-80 + latent EA,6000,150,1.3411328499999999,1.45347425,1.67649465,"retained_best_so_far=max(best_score,seed_source_fitness)",eval-allcriteria.sim,eval-allcriteria-mini.sim;deterministic.sim;sample-period-2.sim;only-body.sim,jobs/gpu/*.csv; jobs/gpu/*.history.csv; jobs/gpu/*.details.json,final_benchmark.csv; final_benchmark.history.csv; jobs/cpu/*.details.json,cross-configuration descriptive contrast; not a controlled method effect
tree_lso,TreeVAE-80 + latent EA,6100,150,1.346923675,1.4628768999999999,1.67649465,"retained_best_so_far=max(best_score,seed_source_fitness)",eval-allcriteria.sim,eval-allcriteria-mini.sim;deterministic.sim;sample-period-2.sim;only-body.sim,jobs/gpu/*.csv; jobs/gpu/*.history.csv; jobs/gpu/*.details.json,final_benchmark.csv; final_benchmark.history.csv; jobs/cpu/*.details.json,cross-configuration descriptive contrast; not a controlled method effect
tree_lso,TreeVAE-80 + latent EA,6200,150,1.3489025250000002,1.4628768999999999,1.67649465,"retained_best_so_far=max(best_score,seed_source_fitness)",eval-allcriteria.sim,eval-allcriteria-mini.sim;deterministic.sim;sample-period-2.sim;only-body.sim,jobs/gpu/*.csv; jobs/gpu/*.history.csv; jobs/gpu/*.details.json,final_benchmark.csv; final_benchmark.history.csv; jobs/cpu/*.details.json,cross-configuration descriptive contrast; not a controlled method effect
tree_lso,TreeVAE-80 + latent EA,6300,150,1.3489025250000002,1.4628768999999999,1.679857175,"retained_best_so_far=max(best_score,seed_source_fitness)",eval-allcriteria.sim,eval-allcriteria-mini.sim;deterministic.sim;sample-period-2.sim;only-body.sim,jobs/gpu/*.csv; jobs/gpu/*.history.csv; jobs/gpu/*.details.json,final_benchmark.csv; final_benchmark.history.csv; jobs/cpu/*.details.json,cross-configuration descriptive contrast; not a controlled method effect
tree_lso,TreeVAE-80 + latent EA,6400,150,1.3489025250000002,1.4663930999999999,1.679857175,"retained_best_so_far=max(best_score,seed_source_fitness)",eval-allcriteria.sim,eval-allcriteria-mini.sim;deterministic.sim;sample-period-2.sim;only-body.sim,jobs/gpu/*.csv; jobs/gpu/*.history.csv; jobs/gpu/*.details.json,final_benchmark.csv; final_benchmark.history.csv; jobs/cpu/*.details.json,cross-configuration descriptive contrast; not a controlled method effect
tree_lso,TreeVAE-80 + latent EA,6500,150,1.3494249,1.4663930999999999,1.679857175,"retained_best_so_far=max(best_score,seed_source_fitness)",eval-allcriteria.sim,eval-allcriteria-mini.sim;deterministic.sim;sample-period-2.sim;only-body.sim,jobs/gpu/*.csv; jobs/gpu/*.history.csv; jobs/gpu/*.details.json,final_benchmark.csv; final_benchmark.history.csv; jobs/cpu/*.details.json,cross-configuration descriptive contrast; not a controlled method effect
tree_lso,TreeVAE-80 + latent EA,6600,150,1.3494249,1.4678097999999999,1.679857175,"retained_best_so_far=max(best_score,seed_source_fitness)",eval-allcriteria.sim,eval-allcriteria-mini.sim;deterministic.sim;sample-period-2.sim;only-body.sim,jobs/gpu/*.csv; jobs/gpu/*.history.csv; jobs/gpu/*.details.json,final_benchmark.csv; final_benchmark.history.csv; jobs/cpu/*.details.json,cross-configuration descriptive contrast; not a controlled method effect
tree_lso,TreeVAE-80 + latent EA,6700,150,1.356107825,1.4696726,1.6809377749999999,"retained_best_so_far=max(best_score,seed_source_fitness)",eval-allcriteria.sim,eval-allcriteria-mini.sim;deterministic.sim;sample-period-2.sim;only-body.sim,jobs/gpu/*.csv; jobs/gpu/*.history.csv; jobs/gpu/*.details.json,final_benchmark.csv; final_benchmark.history.csv; jobs/cpu/*.details.json,cross-configuration descriptive contrast; not a controlled method effect
tree_lso,TreeVAE-80 + latent EA,6800,150,1.356107825,1.4696726,1.6809377749999999,"retained_best_so_far=max(best_score,seed_source_fitness)",eval-allcriteria.sim,eval-allcriteria-mini.sim;deterministic.sim;sample-period-2.sim;only-body.sim,jobs/gpu/*.csv; jobs/gpu/*.history.csv; jobs/gpu/*.details.json,final_benchmark.csv; final_benchmark.history.csv; jobs/cpu/*.details.json,cross-configuration descriptive contrast; not a controlled method effect
tree_lso,TreeVAE-80 + latent EA,6900,150,1.3573861250000001,1.4707493999999999,1.6809377749999999,"retained_best_so_far=max(best_score,seed_source_fitness)",eval-allcriteria.sim,eval-allcriteria-mini.sim;deterministic.sim;sample-period-2.sim;only-body.sim,jobs/gpu/*.csv; jobs/gpu/*.history.csv; jobs/gpu/*.details.json,final_benchmark.csv; final_benchmark.history.csv; jobs/cpu/*.details.json,cross-configuration descriptive contrast; not a controlled method effect
tree_lso,TreeVAE-80 + latent EA,7000,150,1.3676214249999998,1.4735105000000002,1.6852686749999999,"retained_best_so_far=max(best_score,seed_source_fitness)",eval-allcriteria.sim,eval-allcriteria-mini.sim;deterministic.sim;sample-period-2.sim;only-body.sim,jobs/gpu/*.csv; jobs/gpu/*.history.csv; jobs/gpu/*.details.json,final_benchmark.csv; final_benchmark.history.csv; jobs/cpu/*.details.json,cross-configuration descriptive contrast; not a controlled method effect
tree_lso,TreeVAE-80 + latent EA,7100,150,1.3676214249999998,1.4735105000000002,1.6956357,"retained_best_so_far=max(best_score,seed_source_fitness)",eval-allcriteria.sim,eval-allcriteria-mini.sim;deterministic.sim;sample-period-2.sim;only-body.sim,jobs/gpu/*.csv; jobs/gpu/*.history.csv; jobs/gpu/*.details.json,final_benchmark.csv; final_benchmark.history.csv; jobs/cpu/*.details.json,cross-configuration descriptive contrast; not a controlled method effect
tree_lso,TreeVAE-80 + latent EA,7200,150,1.3700027749999999,1.4735105000000002,1.6956357,"retained_best_so_far=max(best_score,seed_source_fitness)",eval-allcriteria.sim,eval-allcriteria-mini.sim;deterministic.sim;sample-period-2.sim;only-body.sim,jobs/gpu/*.csv; jobs/gpu/*.history.csv; jobs/gpu/*.details.json,final_benchmark.csv; final_benchmark.history.csv; jobs/cpu/*.details.json,cross-configuration descriptive contrast; not a controlled method effect
tree_lso,TreeVAE-80 + latent EA,7300,150,1.37271305,1.4735105000000002,1.6956357,"retained_best_so_far=max(best_score,seed_source_fitness)",eval-allcriteria.sim,eval-allcriteria-mini.sim;deterministic.sim;sample-period-2.sim;only-body.sim,jobs/gpu/*.csv; jobs/gpu/*.history.csv; jobs/gpu/*.details.json,final_benchmark.csv; final_benchmark.history.csv; jobs/cpu/*.details.json,cross-configuration descriptive contrast; not a controlled method effect
tree_lso,TreeVAE-80 + latent EA,7400,150,1.374987,1.47564845,1.6956357,"retained_best_so_far=max(best_score,seed_source_fitness)",eval-allcriteria.sim,eval-allcriteria-mini.sim;deterministic.sim;sample-period-2.sim;only-body.sim,jobs/gpu/*.csv; jobs/gpu/*.history.csv; jobs/gpu/*.details.json,final_benchmark.csv; final_benchmark.history.csv; jobs/cpu/*.details.json,cross-configuration descriptive contrast; not a controlled method effect
tree_lso,TreeVAE-80 + latent EA,7500,150,1.3823991,1.47564845,1.707305775,"retained_best_so_far=max(best_score,seed_source_fitness)",eval-allcriteria.sim,eval-allcriteria-mini.sim;deterministic.sim;sample-period-2.sim;only-body.sim,jobs/gpu/*.csv; jobs/gpu/*.history.csv; jobs/gpu/*.details.json,final_benchmark.csv; final_benchmark.history.csv; jobs/cpu/*.details.json,cross-configuration descriptive contrast; not a controlled method effect
tree_lso,TreeVAE-80 + latent EA,7600,150,1.3823991,1.47564845,1.707305775,"retained_best_so_far=max(best_score,seed_source_fitness)",eval-allcriteria.sim,eval-allcriteria-mini.sim;deterministic.sim;sample-period-2.sim;only-body.sim,jobs/gpu/*.csv; jobs/gpu/*.history.csv; jobs/gpu/*.details.json,final_benchmark.csv; final_benchmark.history.csv; jobs/cpu/*.details.json,cross-configuration descriptive contrast; not a controlled method effect
tree_lso,TreeVAE-80 + latent EA,7700,150,1.3856673499999999,1.4806808,1.707305775,"retained_best_so_far=max(best_score,seed_source_fitness)",eval-allcriteria.sim,eval-allcriteria-mini.sim;deterministic.sim;sample-period-2.sim;only-body.sim,jobs/gpu/*.csv; jobs/gpu/*.history.csv; jobs/gpu/*.details.json,final_benchmark.csv; final_benchmark.history.csv; jobs/cpu/*.details.json,cross-configuration descriptive contrast; not a controlled method effect
tree_lso,TreeVAE-80 + latent EA,7800,150,1.388826575,1.4806808,1.707305775,"retained_best_so_far=max(best_score,seed_source_fitness)",eval-allcriteria.sim,eval-allcriteria-mini.sim;deterministic.sim;sample-period-2.sim;only-body.sim,jobs/gpu/*.csv; jobs/gpu/*.history.csv; jobs/gpu/*.details.json,final_benchmark.csv; final_benchmark.history.csv; jobs/cpu/*.details.json,cross-configuration descriptive contrast; not a controlled method effect
tree_lso,TreeVAE-80 + latent EA,7900,150,1.3910806249999998,1.4806808,1.707305775,"retained_best_so_far=max(best_score,seed_source_fitness)",eval-allcriteria.sim,eval-allcriteria-mini.sim;deterministic.sim;sample-period-2.sim;only-body.sim,jobs/gpu/*.csv; jobs/gpu/*.history.csv; jobs/gpu/*.details.json,final_benchmark.csv; final_benchmark.history.csv; jobs/cpu/*.details.json,cross-configuration descriptive contrast; not a controlled method effect
tree_lso,TreeVAE-80 + latent EA,8000,150,1.3910806249999998,1.4852653,1.707305775,"retained_best_so_far=max(best_score,seed_source_fitness)",eval-allcriteria.sim,eval-allcriteria-mini.sim;deterministic.sim;sample-period-2.sim;only-body.sim,jobs/gpu/*.csv; jobs/gpu/*.history.csv; jobs/gpu/*.details.json,final_benchmark.csv; final_benchmark.history.csv; jobs/cpu/*.details.json,cross-configuration descriptive contrast; not a controlled method effect
tree_lso,TreeVAE-80 + latent EA,8100,150,1.3910806249999998,1.49279655,1.707305775,"retained_best_so_far=max(best_score,seed_source_fitness)",eval-allcriteria.sim,eval-allcriteria-mini.sim;deterministic.sim;sample-period-2.sim;only-body.sim,jobs/gpu/*.csv; jobs/gpu/*.history.csv; jobs/gpu/*.details.json,final_benchmark.csv; final_benchmark.history.csv; jobs/cpu/*.details.json,cross-configuration descriptive contrast; not a controlled method effect
tree_lso,TreeVAE-80 + latent EA,8200,150,1.392827525,1.5187664000000001,1.7133741250000001,"retained_best_so_far=max(best_score,seed_source_fitness)",eval-allcriteria.sim,eval-allcriteria-mini.sim;deterministic.sim;sample-period-2.sim;only-body.sim,jobs/gpu/*.csv; jobs/gpu/*.history.csv; jobs/gpu/*.details.json,final_benchmark.csv; final_benchmark.history.csv; jobs/cpu/*.details.json,cross-configuration descriptive contrast; not a controlled method effect
tree_lso,TreeVAE-80 + latent EA,8300,150,1.3932963,1.53175705,1.7158277,"retained_best_so_far=max(best_score,seed_source_fitness)",eval-allcriteria.sim,eval-allcriteria-mini.sim;deterministic.sim;sample-period-2.sim;only-body.sim,jobs/gpu/*.csv; jobs/gpu/*.history.csv; jobs/gpu/*.details.json,final_benchmark.csv; final_benchmark.history.csv; jobs/cpu/*.details.json,cross-configuration descriptive contrast; not a controlled method effect
tree_lso,TreeVAE-80 + latent EA,8400,150,1.3958950999999999,1.5342369499999999,1.7308386499999999,"retained_best_so_far=max(best_score,seed_source_fitness)",eval-allcriteria.sim,eval-allcriteria-mini.sim;deterministic.sim;sample-period-2.sim;only-body.sim,jobs/gpu/*.csv; jobs/gpu/*.history.csv; jobs/gpu/*.details.json,final_benchmark.csv; final_benchmark.history.csv; jobs/cpu/*.details.json,cross-configuration descriptive contrast; not a controlled method effect
tree_lso,TreeVAE-80 + latent EA,8500,150,1.3958950999999999,1.5342369499999999,1.7308386499999999,"retained_best_so_far=max(best_score,seed_source_fitness)",eval-allcriteria.sim,eval-allcriteria-mini.sim;deterministic.sim;sample-period-2.sim;only-body.sim,jobs/gpu/*.csv; jobs/gpu/*.history.csv; jobs/gpu/*.details.json,final_benchmark.csv; final_benchmark.history.csv; jobs/cpu/*.details.json,cross-configuration descriptive contrast; not a controlled method effect
tree_lso,TreeVAE-80 + latent EA,8600,150,1.398737275,1.5384463500000001,1.7490810750000001,"retained_best_so_far=max(best_score,seed_source_fitness)",eval-allcriteria.sim,eval-allcriteria-mini.sim;deterministic.sim;sample-period-2.sim;only-body.sim,jobs/gpu/*.csv; jobs/gpu/*.history.csv; jobs/gpu/*.details.json,final_benchmark.csv; final_benchmark.history.csv; jobs/cpu/*.details.json,cross-configuration descriptive contrast; not a controlled method effect
tree_lso,TreeVAE-80 + latent EA,8700,150,1.398737275,1.5384463500000001,1.7490810750000001,"retained_best_so_far=max(best_score,seed_source_fitness)",eval-allcriteria.sim,eval-allcriteria-mini.sim;deterministic.sim;sample-period-2.sim;only-body.sim,jobs/gpu/*.csv; jobs/gpu/*.history.csv; jobs/gpu/*.details.json,final_benchmark.csv; final_benchmark.history.csv; jobs/cpu/*.details.json,cross-configuration descriptive contrast; not a controlled method effect
tree_lso,TreeVAE-80 + latent EA,8800,150,1.4059003750000001,1.5384463500000001,1.7490810750000001,"retained_best_so_far=max(best_score,seed_source_fitness)",eval-allcriteria.sim,eval-allcriteria-mini.sim;deterministic.sim;sample-period-2.sim;only-body.sim,jobs/gpu/*.csv; jobs/gpu/*.history.csv; jobs/gpu/*.details.json,final_benchmark.csv; final_benchmark.history.csv; jobs/cpu/*.details.json,cross-configuration descriptive contrast; not a controlled method effect
tree_lso,TreeVAE-80 + latent EA,8900,150,1.4059003750000001,1.54064015,1.7490810750000001,"retained_best_so_far=max(best_score,seed_source_fitness)",eval-allcriteria.sim,eval-allcriteria-mini.sim;deterministic.sim;sample-period-2.sim;only-body.sim,jobs/gpu/*.csv; jobs/gpu/*.history.csv; jobs/gpu/*.details.json,final_benchmark.csv; final_benchmark.history.csv; jobs/cpu/*.details.json,cross-configuration descriptive contrast; not a controlled method effect
tree_lso,TreeVAE-80 + latent EA,9000,150,1.4109933749999999,1.5410746,1.764931225,"retained_best_so_far=max(best_score,seed_source_fitness)",eval-allcriteria.sim,eval-allcriteria-mini.sim;deterministic.sim;sample-period-2.sim;only-body.sim,jobs/gpu/*.csv; jobs/gpu/*.history.csv; jobs/gpu/*.details.json,final_benchmark.csv; final_benchmark.history.csv; jobs/cpu/*.details.json,cross-configuration descriptive contrast; not a controlled method effect
tree_lso,TreeVAE-80 + latent EA,9100,150,1.4129073750000001,1.5410746,1.7777247250000001,"retained_best_so_far=max(best_score,seed_source_fitness)",eval-allcriteria.sim,eval-allcriteria-mini.sim;deterministic.sim;sample-period-2.sim;only-body.sim,jobs/gpu/*.csv; jobs/gpu/*.history.csv; jobs/gpu/*.details.json,final_benchmark.csv; final_benchmark.history.csv; jobs/cpu/*.details.json,cross-configuration descriptive contrast; not a controlled method effect
tree_lso,TreeVAE-80 + latent EA,9200,150,1.4129073750000001,1.5423947999999998,1.7777247250000001,"retained_best_so_far=max(best_score,seed_source_fitness)",eval-allcriteria.sim,eval-allcriteria-mini.sim;deterministic.sim;sample-period-2.sim;only-body.sim,jobs/gpu/*.csv; jobs/gpu/*.history.csv; jobs/gpu/*.details.json,final_benchmark.csv; final_benchmark.history.csv; jobs/cpu/*.details.json,cross-configuration descriptive contrast; not a controlled method effect
tree_lso,TreeVAE-80 + latent EA,9300,150,1.4129073750000001,1.5469563499999999,1.7777247250000001,"retained_best_so_far=max(best_score,seed_source_fitness)",eval-allcriteria.sim,eval-allcriteria-mini.sim;deterministic.sim;sample-period-2.sim;only-body.sim,jobs/gpu/*.csv; jobs/gpu/*.history.csv; jobs/gpu/*.details.json,final_benchmark.csv; final_benchmark.history.csv; jobs/cpu/*.details.json,cross-configuration descriptive contrast; not a controlled method effect
tree_lso,TreeVAE-80 + latent EA,9400,150,1.4134004999999998,1.5524217999999999,1.7777247250000001,"retained_best_so_far=max(best_score,seed_source_fitness)",eval-allcriteria.sim,eval-allcriteria-mini.sim;deterministic.sim;sample-period-2.sim;only-body.sim,jobs/gpu/*.csv; jobs/gpu/*.history.csv; jobs/gpu/*.details.json,final_benchmark.csv; final_benchmark.history.csv; jobs/cpu/*.details.json,cross-configuration descriptive contrast; not a controlled method effect
tree_lso,TreeVAE-80 + latent EA,9500,150,1.4134004999999998,1.5524217999999999,1.7777247250000001,"retained_best_so_far=max(best_score,seed_source_fitness)",eval-allcriteria.sim,eval-allcriteria-mini.sim;deterministic.sim;sample-period-2.sim;only-body.sim,jobs/gpu/*.csv; jobs/gpu/*.history.csv; jobs/gpu/*.details.json,final_benchmark.csv; final_benchmark.history.csv; jobs/cpu/*.details.json,cross-configuration descriptive contrast; not a controlled method effect
tree_lso,TreeVAE-80 + latent EA,9600,150,1.41576905,1.5524217999999999,1.7777247250000001,"retained_best_so_far=max(best_score,seed_source_fitness)",eval-allcriteria.sim,eval-allcriteria-mini.sim;deterministic.sim;sample-period-2.sim;only-body.sim,jobs/gpu/*.csv; jobs/gpu/*.history.csv; jobs/gpu/*.details.json,final_benchmark.csv; final_benchmark.history.csv; jobs/cpu/*.details.json,cross-configuration descriptive contrast; not a controlled method effect
tree_lso,TreeVAE-80 + latent EA,9700,150,1.41576905,1.5524217999999999,1.7777247250000001,"retained_best_so_far=max(best_score,seed_source_fitness)",eval-allcriteria.sim,eval-allcriteria-mini.sim;deterministic.sim;sample-period-2.sim;only-body.sim,jobs/gpu/*.csv; jobs/gpu/*.history.csv; jobs/gpu/*.details.json,final_benchmark.csv; final_benchmark.history.csv; jobs/cpu/*.details.json,cross-configuration descriptive contrast; not a controlled method effect
tree_lso,TreeVAE-80 + latent EA,9800,150,1.41576905,1.5524217999999999,1.7777247250000001,"retained_best_so_far=max(best_score,seed_source_fitness)",eval-allcriteria.sim,eval-allcriteria-mini.sim;deterministic.sim;sample-period-2.sim;only-body.sim,jobs/gpu/*.csv; jobs/gpu/*.history.csv; jobs/gpu/*.details.json,final_benchmark.csv; final_benchmark.history.csv; jobs/cpu/*.details.json,cross-configuration descriptive contrast; not a controlled method effect
tree_lso,TreeVAE-80 + latent EA,9900,150,1.41576905,1.5551768500000001,1.7830190750000001,"retained_best_so_far=max(best_score,seed_source_fitness)",eval-allcriteria.sim,eval-allcriteria-mini.sim;deterministic.sim;sample-period-2.sim;only-body.sim,jobs/gpu/*.csv; jobs/gpu/*.history.csv; jobs/gpu/*.details.json,final_benchmark.csv; final_benchmark.history.csv; jobs/cpu/*.details.json,cross-configuration descriptive contrast; not a controlled method effect
tree_lso,TreeVAE-80 + latent EA,10000,150,1.417585275,1.5551768500000001,1.7830190750000001,"retained_best_so_far=max(best_score,seed_source_fitness)",eval-allcriteria.sim,eval-allcriteria-mini.sim;deterministic.sim;sample-period-2.sim;only-body.sim,jobs/gpu/*.csv; jobs/gpu/*.history.csv; jobs/gpu/*.details.json,final_benchmark.csv; final_benchmark.history.csv; jobs/cpu/*.details.json,cross-configuration descriptive contrast; not a controlled method effect
tree_lso,TreeVAE-80 + latent EA,10100,150,1.417585275,1.5551768500000001,1.7830190750000001,"retained_best_so_far=max(best_score,seed_source_fitness)",eval-allcriteria.sim,eval-allcriteria-mini.sim;deterministic.sim;sample-period-2.sim;only-body.sim,jobs/gpu/*.csv; jobs/gpu/*.history.csv; jobs/gpu/*.details.json,final_benchmark.csv; final_benchmark.history.csv; jobs/cpu/*.details.json,cross-configuration descriptive contrast; not a controlled method effect
tree_lso,TreeVAE-80 + latent EA,10200,150,1.417585275,1.5551768500000001,1.7830190750000001,"retained_best_so_far=max(best_score,seed_source_fitness)",eval-allcriteria.sim,eval-allcriteria-mini.sim;deterministic.sim;sample-period-2.sim;only-body.sim,jobs/gpu/*.csv; jobs/gpu/*.history.csv; jobs/gpu/*.details.json,final_benchmark.csv; final_benchmark.history.csv; jobs/cpu/*.details.json,cross-configuration descriptive contrast; not a controlled method effect
tree_lso,TreeVAE-80 + latent EA,10300,150,1.4257332250000001,1.5551768500000001,1.7830190750000001,"retained_best_so_far=max(best_score,seed_source_fitness)",eval-allcriteria.sim,eval-allcriteria-mini.sim;deterministic.sim;sample-period-2.sim;only-body.sim,jobs/gpu/*.csv; jobs/gpu/*.history.csv; jobs/gpu/*.details.json,final_benchmark.csv; final_benchmark.history.csv; jobs/cpu/*.details.json,cross-configuration descriptive contrast; not a controlled method effect
tree_lso,TreeVAE-80 + latent EA,10400,150,1.4257332250000001,1.5551768500000001,1.7830190750000001,"retained_best_so_far=max(best_score,seed_source_fitness)",eval-allcriteria.sim,eval-allcriteria-mini.sim;deterministic.sim;sample-period-2.sim;only-body.sim,jobs/gpu/*.csv; jobs/gpu/*.history.csv; jobs/gpu/*.details.json,final_benchmark.csv; final_benchmark.history.csv; jobs/cpu/*.details.json,cross-configuration descriptive contrast; not a controlled method effect
tree_lso,TreeVAE-80 + latent EA,10500,150,1.4286755499999999,1.5551768500000001,1.798375625,"retained_best_so_far=max(best_score,seed_source_fitness)",eval-allcriteria.sim,eval-allcriteria-mini.sim;deterministic.sim;sample-period-2.sim;only-body.sim,jobs/gpu/*.csv; jobs/gpu/*.history.csv; jobs/gpu/*.details.json,final_benchmark.csv; final_benchmark.history.csv; jobs/cpu/*.details.json,cross-configuration descriptive contrast; not a controlled method effect
tree_lso,TreeVAE-80 + latent EA,10600,150,1.4360091500000001,1.5551768500000001,1.798375625,"retained_best_so_far=max(best_score,seed_source_fitness)",eval-allcriteria.sim,eval-allcriteria-mini.sim;deterministic.sim;sample-period-2.sim;only-body.sim,jobs/gpu/*.csv; jobs/gpu/*.history.csv; jobs/gpu/*.details.json,final_benchmark.csv; final_benchmark.history.csv; jobs/cpu/*.details.json,cross-configuration descriptive contrast; not a controlled method effect
tree_lso,TreeVAE-80 + latent EA,10700,150,1.4402263500000001,1.5551768500000001,1.798375625,"retained_best_so_far=max(best_score,seed_source_fitness)",eval-allcriteria.sim,eval-allcriteria-mini.sim;deterministic.sim;sample-period-2.sim;only-body.sim,jobs/gpu/*.csv; jobs/gpu/*.history.csv; jobs/gpu/*.details.json,final_benchmark.csv; final_benchmark.history.csv; jobs/cpu/*.details.json,cross-configuration descriptive contrast; not a controlled method effect
tree_lso,TreeVAE-80 + latent EA,10800,150,1.4417214,1.5594948999999998,1.798375625,"retained_best_so_far=max(best_score,seed_source_fitness)",eval-allcriteria.sim,eval-allcriteria-mini.sim;deterministic.sim;sample-period-2.sim;only-body.sim,jobs/gpu/*.csv; jobs/gpu/*.history.csv; jobs/gpu/*.details.json,final_benchmark.csv; final_benchmark.history.csv; jobs/cpu/*.details.json,cross-configuration descriptive contrast; not a controlled method effect
tree_lso,TreeVAE-80 + latent EA,10900,150,1.4417214,1.5594948999999998,1.800109475,"retained_best_so_far=max(best_score,seed_source_fitness)",eval-allcriteria.sim,eval-allcriteria-mini.sim;deterministic.sim;sample-period-2.sim;only-body.sim,jobs/gpu/*.csv; jobs/gpu/*.history.csv; jobs/gpu/*.details.json,final_benchmark.csv; final_benchmark.history.csv; jobs/cpu/*.details.json,cross-configuration descriptive contrast; not a controlled method effect
tree_lso,TreeVAE-80 + latent EA,11000,150,1.44548115,1.5594948999999998,1.8002805749999999,"retained_best_so_far=max(best_score,seed_source_fitness)",eval-allcriteria.sim,eval-allcriteria-mini.sim;deterministic.sim;sample-period-2.sim;only-body.sim,jobs/gpu/*.csv; jobs/gpu/*.history.csv; jobs/gpu/*.details.json,final_benchmark.csv; final_benchmark.history.csv; jobs/cpu/*.details.json,cross-configuration descriptive contrast; not a controlled method effect
tree_lso,TreeVAE-80 + latent EA,11100,150,1.44548115,1.5706568000000001,1.8002805749999999,"retained_best_so_far=max(best_score,seed_source_fitness)",eval-allcriteria.sim,eval-allcriteria-mini.sim;deterministic.sim;sample-period-2.sim;only-body.sim,jobs/gpu/*.csv; jobs/gpu/*.history.csv; jobs/gpu/*.details.json,final_benchmark.csv; final_benchmark.history.csv; jobs/cpu/*.details.json,cross-configuration descriptive contrast; not a controlled method effect
tree_lso,TreeVAE-80 + latent EA,11200,150,1.44548115,1.5788200999999999,1.8002805749999999,"retained_best_so_far=max(best_score,seed_source_fitness)",eval-allcriteria.sim,eval-allcriteria-mini.sim;deterministic.sim;sample-period-2.sim;only-body.sim,jobs/gpu/*.csv; jobs/gpu/*.history.csv; jobs/gpu/*.details.json,final_benchmark.csv; final_benchmark.history.csv; jobs/cpu/*.details.json,cross-configuration descriptive contrast; not a controlled method effect
tree_lso,TreeVAE-80 + latent EA,11300,150,1.445583525,1.5788200999999999,1.80482795,"retained_best_so_far=max(best_score,seed_source_fitness)",eval-allcriteria.sim,eval-allcriteria-mini.sim;deterministic.sim;sample-period-2.sim;only-body.sim,jobs/gpu/*.csv; jobs/gpu/*.history.csv; jobs/gpu/*.details.json,final_benchmark.csv; final_benchmark.history.csv; jobs/cpu/*.details.json,cross-configuration descriptive contrast; not a controlled method effect
tree_lso,TreeVAE-80 + latent EA,11400,150,1.445583525,1.5788200999999999,1.80482795,"retained_best_so_far=max(best_score,seed_source_fitness)",eval-allcriteria.sim,eval-allcriteria-mini.sim;deterministic.sim;sample-period-2.sim;only-body.sim,jobs/gpu/*.csv; jobs/gpu/*.history.csv; jobs/gpu/*.details.json,final_benchmark.csv; final_benchmark.history.csv; jobs/cpu/*.details.json,cross-configuration descriptive contrast; not a controlled method effect
tree_lso,TreeVAE-80 + latent EA,11500,150,1.445583525,1.5788200999999999,1.821229175,"retained_best_so_far=max(best_score,seed_source_fitness)",eval-allcriteria.sim,eval-allcriteria-mini.sim;deterministic.sim;sample-period-2.sim;only-body.sim,jobs/gpu/*.csv; jobs/gpu/*.history.csv; jobs/gpu/*.details.json,final_benchmark.csv; final_benchmark.history.csv; jobs/cpu/*.details.json,cross-configuration descriptive contrast; not a controlled method effect
tree_lso,TreeVAE-80 + latent EA,11600,150,1.4462167500000001,1.5812122,1.8219497250000001,"retained_best_so_far=max(best_score,seed_source_fitness)",eval-allcriteria.sim,eval-allcriteria-mini.sim;deterministic.sim;sample-period-2.sim;only-body.sim,jobs/gpu/*.csv; jobs/gpu/*.history.csv; jobs/gpu/*.details.json,final_benchmark.csv; final_benchmark.history.csv; jobs/cpu/*.details.json,cross-configuration descriptive contrast; not a controlled method effect
tree_lso,TreeVAE-80 + latent EA,11700,150,1.4462167500000001,1.5812122,1.8219497250000001,"retained_best_so_far=max(best_score,seed_source_fitness)",eval-allcriteria.sim,eval-allcriteria-mini.sim;deterministic.sim;sample-period-2.sim;only-body.sim,jobs/gpu/*.csv; jobs/gpu/*.history.csv; jobs/gpu/*.details.json,final_benchmark.csv; final_benchmark.history.csv; jobs/cpu/*.details.json,cross-configuration descriptive contrast; not a controlled method effect
tree_lso,TreeVAE-80 + latent EA,11800,150,1.447813,1.58125425,1.8219497250000001,"retained_best_so_far=max(best_score,seed_source_fitness)",eval-allcriteria.sim,eval-allcriteria-mini.sim;deterministic.sim;sample-period-2.sim;only-body.sim,jobs/gpu/*.csv; jobs/gpu/*.history.csv; jobs/gpu/*.details.json,final_benchmark.csv; final_benchmark.history.csv; jobs/cpu/*.details.json,cross-configuration descriptive contrast; not a controlled method effect
tree_lso,TreeVAE-80 + latent EA,11900,150,1.452337475,1.58125425,1.8219497250000001,"retained_best_so_far=max(best_score,seed_source_fitness)",eval-allcriteria.sim,eval-allcriteria-mini.sim;deterministic.sim;sample-period-2.sim;only-body.sim,jobs/gpu/*.csv; jobs/gpu/*.history.csv; jobs/gpu/*.details.json,final_benchmark.csv; final_benchmark.history.csv; jobs/cpu/*.details.json,cross-configuration descriptive contrast; not a controlled method effect
tree_lso,TreeVAE-80 + latent EA,12000,150,1.4599267,1.58933265,1.8262377000000001,"retained_best_so_far=max(best_score,seed_source_fitness)",eval-allcriteria.sim,eval-allcriteria-mini.sim;deterministic.sim;sample-period-2.sim;only-body.sim,jobs/gpu/*.csv; jobs/gpu/*.history.csv; jobs/gpu/*.details.json,final_benchmark.csv; final_benchmark.history.csv; jobs/cpu/*.details.json,cross-configuration descriptive contrast; not a controlled method effect
tree_lso,TreeVAE-80 + latent EA,12100,150,1.465454075,1.59582165,1.8262377000000001,"retained_best_so_far=max(best_score,seed_source_fitness)",eval-allcriteria.sim,eval-allcriteria-mini.sim;deterministic.sim;sample-period-2.sim;only-body.sim,jobs/gpu/*.csv; jobs/gpu/*.history.csv; jobs/gpu/*.details.json,final_benchmark.csv; final_benchmark.history.csv; jobs/cpu/*.details.json,cross-configuration descriptive contrast; not a controlled method effect
tree_lso,TreeVAE-80 + latent EA,12200,150,1.465454075,1.5985504000000001,1.83327175,"retained_best_so_far=max(best_score,seed_source_fitness)",eval-allcriteria.sim,eval-allcriteria-mini.sim;deterministic.sim;sample-period-2.sim;only-body.sim,jobs/gpu/*.csv; jobs/gpu/*.history.csv; jobs/gpu/*.details.json,final_benchmark.csv; final_benchmark.history.csv; jobs/cpu/*.details.json,cross-configuration descriptive contrast; not a controlled method effect
tree_lso,TreeVAE-80 + latent EA,12300,150,1.465454075,1.5985504000000001,1.83327175,"retained_best_so_far=max(best_score,seed_source_fitness)",eval-allcriteria.sim,eval-allcriteria-mini.sim;deterministic.sim;sample-period-2.sim;only-body.sim,jobs/gpu/*.csv; jobs/gpu/*.history.csv; jobs/gpu/*.details.json,final_benchmark.csv; final_benchmark.history.csv; jobs/cpu/*.details.json,cross-configuration descriptive contrast; not a controlled method effect
tree_lso,TreeVAE-80 + latent EA,12400,150,1.465454075,1.5985504000000001,1.83327175,"retained_best_so_far=max(best_score,seed_source_fitness)",eval-allcriteria.sim,eval-allcriteria-mini.sim;deterministic.sim;sample-period-2.sim;only-body.sim,jobs/gpu/*.csv; jobs/gpu/*.history.csv; jobs/gpu/*.details.json,final_benchmark.csv; final_benchmark.history.csv; jobs/cpu/*.details.json,cross-configuration descriptive contrast; not a controlled method effect
tree_lso,TreeVAE-80 + latent EA,12500,150,1.465454075,1.5985504000000001,1.8427847499999999,"retained_best_so_far=max(best_score,seed_source_fitness)",eval-allcriteria.sim,eval-allcriteria-mini.sim;deterministic.sim;sample-period-2.sim;only-body.sim,jobs/gpu/*.csv; jobs/gpu/*.history.csv; jobs/gpu/*.details.json,final_benchmark.csv; final_benchmark.history.csv; jobs/cpu/*.details.json,cross-configuration descriptive contrast; not a controlled method effect
tree_lso,TreeVAE-80 + latent EA,12600,150,1.465454075,1.6006745,1.8454287,"retained_best_so_far=max(best_score,seed_source_fitness)",eval-allcriteria.sim,eval-allcriteria-mini.sim;deterministic.sim;sample-period-2.sim;only-body.sim,jobs/gpu/*.csv; jobs/gpu/*.history.csv; jobs/gpu/*.details.json,final_benchmark.csv; final_benchmark.history.csv; jobs/cpu/*.details.json,cross-configuration descriptive contrast; not a controlled method effect
tree_lso,TreeVAE-80 + latent EA,12700,150,1.465454075,1.6006745,1.8454287,"retained_best_so_far=max(best_score,seed_source_fitness)",eval-allcriteria.sim,eval-allcriteria-mini.sim;deterministic.sim;sample-period-2.sim;only-body.sim,jobs/gpu/*.csv; jobs/gpu/*.history.csv; jobs/gpu/*.details.json,final_benchmark.csv; final_benchmark.history.csv; jobs/cpu/*.details.json,cross-configuration descriptive contrast; not a controlled method effect
tree_lso,TreeVAE-80 + latent EA,12800,150,1.465454075,1.6006745,1.8454287,"retained_best_so_far=max(best_score,seed_source_fitness)",eval-allcriteria.sim,eval-allcriteria-mini.sim;deterministic.sim;sample-period-2.sim;only-body.sim,jobs/gpu/*.csv; jobs/gpu/*.history.csv; jobs/gpu/*.details.json,final_benchmark.csv; final_benchmark.history.csv; jobs/cpu/*.details.json,cross-configuration descriptive contrast; not a controlled method effect
tree_lso,TreeVAE-80 + latent EA,12900,150,1.465454075,1.6006745,1.8464737,"retained_best_so_far=max(best_score,seed_source_fitness)",eval-allcriteria.sim,eval-allcriteria-mini.sim;deterministic.sim;sample-period-2.sim;only-body.sim,jobs/gpu/*.csv; jobs/gpu/*.history.csv; jobs/gpu/*.details.json,final_benchmark.csv; final_benchmark.history.csv; jobs/cpu/*.details.json,cross-configuration descriptive contrast; not a controlled method effect
tree_lso,TreeVAE-80 + latent EA,13000,150,1.465454075,1.6028281999999998,1.8464737,"retained_best_so_far=max(best_score,seed_source_fitness)",eval-allcriteria.sim,eval-allcriteria-mini.sim;deterministic.sim;sample-period-2.sim;only-body.sim,jobs/gpu/*.csv; jobs/gpu/*.history.csv; jobs/gpu/*.details.json,final_benchmark.csv; final_benchmark.history.csv; jobs/cpu/*.details.json,cross-configuration descriptive contrast; not a controlled method effect
tree_lso,TreeVAE-80 + latent EA,13100,150,1.465454075,1.6048212500000001,1.85239585,"retained_best_so_far=max(best_score,seed_source_fitness)",eval-allcriteria.sim,eval-allcriteria-mini.sim;deterministic.sim;sample-period-2.sim;only-body.sim,jobs/gpu/*.csv; jobs/gpu/*.history.csv; jobs/gpu/*.details.json,final_benchmark.csv; final_benchmark.history.csv; jobs/cpu/*.details.json,cross-configuration descriptive contrast; not a controlled method effect
tree_lso,TreeVAE-80 + latent EA,13200,150,1.465454075,1.6048212500000001,1.85388135,"retained_best_so_far=max(best_score,seed_source_fitness)",eval-allcriteria.sim,eval-allcriteria-mini.sim;deterministic.sim;sample-period-2.sim;only-body.sim,jobs/gpu/*.csv; jobs/gpu/*.history.csv; jobs/gpu/*.details.json,final_benchmark.csv; final_benchmark.history.csv; jobs/cpu/*.details.json,cross-configuration descriptive contrast; not a controlled method effect
tree_lso,TreeVAE-80 + latent EA,13300,150,1.465454075,1.6071060500000001,1.85388135,"retained_best_so_far=max(best_score,seed_source_fitness)",eval-allcriteria.sim,eval-allcriteria-mini.sim;deterministic.sim;sample-period-2.sim;only-body.sim,jobs/gpu/*.csv; jobs/gpu/*.history.csv; jobs/gpu/*.details.json,final_benchmark.csv; final_benchmark.history.csv; jobs/cpu/*.details.json,cross-configuration descriptive contrast; not a controlled method effect
tree_lso,TreeVAE-80 + latent EA,13400,150,1.465454075,1.6071060500000001,1.8590625250000001,"retained_best_so_far=max(best_score,seed_source_fitness)",eval-allcriteria.sim,eval-allcriteria-mini.sim;deterministic.sim;sample-period-2.sim;only-body.sim,jobs/gpu/*.csv; jobs/gpu/*.history.csv; jobs/gpu/*.details.json,final_benchmark.csv; final_benchmark.history.csv; jobs/cpu/*.details.json,cross-configuration descriptive contrast; not a controlled method effect
tree_lso,TreeVAE-80 + latent EA,13500,150,1.465454075,1.6126832499999999,1.8664857750000001,"retained_best_so_far=max(best_score,seed_source_fitness)",eval-allcriteria.sim,eval-allcriteria-mini.sim;deterministic.sim;sample-period-2.sim;only-body.sim,jobs/gpu/*.csv; jobs/gpu/*.history.csv; jobs/gpu/*.details.json,final_benchmark.csv; final_benchmark.history.csv; jobs/cpu/*.details.json,cross-configuration descriptive contrast; not a controlled method effect
tree_lso,TreeVAE-80 + latent EA,13600,150,1.465454075,1.6126832499999999,1.8690591000000001,"retained_best_so_far=max(best_score,seed_source_fitness)",eval-allcriteria.sim,eval-allcriteria-mini.sim;deterministic.sim;sample-period-2.sim;only-body.sim,jobs/gpu/*.csv; jobs/gpu/*.history.csv; jobs/gpu/*.details.json,final_benchmark.csv; final_benchmark.history.csv; jobs/cpu/*.details.json,cross-configuration descriptive contrast; not a controlled method effect
tree_lso,TreeVAE-80 + latent EA,13700,150,1.465454075,1.6126832499999999,1.8690591000000001,"retained_best_so_far=max(best_score,seed_source_fitness)",eval-allcriteria.sim,eval-allcriteria-mini.sim;deterministic.sim;sample-period-2.sim;only-body.sim,jobs/gpu/*.csv; jobs/gpu/*.history.csv; jobs/gpu/*.details.json,final_benchmark.csv; final_benchmark.history.csv; jobs/cpu/*.details.json,cross-configuration descriptive contrast; not a controlled method effect
tree_lso,TreeVAE-80 + latent EA,13800,150,1.465489625,1.6126832499999999,1.8690591000000001,"retained_best_so_far=max(best_score,seed_source_fitness)",eval-allcriteria.sim,eval-allcriteria-mini.sim;deterministic.sim;sample-period-2.sim;only-body.sim,jobs/gpu/*.csv; jobs/gpu/*.history.csv; jobs/gpu/*.details.json,final_benchmark.csv; final_benchmark.history.csv; jobs/cpu/*.details.json,cross-configuration descriptive contrast; not a controlled method effect
tree_lso,TreeVAE-80 + latent EA,13900,150,1.465489625,1.6126832499999999,1.8690591000000001,"retained_best_so_far=max(best_score,seed_source_fitness)",eval-allcriteria.sim,eval-allcriteria-mini.sim;deterministic.sim;sample-period-2.sim;only-body.sim,jobs/gpu/*.csv; jobs/gpu/*.history.csv; jobs/gpu/*.details.json,final_benchmark.csv; final_benchmark.history.csv; jobs/cpu/*.details.json,cross-configuration descriptive contrast; not a controlled method effect
tree_lso,TreeVAE-80 + latent EA,14000,150,1.4725309500000001,1.6126832499999999,1.8727284,"retained_best_so_far=max(best_score,seed_source_fitness)",eval-allcriteria.sim,eval-allcriteria-mini.sim;deterministic.sim;sample-period-2.sim;only-body.sim,jobs/gpu/*.csv; jobs/gpu/*.history.csv; jobs/gpu/*.details.json,final_benchmark.csv; final_benchmark.history.csv; jobs/cpu/*.details.json,cross-configuration descriptive contrast; not a controlled method effect
tree_lso,TreeVAE-80 + latent EA,14100,150,1.4725309500000001,1.6126832499999999,1.8727284,"retained_best_so_far=max(best_score,seed_source_fitness)",eval-allcriteria.sim,eval-allcriteria-mini.sim;deterministic.sim;sample-period-2.sim;only-body.sim,jobs/gpu/*.csv; jobs/gpu/*.history.csv; jobs/gpu/*.details.json,final_benchmark.csv; final_benchmark.history.csv; jobs/cpu/*.details.json,cross-configuration descriptive contrast; not a controlled method effect
tree_lso,TreeVAE-80 + latent EA,14200,150,1.4725309500000001,1.6126832499999999,1.8727284,"retained_best_so_far=max(best_score,seed_source_fitness)",eval-allcriteria.sim,eval-allcriteria-mini.sim;deterministic.sim;sample-period-2.sim;only-body.sim,jobs/gpu/*.csv; jobs/gpu/*.history.csv; jobs/gpu/*.details.json,final_benchmark.csv; final_benchmark.history.csv; jobs/cpu/*.details.json,cross-configuration descriptive contrast; not a controlled method effect
tree_lso,TreeVAE-80 + latent EA,14300,150,1.4725309500000001,1.6126832499999999,1.8727284,"retained_best_so_far=max(best_score,seed_source_fitness)",eval-allcriteria.sim,eval-allcriteria-mini.sim;deterministic.sim;sample-period-2.sim;only-body.sim,jobs/gpu/*.csv; jobs/gpu/*.history.csv; jobs/gpu/*.details.json,final_benchmark.csv; final_benchmark.history.csv; jobs/cpu/*.details.json,cross-configuration descriptive contrast; not a controlled method effect
tree_lso,TreeVAE-80 + latent EA,14400,150,1.4725309500000001,1.6126832499999999,1.8733655499999999,"retained_best_so_far=max(best_score,seed_source_fitness)",eval-allcriteria.sim,eval-allcriteria-mini.sim;deterministic.sim;sample-period-2.sim;only-body.sim,jobs/gpu/*.csv; jobs/gpu/*.history.csv; jobs/gpu/*.details.json,final_benchmark.csv; final_benchmark.history.csv; jobs/cpu/*.details.json,cross-configuration descriptive contrast; not a controlled method effect
tree_lso,TreeVAE-80 + latent EA,14500,150,1.4725309500000001,1.6126832499999999,1.89446655,"retained_best_so_far=max(best_score,seed_source_fitness)",eval-allcriteria.sim,eval-allcriteria-mini.sim;deterministic.sim;sample-period-2.sim;only-body.sim,jobs/gpu/*.csv; jobs/gpu/*.history.csv; jobs/gpu/*.details.json,final_benchmark.csv; final_benchmark.history.csv; jobs/cpu/*.details.json,cross-configuration descriptive contrast; not a controlled method effect
tree_lso,TreeVAE-80 + latent EA,14600,150,1.4725309500000001,1.6126832499999999,1.89446655,"retained_best_so_far=max(best_score,seed_source_fitness)",eval-allcriteria.sim,eval-allcriteria-mini.sim;deterministic.sim;sample-period-2.sim;only-body.sim,jobs/gpu/*.csv; jobs/gpu/*.history.csv; jobs/gpu/*.details.json,final_benchmark.csv; final_benchmark.history.csv; jobs/cpu/*.details.json,cross-configuration descriptive contrast; not a controlled method effect
tree_lso,TreeVAE-80 + latent EA,14700,150,1.4725309500000001,1.6128585,1.9104670500000001,"retained_best_so_far=max(best_score,seed_source_fitness)",eval-allcriteria.sim,eval-allcriteria-mini.sim;deterministic.sim;sample-period-2.sim;only-body.sim,jobs/gpu/*.csv; jobs/gpu/*.history.csv; jobs/gpu/*.details.json,final_benchmark.csv; final_benchmark.history.csv; jobs/cpu/*.details.json,cross-configuration descriptive contrast; not a controlled method effect
tree_lso,TreeVAE-80 + latent EA,14800,150,1.4725309500000001,1.6148810999999998,1.9104670500000001,"retained_best_so_far=max(best_score,seed_source_fitness)",eval-allcriteria.sim,eval-allcriteria-mini.sim;deterministic.sim;sample-period-2.sim;only-body.sim,jobs/gpu/*.csv; jobs/gpu/*.history.csv; jobs/gpu/*.details.json,final_benchmark.csv; final_benchmark.history.csv; jobs/cpu/*.details.json,cross-configuration descriptive contrast; not a controlled method effect
tree_lso,TreeVAE-80 + latent EA,14900,150,1.4725309500000001,1.6148810999999998,1.9104670500000001,"retained_best_so_far=max(best_score,seed_source_fitness)",eval-allcriteria.sim,eval-allcriteria-mini.sim;deterministic.sim;sample-period-2.sim;only-body.sim,jobs/gpu/*.csv; jobs/gpu/*.history.csv; jobs/gpu/*.details.json,final_benchmark.csv; final_benchmark.history.csv; jobs/cpu/*.details.json,cross-configuration descriptive contrast; not a controlled method effect
tree_lso,TreeVAE-80 + latent EA,15000,150,1.4725309500000001,1.6148810999999998,1.9127820250000001,"retained_best_so_far=max(best_score,seed_source_fitness)",eval-allcriteria.sim,eval-allcriteria-mini.sim;deterministic.sim;sample-period-2.sim;only-body.sim,jobs/gpu/*.csv; jobs/gpu/*.history.csv; jobs/gpu/*.details.json,final_benchmark.csv; final_benchmark.history.csv; jobs/cpu/*.details.json,cross-configuration descriptive contrast; not a controlled method effect
tree_lso,TreeVAE-80 + latent EA,15100,150,1.4725309500000001,1.6148810999999998,1.9155146750000001,"retained_best_so_far=max(best_score,seed_source_fitness)",eval-allcriteria.sim,eval-allcriteria-mini.sim;deterministic.sim;sample-period-2.sim;only-body.sim,jobs/gpu/*.csv; jobs/gpu/*.history.csv; jobs/gpu/*.details.json,final_benchmark.csv; final_benchmark.history.csv; jobs/cpu/*.details.json,cross-configuration descriptive contrast; not a controlled method effect
tree_lso,TreeVAE-80 + latent EA,15200,150,1.4725309500000001,1.6148810999999998,1.9155146750000001,"retained_best_so_far=max(best_score,seed_source_fitness)",eval-allcriteria.sim,eval-allcriteria-mini.sim;deterministic.sim;sample-period-2.sim;only-body.sim,jobs/gpu/*.csv; jobs/gpu/*.history.csv; jobs/gpu/*.details.json,final_benchmark.csv; final_benchmark.history.csv; jobs/cpu/*.details.json,cross-configuration descriptive contrast; not a controlled method effect
tree_lso,TreeVAE-80 + latent EA,15300,150,1.4790101,1.61996695,1.9155146750000001,"retained_best_so_far=max(best_score,seed_source_fitness)",eval-allcriteria.sim,eval-allcriteria-mini.sim;deterministic.sim;sample-period-2.sim;only-body.sim,jobs/gpu/*.csv; jobs/gpu/*.history.csv; jobs/gpu/*.details.json,final_benchmark.csv; final_benchmark.history.csv; jobs/cpu/*.details.json,cross-configuration descriptive contrast; not a controlled method effect
tree_lso,TreeVAE-80 + latent EA,15400,150,1.482090275,1.61996695,1.9155146750000001,"retained_best_so_far=max(best_score,seed_source_fitness)",eval-allcriteria.sim,eval-allcriteria-mini.sim;deterministic.sim;sample-period-2.sim;only-body.sim,jobs/gpu/*.csv; jobs/gpu/*.history.csv; jobs/gpu/*.details.json,final_benchmark.csv; final_benchmark.history.csv; jobs/cpu/*.details.json,cross-configuration descriptive contrast; not a controlled method effect
tree_lso,TreeVAE-80 + latent EA,15500,150,1.482090275,1.61996695,1.9155146750000001,"retained_best_so_far=max(best_score,seed_source_fitness)",eval-allcriteria.sim,eval-allcriteria-mini.sim;deterministic.sim;sample-period-2.sim;only-body.sim,jobs/gpu/*.csv; jobs/gpu/*.history.csv; jobs/gpu/*.details.json,final_benchmark.csv; final_benchmark.history.csv; jobs/cpu/*.details.json,cross-configuration descriptive contrast; not a controlled method effect
tree_lso,TreeVAE-80 + latent EA,15600,150,1.4859822500000002,1.6221210500000001,1.9155146750000001,"retained_best_so_far=max(best_score,seed_source_fitness)",eval-allcriteria.sim,eval-allcriteria-mini.sim;deterministic.sim;sample-period-2.sim;only-body.sim,jobs/gpu/*.csv; jobs/gpu/*.history.csv; jobs/gpu/*.details.json,final_benchmark.csv; final_benchmark.history.csv; jobs/cpu/*.details.json,cross-configuration descriptive contrast; not a controlled method effect
tree_lso,TreeVAE-80 + latent EA,15700,150,1.4859822500000002,1.6239134000000002,1.9155146750000001,"retained_best_so_far=max(best_score,seed_source_fitness)",eval-allcriteria.sim,eval-allcriteria-mini.sim;deterministic.sim;sample-period-2.sim;only-body.sim,jobs/gpu/*.csv; jobs/gpu/*.history.csv; jobs/gpu/*.details.json,final_benchmark.csv; final_benchmark.history.csv; jobs/cpu/*.details.json,cross-configuration descriptive contrast; not a controlled method effect
tree_lso,TreeVAE-80 + latent EA,15800,150,1.4859822500000002,1.6243420500000001,1.9155146750000001,"retained_best_so_far=max(best_score,seed_source_fitness)",eval-allcriteria.sim,eval-allcriteria-mini.sim;deterministic.sim;sample-period-2.sim;only-body.sim,jobs/gpu/*.csv; jobs/gpu/*.history.csv; jobs/gpu/*.details.json,final_benchmark.csv; final_benchmark.history.csv; jobs/cpu/*.details.json,cross-configuration descriptive contrast; not a controlled method effect
tree_lso,TreeVAE-80 + latent EA,15900,150,1.493209,1.6243420500000001,1.9155146750000001,"retained_best_so_far=max(best_score,seed_source_fitness)",eval-allcriteria.sim,eval-allcriteria-mini.sim;deterministic.sim;sample-period-2.sim;only-body.sim,jobs/gpu/*.csv; jobs/gpu/*.history.csv; jobs/gpu/*.details.json,final_benchmark.csv; final_benchmark.history.csv; jobs/cpu/*.details.json,cross-configuration descriptive contrast; not a controlled method effect
tree_lso,TreeVAE-80 + latent EA,16000,150,1.4936266250000001,1.6243420500000001,1.9155146750000001,"retained_best_so_far=max(best_score,seed_source_fitness)",eval-allcriteria.sim,eval-allcriteria-mini.sim;deterministic.sim;sample-period-2.sim;only-body.sim,jobs/gpu/*.csv; jobs/gpu/*.history.csv; jobs/gpu/*.details.json,final_benchmark.csv; final_benchmark.history.csv; jobs/cpu/*.details.json,cross-configuration descriptive contrast; not a controlled method effect
tree_lso,TreeVAE-80 + latent EA,16100,150,1.4936266250000001,1.6243420500000001,1.9155146750000001,"retained_best_so_far=max(best_score,seed_source_fitness)",eval-allcriteria.sim,eval-allcriteria-mini.sim;deterministic.sim;sample-period-2.sim;only-body.sim,jobs/gpu/*.csv; jobs/gpu/*.history.csv; jobs/gpu/*.details.json,final_benchmark.csv; final_benchmark.history.csv; jobs/cpu/*.details.json,cross-configuration descriptive contrast; not a controlled method effect
tree_lso,TreeVAE-80 + latent EA,16200,150,1.4945708999999998,1.6326746999999999,1.9160378499999999,"retained_best_so_far=max(best_score,seed_source_fitness)",eval-allcriteria.sim,eval-allcriteria-mini.sim;deterministic.sim;sample-period-2.sim;only-body.sim,jobs/gpu/*.csv; jobs/gpu/*.history.csv; jobs/gpu/*.details.json,final_benchmark.csv; final_benchmark.history.csv; jobs/cpu/*.details.json,cross-configuration descriptive contrast; not a controlled method effect
tree_lso,TreeVAE-80 + latent EA,16300,150,1.4945708999999998,1.6336908000000001,1.9160378499999999,"retained_best_so_far=max(best_score,seed_source_fitness)",eval-allcriteria.sim,eval-allcriteria-mini.sim;deterministic.sim;sample-period-2.sim;only-body.sim,jobs/gpu/*.csv; jobs/gpu/*.history.csv; jobs/gpu/*.details.json,final_benchmark.csv; final_benchmark.history.csv; jobs/cpu/*.details.json,cross-configuration descriptive contrast; not a controlled method effect
tree_lso,TreeVAE-80 + latent EA,16400,150,1.4945708999999998,1.6336908000000001,1.9160378499999999,"retained_best_so_far=max(best_score,seed_source_fitness)",eval-allcriteria.sim,eval-allcriteria-mini.sim;deterministic.sim;sample-period-2.sim;only-body.sim,jobs/gpu/*.csv; jobs/gpu/*.history.csv; jobs/gpu/*.details.json,final_benchmark.csv; final_benchmark.history.csv; jobs/cpu/*.details.json,cross-configuration descriptive contrast; not a controlled method effect
tree_lso,TreeVAE-80 + latent EA,16500,150,1.4945708999999998,1.6336908000000001,1.9160378499999999,"retained_best_so_far=max(best_score,seed_source_fitness)",eval-allcriteria.sim,eval-allcriteria-mini.sim;deterministic.sim;sample-period-2.sim;only-body.sim,jobs/gpu/*.csv; jobs/gpu/*.history.csv; jobs/gpu/*.details.json,final_benchmark.csv; final_benchmark.history.csv; jobs/cpu/*.details.json,cross-configuration descriptive contrast; not a controlled method effect
tree_lso,TreeVAE-80 + latent EA,16600,150,1.4970243249999999,1.6428528500000001,1.9160378499999999,"retained_best_so_far=max(best_score,seed_source_fitness)",eval-allcriteria.sim,eval-allcriteria-mini.sim;deterministic.sim;sample-period-2.sim;only-body.sim,jobs/gpu/*.csv; jobs/gpu/*.history.csv; jobs/gpu/*.details.json,final_benchmark.csv; final_benchmark.history.csv; jobs/cpu/*.details.json,cross-configuration descriptive contrast; not a controlled method effect
tree_lso,TreeVAE-80 + latent EA,16700,150,1.4970243249999999,1.6428528500000001,1.9160378499999999,"retained_best_so_far=max(best_score,seed_source_fitness)",eval-allcriteria.sim,eval-allcriteria-mini.sim;deterministic.sim;sample-period-2.sim;only-body.sim,jobs/gpu/*.csv; jobs/gpu/*.history.csv; jobs/gpu/*.details.json,final_benchmark.csv; final_benchmark.history.csv; jobs/cpu/*.details.json,cross-configuration descriptive contrast; not a controlled method effect
tree_lso,TreeVAE-80 + latent EA,16800,150,1.4970243249999999,1.6428528500000001,1.9160378499999999,"retained_best_so_far=max(best_score,seed_source_fitness)",eval-allcriteria.sim,eval-allcriteria-mini.sim;deterministic.sim;sample-period-2.sim;only-body.sim,jobs/gpu/*.csv; jobs/gpu/*.history.csv; jobs/gpu/*.details.json,final_benchmark.csv; final_benchmark.history.csv; jobs/cpu/*.details.json,cross-configuration descriptive contrast; not a controlled method effect
tree_lso,TreeVAE-80 + latent EA,16900,150,1.4970243249999999,1.6428528500000001,1.9160378499999999,"retained_best_so_far=max(best_score,seed_source_fitness)",eval-allcriteria.sim,eval-allcriteria-mini.sim;deterministic.sim;sample-period-2.sim;only-body.sim,jobs/gpu/*.csv; jobs/gpu/*.history.csv; jobs/gpu/*.details.json,final_benchmark.csv; final_benchmark.history.csv; jobs/cpu/*.details.json,cross-configuration descriptive contrast; not a controlled method effect
tree_lso,TreeVAE-80 + latent EA,17000,150,1.4970243249999999,1.6428528500000001,1.9160378499999999,"retained_best_so_far=max(best_score,seed_source_fitness)",eval-allcriteria.sim,eval-allcriteria-mini.sim;deterministic.sim;sample-period-2.sim;only-body.sim,jobs/gpu/*.csv; jobs/gpu/*.history.csv; jobs/gpu/*.details.json,final_benchmark.csv; final_benchmark.history.csv; jobs/cpu/*.details.json,cross-configuration descriptive contrast; not a controlled method effect
tree_lso,TreeVAE-80 + latent EA,17100,150,1.4970243249999999,1.6428528500000001,1.9174540500000001,"retained_best_so_far=max(best_score,seed_source_fitness)",eval-allcriteria.sim,eval-allcriteria-mini.sim;deterministic.sim;sample-period-2.sim;only-body.sim,jobs/gpu/*.csv; jobs/gpu/*.history.csv; jobs/gpu/*.details.json,final_benchmark.csv; final_benchmark.history.csv; jobs/cpu/*.details.json,cross-configuration descriptive contrast; not a controlled method effect
tree_lso,TreeVAE-80 + latent EA,17200,150,1.4979738,1.6428528500000001,1.9174540500000001,"retained_best_so_far=max(best_score,seed_source_fitness)",eval-allcriteria.sim,eval-allcriteria-mini.sim;deterministic.sim;sample-period-2.sim;only-body.sim,jobs/gpu/*.csv; jobs/gpu/*.history.csv; jobs/gpu/*.details.json,final_benchmark.csv; final_benchmark.history.csv; jobs/cpu/*.details.json,cross-configuration descriptive contrast; not a controlled method effect
tree_lso,TreeVAE-80 + latent EA,17300,150,1.4979738,1.6428528500000001,1.9174540500000001,"retained_best_so_far=max(best_score,seed_source_fitness)",eval-allcriteria.sim,eval-allcriteria-mini.sim;deterministic.sim;sample-period-2.sim;only-body.sim,jobs/gpu/*.csv; jobs/gpu/*.history.csv; jobs/gpu/*.details.json,final_benchmark.csv; final_benchmark.history.csv; jobs/cpu/*.details.json,cross-configuration descriptive contrast; not a controlled method effect
tree_lso,TreeVAE-80 + latent EA,17400,150,1.4979738,1.6428528500000001,1.9260201749999999,"retained_best_so_far=max(best_score,seed_source_fitness)",eval-allcriteria.sim,eval-allcriteria-mini.sim;deterministic.sim;sample-period-2.sim;only-body.sim,jobs/gpu/*.csv; jobs/gpu/*.history.csv; jobs/gpu/*.details.json,final_benchmark.csv; final_benchmark.history.csv; jobs/cpu/*.details.json,cross-configuration descriptive contrast; not a controlled method effect
tree_lso,TreeVAE-80 + latent EA,17500,150,1.50315815,1.6558392500000001,1.927017975,"retained_best_so_far=max(best_score,seed_source_fitness)",eval-allcriteria.sim,eval-allcriteria-mini.sim;deterministic.sim;sample-period-2.sim;only-body.sim,jobs/gpu/*.csv; jobs/gpu/*.history.csv; jobs/gpu/*.details.json,final_benchmark.csv; final_benchmark.history.csv; jobs/cpu/*.details.json,cross-configuration descriptive contrast; not a controlled method effect
tree_lso,TreeVAE-80 + latent EA,17600,150,1.51159595,1.6716094500000001,1.927017975,"retained_best_so_far=max(best_score,seed_source_fitness)",eval-allcriteria.sim,eval-allcriteria-mini.sim;deterministic.sim;sample-period-2.sim;only-body.sim,jobs/gpu/*.csv; jobs/gpu/*.history.csv; jobs/gpu/*.details.json,final_benchmark.csv; final_benchmark.history.csv; jobs/cpu/*.details.json,cross-configuration descriptive contrast; not a controlled method effect
tree_lso,TreeVAE-80 + latent EA,17700,150,1.5144298250000001,1.6716094500000001,1.927017975,"retained_best_so_far=max(best_score,seed_source_fitness)",eval-allcriteria.sim,eval-allcriteria-mini.sim;deterministic.sim;sample-period-2.sim;only-body.sim,jobs/gpu/*.csv; jobs/gpu/*.history.csv; jobs/gpu/*.details.json,final_benchmark.csv; final_benchmark.history.csv; jobs/cpu/*.details.json,cross-configuration descriptive contrast; not a controlled method effect
tree_lso,TreeVAE-80 + latent EA,17800,150,1.5144298250000001,1.6716094500000001,1.9276129499999999,"retained_best_so_far=max(best_score,seed_source_fitness)",eval-allcriteria.sim,eval-allcriteria-mini.sim;deterministic.sim;sample-period-2.sim;only-body.sim,jobs/gpu/*.csv; jobs/gpu/*.history.csv; jobs/gpu/*.details.json,final_benchmark.csv; final_benchmark.history.csv; jobs/cpu/*.details.json,cross-configuration descriptive contrast; not a controlled method effect
tree_lso,TreeVAE-80 + latent EA,17900,150,1.5144298250000001,1.6716094500000001,1.9276129499999999,"retained_best_so_far=max(best_score,seed_source_fitness)",eval-allcriteria.sim,eval-allcriteria-mini.sim;deterministic.sim;sample-period-2.sim;only-body.sim,jobs/gpu/*.csv; jobs/gpu/*.history.csv; jobs/gpu/*.details.json,final_benchmark.csv; final_benchmark.history.csv; jobs/cpu/*.details.json,cross-configuration descriptive contrast; not a controlled method effect
tree_lso,TreeVAE-80 + latent EA,18000,150,1.5144298250000001,1.6778355999999999,1.9276129499999999,"retained_best_so_far=max(best_score,seed_source_fitness)",eval-allcriteria.sim,eval-allcriteria-mini.sim;deterministic.sim;sample-period-2.sim;only-body.sim,jobs/gpu/*.csv; jobs/gpu/*.history.csv; jobs/gpu/*.details.json,final_benchmark.csv; final_benchmark.history.csv; jobs/cpu/*.details.json,cross-configuration descriptive contrast; not a controlled method effect
tree_lso,TreeVAE-80 + latent EA,18100,150,1.5144298250000001,1.6778355999999999,1.9276129499999999,"retained_best_so_far=max(best_score,seed_source_fitness)",eval-allcriteria.sim,eval-allcriteria-mini.sim;deterministic.sim;sample-period-2.sim;only-body.sim,jobs/gpu/*.csv; jobs/gpu/*.history.csv; jobs/gpu/*.details.json,final_benchmark.csv; final_benchmark.history.csv; jobs/cpu/*.details.json,cross-configuration descriptive contrast; not a controlled method effect
tree_lso,TreeVAE-80 + latent EA,18200,150,1.5144298250000001,1.6778355999999999,1.932216325,"retained_best_so_far=max(best_score,seed_source_fitness)",eval-allcriteria.sim,eval-allcriteria-mini.sim;deterministic.sim;sample-period-2.sim;only-body.sim,jobs/gpu/*.csv; jobs/gpu/*.history.csv; jobs/gpu/*.details.json,final_benchmark.csv; final_benchmark.history.csv; jobs/cpu/*.details.json,cross-configuration descriptive contrast; not a controlled method effect
tree_lso,TreeVAE-80 + latent EA,18300,150,1.5144298250000001,1.6778355999999999,1.9323872500000001,"retained_best_so_far=max(best_score,seed_source_fitness)",eval-allcriteria.sim,eval-allcriteria-mini.sim;deterministic.sim;sample-period-2.sim;only-body.sim,jobs/gpu/*.csv; jobs/gpu/*.history.csv; jobs/gpu/*.details.json,final_benchmark.csv; final_benchmark.history.csv; jobs/cpu/*.details.json,cross-configuration descriptive contrast; not a controlled method effect
tree_lso,TreeVAE-80 + latent EA,18400,150,1.5144298250000001,1.6778355999999999,1.9323872500000001,"retained_best_so_far=max(best_score,seed_source_fitness)",eval-allcriteria.sim,eval-allcriteria-mini.sim;deterministic.sim;sample-period-2.sim;only-body.sim,jobs/gpu/*.csv; jobs/gpu/*.history.csv; jobs/gpu/*.details.json,final_benchmark.csv; final_benchmark.history.csv; jobs/cpu/*.details.json,cross-configuration descriptive contrast; not a controlled method effect
tree_lso,TreeVAE-80 + latent EA,18500,150,1.515450175,1.6778355999999999,1.9323872500000001,"retained_best_so_far=max(best_score,seed_source_fitness)",eval-allcriteria.sim,eval-allcriteria-mini.sim;deterministic.sim;sample-period-2.sim;only-body.sim,jobs/gpu/*.csv; jobs/gpu/*.history.csv; jobs/gpu/*.details.json,final_benchmark.csv; final_benchmark.history.csv; jobs/cpu/*.details.json,cross-configuration descriptive contrast; not a controlled method effect
tree_lso,TreeVAE-80 + latent EA,18600,150,1.515450175,1.6778355999999999,1.9323872500000001,"retained_best_so_far=max(best_score,seed_source_fitness)",eval-allcriteria.sim,eval-allcriteria-mini.sim;deterministic.sim;sample-period-2.sim;only-body.sim,jobs/gpu/*.csv; jobs/gpu/*.history.csv; jobs/gpu/*.details.json,final_benchmark.csv; final_benchmark.history.csv; jobs/cpu/*.details.json,cross-configuration descriptive contrast; not a controlled method effect
tree_lso,TreeVAE-80 + latent EA,18700,150,1.522056525,1.6812705499999998,1.9323872500000001,"retained_best_so_far=max(best_score,seed_source_fitness)",eval-allcriteria.sim,eval-allcriteria-mini.sim;deterministic.sim;sample-period-2.sim;only-body.sim,jobs/gpu/*.csv; jobs/gpu/*.history.csv; jobs/gpu/*.details.json,final_benchmark.csv; final_benchmark.history.csv; jobs/cpu/*.details.json,cross-configuration descriptive contrast; not a controlled method effect
tree_lso,TreeVAE-80 + latent EA,18800,150,1.5272714999999999,1.6812705499999998,1.9323872500000001,"retained_best_so_far=max(best_score,seed_source_fitness)",eval-allcriteria.sim,eval-allcriteria-mini.sim;deterministic.sim;sample-period-2.sim;only-body.sim,jobs/gpu/*.csv; jobs/gpu/*.history.csv; jobs/gpu/*.details.json,final_benchmark.csv; final_benchmark.history.csv; jobs/cpu/*.details.json,cross-configuration descriptive contrast; not a controlled method effect
tree_lso,TreeVAE-80 + latent EA,18900,150,1.5272714999999999,1.6812705499999998,1.9333225500000002,"retained_best_so_far=max(best_score,seed_source_fitness)",eval-allcriteria.sim,eval-allcriteria-mini.sim;deterministic.sim;sample-period-2.sim;only-body.sim,jobs/gpu/*.csv; jobs/gpu/*.history.csv; jobs/gpu/*.details.json,final_benchmark.csv; final_benchmark.history.csv; jobs/cpu/*.details.json,cross-configuration descriptive contrast; not a controlled method effect
tree_lso,TreeVAE-80 + latent EA,19000,150,1.5272714999999999,1.6812705499999998,1.9333225500000002,"retained_best_so_far=max(best_score,seed_source_fitness)",eval-allcriteria.sim,eval-allcriteria-mini.sim;deterministic.sim;sample-period-2.sim;only-body.sim,jobs/gpu/*.csv; jobs/gpu/*.history.csv; jobs/gpu/*.details.json,final_benchmark.csv; final_benchmark.history.csv; jobs/cpu/*.details.json,cross-configuration descriptive contrast; not a controlled method effect
tree_lso,TreeVAE-80 + latent EA,19100,150,1.5272714999999999,1.6812705499999998,1.9333225500000002,"retained_best_so_far=max(best_score,seed_source_fitness)",eval-allcriteria.sim,eval-allcriteria-mini.sim;deterministic.sim;sample-period-2.sim;only-body.sim,jobs/gpu/*.csv; jobs/gpu/*.history.csv; jobs/gpu/*.details.json,final_benchmark.csv; final_benchmark.history.csv; jobs/cpu/*.details.json,cross-configuration descriptive contrast; not a controlled method effect
tree_lso,TreeVAE-80 + latent EA,19200,150,1.5305148499999999,1.6812705499999998,1.9333225500000002,"retained_best_so_far=max(best_score,seed_source_fitness)",eval-allcriteria.sim,eval-allcriteria-mini.sim;deterministic.sim;sample-period-2.sim;only-body.sim,jobs/gpu/*.csv; jobs/gpu/*.history.csv; jobs/gpu/*.details.json,final_benchmark.csv; final_benchmark.history.csv; jobs/cpu/*.details.json,cross-configuration descriptive contrast; not a controlled method effect
tree_lso,TreeVAE-80 + latent EA,19300,150,1.5305148499999999,1.6812705499999998,1.9336447999999999,"retained_best_so_far=max(best_score,seed_source_fitness)",eval-allcriteria.sim,eval-allcriteria-mini.sim;deterministic.sim;sample-period-2.sim;only-body.sim,jobs/gpu/*.csv; jobs/gpu/*.history.csv; jobs/gpu/*.details.json,final_benchmark.csv; final_benchmark.history.csv; jobs/cpu/*.details.json,cross-configuration descriptive contrast; not a controlled method effect
tree_lso,TreeVAE-80 + latent EA,19400,150,1.5305148499999999,1.6812705499999998,1.9336490749999999,"retained_best_so_far=max(best_score,seed_source_fitness)",eval-allcriteria.sim,eval-allcriteria-mini.sim;deterministic.sim;sample-period-2.sim;only-body.sim,jobs/gpu/*.csv; jobs/gpu/*.history.csv; jobs/gpu/*.details.json,final_benchmark.csv; final_benchmark.history.csv; jobs/cpu/*.details.json,cross-configuration descriptive contrast; not a controlled method effect
tree_lso,TreeVAE-80 + latent EA,19500,150,1.5305148499999999,1.6812705499999998,1.934320375,"retained_best_so_far=max(best_score,seed_source_fitness)",eval-allcriteria.sim,eval-allcriteria-mini.sim;deterministic.sim;sample-period-2.sim;only-body.sim,jobs/gpu/*.csv; jobs/gpu/*.history.csv; jobs/gpu/*.details.json,final_benchmark.csv; final_benchmark.history.csv; jobs/cpu/*.details.json,cross-configuration descriptive contrast; not a controlled method effect
tree_lso,TreeVAE-80 + latent EA,19600,150,1.5305148499999999,1.6812705499999998,1.9343339749999999,"retained_best_so_far=max(best_score,seed_source_fitness)",eval-allcriteria.sim,eval-allcriteria-mini.sim;deterministic.sim;sample-period-2.sim;only-body.sim,jobs/gpu/*.csv; jobs/gpu/*.history.csv; jobs/gpu/*.details.json,final_benchmark.csv; final_benchmark.history.csv; jobs/cpu/*.details.json,cross-configuration descriptive contrast; not a controlled method effect
tree_lso,TreeVAE-80 + latent EA,19700,150,1.5315355749999999,1.6812705499999998,1.9343339749999999,"retained_best_so_far=max(best_score,seed_source_fitness)",eval-allcriteria.sim,eval-allcriteria-mini.sim;deterministic.sim;sample-period-2.sim;only-body.sim,jobs/gpu/*.csv; jobs/gpu/*.history.csv; jobs/gpu/*.details.json,final_benchmark.csv; final_benchmark.history.csv; jobs/cpu/*.details.json,cross-configuration descriptive contrast; not a controlled method effect
tree_lso,TreeVAE-80 + latent EA,19800,150,1.5315355749999999,1.6812705499999998,1.9343339749999999,"retained_best_so_far=max(best_score,seed_source_fitness)",eval-allcriteria.sim,eval-allcriteria-mini.sim;deterministic.sim;sample-period-2.sim;only-body.sim,jobs/gpu/*.csv; jobs/gpu/*.history.csv; jobs/gpu/*.details.json,final_benchmark.csv; final_benchmark.history.csv; jobs/cpu/*.details.json,cross-configuration descriptive contrast; not a controlled method effect
tree_lso,TreeVAE-80 + latent EA,19900,150,1.5315355749999999,1.6812705499999998,1.9352185,"retained_best_so_far=max(best_score,seed_source_fitness)",eval-allcriteria.sim,eval-allcriteria-mini.sim;deterministic.sim;sample-period-2.sim;only-body.sim,jobs/gpu/*.csv; jobs/gpu/*.history.csv; jobs/gpu/*.details.json,final_benchmark.csv; final_benchmark.history.csv; jobs/cpu/*.details.json,cross-configuration descriptive contrast; not a controlled method effect
tree_lso,TreeVAE-80 + latent EA,20000,150,1.5315355749999999,1.6812705499999998,1.9373826000000001,"retained_best_so_far=max(best_score,seed_source_fitness)",eval-allcriteria.sim,eval-allcriteria-mini.sim;deterministic.sim;sample-period-2.sim;only-body.sim,jobs/gpu/*.csv; jobs/gpu/*.history.csv; jobs/gpu/*.details.json,final_benchmark.csv; final_benchmark.history.csv; jobs/cpu/*.details.json,cross-configuration descriptive contrast; not a controlled method effect
tree_lso,TreeVAE-80 + latent EA,20100,150,1.5315355749999999,1.6812705499999998,1.9373826000000001,"retained_best_so_far=max(best_score,seed_source_fitness)",eval-allcriteria.sim,eval-allcriteria-mini.sim;deterministic.sim;sample-period-2.sim;only-body.sim,jobs/gpu/*.csv; jobs/gpu/*.history.csv; jobs/gpu/*.details.json,final_benchmark.csv; final_benchmark.history.csv; jobs/cpu/*.details.json,cross-configuration descriptive contrast; not a controlled method effect
tree_lso,TreeVAE-80 + latent EA,20200,150,1.5393732999999998,1.68293385,1.9373826000000001,"retained_best_so_far=max(best_score,seed_source_fitness)",eval-allcriteria.sim,eval-allcriteria-mini.sim;deterministic.sim;sample-period-2.sim;only-body.sim,jobs/gpu/*.csv; jobs/gpu/*.history.csv; jobs/gpu/*.details.json,final_benchmark.csv; final_benchmark.history.csv; jobs/cpu/*.details.json,cross-configuration descriptive contrast; not a controlled method effect
tree_lso,TreeVAE-80 + latent EA,20300,150,1.5393732999999998,1.68293385,1.9373826000000001,"retained_best_so_far=max(best_score,seed_source_fitness)",eval-allcriteria.sim,eval-allcriteria-mini.sim;deterministic.sim;sample-period-2.sim;only-body.sim,jobs/gpu/*.csv; jobs/gpu/*.history.csv; jobs/gpu/*.details.json,final_benchmark.csv; final_benchmark.history.csv; jobs/cpu/*.details.json,cross-configuration descriptive contrast; not a controlled method effect
tree_lso,TreeVAE-80 + latent EA,20400,150,1.5393732999999998,1.6859434499999999,1.9373826000000001,"retained_best_so_far=max(best_score,seed_source_fitness)",eval-allcriteria.sim,eval-allcriteria-mini.sim;deterministic.sim;sample-period-2.sim;only-body.sim,jobs/gpu/*.csv; jobs/gpu/*.history.csv; jobs/gpu/*.details.json,final_benchmark.csv; final_benchmark.history.csv; jobs/cpu/*.details.json,cross-configuration descriptive contrast; not a controlled method effect
tree_lso,TreeVAE-80 + latent EA,20500,150,1.5393732999999998,1.6859434499999999,1.9378058249999999,"retained_best_so_far=max(best_score,seed_source_fitness)",eval-allcriteria.sim,eval-allcriteria-mini.sim;deterministic.sim;sample-period-2.sim;only-body.sim,jobs/gpu/*.csv; jobs/gpu/*.history.csv; jobs/gpu/*.details.json,final_benchmark.csv; final_benchmark.history.csv; jobs/cpu/*.details.json,cross-configuration descriptive contrast; not a controlled method effect
tree_lso,TreeVAE-80 + latent EA,20600,150,1.5393732999999998,1.6859434499999999,1.937818525,"retained_best_so_far=max(best_score,seed_source_fitness)",eval-allcriteria.sim,eval-allcriteria-mini.sim;deterministic.sim;sample-period-2.sim;only-body.sim,jobs/gpu/*.csv; jobs/gpu/*.history.csv; jobs/gpu/*.details.json,final_benchmark.csv; final_benchmark.history.csv; jobs/cpu/*.details.json,cross-configuration descriptive contrast; not a controlled method effect
tree_lso,TreeVAE-80 + latent EA,20700,150,1.5393732999999998,1.6859434499999999,1.937818525,"retained_best_so_far=max(best_score,seed_source_fitness)",eval-allcriteria.sim,eval-allcriteria-mini.sim;deterministic.sim;sample-period-2.sim;only-body.sim,jobs/gpu/*.csv; jobs/gpu/*.history.csv; jobs/gpu/*.details.json,final_benchmark.csv; final_benchmark.history.csv; jobs/cpu/*.details.json,cross-configuration descriptive contrast; not a controlled method effect
tree_lso,TreeVAE-80 + latent EA,20800,150,1.5393732999999998,1.6859434499999999,1.937818525,"retained_best_so_far=max(best_score,seed_source_fitness)",eval-allcriteria.sim,eval-allcriteria-mini.sim;deterministic.sim;sample-period-2.sim;only-body.sim,jobs/gpu/*.csv; jobs/gpu/*.history.csv; jobs/gpu/*.details.json,final_benchmark.csv; final_benchmark.history.csv; jobs/cpu/*.details.json,cross-configuration descriptive contrast; not a controlled method effect
tree_lso,TreeVAE-80 + latent EA,20900,150,1.5393732999999998,1.6866187500000001,1.937818525,"retained_best_so_far=max(best_score,seed_source_fitness)",eval-allcriteria.sim,eval-allcriteria-mini.sim;deterministic.sim;sample-period-2.sim;only-body.sim,jobs/gpu/*.csv; jobs/gpu/*.history.csv; jobs/gpu/*.details.json,final_benchmark.csv; final_benchmark.history.csv; jobs/cpu/*.details.json,cross-configuration descriptive contrast; not a controlled method effect
tree_lso,TreeVAE-80 + latent EA,21000,150,1.5393732999999998,1.6893115999999999,1.93794855,"retained_best_so_far=max(best_score,seed_source_fitness)",eval-allcriteria.sim,eval-allcriteria-mini.sim;deterministic.sim;sample-period-2.sim;only-body.sim,jobs/gpu/*.csv; jobs/gpu/*.history.csv; jobs/gpu/*.details.json,final_benchmark.csv; final_benchmark.history.csv; jobs/cpu/*.details.json,cross-configuration descriptive contrast; not a controlled method effect
tree_lso,TreeVAE-80 + latent EA,21100,150,1.5393732999999998,1.6893115999999999,1.93794855,"retained_best_so_far=max(best_score,seed_source_fitness)",eval-allcriteria.sim,eval-allcriteria-mini.sim;deterministic.sim;sample-period-2.sim;only-body.sim,jobs/gpu/*.csv; jobs/gpu/*.history.csv; jobs/gpu/*.details.json,final_benchmark.csv; final_benchmark.history.csv; jobs/cpu/*.details.json,cross-configuration descriptive contrast; not a controlled method effect
tree_lso,TreeVAE-80 + latent EA,21200,150,1.5393732999999998,1.6910017000000002,1.93794855,"retained_best_so_far=max(best_score,seed_source_fitness)",eval-allcriteria.sim,eval-allcriteria-mini.sim;deterministic.sim;sample-period-2.sim;only-body.sim,jobs/gpu/*.csv; jobs/gpu/*.history.csv; jobs/gpu/*.details.json,final_benchmark.csv; final_benchmark.history.csv; jobs/cpu/*.details.json,cross-configuration descriptive contrast; not a controlled method effect
tree_lso,TreeVAE-80 + latent EA,21300,150,1.5393732999999998,1.6917596000000001,1.939247275,"retained_best_so_far=max(best_score,seed_source_fitness)",eval-allcriteria.sim,eval-allcriteria-mini.sim;deterministic.sim;sample-period-2.sim;only-body.sim,jobs/gpu/*.csv; jobs/gpu/*.history.csv; jobs/gpu/*.details.json,final_benchmark.csv; final_benchmark.history.csv; jobs/cpu/*.details.json,cross-configuration descriptive contrast; not a controlled method effect
tree_lso,TreeVAE-80 + latent EA,21400,150,1.5393732999999998,1.6917596000000001,1.9403640499999999,"retained_best_so_far=max(best_score,seed_source_fitness)",eval-allcriteria.sim,eval-allcriteria-mini.sim;deterministic.sim;sample-period-2.sim;only-body.sim,jobs/gpu/*.csv; jobs/gpu/*.history.csv; jobs/gpu/*.details.json,final_benchmark.csv; final_benchmark.history.csv; jobs/cpu/*.details.json,cross-configuration descriptive contrast; not a controlled method effect
tree_lso,TreeVAE-80 + latent EA,21500,150,1.5393732999999998,1.6917596000000001,1.9403640499999999,"retained_best_so_far=max(best_score,seed_source_fitness)",eval-allcriteria.sim,eval-allcriteria-mini.sim;deterministic.sim;sample-period-2.sim;only-body.sim,jobs/gpu/*.csv; jobs/gpu/*.history.csv; jobs/gpu/*.details.json,final_benchmark.csv; final_benchmark.history.csv; jobs/cpu/*.details.json,cross-configuration descriptive contrast; not a controlled method effect
tree_lso,TreeVAE-80 + latent EA,21600,150,1.5393732999999998,1.6917596000000001,1.9403640499999999,"retained_best_so_far=max(best_score,seed_source_fitness)",eval-allcriteria.sim,eval-allcriteria-mini.sim;deterministic.sim;sample-period-2.sim;only-body.sim,jobs/gpu/*.csv; jobs/gpu/*.history.csv; jobs/gpu/*.details.json,final_benchmark.csv; final_benchmark.history.csv; jobs/cpu/*.details.json,cross-configuration descriptive contrast; not a controlled method effect
tree_lso,TreeVAE-80 + latent EA,21700,150,1.5393732999999998,1.6917596000000001,1.9403640499999999,"retained_best_so_far=max(best_score,seed_source_fitness)",eval-allcriteria.sim,eval-allcriteria-mini.sim;deterministic.sim;sample-period-2.sim;only-body.sim,jobs/gpu/*.csv; jobs/gpu/*.history.csv; jobs/gpu/*.details.json,final_benchmark.csv; final_benchmark.history.csv; jobs/cpu/*.details.json,cross-configuration descriptive contrast; not a controlled method effect
tree_lso,TreeVAE-80 + latent EA,21800,150,1.5393732999999998,1.6955472,1.9403751749999998,"retained_best_so_far=max(best_score,seed_source_fitness)",eval-allcriteria.sim,eval-allcriteria-mini.sim;deterministic.sim;sample-period-2.sim;only-body.sim,jobs/gpu/*.csv; jobs/gpu/*.history.csv; jobs/gpu/*.details.json,final_benchmark.csv; final_benchmark.history.csv; jobs/cpu/*.details.json,cross-configuration descriptive contrast; not a controlled method effect
tree_lso,TreeVAE-80 + latent EA,21900,150,1.5393732999999998,1.6955472,1.9403751749999998,"retained_best_so_far=max(best_score,seed_source_fitness)",eval-allcriteria.sim,eval-allcriteria-mini.sim;deterministic.sim;sample-period-2.sim;only-body.sim,jobs/gpu/*.csv; jobs/gpu/*.history.csv; jobs/gpu/*.details.json,final_benchmark.csv; final_benchmark.history.csv; jobs/cpu/*.details.json,cross-configuration descriptive contrast; not a controlled method effect
tree_lso,TreeVAE-80 + latent EA,22000,150,1.5393732999999998,1.6991797499999999,1.9403751749999998,"retained_best_so_far=max(best_score,seed_source_fitness)",eval-allcriteria.sim,eval-allcriteria-mini.sim;deterministic.sim;sample-period-2.sim;only-body.sim,jobs/gpu/*.csv; jobs/gpu/*.history.csv; jobs/gpu/*.details.json,final_benchmark.csv; final_benchmark.history.csv; jobs/cpu/*.details.json,cross-configuration descriptive contrast; not a controlled method effect
tree_lso,TreeVAE-80 + latent EA,22100,150,1.5393732999999998,1.6991797499999999,1.9403751749999998,"retained_best_so_far=max(best_score,seed_source_fitness)",eval-allcriteria.sim,eval-allcriteria-mini.sim;deterministic.sim;sample-period-2.sim;only-body.sim,jobs/gpu/*.csv; jobs/gpu/*.history.csv; jobs/gpu/*.details.json,final_benchmark.csv; final_benchmark.history.csv; jobs/cpu/*.details.json,cross-configuration descriptive contrast; not a controlled method effect
tree_lso,TreeVAE-80 + latent EA,22200,150,1.5393732999999998,1.7029128,1.9403751749999998,"retained_best_so_far=max(best_score,seed_source_fitness)",eval-allcriteria.sim,eval-allcriteria-mini.sim;deterministic.sim;sample-period-2.sim;only-body.sim,jobs/gpu/*.csv; jobs/gpu/*.history.csv; jobs/gpu/*.details.json,final_benchmark.csv; final_benchmark.history.csv; jobs/cpu/*.details.json,cross-configuration descriptive contrast; not a controlled method effect
tree_lso,TreeVAE-80 + latent EA,22300,150,1.5511793250000001,1.70830605,1.9403751749999998,"retained_best_so_far=max(best_score,seed_source_fitness)",eval-allcriteria.sim,eval-allcriteria-mini.sim;deterministic.sim;sample-period-2.sim;only-body.sim,jobs/gpu/*.csv; jobs/gpu/*.history.csv; jobs/gpu/*.details.json,final_benchmark.csv; final_benchmark.history.csv; jobs/cpu/*.details.json,cross-configuration descriptive contrast; not a controlled method effect
tree_lso,TreeVAE-80 + latent EA,22400,150,1.5511793250000001,1.70830605,1.9404921500000001,"retained_best_so_far=max(best_score,seed_source_fitness)",eval-allcriteria.sim,eval-allcriteria-mini.sim;deterministic.sim;sample-period-2.sim;only-body.sim,jobs/gpu/*.csv; jobs/gpu/*.history.csv; jobs/gpu/*.details.json,final_benchmark.csv; final_benchmark.history.csv; jobs/cpu/*.details.json,cross-configuration descriptive contrast; not a controlled method effect
tree_lso,TreeVAE-80 + latent EA,22500,150,1.5511793250000001,1.7108496,1.94049235,"retained_best_so_far=max(best_score,seed_source_fitness)",eval-allcriteria.sim,eval-allcriteria-mini.sim;deterministic.sim;sample-period-2.sim;only-body.sim,jobs/gpu/*.csv; jobs/gpu/*.history.csv; jobs/gpu/*.details.json,final_benchmark.csv; final_benchmark.history.csv; jobs/cpu/*.details.json,cross-configuration descriptive contrast; not a controlled method effect
tree_lso,TreeVAE-80 + latent EA,22600,150,1.5511793250000001,1.7108496,1.9409306749999999,"retained_best_so_far=max(best_score,seed_source_fitness)",eval-allcriteria.sim,eval-allcriteria-mini.sim;deterministic.sim;sample-period-2.sim;only-body.sim,jobs/gpu/*.csv; jobs/gpu/*.history.csv; jobs/gpu/*.details.json,final_benchmark.csv; final_benchmark.history.csv; jobs/cpu/*.details.json,cross-configuration descriptive contrast; not a controlled method effect
tree_lso,TreeVAE-80 + latent EA,22700,150,1.5511793250000001,1.7108496,1.9409306749999999,"retained_best_so_far=max(best_score,seed_source_fitness)",eval-allcriteria.sim,eval-allcriteria-mini.sim;deterministic.sim;sample-period-2.sim;only-body.sim,jobs/gpu/*.csv; jobs/gpu/*.history.csv; jobs/gpu/*.details.json,final_benchmark.csv; final_benchmark.history.csv; jobs/cpu/*.details.json,cross-configuration descriptive contrast; not a controlled method effect
tree_lso,TreeVAE-80 + latent EA,22800,150,1.5511793250000001,1.7108496,1.9409306749999999,"retained_best_so_far=max(best_score,seed_source_fitness)",eval-allcriteria.sim,eval-allcriteria-mini.sim;deterministic.sim;sample-period-2.sim;only-body.sim,jobs/gpu/*.csv; jobs/gpu/*.history.csv; jobs/gpu/*.details.json,final_benchmark.csv; final_benchmark.history.csv; jobs/cpu/*.details.json,cross-configuration descriptive contrast; not a controlled method effect
tree_lso,TreeVAE-80 + latent EA,22900,150,1.5602935499999999,1.7108496,1.9409306749999999,"retained_best_so_far=max(best_score,seed_source_fitness)",eval-allcriteria.sim,eval-allcriteria-mini.sim;deterministic.sim;sample-period-2.sim;only-body.sim,jobs/gpu/*.csv; jobs/gpu/*.history.csv; jobs/gpu/*.details.json,final_benchmark.csv; final_benchmark.history.csv; jobs/cpu/*.details.json,cross-configuration descriptive contrast; not a controlled method effect
tree_lso,TreeVAE-80 + latent EA,23000,150,1.5602935499999999,1.7108496,1.9409315,"retained_best_so_far=max(best_score,seed_source_fitness)",eval-allcriteria.sim,eval-allcriteria-mini.sim;deterministic.sim;sample-period-2.sim;only-body.sim,jobs/gpu/*.csv; jobs/gpu/*.history.csv; jobs/gpu/*.details.json,final_benchmark.csv; final_benchmark.history.csv; jobs/cpu/*.details.json,cross-configuration descriptive contrast; not a controlled method effect
tree_lso,TreeVAE-80 + latent EA,23100,150,1.5602935499999999,1.7108496,1.9409315,"retained_best_so_far=max(best_score,seed_source_fitness)",eval-allcriteria.sim,eval-allcriteria-mini.sim;deterministic.sim;sample-period-2.sim;only-body.sim,jobs/gpu/*.csv; jobs/gpu/*.history.csv; jobs/gpu/*.details.json,final_benchmark.csv; final_benchmark.history.csv; jobs/cpu/*.details.json,cross-configuration descriptive contrast; not a controlled method effect
tree_lso,TreeVAE-80 + latent EA,23200,150,1.5608719500000001,1.7118057,1.9409315,"retained_best_so_far=max(best_score,seed_source_fitness)",eval-allcriteria.sim,eval-allcriteria-mini.sim;deterministic.sim;sample-period-2.sim;only-body.sim,jobs/gpu/*.csv; jobs/gpu/*.history.csv; jobs/gpu/*.details.json,final_benchmark.csv; final_benchmark.history.csv; jobs/cpu/*.details.json,cross-configuration descriptive contrast; not a controlled method effect
tree_lso,TreeVAE-80 + latent EA,23300,150,1.5608719500000001,1.71337305,1.9409315,"retained_best_so_far=max(best_score,seed_source_fitness)",eval-allcriteria.sim,eval-allcriteria-mini.sim;deterministic.sim;sample-period-2.sim;only-body.sim,jobs/gpu/*.csv; jobs/gpu/*.history.csv; jobs/gpu/*.details.json,final_benchmark.csv; final_benchmark.history.csv; jobs/cpu/*.details.json,cross-configuration descriptive contrast; not a controlled method effect
tree_lso,TreeVAE-80 + latent EA,23400,150,1.5608719500000001,1.71337305,1.9409315,"retained_best_so_far=max(best_score,seed_source_fitness)",eval-allcriteria.sim,eval-allcriteria-mini.sim;deterministic.sim;sample-period-2.sim;only-body.sim,jobs/gpu/*.csv; jobs/gpu/*.history.csv; jobs/gpu/*.details.json,final_benchmark.csv; final_benchmark.history.csv; jobs/cpu/*.details.json,cross-configuration descriptive contrast; not a controlled method effect
tree_lso,TreeVAE-80 + latent EA,23500,150,1.5608719500000001,1.71337305,1.9409368999999999,"retained_best_so_far=max(best_score,seed_source_fitness)",eval-allcriteria.sim,eval-allcriteria-mini.sim;deterministic.sim;sample-period-2.sim;only-body.sim,jobs/gpu/*.csv; jobs/gpu/*.history.csv; jobs/gpu/*.details.json,final_benchmark.csv; final_benchmark.history.csv; jobs/cpu/*.details.json,cross-configuration descriptive contrast; not a controlled method effect
tree_lso,TreeVAE-80 + latent EA,23600,150,1.5608719500000001,1.71337305,1.9409368999999999,"retained_best_so_far=max(best_score,seed_source_fitness)",eval-allcriteria.sim,eval-allcriteria-mini.sim;deterministic.sim;sample-period-2.sim;only-body.sim,jobs/gpu/*.csv; jobs/gpu/*.history.csv; jobs/gpu/*.details.json,final_benchmark.csv; final_benchmark.history.csv; jobs/cpu/*.details.json,cross-configuration descriptive contrast; not a controlled method effect
tree_lso,TreeVAE-80 + latent EA,23700,150,1.5608719500000001,1.7134781499999998,1.9409368999999999,"retained_best_so_far=max(best_score,seed_source_fitness)",eval-allcriteria.sim,eval-allcriteria-mini.sim;deterministic.sim;sample-period-2.sim;only-body.sim,jobs/gpu/*.csv; jobs/gpu/*.history.csv; jobs/gpu/*.details.json,final_benchmark.csv; final_benchmark.history.csv; jobs/cpu/*.details.json,cross-configuration descriptive contrast; not a controlled method effect
tree_lso,TreeVAE-80 + latent EA,23800,150,1.5608719500000001,1.7134781499999998,1.9409608999999999,"retained_best_so_far=max(best_score,seed_source_fitness)",eval-allcriteria.sim,eval-allcriteria-mini.sim;deterministic.sim;sample-period-2.sim;only-body.sim,jobs/gpu/*.csv; jobs/gpu/*.history.csv; jobs/gpu/*.details.json,final_benchmark.csv; final_benchmark.history.csv; jobs/cpu/*.details.json,cross-configuration descriptive contrast; not a controlled method effect
tree_lso,TreeVAE-80 + latent EA,23900,150,1.5608719500000001,1.7134781499999998,1.9410532,"retained_best_so_far=max(best_score,seed_source_fitness)",eval-allcriteria.sim,eval-allcriteria-mini.sim;deterministic.sim;sample-period-2.sim;only-body.sim,jobs/gpu/*.csv; jobs/gpu/*.history.csv; jobs/gpu/*.details.json,final_benchmark.csv; final_benchmark.history.csv; jobs/cpu/*.details.json,cross-configuration descriptive contrast; not a controlled method effect
tree_lso,TreeVAE-80 + latent EA,24000,150,1.5608719500000001,1.7134781499999998,1.9410532,"retained_best_so_far=max(best_score,seed_source_fitness)",eval-allcriteria.sim,eval-allcriteria-mini.sim;deterministic.sim;sample-period-2.sim;only-body.sim,jobs/gpu/*.csv; jobs/gpu/*.history.csv; jobs/gpu/*.details.json,final_benchmark.csv; final_benchmark.history.csv; jobs/cpu/*.details.json,cross-configuration descriptive contrast; not a controlled method effect
tree_lso,TreeVAE-80 + latent EA,24100,150,1.5608719500000001,1.7134781499999998,1.9410532,"retained_best_so_far=max(best_score,seed_source_fitness)",eval-allcriteria.sim,eval-allcriteria-mini.sim;deterministic.sim;sample-period-2.sim;only-body.sim,jobs/gpu/*.csv; jobs/gpu/*.history.csv; jobs/gpu/*.details.json,final_benchmark.csv; final_benchmark.history.csv; jobs/cpu/*.details.json,cross-configuration descriptive contrast; not a controlled method effect
tree_lso,TreeVAE-80 + latent EA,24200,150,1.5608719500000001,1.7134781499999998,1.94106965,"retained_best_so_far=max(best_score,seed_source_fitness)",eval-allcriteria.sim,eval-allcriteria-mini.sim;deterministic.sim;sample-period-2.sim;only-body.sim,jobs/gpu/*.csv; jobs/gpu/*.history.csv; jobs/gpu/*.details.json,final_benchmark.csv; final_benchmark.history.csv; jobs/cpu/*.details.json,cross-configuration descriptive contrast; not a controlled method effect
tree_lso,TreeVAE-80 + latent EA,24300,150,1.5611842250000001,1.7134781499999998,1.94106965,"retained_best_so_far=max(best_score,seed_source_fitness)",eval-allcriteria.sim,eval-allcriteria-mini.sim;deterministic.sim;sample-period-2.sim;only-body.sim,jobs/gpu/*.csv; jobs/gpu/*.history.csv; jobs/gpu/*.details.json,final_benchmark.csv; final_benchmark.history.csv; jobs/cpu/*.details.json,cross-configuration descriptive contrast; not a controlled method effect
tree_lso,TreeVAE-80 + latent EA,24400,150,1.561970925,1.7134781499999998,1.94106965,"retained_best_so_far=max(best_score,seed_source_fitness)",eval-allcriteria.sim,eval-allcriteria-mini.sim;deterministic.sim;sample-period-2.sim;only-body.sim,jobs/gpu/*.csv; jobs/gpu/*.history.csv; jobs/gpu/*.details.json,final_benchmark.csv; final_benchmark.history.csv; jobs/cpu/*.details.json,cross-configuration descriptive contrast; not a controlled method effect
tree_lso,TreeVAE-80 + latent EA,24500,150,1.561970925,1.71806485,1.9410795250000001,"retained_best_so_far=max(best_score,seed_source_fitness)",eval-allcriteria.sim,eval-allcriteria-mini.sim;deterministic.sim;sample-period-2.sim;only-body.sim,jobs/gpu/*.csv; jobs/gpu/*.history.csv; jobs/gpu/*.details.json,final_benchmark.csv; final_benchmark.history.csv; jobs/cpu/*.details.json,cross-configuration descriptive contrast; not a controlled method effect
tree_lso,TreeVAE-80 + latent EA,24600,150,1.561970925,1.71806485,1.9410797500000001,"retained_best_so_far=max(best_score,seed_source_fitness)",eval-allcriteria.sim,eval-allcriteria-mini.sim;deterministic.sim;sample-period-2.sim;only-body.sim,jobs/gpu/*.csv; jobs/gpu/*.history.csv; jobs/gpu/*.details.json,final_benchmark.csv; final_benchmark.history.csv; jobs/cpu/*.details.json,cross-configuration descriptive contrast; not a controlled method effect
tree_lso,TreeVAE-80 + latent EA,24700,150,1.561970925,1.71806485,1.9410797500000001,"retained_best_so_far=max(best_score,seed_source_fitness)",eval-allcriteria.sim,eval-allcriteria-mini.sim;deterministic.sim;sample-period-2.sim;only-body.sim,jobs/gpu/*.csv; jobs/gpu/*.history.csv; jobs/gpu/*.details.json,final_benchmark.csv; final_benchmark.history.csv; jobs/cpu/*.details.json,cross-configuration descriptive contrast; not a controlled method effect
tree_lso,TreeVAE-80 + latent EA,24800,150,1.561970925,1.71806485,1.9410797500000001,"retained_best_so_far=max(best_score,seed_source_fitness)",eval-allcriteria.sim,eval-allcriteria-mini.sim;deterministic.sim;sample-period-2.sim;only-body.sim,jobs/gpu/*.csv; jobs/gpu/*.history.csv; jobs/gpu/*.details.json,final_benchmark.csv; final_benchmark.history.csv; jobs/cpu/*.details.json,cross-configuration descriptive contrast; not a controlled method effect
tree_lso,TreeVAE-80 + latent EA,24900,150,1.561970925,1.71806485,1.9410912250000001,"retained_best_so_far=max(best_score,seed_source_fitness)",eval-allcriteria.sim,eval-allcriteria-mini.sim;deterministic.sim;sample-period-2.sim;only-body.sim,jobs/gpu/*.csv; jobs/gpu/*.history.csv; jobs/gpu/*.details.json,final_benchmark.csv; final_benchmark.history.csv; jobs/cpu/*.details.json,cross-configuration descriptive contrast; not a controlled method effect
tree_lso,TreeVAE-80 + latent EA,25000,150,1.5626959999999999,1.7200103,1.9410912250000001,"retained_best_so_far=max(best_score,seed_source_fitness)",eval-allcriteria.sim,eval-allcriteria-mini.sim;deterministic.sim;sample-period-2.sim;only-body.sim,jobs/gpu/*.csv; jobs/gpu/*.history.csv; jobs/gpu/*.details.json,final_benchmark.csv; final_benchmark.history.csv; jobs/cpu/*.details.json,cross-configuration descriptive contrast; not a controlled method effect
tree_lso,TreeVAE-80 + latent EA,25100,150,1.5626959999999999,1.7200103,1.9410912250000001,"retained_best_so_far=max(best_score,seed_source_fitness)",eval-allcriteria.sim,eval-allcriteria-mini.sim;deterministic.sim;sample-period-2.sim;only-body.sim,jobs/gpu/*.csv; jobs/gpu/*.history.csv; jobs/gpu/*.details.json,final_benchmark.csv; final_benchmark.history.csv; jobs/cpu/*.details.json,cross-configuration descriptive contrast; not a controlled method effect
tree_lso,TreeVAE-80 + latent EA,25200,150,1.5626959999999999,1.7200103,1.9410912250000001,"retained_best_so_far=max(best_score,seed_source_fitness)",eval-allcriteria.sim,eval-allcriteria-mini.sim;deterministic.sim;sample-period-2.sim;only-body.sim,jobs/gpu/*.csv; jobs/gpu/*.history.csv; jobs/gpu/*.details.json,final_benchmark.csv; final_benchmark.history.csv; jobs/cpu/*.details.json,cross-configuration descriptive contrast; not a controlled method effect
tree_lso,TreeVAE-80 + latent EA,25300,150,1.562809575,1.7200103,1.941136975,"retained_best_so_far=max(best_score,seed_source_fitness)",eval-allcriteria.sim,eval-allcriteria-mini.sim;deterministic.sim;sample-period-2.sim;only-body.sim,jobs/gpu/*.csv; jobs/gpu/*.history.csv; jobs/gpu/*.details.json,final_benchmark.csv; final_benchmark.history.csv; jobs/cpu/*.details.json,cross-configuration descriptive contrast; not a controlled method effect
tree_lso,TreeVAE-80 + latent EA,25400,150,1.5628871,1.7200103,1.941136975,"retained_best_so_far=max(best_score,seed_source_fitness)",eval-allcriteria.sim,eval-allcriteria-mini.sim;deterministic.sim;sample-period-2.sim;only-body.sim,jobs/gpu/*.csv; jobs/gpu/*.history.csv; jobs/gpu/*.details.json,final_benchmark.csv; final_benchmark.history.csv; jobs/cpu/*.details.json,cross-configuration descriptive contrast; not a controlled method effect
tree_lso,TreeVAE-80 + latent EA,25500,150,1.5628871,1.7200103,1.941136975,"retained_best_so_far=max(best_score,seed_source_fitness)",eval-allcriteria.sim,eval-allcriteria-mini.sim;deterministic.sim;sample-period-2.sim;only-body.sim,jobs/gpu/*.csv; jobs/gpu/*.history.csv; jobs/gpu/*.details.json,final_benchmark.csv; final_benchmark.history.csv; jobs/cpu/*.details.json,cross-configuration descriptive contrast; not a controlled method effect
tree_lso,TreeVAE-80 + latent EA,25600,150,1.5628871,1.7281434,1.941136975,"retained_best_so_far=max(best_score,seed_source_fitness)",eval-allcriteria.sim,eval-allcriteria-mini.sim;deterministic.sim;sample-period-2.sim;only-body.sim,jobs/gpu/*.csv; jobs/gpu/*.history.csv; jobs/gpu/*.details.json,final_benchmark.csv; final_benchmark.history.csv; jobs/cpu/*.details.json,cross-configuration descriptive contrast; not a controlled method effect
tree_lso,TreeVAE-80 + latent EA,25700,150,1.5628871,1.7281434,1.941136975,"retained_best_so_far=max(best_score,seed_source_fitness)",eval-allcriteria.sim,eval-allcriteria-mini.sim;deterministic.sim;sample-period-2.sim;only-body.sim,jobs/gpu/*.csv; jobs/gpu/*.history.csv; jobs/gpu/*.details.json,final_benchmark.csv; final_benchmark.history.csv; jobs/cpu/*.details.json,cross-configuration descriptive contrast; not a controlled method effect
tree_lso,TreeVAE-80 + latent EA,25800,150,1.5647492750000001,1.7281434,1.941136975,"retained_best_so_far=max(best_score,seed_source_fitness)",eval-allcriteria.sim,eval-allcriteria-mini.sim;deterministic.sim;sample-period-2.sim;only-body.sim,jobs/gpu/*.csv; jobs/gpu/*.history.csv; jobs/gpu/*.details.json,final_benchmark.csv; final_benchmark.history.csv; jobs/cpu/*.details.json,cross-configuration descriptive contrast; not a controlled method effect
tree_lso,TreeVAE-80 + latent EA,25900,150,1.5652825500000001,1.7281434,1.941136975,"retained_best_so_far=max(best_score,seed_source_fitness)",eval-allcriteria.sim,eval-allcriteria-mini.sim;deterministic.sim;sample-period-2.sim;only-body.sim,jobs/gpu/*.csv; jobs/gpu/*.history.csv; jobs/gpu/*.details.json,final_benchmark.csv; final_benchmark.history.csv; jobs/cpu/*.details.json,cross-configuration descriptive contrast; not a controlled method effect
tree_lso,TreeVAE-80 + latent EA,26000,150,1.5652825500000001,1.74314035,1.941136975,"retained_best_so_far=max(best_score,seed_source_fitness)",eval-allcriteria.sim,eval-allcriteria-mini.sim;deterministic.sim;sample-period-2.sim;only-body.sim,jobs/gpu/*.csv; jobs/gpu/*.history.csv; jobs/gpu/*.details.json,final_benchmark.csv; final_benchmark.history.csv; jobs/cpu/*.details.json,cross-configuration descriptive contrast; not a controlled method effect
tree_lso,TreeVAE-80 + latent EA,26100,150,1.5652825500000001,1.74314035,1.94870615,"retained_best_so_far=max(best_score,seed_source_fitness)",eval-allcriteria.sim,eval-allcriteria-mini.sim;deterministic.sim;sample-period-2.sim;only-body.sim,jobs/gpu/*.csv; jobs/gpu/*.history.csv; jobs/gpu/*.details.json,final_benchmark.csv; final_benchmark.history.csv; jobs/cpu/*.details.json,cross-configuration descriptive contrast; not a controlled method effect
tree_lso,TreeVAE-80 + latent EA,26200,150,1.5652825500000001,1.7439496999999999,1.94870615,"retained_best_so_far=max(best_score,seed_source_fitness)",eval-allcriteria.sim,eval-allcriteria-mini.sim;deterministic.sim;sample-period-2.sim;only-body.sim,jobs/gpu/*.csv; jobs/gpu/*.history.csv; jobs/gpu/*.details.json,final_benchmark.csv; final_benchmark.history.csv; jobs/cpu/*.details.json,cross-configuration descriptive contrast; not a controlled method effect
tree_lso,TreeVAE-80 + latent EA,26300,150,1.5652825500000001,1.7439496999999999,1.94870615,"retained_best_so_far=max(best_score,seed_source_fitness)",eval-allcriteria.sim,eval-allcriteria-mini.sim;deterministic.sim;sample-period-2.sim;only-body.sim,jobs/gpu/*.csv; jobs/gpu/*.history.csv; jobs/gpu/*.details.json,final_benchmark.csv; final_benchmark.history.csv; jobs/cpu/*.details.json,cross-configuration descriptive contrast; not a controlled method effect
tree_lso,TreeVAE-80 + latent EA,26400,150,1.5652825500000001,1.7439496999999999,1.94870615,"retained_best_so_far=max(best_score,seed_source_fitness)",eval-allcriteria.sim,eval-allcriteria-mini.sim;deterministic.sim;sample-period-2.sim;only-body.sim,jobs/gpu/*.csv; jobs/gpu/*.history.csv; jobs/gpu/*.details.json,final_benchmark.csv; final_benchmark.history.csv; jobs/cpu/*.details.json,cross-configuration descriptive contrast; not a controlled method effect
tree_lso,TreeVAE-80 + latent EA,26500,150,1.5652825500000001,1.7439496999999999,1.94870615,"retained_best_so_far=max(best_score,seed_source_fitness)",eval-allcriteria.sim,eval-allcriteria-mini.sim;deterministic.sim;sample-period-2.sim;only-body.sim,jobs/gpu/*.csv; jobs/gpu/*.history.csv; jobs/gpu/*.details.json,final_benchmark.csv; final_benchmark.history.csv; jobs/cpu/*.details.json,cross-configuration descriptive contrast; not a controlled method effect
tree_lso,TreeVAE-80 + latent EA,26600,150,1.5652825500000001,1.7483502,1.94870615,"retained_best_so_far=max(best_score,seed_source_fitness)",eval-allcriteria.sim,eval-allcriteria-mini.sim;deterministic.sim;sample-period-2.sim;only-body.sim,jobs/gpu/*.csv; jobs/gpu/*.history.csv; jobs/gpu/*.details.json,final_benchmark.csv; final_benchmark.history.csv; jobs/cpu/*.details.json,cross-configuration descriptive contrast; not a controlled method effect
tree_lso,TreeVAE-80 + latent EA,26700,150,1.5652825500000001,1.7483502,1.9536611500000001,"retained_best_so_far=max(best_score,seed_source_fitness)",eval-allcriteria.sim,eval-allcriteria-mini.sim;deterministic.sim;sample-period-2.sim;only-body.sim,jobs/gpu/*.csv; jobs/gpu/*.history.csv; jobs/gpu/*.details.json,final_benchmark.csv; final_benchmark.history.csv; jobs/cpu/*.details.json,cross-configuration descriptive contrast; not a controlled method effect
tree_lso,TreeVAE-80 + latent EA,26800,150,1.5652825500000001,1.7483502,1.9536611500000001,"retained_best_so_far=max(best_score,seed_source_fitness)",eval-allcriteria.sim,eval-allcriteria-mini.sim;deterministic.sim;sample-period-2.sim;only-body.sim,jobs/gpu/*.csv; jobs/gpu/*.history.csv; jobs/gpu/*.details.json,final_benchmark.csv; final_benchmark.history.csv; jobs/cpu/*.details.json,cross-configuration descriptive contrast; not a controlled method effect
tree_lso,TreeVAE-80 + latent EA,26900,150,1.5652825500000001,1.7483502,1.9536611500000001,"retained_best_so_far=max(best_score,seed_source_fitness)",eval-allcriteria.sim,eval-allcriteria-mini.sim;deterministic.sim;sample-period-2.sim;only-body.sim,jobs/gpu/*.csv; jobs/gpu/*.history.csv; jobs/gpu/*.details.json,final_benchmark.csv; final_benchmark.history.csv; jobs/cpu/*.details.json,cross-configuration descriptive contrast; not a controlled method effect
tree_lso,TreeVAE-80 + latent EA,27000,150,1.567496625,1.75252965,1.955208775,"retained_best_so_far=max(best_score,seed_source_fitness)",eval-allcriteria.sim,eval-allcriteria-mini.sim;deterministic.sim;sample-period-2.sim;only-body.sim,jobs/gpu/*.csv; jobs/gpu/*.history.csv; jobs/gpu/*.details.json,final_benchmark.csv; final_benchmark.history.csv; jobs/cpu/*.details.json,cross-configuration descriptive contrast; not a controlled method effect
tree_lso,TreeVAE-80 + latent EA,27100,150,1.567496625,1.75252965,1.955208775,"retained_best_so_far=max(best_score,seed_source_fitness)",eval-allcriteria.sim,eval-allcriteria-mini.sim;deterministic.sim;sample-period-2.sim;only-body.sim,jobs/gpu/*.csv; jobs/gpu/*.history.csv; jobs/gpu/*.details.json,final_benchmark.csv; final_benchmark.history.csv; jobs/cpu/*.details.json,cross-configuration descriptive contrast; not a controlled method effect
tree_lso,TreeVAE-80 + latent EA,27200,150,1.567496625,1.75252965,1.955208775,"retained_best_so_far=max(best_score,seed_source_fitness)",eval-allcriteria.sim,eval-allcriteria-mini.sim;deterministic.sim;sample-period-2.sim;only-body.sim,jobs/gpu/*.csv; jobs/gpu/*.history.csv; jobs/gpu/*.details.json,final_benchmark.csv; final_benchmark.history.csv; jobs/cpu/*.details.json,cross-configuration descriptive contrast; not a controlled method effect
tree_lso,TreeVAE-80 + latent EA,27300,150,1.56750425,1.75252965,1.955208775,"retained_best_so_far=max(best_score,seed_source_fitness)",eval-allcriteria.sim,eval-allcriteria-mini.sim;deterministic.sim;sample-period-2.sim;only-body.sim,jobs/gpu/*.csv; jobs/gpu/*.history.csv; jobs/gpu/*.details.json,final_benchmark.csv; final_benchmark.history.csv; jobs/cpu/*.details.json,cross-configuration descriptive contrast; not a controlled method effect
tree_lso,TreeVAE-80 + latent EA,27400,150,1.56750425,1.75252965,1.955208775,"retained_best_so_far=max(best_score,seed_source_fitness)",eval-allcriteria.sim,eval-allcriteria-mini.sim;deterministic.sim;sample-period-2.sim;only-body.sim,jobs/gpu/*.csv; jobs/gpu/*.history.csv; jobs/gpu/*.details.json,final_benchmark.csv; final_benchmark.history.csv; jobs/cpu/*.details.json,cross-configuration descriptive contrast; not a controlled method effect
tree_lso,TreeVAE-80 + latent EA,27500,150,1.56750425,1.75252965,1.955208775,"retained_best_so_far=max(best_score,seed_source_fitness)",eval-allcriteria.sim,eval-allcriteria-mini.sim;deterministic.sim;sample-period-2.sim;only-body.sim,jobs/gpu/*.csv; jobs/gpu/*.history.csv; jobs/gpu/*.details.json,final_benchmark.csv; final_benchmark.history.csv; jobs/cpu/*.details.json,cross-configuration descriptive contrast; not a controlled method effect
tree_lso,TreeVAE-80 + latent EA,27600,150,1.56750425,1.75252965,1.955208775,"retained_best_so_far=max(best_score,seed_source_fitness)",eval-allcriteria.sim,eval-allcriteria-mini.sim;deterministic.sim;sample-period-2.sim;only-body.sim,jobs/gpu/*.csv; jobs/gpu/*.history.csv; jobs/gpu/*.details.json,final_benchmark.csv; final_benchmark.history.csv; jobs/cpu/*.details.json,cross-configuration descriptive contrast; not a controlled method effect
tree_lso,TreeVAE-80 + latent EA,27700,150,1.56750425,1.75252965,1.955208775,"retained_best_so_far=max(best_score,seed_source_fitness)",eval-allcriteria.sim,eval-allcriteria-mini.sim;deterministic.sim;sample-period-2.sim;only-body.sim,jobs/gpu/*.csv; jobs/gpu/*.history.csv; jobs/gpu/*.details.json,final_benchmark.csv; final_benchmark.history.csv; jobs/cpu/*.details.json,cross-configuration descriptive contrast; not a controlled method effect
tree_lso,TreeVAE-80 + latent EA,27800,150,1.56750425,1.75252965,1.955208775,"retained_best_so_far=max(best_score,seed_source_fitness)",eval-allcriteria.sim,eval-allcriteria-mini.sim;deterministic.sim;sample-period-2.sim;only-body.sim,jobs/gpu/*.csv; jobs/gpu/*.history.csv; jobs/gpu/*.details.json,final_benchmark.csv; final_benchmark.history.csv; jobs/cpu/*.details.json,cross-configuration descriptive contrast; not a controlled method effect
tree_lso,TreeVAE-80 + latent EA,27900,150,1.56750425,1.75252965,1.9601106750000001,"retained_best_so_far=max(best_score,seed_source_fitness)",eval-allcriteria.sim,eval-allcriteria-mini.sim;deterministic.sim;sample-period-2.sim;only-body.sim,jobs/gpu/*.csv; jobs/gpu/*.history.csv; jobs/gpu/*.details.json,final_benchmark.csv; final_benchmark.history.csv; jobs/cpu/*.details.json,cross-configuration descriptive contrast; not a controlled method effect
tree_lso,TreeVAE-80 + latent EA,28000,150,1.56750425,1.75252965,1.9641789250000001,"retained_best_so_far=max(best_score,seed_source_fitness)",eval-allcriteria.sim,eval-allcriteria-mini.sim;deterministic.sim;sample-period-2.sim;only-body.sim,jobs/gpu/*.csv; jobs/gpu/*.history.csv; jobs/gpu/*.details.json,final_benchmark.csv; final_benchmark.history.csv; jobs/cpu/*.details.json,cross-configuration descriptive contrast; not a controlled method effect
tree_lso,TreeVAE-80 + latent EA,28100,150,1.56750425,1.75252965,1.9641789250000001,"retained_best_so_far=max(best_score,seed_source_fitness)",eval-allcriteria.sim,eval-allcriteria-mini.sim;deterministic.sim;sample-period-2.sim;only-body.sim,jobs/gpu/*.csv; jobs/gpu/*.history.csv; jobs/gpu/*.details.json,final_benchmark.csv; final_benchmark.history.csv; jobs/cpu/*.details.json,cross-configuration descriptive contrast; not a controlled method effect
tree_lso,TreeVAE-80 + latent EA,28200,150,1.56750425,1.75252965,1.9641789250000001,"retained_best_so_far=max(best_score,seed_source_fitness)",eval-allcriteria.sim,eval-allcriteria-mini.sim;deterministic.sim;sample-period-2.sim;only-body.sim,jobs/gpu/*.csv; jobs/gpu/*.history.csv; jobs/gpu/*.details.json,final_benchmark.csv; final_benchmark.history.csv; jobs/cpu/*.details.json,cross-configuration descriptive contrast; not a controlled method effect
tree_lso,TreeVAE-80 + latent EA,28300,150,1.56750425,1.75252965,1.9641789250000001,"retained_best_so_far=max(best_score,seed_source_fitness)",eval-allcriteria.sim,eval-allcriteria-mini.sim;deterministic.sim;sample-period-2.sim;only-body.sim,jobs/gpu/*.csv; jobs/gpu/*.history.csv; jobs/gpu/*.details.json,final_benchmark.csv; final_benchmark.history.csv; jobs/cpu/*.details.json,cross-configuration descriptive contrast; not a controlled method effect
tree_lso,TreeVAE-80 + latent EA,28400,150,1.56750425,1.75252965,1.9641789250000001,"retained_best_so_far=max(best_score,seed_source_fitness)",eval-allcriteria.sim,eval-allcriteria-mini.sim;deterministic.sim;sample-period-2.sim;only-body.sim,jobs/gpu/*.csv; jobs/gpu/*.history.csv; jobs/gpu/*.details.json,final_benchmark.csv; final_benchmark.history.csv; jobs/cpu/*.details.json,cross-configuration descriptive contrast; not a controlled method effect
tree_lso,TreeVAE-80 + latent EA,28500,150,1.56750425,1.7528354500000001,1.9677015250000001,"retained_best_so_far=max(best_score,seed_source_fitness)",eval-allcriteria.sim,eval-allcriteria-mini.sim;deterministic.sim;sample-period-2.sim;only-body.sim,jobs/gpu/*.csv; jobs/gpu/*.history.csv; jobs/gpu/*.details.json,final_benchmark.csv; final_benchmark.history.csv; jobs/cpu/*.details.json,cross-configuration descriptive contrast; not a controlled method effect
tree_lso,TreeVAE-80 + latent EA,28600,150,1.56750425,1.7528354500000001,1.9677015250000001,"retained_best_so_far=max(best_score,seed_source_fitness)",eval-allcriteria.sim,eval-allcriteria-mini.sim;deterministic.sim;sample-period-2.sim;only-body.sim,jobs/gpu/*.csv; jobs/gpu/*.history.csv; jobs/gpu/*.details.json,final_benchmark.csv; final_benchmark.history.csv; jobs/cpu/*.details.json,cross-configuration descriptive contrast; not a controlled method effect
tree_lso,TreeVAE-80 + latent EA,28700,150,1.56750425,1.7528354500000001,1.9719198,"retained_best_so_far=max(best_score,seed_source_fitness)",eval-allcriteria.sim,eval-allcriteria-mini.sim;deterministic.sim;sample-period-2.sim;only-body.sim,jobs/gpu/*.csv; jobs/gpu/*.history.csv; jobs/gpu/*.details.json,final_benchmark.csv; final_benchmark.history.csv; jobs/cpu/*.details.json,cross-configuration descriptive contrast; not a controlled method effect
tree_lso,TreeVAE-80 + latent EA,28800,150,1.56750425,1.7548864499999999,1.9719198,"retained_best_so_far=max(best_score,seed_source_fitness)",eval-allcriteria.sim,eval-allcriteria-mini.sim;deterministic.sim;sample-period-2.sim;only-body.sim,jobs/gpu/*.csv; jobs/gpu/*.history.csv; jobs/gpu/*.details.json,final_benchmark.csv; final_benchmark.history.csv; jobs/cpu/*.details.json,cross-configuration descriptive contrast; not a controlled method effect
tree_lso,TreeVAE-80 + latent EA,28900,150,1.5675379249999999,1.7548864499999999,1.9719198,"retained_best_so_far=max(best_score,seed_source_fitness)",eval-allcriteria.sim,eval-allcriteria-mini.sim;deterministic.sim;sample-period-2.sim;only-body.sim,jobs/gpu/*.csv; jobs/gpu/*.history.csv; jobs/gpu/*.details.json,final_benchmark.csv; final_benchmark.history.csv; jobs/cpu/*.details.json,cross-configuration descriptive contrast; not a controlled method effect
tree_lso,TreeVAE-80 + latent EA,29000,150,1.5675379249999999,1.7548864499999999,1.9719198,"retained_best_so_far=max(best_score,seed_source_fitness)",eval-allcriteria.sim,eval-allcriteria-mini.sim;deterministic.sim;sample-period-2.sim;only-body.sim,jobs/gpu/*.csv; jobs/gpu/*.history.csv; jobs/gpu/*.details.json,final_benchmark.csv; final_benchmark.history.csv; jobs/cpu/*.details.json,cross-configuration descriptive contrast; not a controlled method effect
tree_lso,TreeVAE-80 + latent EA,29100,150,1.5675379249999999,1.7548864499999999,1.9719198,"retained_best_so_far=max(best_score,seed_source_fitness)",eval-allcriteria.sim,eval-allcriteria-mini.sim;deterministic.sim;sample-period-2.sim;only-body.sim,jobs/gpu/*.csv; jobs/gpu/*.history.csv; jobs/gpu/*.details.json,final_benchmark.csv; final_benchmark.history.csv; jobs/cpu/*.details.json,cross-configuration descriptive contrast; not a controlled method effect
tree_lso,TreeVAE-80 + latent EA,29200,150,1.5675379249999999,1.7548864499999999,1.9719198,"retained_best_so_far=max(best_score,seed_source_fitness)",eval-allcriteria.sim,eval-allcriteria-mini.sim;deterministic.sim;sample-period-2.sim;only-body.sim,jobs/gpu/*.csv; jobs/gpu/*.history.csv; jobs/gpu/*.details.json,final_benchmark.csv; final_benchmark.history.csv; jobs/cpu/*.details.json,cross-configuration descriptive contrast; not a controlled method effect
tree_lso,TreeVAE-80 + latent EA,29300,150,1.5675379249999999,1.7548864499999999,1.9719198,"retained_best_so_far=max(best_score,seed_source_fitness)",eval-allcriteria.sim,eval-allcriteria-mini.sim;deterministic.sim;sample-period-2.sim;only-body.sim,jobs/gpu/*.csv; jobs/gpu/*.history.csv; jobs/gpu/*.details.json,final_benchmark.csv; final_benchmark.history.csv; jobs/cpu/*.details.json,cross-configuration descriptive contrast; not a controlled method effect
tree_lso,TreeVAE-80 + latent EA,29400,150,1.57057505,1.7548864499999999,1.9719198,"retained_best_so_far=max(best_score,seed_source_fitness)",eval-allcriteria.sim,eval-allcriteria-mini.sim;deterministic.sim;sample-period-2.sim;only-body.sim,jobs/gpu/*.csv; jobs/gpu/*.history.csv; jobs/gpu/*.details.json,final_benchmark.csv; final_benchmark.history.csv; jobs/cpu/*.details.json,cross-configuration descriptive contrast; not a controlled method effect
tree_lso,TreeVAE-80 + latent EA,29500,150,1.57057505,1.7548864499999999,1.9719198,"retained_best_so_far=max(best_score,seed_source_fitness)",eval-allcriteria.sim,eval-allcriteria-mini.sim;deterministic.sim;sample-period-2.sim;only-body.sim,jobs/gpu/*.csv; jobs/gpu/*.history.csv; jobs/gpu/*.details.json,final_benchmark.csv; final_benchmark.history.csv; jobs/cpu/*.details.json,cross-configuration descriptive contrast; not a controlled method effect
tree_lso,TreeVAE-80 + latent EA,29600,150,1.57057505,1.7548864499999999,1.9719198,"retained_best_so_far=max(best_score,seed_source_fitness)",eval-allcriteria.sim,eval-allcriteria-mini.sim;deterministic.sim;sample-period-2.sim;only-body.sim,jobs/gpu/*.csv; jobs/gpu/*.history.csv; jobs/gpu/*.details.json,final_benchmark.csv; final_benchmark.history.csv; jobs/cpu/*.details.json,cross-configuration descriptive contrast; not a controlled method effect
tree_lso,TreeVAE-80 + latent EA,29700,150,1.57057505,1.7548864499999999,1.9735617249999999,"retained_best_so_far=max(best_score,seed_source_fitness)",eval-allcriteria.sim,eval-allcriteria-mini.sim;deterministic.sim;sample-period-2.sim;only-body.sim,jobs/gpu/*.csv; jobs/gpu/*.history.csv; jobs/gpu/*.details.json,final_benchmark.csv; final_benchmark.history.csv; jobs/cpu/*.details.json,cross-configuration descriptive contrast; not a controlled method effect
tree_lso,TreeVAE-80 + latent EA,29800,150,1.5713756000000001,1.7548864499999999,1.973706025,"retained_best_so_far=max(best_score,seed_source_fitness)",eval-allcriteria.sim,eval-allcriteria-mini.sim;deterministic.sim;sample-period-2.sim;only-body.sim,jobs/gpu/*.csv; jobs/gpu/*.history.csv; jobs/gpu/*.details.json,final_benchmark.csv; final_benchmark.history.csv; jobs/cpu/*.details.json,cross-configuration descriptive contrast; not a controlled method effect
tree_lso,TreeVAE-80 + latent EA,29900,150,1.5713756000000001,1.7548864499999999,1.973706025,"retained_best_so_far=max(best_score,seed_source_fitness)",eval-allcriteria.sim,eval-allcriteria-mini.sim;deterministic.sim;sample-period-2.sim;only-body.sim,jobs/gpu/*.csv; jobs/gpu/*.history.csv; jobs/gpu/*.details.json,final_benchmark.csv; final_benchmark.history.csv; jobs/cpu/*.details.json,cross-configuration descriptive contrast; not a controlled method effect
tree_lso,TreeVAE-80 + latent EA,30000,150,1.5713756000000001,1.7548864499999999,1.973706025,"retained_best_so_far=max(best_score,seed_source_fitness)",eval-allcriteria.sim,eval-allcriteria-mini.sim;deterministic.sim;sample-period-2.sim;only-body.sim,jobs/gpu/*.csv; jobs/gpu/*.history.csv; jobs/gpu/*.details.json,final_benchmark.csv; final_benchmark.history.csv; jobs/cpu/*.details.json,cross-configuration descriptive contrast; not a controlled method effect
transformer_lso,TransformerVAE-90 + latent EA,100,150,0.81270487750000009,1.07693335,1.29796925,"retained_best_so_far=max(best_score,seed_source_fitness)",eval-allcriteria.sim,eval-allcriteria-mini.sim;deterministic.sim;sample-period-2.sim;only-body.sim,jobs/gpu/*.csv; jobs/gpu/*.history.csv; jobs/gpu/*.details.json,final_benchmark.csv; final_benchmark.history.csv; jobs/cpu/*.details.json,cross-configuration descriptive contrast; not a controlled method effect
transformer_lso,TransformerVAE-90 + latent EA,200,150,0.88116693000000001,1.0925115000000001,1.3178704999999999,"retained_best_so_far=max(best_score,seed_source_fitness)",eval-allcriteria.sim,eval-allcriteria-mini.sim;deterministic.sim;sample-period-2.sim;only-body.sim,jobs/gpu/*.csv; jobs/gpu/*.history.csv; jobs/gpu/*.details.json,final_benchmark.csv; final_benchmark.history.csv; jobs/cpu/*.details.json,cross-configuration descriptive contrast; not a controlled method effect
transformer_lso,TransformerVAE-90 + latent EA,300,150,0.91336477999999999,1.10984335,1.333814925,"retained_best_so_far=max(best_score,seed_source_fitness)",eval-allcriteria.sim,eval-allcriteria-mini.sim;deterministic.sim;sample-period-2.sim;only-body.sim,jobs/gpu/*.csv; jobs/gpu/*.history.csv; jobs/gpu/*.details.json,final_benchmark.csv; final_benchmark.history.csv; jobs/cpu/*.details.json,cross-configuration descriptive contrast; not a controlled method effect
transformer_lso,TransformerVAE-90 + latent EA,400,150,0.95108487249999996,1.1476312000000002,1.3499589000000001,"retained_best_so_far=max(best_score,seed_source_fitness)",eval-allcriteria.sim,eval-allcriteria-mini.sim;deterministic.sim;sample-period-2.sim;only-body.sim,jobs/gpu/*.csv; jobs/gpu/*.history.csv; jobs/gpu/*.details.json,final_benchmark.csv; final_benchmark.history.csv; jobs/cpu/*.details.json,cross-configuration descriptive contrast; not a controlled method effect
transformer_lso,TransformerVAE-90 + latent EA,500,150,0.97916803500000005,1.1629964500000001,1.3597817249999999,"retained_best_so_far=max(best_score,seed_source_fitness)",eval-allcriteria.sim,eval-allcriteria-mini.sim;deterministic.sim;sample-period-2.sim;only-body.sim,jobs/gpu/*.csv; jobs/gpu/*.history.csv; jobs/gpu/*.details.json,final_benchmark.csv; final_benchmark.history.csv; jobs/cpu/*.details.json,cross-configuration descriptive contrast; not a controlled method effect
transformer_lso,TransformerVAE-90 + latent EA,600,150,1.0042896749999999,1.1671310500000001,1.3597817249999999,"retained_best_so_far=max(best_score,seed_source_fitness)",eval-allcriteria.sim,eval-allcriteria-mini.sim;deterministic.sim;sample-period-2.sim;only-body.sim,jobs/gpu/*.csv; jobs/gpu/*.history.csv; jobs/gpu/*.details.json,final_benchmark.csv; final_benchmark.history.csv; jobs/cpu/*.details.json,cross-configuration descriptive contrast; not a controlled method effect
transformer_lso,TransformerVAE-90 + latent EA,700,150,1.0109725250000001,1.1778697,1.3946783,"retained_best_so_far=max(best_score,seed_source_fitness)",eval-allcriteria.sim,eval-allcriteria-mini.sim;deterministic.sim;sample-period-2.sim;only-body.sim,jobs/gpu/*.csv; jobs/gpu/*.history.csv; jobs/gpu/*.details.json,final_benchmark.csv; final_benchmark.history.csv; jobs/cpu/*.details.json,cross-configuration descriptive contrast; not a controlled method effect
transformer_lso,TransformerVAE-90 + latent EA,800,150,1.0285813750000001,1.18959905,1.3946783,"retained_best_so_far=max(best_score,seed_source_fitness)",eval-allcriteria.sim,eval-allcriteria-mini.sim;deterministic.sim;sample-period-2.sim;only-body.sim,jobs/gpu/*.csv; jobs/gpu/*.history.csv; jobs/gpu/*.details.json,final_benchmark.csv; final_benchmark.history.csv; jobs/cpu/*.details.json,cross-configuration descriptive contrast; not a controlled method effect
transformer_lso,TransformerVAE-90 + latent EA,900,150,1.05911635,1.2008892000000002,1.3946783,"retained_best_so_far=max(best_score,seed_source_fitness)",eval-allcriteria.sim,eval-allcriteria-mini.sim;deterministic.sim;sample-period-2.sim;only-body.sim,jobs/gpu/*.csv; jobs/gpu/*.history.csv; jobs/gpu/*.details.json,final_benchmark.csv; final_benchmark.history.csv; jobs/cpu/*.details.json,cross-configuration descriptive contrast; not a controlled method effect
transformer_lso,TransformerVAE-90 + latent EA,1000,150,1.0646396499999999,1.21880035,1.42375005,"retained_best_so_far=max(best_score,seed_source_fitness)",eval-allcriteria.sim,eval-allcriteria-mini.sim;deterministic.sim;sample-period-2.sim;only-body.sim,jobs/gpu/*.csv; jobs/gpu/*.history.csv; jobs/gpu/*.details.json,final_benchmark.csv; final_benchmark.history.csv; jobs/cpu/*.details.json,cross-configuration descriptive contrast; not a controlled method effect
transformer_lso,TransformerVAE-90 + latent EA,1100,150,1.0880266250000001,1.2274690499999998,1.4349922749999999,"retained_best_so_far=max(best_score,seed_source_fitness)",eval-allcriteria.sim,eval-allcriteria-mini.sim;deterministic.sim;sample-period-2.sim;only-body.sim,jobs/gpu/*.csv; jobs/gpu/*.history.csv; jobs/gpu/*.details.json,final_benchmark.csv; final_benchmark.history.csv; jobs/cpu/*.details.json,cross-configuration descriptive contrast; not a controlled method effect
transformer_lso,TransformerVAE-90 + latent EA,1200,150,1.094826375,1.2274690499999998,1.4419746999999998,"retained_best_so_far=max(best_score,seed_source_fitness)",eval-allcriteria.sim,eval-allcriteria-mini.sim;deterministic.sim;sample-period-2.sim;only-body.sim,jobs/gpu/*.csv; jobs/gpu/*.history.csv; jobs/gpu/*.details.json,final_benchmark.csv; final_benchmark.history.csv; jobs/cpu/*.details.json,cross-configuration descriptive contrast; not a controlled method effect
transformer_lso,TransformerVAE-90 + latent EA,1300,150,1.1170346250000001,1.2311624999999999,1.450798925,"retained_best_so_far=max(best_score,seed_source_fitness)",eval-allcriteria.sim,eval-allcriteria-mini.sim;deterministic.sim;sample-period-2.sim;only-body.sim,jobs/gpu/*.csv; jobs/gpu/*.history.csv; jobs/gpu/*.details.json,final_benchmark.csv; final_benchmark.history.csv; jobs/cpu/*.details.json,cross-configuration descriptive contrast; not a controlled method effect
transformer_lso,TransformerVAE-90 + latent EA,1400,150,1.123430825,1.2362286,1.4586529000000001,"retained_best_so_far=max(best_score,seed_source_fitness)",eval-allcriteria.sim,eval-allcriteria-mini.sim;deterministic.sim;sample-period-2.sim;only-body.sim,jobs/gpu/*.csv; jobs/gpu/*.history.csv; jobs/gpu/*.details.json,final_benchmark.csv; final_benchmark.history.csv; jobs/cpu/*.details.json,cross-configuration descriptive contrast; not a controlled method effect
transformer_lso,TransformerVAE-90 + latent EA,1500,150,1.128931175,1.2457014499999999,1.4634489500000001,"retained_best_so_far=max(best_score,seed_source_fitness)",eval-allcriteria.sim,eval-allcriteria-mini.sim;deterministic.sim;sample-period-2.sim;only-body.sim,jobs/gpu/*.csv; jobs/gpu/*.history.csv; jobs/gpu/*.details.json,final_benchmark.csv; final_benchmark.history.csv; jobs/cpu/*.details.json,cross-configuration descriptive contrast; not a controlled method effect
transformer_lso,TransformerVAE-90 + latent EA,1600,150,1.1565423749999999,1.27754875,1.4792519749999999,"retained_best_so_far=max(best_score,seed_source_fitness)",eval-allcriteria.sim,eval-allcriteria-mini.sim;deterministic.sim;sample-period-2.sim;only-body.sim,jobs/gpu/*.csv; jobs/gpu/*.history.csv; jobs/gpu/*.details.json,final_benchmark.csv; final_benchmark.history.csv; jobs/cpu/*.details.json,cross-configuration descriptive contrast; not a controlled method effect
transformer_lso,TransformerVAE-90 + latent EA,1700,150,1.1664721499999999,1.2871424500000002,1.5020312,"retained_best_so_far=max(best_score,seed_source_fitness)",eval-allcriteria.sim,eval-allcriteria-mini.sim;deterministic.sim;sample-period-2.sim;only-body.sim,jobs/gpu/*.csv; jobs/gpu/*.history.csv; jobs/gpu/*.details.json,final_benchmark.csv; final_benchmark.history.csv; jobs/cpu/*.details.json,cross-configuration descriptive contrast; not a controlled method effect
transformer_lso,TransformerVAE-90 + latent EA,1800,150,1.16952345,1.2965374999999999,1.5020312,"retained_best_so_far=max(best_score,seed_source_fitness)",eval-allcriteria.sim,eval-allcriteria-mini.sim;deterministic.sim;sample-period-2.sim;only-body.sim,jobs/gpu/*.csv; jobs/gpu/*.history.csv; jobs/gpu/*.details.json,final_benchmark.csv; final_benchmark.history.csv; jobs/cpu/*.details.json,cross-configuration descriptive contrast; not a controlled method effect
transformer_lso,TransformerVAE-90 + latent EA,1900,150,1.173873975,1.2994425000000001,1.5039358,"retained_best_so_far=max(best_score,seed_source_fitness)",eval-allcriteria.sim,eval-allcriteria-mini.sim;deterministic.sim;sample-period-2.sim;only-body.sim,jobs/gpu/*.csv; jobs/gpu/*.history.csv; jobs/gpu/*.details.json,final_benchmark.csv; final_benchmark.history.csv; jobs/cpu/*.details.json,cross-configuration descriptive contrast; not a controlled method effect
transformer_lso,TransformerVAE-90 + latent EA,2000,150,1.18133825,1.3102904,1.509429125,"retained_best_so_far=max(best_score,seed_source_fitness)",eval-allcriteria.sim,eval-allcriteria-mini.sim;deterministic.sim;sample-period-2.sim;only-body.sim,jobs/gpu/*.csv; jobs/gpu/*.history.csv; jobs/gpu/*.details.json,final_benchmark.csv; final_benchmark.history.csv; jobs/cpu/*.details.json,cross-configuration descriptive contrast; not a controlled method effect
transformer_lso,TransformerVAE-90 + latent EA,2100,150,1.191694625,1.31471055,1.511136925,"retained_best_so_far=max(best_score,seed_source_fitness)",eval-allcriteria.sim,eval-allcriteria-mini.sim;deterministic.sim;sample-period-2.sim;only-body.sim,jobs/gpu/*.csv; jobs/gpu/*.history.csv; jobs/gpu/*.details.json,final_benchmark.csv; final_benchmark.history.csv; jobs/cpu/*.details.json,cross-configuration descriptive contrast; not a controlled method effect
transformer_lso,TransformerVAE-90 + latent EA,2200,150,1.1979111250000001,1.3169293500000001,1.5137698499999999,"retained_best_so_far=max(best_score,seed_source_fitness)",eval-allcriteria.sim,eval-allcriteria-mini.sim;deterministic.sim;sample-period-2.sim;only-body.sim,jobs/gpu/*.csv; jobs/gpu/*.history.csv; jobs/gpu/*.details.json,final_benchmark.csv; final_benchmark.history.csv; jobs/cpu/*.details.json,cross-configuration descriptive contrast; not a controlled method effect
transformer_lso,TransformerVAE-90 + latent EA,2300,150,1.2019281750000002,1.3228068500000001,1.5137698499999999,"retained_best_so_far=max(best_score,seed_source_fitness)",eval-allcriteria.sim,eval-allcriteria-mini.sim;deterministic.sim;sample-period-2.sim;only-body.sim,jobs/gpu/*.csv; jobs/gpu/*.history.csv; jobs/gpu/*.details.json,final_benchmark.csv; final_benchmark.history.csv; jobs/cpu/*.details.json,cross-configuration descriptive contrast; not a controlled method effect
transformer_lso,TransformerVAE-90 + latent EA,2400,150,1.2185611999999999,1.35105415,1.52886755,"retained_best_so_far=max(best_score,seed_source_fitness)",eval-allcriteria.sim,eval-allcriteria-mini.sim;deterministic.sim;sample-period-2.sim;only-body.sim,jobs/gpu/*.csv; jobs/gpu/*.history.csv; jobs/gpu/*.details.json,final_benchmark.csv; final_benchmark.history.csv; jobs/cpu/*.details.json,cross-configuration descriptive contrast; not a controlled method effect
transformer_lso,TransformerVAE-90 + latent EA,2500,150,1.2319258500000001,1.3620969999999999,1.551310425,"retained_best_so_far=max(best_score,seed_source_fitness)",eval-allcriteria.sim,eval-allcriteria-mini.sim;deterministic.sim;sample-period-2.sim;only-body.sim,jobs/gpu/*.csv; jobs/gpu/*.history.csv; jobs/gpu/*.details.json,final_benchmark.csv; final_benchmark.history.csv; jobs/cpu/*.details.json,cross-configuration descriptive contrast; not a controlled method effect
transformer_lso,TransformerVAE-90 + latent EA,2600,150,1.2347681500000001,1.3656461499999999,1.5558203749999999,"retained_best_so_far=max(best_score,seed_source_fitness)",eval-allcriteria.sim,eval-allcriteria-mini.sim;deterministic.sim;sample-period-2.sim;only-body.sim,jobs/gpu/*.csv; jobs/gpu/*.history.csv; jobs/gpu/*.details.json,final_benchmark.csv; final_benchmark.history.csv; jobs/cpu/*.details.json,cross-configuration descriptive contrast; not a controlled method effect
transformer_lso,TransformerVAE-90 + latent EA,2700,150,1.2347681500000001,1.36942385,1.5558203749999999,"retained_best_so_far=max(best_score,seed_source_fitness)",eval-allcriteria.sim,eval-allcriteria-mini.sim;deterministic.sim;sample-period-2.sim;only-body.sim,jobs/gpu/*.csv; jobs/gpu/*.history.csv; jobs/gpu/*.details.json,final_benchmark.csv; final_benchmark.history.csv; jobs/cpu/*.details.json,cross-configuration descriptive contrast; not a controlled method effect
transformer_lso,TransformerVAE-90 + latent EA,2800,150,1.2444059000000001,1.3770359000000001,1.5558203749999999,"retained_best_so_far=max(best_score,seed_source_fitness)",eval-allcriteria.sim,eval-allcriteria-mini.sim;deterministic.sim;sample-period-2.sim;only-body.sim,jobs/gpu/*.csv; jobs/gpu/*.history.csv; jobs/gpu/*.details.json,final_benchmark.csv; final_benchmark.history.csv; jobs/cpu/*.details.json,cross-configuration descriptive contrast; not a controlled method effect
transformer_lso,TransformerVAE-90 + latent EA,2900,150,1.2484878749999999,1.37890625,1.5584442250000001,"retained_best_so_far=max(best_score,seed_source_fitness)",eval-allcriteria.sim,eval-allcriteria-mini.sim;deterministic.sim;sample-period-2.sim;only-body.sim,jobs/gpu/*.csv; jobs/gpu/*.history.csv; jobs/gpu/*.details.json,final_benchmark.csv; final_benchmark.history.csv; jobs/cpu/*.details.json,cross-configuration descriptive contrast; not a controlled method effect
transformer_lso,TransformerVAE-90 + latent EA,3000,150,1.2640049,1.3893102499999999,1.5878221749999999,"retained_best_so_far=max(best_score,seed_source_fitness)",eval-allcriteria.sim,eval-allcriteria-mini.sim;deterministic.sim;sample-period-2.sim;only-body.sim,jobs/gpu/*.csv; jobs/gpu/*.history.csv; jobs/gpu/*.details.json,final_benchmark.csv; final_benchmark.history.csv; jobs/cpu/*.details.json,cross-configuration descriptive contrast; not a controlled method effect
transformer_lso,TransformerVAE-90 + latent EA,3100,150,1.2677295,1.3934663999999999,1.5878221749999999,"retained_best_so_far=max(best_score,seed_source_fitness)",eval-allcriteria.sim,eval-allcriteria-mini.sim;deterministic.sim;sample-period-2.sim;only-body.sim,jobs/gpu/*.csv; jobs/gpu/*.history.csv; jobs/gpu/*.details.json,final_benchmark.csv; final_benchmark.history.csv; jobs/cpu/*.details.json,cross-configuration descriptive contrast; not a controlled method effect
transformer_lso,TransformerVAE-90 + latent EA,3200,150,1.2719487250000001,1.3934663999999999,1.594047225,"retained_best_so_far=max(best_score,seed_source_fitness)",eval-allcriteria.sim,eval-allcriteria-mini.sim;deterministic.sim;sample-period-2.sim;only-body.sim,jobs/gpu/*.csv; jobs/gpu/*.history.csv; jobs/gpu/*.details.json,final_benchmark.csv; final_benchmark.history.csv; jobs/cpu/*.details.json,cross-configuration descriptive contrast; not a controlled method effect
transformer_lso,TransformerVAE-90 + latent EA,3300,150,1.276108225,1.4002411000000001,1.594047225,"retained_best_so_far=max(best_score,seed_source_fitness)",eval-allcriteria.sim,eval-allcriteria-mini.sim;deterministic.sim;sample-period-2.sim;only-body.sim,jobs/gpu/*.csv; jobs/gpu/*.history.csv; jobs/gpu/*.details.json,final_benchmark.csv; final_benchmark.history.csv; jobs/cpu/*.details.json,cross-configuration descriptive contrast; not a controlled method effect
transformer_lso,TransformerVAE-90 + latent EA,3400,150,1.2784775500000001,1.41325805,1.5969694249999999,"retained_best_so_far=max(best_score,seed_source_fitness)",eval-allcriteria.sim,eval-allcriteria-mini.sim;deterministic.sim;sample-period-2.sim;only-body.sim,jobs/gpu/*.csv; jobs/gpu/*.history.csv; jobs/gpu/*.details.json,final_benchmark.csv; final_benchmark.history.csv; jobs/cpu/*.details.json,cross-configuration descriptive contrast; not a controlled method effect
transformer_lso,TransformerVAE-90 + latent EA,3500,150,1.2837289250000001,1.41325805,1.5993668249999999,"retained_best_so_far=max(best_score,seed_source_fitness)",eval-allcriteria.sim,eval-allcriteria-mini.sim;deterministic.sim;sample-period-2.sim;only-body.sim,jobs/gpu/*.csv; jobs/gpu/*.history.csv; jobs/gpu/*.details.json,final_benchmark.csv; final_benchmark.history.csv; jobs/cpu/*.details.json,cross-configuration descriptive contrast; not a controlled method effect
transformer_lso,TransformerVAE-90 + latent EA,3600,150,1.3006860250000001,1.41325805,1.6028327250000001,"retained_best_so_far=max(best_score,seed_source_fitness)",eval-allcriteria.sim,eval-allcriteria-mini.sim;deterministic.sim;sample-period-2.sim;only-body.sim,jobs/gpu/*.csv; jobs/gpu/*.history.csv; jobs/gpu/*.details.json,final_benchmark.csv; final_benchmark.history.csv; jobs/cpu/*.details.json,cross-configuration descriptive contrast; not a controlled method effect
transformer_lso,TransformerVAE-90 + latent EA,3700,150,1.3062858500000001,1.41325805,1.6038456249999999,"retained_best_so_far=max(best_score,seed_source_fitness)",eval-allcriteria.sim,eval-allcriteria-mini.sim;deterministic.sim;sample-period-2.sim;only-body.sim,jobs/gpu/*.csv; jobs/gpu/*.history.csv; jobs/gpu/*.details.json,final_benchmark.csv; final_benchmark.history.csv; jobs/cpu/*.details.json,cross-configuration descriptive contrast; not a controlled method effect
transformer_lso,TransformerVAE-90 + latent EA,3800,150,1.3062858500000001,1.41325805,1.6038456249999999,"retained_best_so_far=max(best_score,seed_source_fitness)",eval-allcriteria.sim,eval-allcriteria-mini.sim;deterministic.sim;sample-period-2.sim;only-body.sim,jobs/gpu/*.csv; jobs/gpu/*.history.csv; jobs/gpu/*.details.json,final_benchmark.csv; final_benchmark.history.csv; jobs/cpu/*.details.json,cross-configuration descriptive contrast; not a controlled method effect
transformer_lso,TransformerVAE-90 + latent EA,3900,150,1.3062858500000001,1.41325805,1.6038456249999999,"retained_best_so_far=max(best_score,seed_source_fitness)",eval-allcriteria.sim,eval-allcriteria-mini.sim;deterministic.sim;sample-period-2.sim;only-body.sim,jobs/gpu/*.csv; jobs/gpu/*.history.csv; jobs/gpu/*.details.json,final_benchmark.csv; final_benchmark.history.csv; jobs/cpu/*.details.json,cross-configuration descriptive contrast; not a controlled method effect
transformer_lso,TransformerVAE-90 + latent EA,4000,150,1.3062858500000001,1.4155661500000001,1.6248959250000001,"retained_best_so_far=max(best_score,seed_source_fitness)",eval-allcriteria.sim,eval-allcriteria-mini.sim;deterministic.sim;sample-period-2.sim;only-body.sim,jobs/gpu/*.csv; jobs/gpu/*.history.csv; jobs/gpu/*.details.json,final_benchmark.csv; final_benchmark.history.csv; jobs/cpu/*.details.json,cross-configuration descriptive contrast; not a controlled method effect
transformer_lso,TransformerVAE-90 + latent EA,4100,150,1.3090205749999999,1.4155661500000001,1.6248959250000001,"retained_best_so_far=max(best_score,seed_source_fitness)",eval-allcriteria.sim,eval-allcriteria-mini.sim;deterministic.sim;sample-period-2.sim;only-body.sim,jobs/gpu/*.csv; jobs/gpu/*.history.csv; jobs/gpu/*.details.json,final_benchmark.csv; final_benchmark.history.csv; jobs/cpu/*.details.json,cross-configuration descriptive contrast; not a controlled method effect
transformer_lso,TransformerVAE-90 + latent EA,4200,150,1.3118170249999999,1.4203624500000001,1.6248959250000001,"retained_best_so_far=max(best_score,seed_source_fitness)",eval-allcriteria.sim,eval-allcriteria-mini.sim;deterministic.sim;sample-period-2.sim;only-body.sim,jobs/gpu/*.csv; jobs/gpu/*.history.csv; jobs/gpu/*.details.json,final_benchmark.csv; final_benchmark.history.csv; jobs/cpu/*.details.json,cross-configuration descriptive contrast; not a controlled method effect
transformer_lso,TransformerVAE-90 + latent EA,4300,150,1.31206325,1.4308120500000001,1.6358679999999999,"retained_best_so_far=max(best_score,seed_source_fitness)",eval-allcriteria.sim,eval-allcriteria-mini.sim;deterministic.sim;sample-period-2.sim;only-body.sim,jobs/gpu/*.csv; jobs/gpu/*.history.csv; jobs/gpu/*.details.json,final_benchmark.csv; final_benchmark.history.csv; jobs/cpu/*.details.json,cross-configuration descriptive contrast; not a controlled method effect
transformer_lso,TransformerVAE-90 + latent EA,4400,150,1.3166108749999998,1.4397609500000002,1.6399534999999998,"retained_best_so_far=max(best_score,seed_source_fitness)",eval-allcriteria.sim,eval-allcriteria-mini.sim;deterministic.sim;sample-period-2.sim;only-body.sim,jobs/gpu/*.csv; jobs/gpu/*.history.csv; jobs/gpu/*.details.json,final_benchmark.csv; final_benchmark.history.csv; jobs/cpu/*.details.json,cross-configuration descriptive contrast; not a controlled method effect
transformer_lso,TransformerVAE-90 + latent EA,4500,150,1.3166108749999998,1.4459902,1.6399534999999998,"retained_best_so_far=max(best_score,seed_source_fitness)",eval-allcriteria.sim,eval-allcriteria-mini.sim;deterministic.sim;sample-period-2.sim;only-body.sim,jobs/gpu/*.csv; jobs/gpu/*.history.csv; jobs/gpu/*.details.json,final_benchmark.csv; final_benchmark.history.csv; jobs/cpu/*.details.json,cross-configuration descriptive contrast; not a controlled method effect
transformer_lso,TransformerVAE-90 + latent EA,4600,150,1.3186327250000001,1.4597193000000002,1.6399534999999998,"retained_best_so_far=max(best_score,seed_source_fitness)",eval-allcriteria.sim,eval-allcriteria-mini.sim;deterministic.sim;sample-period-2.sim;only-body.sim,jobs/gpu/*.csv; jobs/gpu/*.history.csv; jobs/gpu/*.details.json,final_benchmark.csv; final_benchmark.history.csv; jobs/cpu/*.details.json,cross-configuration descriptive contrast; not a controlled method effect
transformer_lso,TransformerVAE-90 + latent EA,4700,150,1.3186327250000001,1.4632671500000001,1.6426952500000001,"retained_best_so_far=max(best_score,seed_source_fitness)",eval-allcriteria.sim,eval-allcriteria-mini.sim;deterministic.sim;sample-period-2.sim;only-body.sim,jobs/gpu/*.csv; jobs/gpu/*.history.csv; jobs/gpu/*.details.json,final_benchmark.csv; final_benchmark.history.csv; jobs/cpu/*.details.json,cross-configuration descriptive contrast; not a controlled method effect
transformer_lso,TransformerVAE-90 + latent EA,4800,150,1.3297044,1.4632671500000001,1.643497075,"retained_best_so_far=max(best_score,seed_source_fitness)",eval-allcriteria.sim,eval-allcriteria-mini.sim;deterministic.sim;sample-period-2.sim;only-body.sim,jobs/gpu/*.csv; jobs/gpu/*.history.csv; jobs/gpu/*.details.json,final_benchmark.csv; final_benchmark.history.csv; jobs/cpu/*.details.json,cross-configuration descriptive contrast; not a controlled method effect
transformer_lso,TransformerVAE-90 + latent EA,4900,150,1.3297044,1.4663428999999999,1.660696575,"retained_best_so_far=max(best_score,seed_source_fitness)",eval-allcriteria.sim,eval-allcriteria-mini.sim;deterministic.sim;sample-period-2.sim;only-body.sim,jobs/gpu/*.csv; jobs/gpu/*.history.csv; jobs/gpu/*.details.json,final_benchmark.csv; final_benchmark.history.csv; jobs/cpu/*.details.json,cross-configuration descriptive contrast; not a controlled method effect
transformer_lso,TransformerVAE-90 + latent EA,5000,150,1.3297044,1.4663428999999999,1.660696575,"retained_best_so_far=max(best_score,seed_source_fitness)",eval-allcriteria.sim,eval-allcriteria-mini.sim;deterministic.sim;sample-period-2.sim;only-body.sim,jobs/gpu/*.csv; jobs/gpu/*.history.csv; jobs/gpu/*.details.json,final_benchmark.csv; final_benchmark.history.csv; jobs/cpu/*.details.json,cross-configuration descriptive contrast; not a controlled method effect
transformer_lso,TransformerVAE-90 + latent EA,5100,150,1.3397522249999998,1.4663428999999999,1.671715625,"retained_best_so_far=max(best_score,seed_source_fitness)",eval-allcriteria.sim,eval-allcriteria-mini.sim;deterministic.sim;sample-period-2.sim;only-body.sim,jobs/gpu/*.csv; jobs/gpu/*.history.csv; jobs/gpu/*.details.json,final_benchmark.csv; final_benchmark.history.csv; jobs/cpu/*.details.json,cross-configuration descriptive contrast; not a controlled method effect
transformer_lso,TransformerVAE-90 + latent EA,5200,150,1.347562975,1.4677121500000001,1.6720809000000001,"retained_best_so_far=max(best_score,seed_source_fitness)",eval-allcriteria.sim,eval-allcriteria-mini.sim;deterministic.sim;sample-period-2.sim;only-body.sim,jobs/gpu/*.csv; jobs/gpu/*.history.csv; jobs/gpu/*.details.json,final_benchmark.csv; final_benchmark.history.csv; jobs/cpu/*.details.json,cross-configuration descriptive contrast; not a controlled method effect
transformer_lso,TransformerVAE-90 + latent EA,5300,150,1.347562975,1.4708811499999999,1.6720809000000001,"retained_best_so_far=max(best_score,seed_source_fitness)",eval-allcriteria.sim,eval-allcriteria-mini.sim;deterministic.sim;sample-period-2.sim;only-body.sim,jobs/gpu/*.csv; jobs/gpu/*.history.csv; jobs/gpu/*.details.json,final_benchmark.csv; final_benchmark.history.csv; jobs/cpu/*.details.json,cross-configuration descriptive contrast; not a controlled method effect
transformer_lso,TransformerVAE-90 + latent EA,5400,150,1.354535625,1.4816293,1.6720809000000001,"retained_best_so_far=max(best_score,seed_source_fitness)",eval-allcriteria.sim,eval-allcriteria-mini.sim;deterministic.sim;sample-period-2.sim;only-body.sim,jobs/gpu/*.csv; jobs/gpu/*.history.csv; jobs/gpu/*.details.json,final_benchmark.csv; final_benchmark.history.csv; jobs/cpu/*.details.json,cross-configuration descriptive contrast; not a controlled method effect
transformer_lso,TransformerVAE-90 + latent EA,5500,150,1.35719945,1.4873458500000001,1.6832145250000001,"retained_best_so_far=max(best_score,seed_source_fitness)",eval-allcriteria.sim,eval-allcriteria-mini.sim;deterministic.sim;sample-period-2.sim;only-body.sim,jobs/gpu/*.csv; jobs/gpu/*.history.csv; jobs/gpu/*.details.json,final_benchmark.csv; final_benchmark.history.csv; jobs/cpu/*.details.json,cross-configuration descriptive contrast; not a controlled method effect
transformer_lso,TransformerVAE-90 + latent EA,5600,150,1.3596365749999999,1.4911550500000001,1.6832145250000001,"retained_best_so_far=max(best_score,seed_source_fitness)",eval-allcriteria.sim,eval-allcriteria-mini.sim;deterministic.sim;sample-period-2.sim;only-body.sim,jobs/gpu/*.csv; jobs/gpu/*.history.csv; jobs/gpu/*.details.json,final_benchmark.csv; final_benchmark.history.csv; jobs/cpu/*.details.json,cross-configuration descriptive contrast; not a controlled method effect
transformer_lso,TransformerVAE-90 + latent EA,5700,150,1.3596365749999999,1.4911550500000001,1.69069365,"retained_best_so_far=max(best_score,seed_source_fitness)",eval-allcriteria.sim,eval-allcriteria-mini.sim;deterministic.sim;sample-period-2.sim;only-body.sim,jobs/gpu/*.csv; jobs/gpu/*.history.csv; jobs/gpu/*.details.json,final_benchmark.csv; final_benchmark.history.csv; jobs/cpu/*.details.json,cross-configuration descriptive contrast; not a controlled method effect
transformer_lso,TransformerVAE-90 + latent EA,5800,150,1.3596365749999999,1.4911550500000001,1.69069365,"retained_best_so_far=max(best_score,seed_source_fitness)",eval-allcriteria.sim,eval-allcriteria-mini.sim;deterministic.sim;sample-period-2.sim;only-body.sim,jobs/gpu/*.csv; jobs/gpu/*.history.csv; jobs/gpu/*.details.json,final_benchmark.csv; final_benchmark.history.csv; jobs/cpu/*.details.json,cross-configuration descriptive contrast; not a controlled method effect
transformer_lso,TransformerVAE-90 + latent EA,5900,150,1.361077925,1.4911550500000001,1.69069365,"retained_best_so_far=max(best_score,seed_source_fitness)",eval-allcriteria.sim,eval-allcriteria-mini.sim;deterministic.sim;sample-period-2.sim;only-body.sim,jobs/gpu/*.csv; jobs/gpu/*.history.csv; jobs/gpu/*.details.json,final_benchmark.csv; final_benchmark.history.csv; jobs/cpu/*.details.json,cross-configuration descriptive contrast; not a controlled method effect
transformer_lso,TransformerVAE-90 + latent EA,6000,150,1.3618609500000001,1.4937104999999999,1.69069365,"retained_best_so_far=max(best_score,seed_source_fitness)",eval-allcriteria.sim,eval-allcriteria-mini.sim;deterministic.sim;sample-period-2.sim;only-body.sim,jobs/gpu/*.csv; jobs/gpu/*.history.csv; jobs/gpu/*.details.json,final_benchmark.csv; final_benchmark.history.csv; jobs/cpu/*.details.json,cross-configuration descriptive contrast; not a controlled method effect
transformer_lso,TransformerVAE-90 + latent EA,6100,150,1.3653749749999999,1.4937104999999999,1.705706575,"retained_best_so_far=max(best_score,seed_source_fitness)",eval-allcriteria.sim,eval-allcriteria-mini.sim;deterministic.sim;sample-period-2.sim;only-body.sim,jobs/gpu/*.csv; jobs/gpu/*.history.csv; jobs/gpu/*.details.json,final_benchmark.csv; final_benchmark.history.csv; jobs/cpu/*.details.json,cross-configuration descriptive contrast; not a controlled method effect
transformer_lso,TransformerVAE-90 + latent EA,6200,150,1.3666673499999999,1.4962002000000001,1.705706575,"retained_best_so_far=max(best_score,seed_source_fitness)",eval-allcriteria.sim,eval-allcriteria-mini.sim;deterministic.sim;sample-period-2.sim;only-body.sim,jobs/gpu/*.csv; jobs/gpu/*.history.csv; jobs/gpu/*.details.json,final_benchmark.csv; final_benchmark.history.csv; jobs/cpu/*.details.json,cross-configuration descriptive contrast; not a controlled method effect
transformer_lso,TransformerVAE-90 + latent EA,6300,150,1.3750142750000001,1.5130303000000001,1.7123917,"retained_best_so_far=max(best_score,seed_source_fitness)",eval-allcriteria.sim,eval-allcriteria-mini.sim;deterministic.sim;sample-period-2.sim;only-body.sim,jobs/gpu/*.csv; jobs/gpu/*.history.csv; jobs/gpu/*.details.json,final_benchmark.csv; final_benchmark.history.csv; jobs/cpu/*.details.json,cross-configuration descriptive contrast; not a controlled method effect
transformer_lso,TransformerVAE-90 + latent EA,6400,150,1.3750142750000001,1.5130303000000001,1.71460195,"retained_best_so_far=max(best_score,seed_source_fitness)",eval-allcriteria.sim,eval-allcriteria-mini.sim;deterministic.sim;sample-period-2.sim;only-body.sim,jobs/gpu/*.csv; jobs/gpu/*.history.csv; jobs/gpu/*.details.json,final_benchmark.csv; final_benchmark.history.csv; jobs/cpu/*.details.json,cross-configuration descriptive contrast; not a controlled method effect
transformer_lso,TransformerVAE-90 + latent EA,6500,150,1.3750142750000001,1.5130303000000001,1.71460195,"retained_best_so_far=max(best_score,seed_source_fitness)",eval-allcriteria.sim,eval-allcriteria-mini.sim;deterministic.sim;sample-period-2.sim;only-body.sim,jobs/gpu/*.csv; jobs/gpu/*.history.csv; jobs/gpu/*.details.json,final_benchmark.csv; final_benchmark.history.csv; jobs/cpu/*.details.json,cross-configuration descriptive contrast; not a controlled method effect
transformer_lso,TransformerVAE-90 + latent EA,6600,150,1.378296175,1.5130303000000001,1.71716365,"retained_best_so_far=max(best_score,seed_source_fitness)",eval-allcriteria.sim,eval-allcriteria-mini.sim;deterministic.sim;sample-period-2.sim;only-body.sim,jobs/gpu/*.csv; jobs/gpu/*.history.csv; jobs/gpu/*.details.json,final_benchmark.csv; final_benchmark.history.csv; jobs/cpu/*.details.json,cross-configuration descriptive contrast; not a controlled method effect
transformer_lso,TransformerVAE-90 + latent EA,6700,150,1.3785386749999999,1.5130303000000001,1.71716365,"retained_best_so_far=max(best_score,seed_source_fitness)",eval-allcriteria.sim,eval-allcriteria-mini.sim;deterministic.sim;sample-period-2.sim;only-body.sim,jobs/gpu/*.csv; jobs/gpu/*.history.csv; jobs/gpu/*.details.json,final_benchmark.csv; final_benchmark.history.csv; jobs/cpu/*.details.json,cross-configuration descriptive contrast; not a controlled method effect
transformer_lso,TransformerVAE-90 + latent EA,6800,150,1.3865159,1.5130303000000001,1.71716365,"retained_best_so_far=max(best_score,seed_source_fitness)",eval-allcriteria.sim,eval-allcriteria-mini.sim;deterministic.sim;sample-period-2.sim;only-body.sim,jobs/gpu/*.csv; jobs/gpu/*.history.csv; jobs/gpu/*.details.json,final_benchmark.csv; final_benchmark.history.csv; jobs/cpu/*.details.json,cross-configuration descriptive contrast; not a controlled method effect
transformer_lso,TransformerVAE-90 + latent EA,6900,150,1.3865159,1.5130303000000001,1.7179027,"retained_best_so_far=max(best_score,seed_source_fitness)",eval-allcriteria.sim,eval-allcriteria-mini.sim;deterministic.sim;sample-period-2.sim;only-body.sim,jobs/gpu/*.csv; jobs/gpu/*.history.csv; jobs/gpu/*.details.json,final_benchmark.csv; final_benchmark.history.csv; jobs/cpu/*.details.json,cross-configuration descriptive contrast; not a controlled method effect
transformer_lso,TransformerVAE-90 + latent EA,7000,150,1.3865159,1.5130303000000001,1.7179027,"retained_best_so_far=max(best_score,seed_source_fitness)",eval-allcriteria.sim,eval-allcriteria-mini.sim;deterministic.sim;sample-period-2.sim;only-body.sim,jobs/gpu/*.csv; jobs/gpu/*.history.csv; jobs/gpu/*.details.json,final_benchmark.csv; final_benchmark.history.csv; jobs/cpu/*.details.json,cross-configuration descriptive contrast; not a controlled method effect
transformer_lso,TransformerVAE-90 + latent EA,7100,150,1.39411215,1.5174080499999998,1.7179027,"retained_best_so_far=max(best_score,seed_source_fitness)",eval-allcriteria.sim,eval-allcriteria-mini.sim;deterministic.sim;sample-period-2.sim;only-body.sim,jobs/gpu/*.csv; jobs/gpu/*.history.csv; jobs/gpu/*.details.json,final_benchmark.csv; final_benchmark.history.csv; jobs/cpu/*.details.json,cross-configuration descriptive contrast; not a controlled method effect
transformer_lso,TransformerVAE-90 + latent EA,7200,150,1.3956714000000001,1.5174080499999998,1.7479765,"retained_best_so_far=max(best_score,seed_source_fitness)",eval-allcriteria.sim,eval-allcriteria-mini.sim;deterministic.sim;sample-period-2.sim;only-body.sim,jobs/gpu/*.csv; jobs/gpu/*.history.csv; jobs/gpu/*.details.json,final_benchmark.csv; final_benchmark.history.csv; jobs/cpu/*.details.json,cross-configuration descriptive contrast; not a controlled method effect
transformer_lso,TransformerVAE-90 + latent EA,7300,150,1.3956714000000001,1.5262256000000001,1.7479765,"retained_best_so_far=max(best_score,seed_source_fitness)",eval-allcriteria.sim,eval-allcriteria-mini.sim;deterministic.sim;sample-period-2.sim;only-body.sim,jobs/gpu/*.csv; jobs/gpu/*.history.csv; jobs/gpu/*.details.json,final_benchmark.csv; final_benchmark.history.csv; jobs/cpu/*.details.json,cross-configuration descriptive contrast; not a controlled method effect
transformer_lso,TransformerVAE-90 + latent EA,7400,150,1.4109490499999999,1.5262256000000001,1.7533293999999999,"retained_best_so_far=max(best_score,seed_source_fitness)",eval-allcriteria.sim,eval-allcriteria-mini.sim;deterministic.sim;sample-period-2.sim;only-body.sim,jobs/gpu/*.csv; jobs/gpu/*.history.csv; jobs/gpu/*.details.json,final_benchmark.csv; final_benchmark.history.csv; jobs/cpu/*.details.json,cross-configuration descriptive contrast; not a controlled method effect
transformer_lso,TransformerVAE-90 + latent EA,7500,150,1.4109490499999999,1.5262256000000001,1.7598422,"retained_best_so_far=max(best_score,seed_source_fitness)",eval-allcriteria.sim,eval-allcriteria-mini.sim;deterministic.sim;sample-period-2.sim;only-body.sim,jobs/gpu/*.csv; jobs/gpu/*.history.csv; jobs/gpu/*.details.json,final_benchmark.csv; final_benchmark.history.csv; jobs/cpu/*.details.json,cross-configuration descriptive contrast; not a controlled method effect
transformer_lso,TransformerVAE-90 + latent EA,7600,150,1.4109715,1.5262256000000001,1.7598422,"retained_best_so_far=max(best_score,seed_source_fitness)",eval-allcriteria.sim,eval-allcriteria-mini.sim;deterministic.sim;sample-period-2.sim;only-body.sim,jobs/gpu/*.csv; jobs/gpu/*.history.csv; jobs/gpu/*.details.json,final_benchmark.csv; final_benchmark.history.csv; jobs/cpu/*.details.json,cross-configuration descriptive contrast; not a controlled method effect
transformer_lso,TransformerVAE-90 + latent EA,7700,150,1.4121415749999999,1.5262256000000001,1.7598422,"retained_best_so_far=max(best_score,seed_source_fitness)",eval-allcriteria.sim,eval-allcriteria-mini.sim;deterministic.sim;sample-period-2.sim;only-body.sim,jobs/gpu/*.csv; jobs/gpu/*.history.csv; jobs/gpu/*.details.json,final_benchmark.csv; final_benchmark.history.csv; jobs/cpu/*.details.json,cross-configuration descriptive contrast; not a controlled method effect
transformer_lso,TransformerVAE-90 + latent EA,7800,150,1.4121415749999999,1.5262256000000001,1.7598422,"retained_best_so_far=max(best_score,seed_source_fitness)",eval-allcriteria.sim,eval-allcriteria-mini.sim;deterministic.sim;sample-period-2.sim;only-body.sim,jobs/gpu/*.csv; jobs/gpu/*.history.csv; jobs/gpu/*.details.json,final_benchmark.csv; final_benchmark.history.csv; jobs/cpu/*.details.json,cross-configuration descriptive contrast; not a controlled method effect
transformer_lso,TransformerVAE-90 + latent EA,7900,150,1.41406465,1.5338489,1.7598422,"retained_best_so_far=max(best_score,seed_source_fitness)",eval-allcriteria.sim,eval-allcriteria-mini.sim;deterministic.sim;sample-period-2.sim;only-body.sim,jobs/gpu/*.csv; jobs/gpu/*.history.csv; jobs/gpu/*.details.json,final_benchmark.csv; final_benchmark.history.csv; jobs/cpu/*.details.json,cross-configuration descriptive contrast; not a controlled method effect
transformer_lso,TransformerVAE-90 + latent EA,8000,150,1.41406465,1.5356212999999999,1.7598422,"retained_best_so_far=max(best_score,seed_source_fitness)",eval-allcriteria.sim,eval-allcriteria-mini.sim;deterministic.sim;sample-period-2.sim;only-body.sim,jobs/gpu/*.csv; jobs/gpu/*.history.csv; jobs/gpu/*.details.json,final_benchmark.csv; final_benchmark.history.csv; jobs/cpu/*.details.json,cross-configuration descriptive contrast; not a controlled method effect
transformer_lso,TransformerVAE-90 + latent EA,8100,150,1.4168772000000001,1.5356212999999999,1.7598422,"retained_best_so_far=max(best_score,seed_source_fitness)",eval-allcriteria.sim,eval-allcriteria-mini.sim;deterministic.sim;sample-period-2.sim;only-body.sim,jobs/gpu/*.csv; jobs/gpu/*.history.csv; jobs/gpu/*.details.json,final_benchmark.csv; final_benchmark.history.csv; jobs/cpu/*.details.json,cross-configuration descriptive contrast; not a controlled method effect
transformer_lso,TransformerVAE-90 + latent EA,8200,150,1.4177997750000002,1.53865115,1.7598422,"retained_best_so_far=max(best_score,seed_source_fitness)",eval-allcriteria.sim,eval-allcriteria-mini.sim;deterministic.sim;sample-period-2.sim;only-body.sim,jobs/gpu/*.csv; jobs/gpu/*.history.csv; jobs/gpu/*.details.json,final_benchmark.csv; final_benchmark.history.csv; jobs/cpu/*.details.json,cross-configuration descriptive contrast; not a controlled method effect
transformer_lso,TransformerVAE-90 + latent EA,8300,150,1.4199579,1.53865115,1.761121275,"retained_best_so_far=max(best_score,seed_source_fitness)",eval-allcriteria.sim,eval-allcriteria-mini.sim;deterministic.sim;sample-period-2.sim;only-body.sim,jobs/gpu/*.csv; jobs/gpu/*.history.csv; jobs/gpu/*.details.json,final_benchmark.csv; final_benchmark.history.csv; jobs/cpu/*.details.json,cross-configuration descriptive contrast; not a controlled method effect
transformer_lso,TransformerVAE-90 + latent EA,8400,150,1.4213405000000001,1.5387396,1.761121275,"retained_best_so_far=max(best_score,seed_source_fitness)",eval-allcriteria.sim,eval-allcriteria-mini.sim;deterministic.sim;sample-period-2.sim;only-body.sim,jobs/gpu/*.csv; jobs/gpu/*.history.csv; jobs/gpu/*.details.json,final_benchmark.csv; final_benchmark.history.csv; jobs/cpu/*.details.json,cross-configuration descriptive contrast; not a controlled method effect
transformer_lso,TransformerVAE-90 + latent EA,8500,150,1.4213405000000001,1.53900265,1.761121275,"retained_best_so_far=max(best_score,seed_source_fitness)",eval-allcriteria.sim,eval-allcriteria-mini.sim;deterministic.sim;sample-period-2.sim;only-body.sim,jobs/gpu/*.csv; jobs/gpu/*.history.csv; jobs/gpu/*.details.json,final_benchmark.csv; final_benchmark.history.csv; jobs/cpu/*.details.json,cross-configuration descriptive contrast; not a controlled method effect
transformer_lso,TransformerVAE-90 + latent EA,8600,150,1.4219257750000001,1.5436896499999999,1.761121275,"retained_best_so_far=max(best_score,seed_source_fitness)",eval-allcriteria.sim,eval-allcriteria-mini.sim;deterministic.sim;sample-period-2.sim;only-body.sim,jobs/gpu/*.csv; jobs/gpu/*.history.csv; jobs/gpu/*.details.json,final_benchmark.csv; final_benchmark.history.csv; jobs/cpu/*.details.json,cross-configuration descriptive contrast; not a controlled method effect
transformer_lso,TransformerVAE-90 + latent EA,8700,150,1.4219257750000001,1.5480779499999999,1.7673375,"retained_best_so_far=max(best_score,seed_source_fitness)",eval-allcriteria.sim,eval-allcriteria-mini.sim;deterministic.sim;sample-period-2.sim;only-body.sim,jobs/gpu/*.csv; jobs/gpu/*.history.csv; jobs/gpu/*.details.json,final_benchmark.csv; final_benchmark.history.csv; jobs/cpu/*.details.json,cross-configuration descriptive contrast; not a controlled method effect
transformer_lso,TransformerVAE-90 + latent EA,8800,150,1.4219257750000001,1.5480779499999999,1.7673375,"retained_best_so_far=max(best_score,seed_source_fitness)",eval-allcriteria.sim,eval-allcriteria-mini.sim;deterministic.sim;sample-period-2.sim;only-body.sim,jobs/gpu/*.csv; jobs/gpu/*.history.csv; jobs/gpu/*.details.json,final_benchmark.csv; final_benchmark.history.csv; jobs/cpu/*.details.json,cross-configuration descriptive contrast; not a controlled method effect
transformer_lso,TransformerVAE-90 + latent EA,8900,150,1.4241287,1.5492652499999999,1.7713709,"retained_best_so_far=max(best_score,seed_source_fitness)",eval-allcriteria.sim,eval-allcriteria-mini.sim;deterministic.sim;sample-period-2.sim;only-body.sim,jobs/gpu/*.csv; jobs/gpu/*.history.csv; jobs/gpu/*.details.json,final_benchmark.csv; final_benchmark.history.csv; jobs/cpu/*.details.json,cross-configuration descriptive contrast; not a controlled method effect
transformer_lso,TransformerVAE-90 + latent EA,9000,150,1.4241287,1.5506606999999999,1.7713709,"retained_best_so_far=max(best_score,seed_source_fitness)",eval-allcriteria.sim,eval-allcriteria-mini.sim;deterministic.sim;sample-period-2.sim;only-body.sim,jobs/gpu/*.csv; jobs/gpu/*.history.csv; jobs/gpu/*.details.json,final_benchmark.csv; final_benchmark.history.csv; jobs/cpu/*.details.json,cross-configuration descriptive contrast; not a controlled method effect
transformer_lso,TransformerVAE-90 + latent EA,9100,150,1.4241287,1.5553855999999999,1.7713709,"retained_best_so_far=max(best_score,seed_source_fitness)",eval-allcriteria.sim,eval-allcriteria-mini.sim;deterministic.sim;sample-period-2.sim;only-body.sim,jobs/gpu/*.csv; jobs/gpu/*.history.csv; jobs/gpu/*.details.json,final_benchmark.csv; final_benchmark.history.csv; jobs/cpu/*.details.json,cross-configuration descriptive contrast; not a controlled method effect
transformer_lso,TransformerVAE-90 + latent EA,9200,150,1.4244756999999999,1.5562372499999999,1.7713709,"retained_best_so_far=max(best_score,seed_source_fitness)",eval-allcriteria.sim,eval-allcriteria-mini.sim;deterministic.sim;sample-period-2.sim;only-body.sim,jobs/gpu/*.csv; jobs/gpu/*.history.csv; jobs/gpu/*.details.json,final_benchmark.csv; final_benchmark.history.csv; jobs/cpu/*.details.json,cross-configuration descriptive contrast; not a controlled method effect
transformer_lso,TransformerVAE-90 + latent EA,9300,150,1.4244756999999999,1.5562372499999999,1.7713709,"retained_best_so_far=max(best_score,seed_source_fitness)",eval-allcriteria.sim,eval-allcriteria-mini.sim;deterministic.sim;sample-period-2.sim;only-body.sim,jobs/gpu/*.csv; jobs/gpu/*.history.csv; jobs/gpu/*.details.json,final_benchmark.csv; final_benchmark.history.csv; jobs/cpu/*.details.json,cross-configuration descriptive contrast; not a controlled method effect
transformer_lso,TransformerVAE-90 + latent EA,9400,150,1.424796025,1.5562372499999999,1.7713709,"retained_best_so_far=max(best_score,seed_source_fitness)",eval-allcriteria.sim,eval-allcriteria-mini.sim;deterministic.sim;sample-period-2.sim;only-body.sim,jobs/gpu/*.csv; jobs/gpu/*.history.csv; jobs/gpu/*.details.json,final_benchmark.csv; final_benchmark.history.csv; jobs/cpu/*.details.json,cross-configuration descriptive contrast; not a controlled method effect
transformer_lso,TransformerVAE-90 + latent EA,9500,150,1.42595275,1.5562372499999999,1.7713709,"retained_best_so_far=max(best_score,seed_source_fitness)",eval-allcriteria.sim,eval-allcriteria-mini.sim;deterministic.sim;sample-period-2.sim;only-body.sim,jobs/gpu/*.csv; jobs/gpu/*.history.csv; jobs/gpu/*.details.json,final_benchmark.csv; final_benchmark.history.csv; jobs/cpu/*.details.json,cross-configuration descriptive contrast; not a controlled method effect
transformer_lso,TransformerVAE-90 + latent EA,9600,150,1.4289420750000001,1.5562372499999999,1.7713709,"retained_best_so_far=max(best_score,seed_source_fitness)",eval-allcriteria.sim,eval-allcriteria-mini.sim;deterministic.sim;sample-period-2.sim;only-body.sim,jobs/gpu/*.csv; jobs/gpu/*.history.csv; jobs/gpu/*.details.json,final_benchmark.csv; final_benchmark.history.csv; jobs/cpu/*.details.json,cross-configuration descriptive contrast; not a controlled method effect
transformer_lso,TransformerVAE-90 + latent EA,9700,150,1.4383824000000001,1.5573888,1.7713709,"retained_best_so_far=max(best_score,seed_source_fitness)",eval-allcriteria.sim,eval-allcriteria-mini.sim;deterministic.sim;sample-period-2.sim;only-body.sim,jobs/gpu/*.csv; jobs/gpu/*.history.csv; jobs/gpu/*.details.json,final_benchmark.csv; final_benchmark.history.csv; jobs/cpu/*.details.json,cross-configuration descriptive contrast; not a controlled method effect
transformer_lso,TransformerVAE-90 + latent EA,9800,150,1.4442341249999999,1.5623174500000001,1.7821839500000001,"retained_best_so_far=max(best_score,seed_source_fitness)",eval-allcriteria.sim,eval-allcriteria-mini.sim;deterministic.sim;sample-period-2.sim;only-body.sim,jobs/gpu/*.csv; jobs/gpu/*.history.csv; jobs/gpu/*.details.json,final_benchmark.csv; final_benchmark.history.csv; jobs/cpu/*.details.json,cross-configuration descriptive contrast; not a controlled method effect
transformer_lso,TransformerVAE-90 + latent EA,9900,150,1.4442341249999999,1.5623174500000001,1.7821839500000001,"retained_best_so_far=max(best_score,seed_source_fitness)",eval-allcriteria.sim,eval-allcriteria-mini.sim;deterministic.sim;sample-period-2.sim;only-body.sim,jobs/gpu/*.csv; jobs/gpu/*.history.csv; jobs/gpu/*.details.json,final_benchmark.csv; final_benchmark.history.csv; jobs/cpu/*.details.json,cross-configuration descriptive contrast; not a controlled method effect
transformer_lso,TransformerVAE-90 + latent EA,10000,150,1.4442341249999999,1.5658037500000002,1.7857367,"retained_best_so_far=max(best_score,seed_source_fitness)",eval-allcriteria.sim,eval-allcriteria-mini.sim;deterministic.sim;sample-period-2.sim;only-body.sim,jobs/gpu/*.csv; jobs/gpu/*.history.csv; jobs/gpu/*.details.json,final_benchmark.csv; final_benchmark.history.csv; jobs/cpu/*.details.json,cross-configuration descriptive contrast; not a controlled method effect
transformer_lso,TransformerVAE-90 + latent EA,10100,150,1.4442341249999999,1.5658037500000002,1.7857367,"retained_best_so_far=max(best_score,seed_source_fitness)",eval-allcriteria.sim,eval-allcriteria-mini.sim;deterministic.sim;sample-period-2.sim;only-body.sim,jobs/gpu/*.csv; jobs/gpu/*.history.csv; jobs/gpu/*.details.json,final_benchmark.csv; final_benchmark.history.csv; jobs/cpu/*.details.json,cross-configuration descriptive contrast; not a controlled method effect
transformer_lso,TransformerVAE-90 + latent EA,10200,150,1.4442341249999999,1.57280515,1.7907518,"retained_best_so_far=max(best_score,seed_source_fitness)",eval-allcriteria.sim,eval-allcriteria-mini.sim;deterministic.sim;sample-period-2.sim;only-body.sim,jobs/gpu/*.csv; jobs/gpu/*.history.csv; jobs/gpu/*.details.json,final_benchmark.csv; final_benchmark.history.csv; jobs/cpu/*.details.json,cross-configuration descriptive contrast; not a controlled method effect
transformer_lso,TransformerVAE-90 + latent EA,10300,150,1.4442341249999999,1.5806522000000001,1.7931336,"retained_best_so_far=max(best_score,seed_source_fitness)",eval-allcriteria.sim,eval-allcriteria-mini.sim;deterministic.sim;sample-period-2.sim;only-body.sim,jobs/gpu/*.csv; jobs/gpu/*.history.csv; jobs/gpu/*.details.json,final_benchmark.csv; final_benchmark.history.csv; jobs/cpu/*.details.json,cross-configuration descriptive contrast; not a controlled method effect
transformer_lso,TransformerVAE-90 + latent EA,10400,150,1.4467078499999999,1.5846665,1.7931336,"retained_best_so_far=max(best_score,seed_source_fitness)",eval-allcriteria.sim,eval-allcriteria-mini.sim;deterministic.sim;sample-period-2.sim;only-body.sim,jobs/gpu/*.csv; jobs/gpu/*.history.csv; jobs/gpu/*.details.json,final_benchmark.csv; final_benchmark.history.csv; jobs/cpu/*.details.json,cross-configuration descriptive contrast; not a controlled method effect
transformer_lso,TransformerVAE-90 + latent EA,10500,150,1.4538645000000001,1.5846665,1.796723925,"retained_best_so_far=max(best_score,seed_source_fitness)",eval-allcriteria.sim,eval-allcriteria-mini.sim;deterministic.sim;sample-period-2.sim;only-body.sim,jobs/gpu/*.csv; jobs/gpu/*.history.csv; jobs/gpu/*.details.json,final_benchmark.csv; final_benchmark.history.csv; jobs/cpu/*.details.json,cross-configuration descriptive contrast; not a controlled method effect
transformer_lso,TransformerVAE-90 + latent EA,10600,150,1.4560735999999999,1.5846665,1.796723925,"retained_best_so_far=max(best_score,seed_source_fitness)",eval-allcriteria.sim,eval-allcriteria-mini.sim;deterministic.sim;sample-period-2.sim;only-body.sim,jobs/gpu/*.csv; jobs/gpu/*.history.csv; jobs/gpu/*.details.json,final_benchmark.csv; final_benchmark.history.csv; jobs/cpu/*.details.json,cross-configuration descriptive contrast; not a controlled method effect
transformer_lso,TransformerVAE-90 + latent EA,10700,150,1.459669925,1.5846665,1.796723925,"retained_best_so_far=max(best_score,seed_source_fitness)",eval-allcriteria.sim,eval-allcriteria-mini.sim;deterministic.sim;sample-period-2.sim;only-body.sim,jobs/gpu/*.csv; jobs/gpu/*.history.csv; jobs/gpu/*.details.json,final_benchmark.csv; final_benchmark.history.csv; jobs/cpu/*.details.json,cross-configuration descriptive contrast; not a controlled method effect
transformer_lso,TransformerVAE-90 + latent EA,10800,150,1.459669925,1.588541,1.796723925,"retained_best_so_far=max(best_score,seed_source_fitness)",eval-allcriteria.sim,eval-allcriteria-mini.sim;deterministic.sim;sample-period-2.sim;only-body.sim,jobs/gpu/*.csv; jobs/gpu/*.history.csv; jobs/gpu/*.details.json,final_benchmark.csv; final_benchmark.history.csv; jobs/cpu/*.details.json,cross-configuration descriptive contrast; not a controlled method effect
transformer_lso,TransformerVAE-90 + latent EA,10900,150,1.459669925,1.588541,1.798829075,"retained_best_so_far=max(best_score,seed_source_fitness)",eval-allcriteria.sim,eval-allcriteria-mini.sim;deterministic.sim;sample-period-2.sim;only-body.sim,jobs/gpu/*.csv; jobs/gpu/*.history.csv; jobs/gpu/*.details.json,final_benchmark.csv; final_benchmark.history.csv; jobs/cpu/*.details.json,cross-configuration descriptive contrast; not a controlled method effect
transformer_lso,TransformerVAE-90 + latent EA,11000,150,1.464656725,1.5941399000000001,1.798829075,"retained_best_so_far=max(best_score,seed_source_fitness)",eval-allcriteria.sim,eval-allcriteria-mini.sim;deterministic.sim;sample-period-2.sim;only-body.sim,jobs/gpu/*.csv; jobs/gpu/*.history.csv; jobs/gpu/*.details.json,final_benchmark.csv; final_benchmark.history.csv; jobs/cpu/*.details.json,cross-configuration descriptive contrast; not a controlled method effect
transformer_lso,TransformerVAE-90 + latent EA,11100,150,1.4657750250000001,1.5941399000000001,1.798829075,"retained_best_so_far=max(best_score,seed_source_fitness)",eval-allcriteria.sim,eval-allcriteria-mini.sim;deterministic.sim;sample-period-2.sim;only-body.sim,jobs/gpu/*.csv; jobs/gpu/*.history.csv; jobs/gpu/*.details.json,final_benchmark.csv; final_benchmark.history.csv; jobs/cpu/*.details.json,cross-configuration descriptive contrast; not a controlled method effect
transformer_lso,TransformerVAE-90 + latent EA,11200,150,1.46748985,1.5981121,1.798829075,"retained_best_so_far=max(best_score,seed_source_fitness)",eval-allcriteria.sim,eval-allcriteria-mini.sim;deterministic.sim;sample-period-2.sim;only-body.sim,jobs/gpu/*.csv; jobs/gpu/*.history.csv; jobs/gpu/*.details.json,final_benchmark.csv; final_benchmark.history.csv; jobs/cpu/*.details.json,cross-configuration descriptive contrast; not a controlled method effect
transformer_lso,TransformerVAE-90 + latent EA,11300,150,1.46748985,1.6108171499999999,1.8202106500000002,"retained_best_so_far=max(best_score,seed_source_fitness)",eval-allcriteria.sim,eval-allcriteria-mini.sim;deterministic.sim;sample-period-2.sim;only-body.sim,jobs/gpu/*.csv; jobs/gpu/*.history.csv; jobs/gpu/*.details.json,final_benchmark.csv; final_benchmark.history.csv; jobs/cpu/*.details.json,cross-configuration descriptive contrast; not a controlled method effect
transformer_lso,TransformerVAE-90 + latent EA,11400,150,1.46748985,1.6108171499999999,1.8202106500000002,"retained_best_so_far=max(best_score,seed_source_fitness)",eval-allcriteria.sim,eval-allcriteria-mini.sim;deterministic.sim;sample-period-2.sim;only-body.sim,jobs/gpu/*.csv; jobs/gpu/*.history.csv; jobs/gpu/*.details.json,final_benchmark.csv; final_benchmark.history.csv; jobs/cpu/*.details.json,cross-configuration descriptive contrast; not a controlled method effect
transformer_lso,TransformerVAE-90 + latent EA,11500,150,1.46748985,1.6108171499999999,1.8316703999999999,"retained_best_so_far=max(best_score,seed_source_fitness)",eval-allcriteria.sim,eval-allcriteria-mini.sim;deterministic.sim;sample-period-2.sim;only-body.sim,jobs/gpu/*.csv; jobs/gpu/*.history.csv; jobs/gpu/*.details.json,final_benchmark.csv; final_benchmark.history.csv; jobs/cpu/*.details.json,cross-configuration descriptive contrast; not a controlled method effect
transformer_lso,TransformerVAE-90 + latent EA,11600,150,1.46748985,1.6316349999999999,1.8316703999999999,"retained_best_so_far=max(best_score,seed_source_fitness)",eval-allcriteria.sim,eval-allcriteria-mini.sim;deterministic.sim;sample-period-2.sim;only-body.sim,jobs/gpu/*.csv; jobs/gpu/*.history.csv; jobs/gpu/*.details.json,final_benchmark.csv; final_benchmark.history.csv; jobs/cpu/*.details.json,cross-configuration descriptive contrast; not a controlled method effect
transformer_lso,TransformerVAE-90 + latent EA,11700,150,1.46748985,1.6316349999999999,1.8370001499999999,"retained_best_so_far=max(best_score,seed_source_fitness)",eval-allcriteria.sim,eval-allcriteria-mini.sim;deterministic.sim;sample-period-2.sim;only-body.sim,jobs/gpu/*.csv; jobs/gpu/*.history.csv; jobs/gpu/*.details.json,final_benchmark.csv; final_benchmark.history.csv; jobs/cpu/*.details.json,cross-configuration descriptive contrast; not a controlled method effect
transformer_lso,TransformerVAE-90 + latent EA,11800,150,1.46748985,1.6316349999999999,1.8370001499999999,"retained_best_so_far=max(best_score,seed_source_fitness)",eval-allcriteria.sim,eval-allcriteria-mini.sim;deterministic.sim;sample-period-2.sim;only-body.sim,jobs/gpu/*.csv; jobs/gpu/*.history.csv; jobs/gpu/*.details.json,final_benchmark.csv; final_benchmark.history.csv; jobs/cpu/*.details.json,cross-configuration descriptive contrast; not a controlled method effect
transformer_lso,TransformerVAE-90 + latent EA,11900,150,1.471440375,1.6420774,1.8370001499999999,"retained_best_so_far=max(best_score,seed_source_fitness)",eval-allcriteria.sim,eval-allcriteria-mini.sim;deterministic.sim;sample-period-2.sim;only-body.sim,jobs/gpu/*.csv; jobs/gpu/*.history.csv; jobs/gpu/*.details.json,final_benchmark.csv; final_benchmark.history.csv; jobs/cpu/*.details.json,cross-configuration descriptive contrast; not a controlled method effect
transformer_lso,TransformerVAE-90 + latent EA,12000,150,1.471440375,1.64660505,1.8370001499999999,"retained_best_so_far=max(best_score,seed_source_fitness)",eval-allcriteria.sim,eval-allcriteria-mini.sim;deterministic.sim;sample-period-2.sim;only-body.sim,jobs/gpu/*.csv; jobs/gpu/*.history.csv; jobs/gpu/*.details.json,final_benchmark.csv; final_benchmark.history.csv; jobs/cpu/*.details.json,cross-configuration descriptive contrast; not a controlled method effect
transformer_lso,TransformerVAE-90 + latent EA,12100,150,1.471440375,1.64660505,1.8370001499999999,"retained_best_so_far=max(best_score,seed_source_fitness)",eval-allcriteria.sim,eval-allcriteria-mini.sim;deterministic.sim;sample-period-2.sim;only-body.sim,jobs/gpu/*.csv; jobs/gpu/*.history.csv; jobs/gpu/*.details.json,final_benchmark.csv; final_benchmark.history.csv; jobs/cpu/*.details.json,cross-configuration descriptive contrast; not a controlled method effect
transformer_lso,TransformerVAE-90 + latent EA,12200,150,1.471440375,1.6537096,1.838904525,"retained_best_so_far=max(best_score,seed_source_fitness)",eval-allcriteria.sim,eval-allcriteria-mini.sim;deterministic.sim;sample-period-2.sim;only-body.sim,jobs/gpu/*.csv; jobs/gpu/*.history.csv; jobs/gpu/*.details.json,final_benchmark.csv; final_benchmark.history.csv; jobs/cpu/*.details.json,cross-configuration descriptive contrast; not a controlled method effect
transformer_lso,TransformerVAE-90 + latent EA,12300,150,1.475890275,1.6537096,1.8447214000000001,"retained_best_so_far=max(best_score,seed_source_fitness)",eval-allcriteria.sim,eval-allcriteria-mini.sim;deterministic.sim;sample-period-2.sim;only-body.sim,jobs/gpu/*.csv; jobs/gpu/*.history.csv; jobs/gpu/*.details.json,final_benchmark.csv; final_benchmark.history.csv; jobs/cpu/*.details.json,cross-configuration descriptive contrast; not a controlled method effect
transformer_lso,TransformerVAE-90 + latent EA,12400,150,1.475890275,1.66912715,1.8453001,"retained_best_so_far=max(best_score,seed_source_fitness)",eval-allcriteria.sim,eval-allcriteria-mini.sim;deterministic.sim;sample-period-2.sim;only-body.sim,jobs/gpu/*.csv; jobs/gpu/*.history.csv; jobs/gpu/*.details.json,final_benchmark.csv; final_benchmark.history.csv; jobs/cpu/*.details.json,cross-configuration descriptive contrast; not a controlled method effect
transformer_lso,TransformerVAE-90 + latent EA,12500,150,1.475890275,1.66912715,1.8455859749999999,"retained_best_so_far=max(best_score,seed_source_fitness)",eval-allcriteria.sim,eval-allcriteria-mini.sim;deterministic.sim;sample-period-2.sim;only-body.sim,jobs/gpu/*.csv; jobs/gpu/*.history.csv; jobs/gpu/*.details.json,final_benchmark.csv; final_benchmark.history.csv; jobs/cpu/*.details.json,cross-configuration descriptive contrast; not a controlled method effect
transformer_lso,TransformerVAE-90 + latent EA,12600,150,1.4794907749999999,1.66912715,1.8455859749999999,"retained_best_so_far=max(best_score,seed_source_fitness)",eval-allcriteria.sim,eval-allcriteria-mini.sim;deterministic.sim;sample-period-2.sim;only-body.sim,jobs/gpu/*.csv; jobs/gpu/*.history.csv; jobs/gpu/*.details.json,final_benchmark.csv; final_benchmark.history.csv; jobs/cpu/*.details.json,cross-configuration descriptive contrast; not a controlled method effect
transformer_lso,TransformerVAE-90 + latent EA,12700,150,1.4794907749999999,1.6704983499999999,1.8455859749999999,"retained_best_so_far=max(best_score,seed_source_fitness)",eval-allcriteria.sim,eval-allcriteria-mini.sim;deterministic.sim;sample-period-2.sim;only-body.sim,jobs/gpu/*.csv; jobs/gpu/*.history.csv; jobs/gpu/*.details.json,final_benchmark.csv; final_benchmark.history.csv; jobs/cpu/*.details.json,cross-configuration descriptive contrast; not a controlled method effect
transformer_lso,TransformerVAE-90 + latent EA,12800,150,1.4817581499999999,1.6704983499999999,1.8455859749999999,"retained_best_so_far=max(best_score,seed_source_fitness)",eval-allcriteria.sim,eval-allcriteria-mini.sim;deterministic.sim;sample-period-2.sim;only-body.sim,jobs/gpu/*.csv; jobs/gpu/*.history.csv; jobs/gpu/*.details.json,final_benchmark.csv; final_benchmark.history.csv; jobs/cpu/*.details.json,cross-configuration descriptive contrast; not a controlled method effect
transformer_lso,TransformerVAE-90 + latent EA,12900,150,1.4817581499999999,1.6704983499999999,1.846492225,"retained_best_so_far=max(best_score,seed_source_fitness)",eval-allcriteria.sim,eval-allcriteria-mini.sim;deterministic.sim;sample-period-2.sim;only-body.sim,jobs/gpu/*.csv; jobs/gpu/*.history.csv; jobs/gpu/*.details.json,final_benchmark.csv; final_benchmark.history.csv; jobs/cpu/*.details.json,cross-configuration descriptive contrast; not a controlled method effect
transformer_lso,TransformerVAE-90 + latent EA,13000,150,1.4828484499999999,1.67189875,1.846492225,"retained_best_so_far=max(best_score,seed_source_fitness)",eval-allcriteria.sim,eval-allcriteria-mini.sim;deterministic.sim;sample-period-2.sim;only-body.sim,jobs/gpu/*.csv; jobs/gpu/*.history.csv; jobs/gpu/*.details.json,final_benchmark.csv; final_benchmark.history.csv; jobs/cpu/*.details.json,cross-configuration descriptive contrast; not a controlled method effect
transformer_lso,TransformerVAE-90 + latent EA,13100,150,1.4828484499999999,1.67189875,1.846492225,"retained_best_so_far=max(best_score,seed_source_fitness)",eval-allcriteria.sim,eval-allcriteria-mini.sim;deterministic.sim;sample-period-2.sim;only-body.sim,jobs/gpu/*.csv; jobs/gpu/*.history.csv; jobs/gpu/*.details.json,final_benchmark.csv; final_benchmark.history.csv; jobs/cpu/*.details.json,cross-configuration descriptive contrast; not a controlled method effect
transformer_lso,TransformerVAE-90 + latent EA,13200,150,1.4828484499999999,1.6735054499999999,1.8594406000000001,"retained_best_so_far=max(best_score,seed_source_fitness)",eval-allcriteria.sim,eval-allcriteria-mini.sim;deterministic.sim;sample-period-2.sim;only-body.sim,jobs/gpu/*.csv; jobs/gpu/*.history.csv; jobs/gpu/*.details.json,final_benchmark.csv; final_benchmark.history.csv; jobs/cpu/*.details.json,cross-configuration descriptive contrast; not a controlled method effect
transformer_lso,TransformerVAE-90 + latent EA,13300,150,1.4868090999999999,1.6735054499999999,1.8594406000000001,"retained_best_so_far=max(best_score,seed_source_fitness)",eval-allcriteria.sim,eval-allcriteria-mini.sim;deterministic.sim;sample-period-2.sim;only-body.sim,jobs/gpu/*.csv; jobs/gpu/*.history.csv; jobs/gpu/*.details.json,final_benchmark.csv; final_benchmark.history.csv; jobs/cpu/*.details.json,cross-configuration descriptive contrast; not a controlled method effect
transformer_lso,TransformerVAE-90 + latent EA,13400,150,1.4868090999999999,1.6735054499999999,1.8594406000000001,"retained_best_so_far=max(best_score,seed_source_fitness)",eval-allcriteria.sim,eval-allcriteria-mini.sim;deterministic.sim;sample-period-2.sim;only-body.sim,jobs/gpu/*.csv; jobs/gpu/*.history.csv; jobs/gpu/*.details.json,final_benchmark.csv; final_benchmark.history.csv; jobs/cpu/*.details.json,cross-configuration descriptive contrast; not a controlled method effect
transformer_lso,TransformerVAE-90 + latent EA,13500,150,1.4868090999999999,1.6754818499999999,1.8594406000000001,"retained_best_so_far=max(best_score,seed_source_fitness)",eval-allcriteria.sim,eval-allcriteria-mini.sim;deterministic.sim;sample-period-2.sim;only-body.sim,jobs/gpu/*.csv; jobs/gpu/*.history.csv; jobs/gpu/*.details.json,final_benchmark.csv; final_benchmark.history.csv; jobs/cpu/*.details.json,cross-configuration descriptive contrast; not a controlled method effect
transformer_lso,TransformerVAE-90 + latent EA,13600,150,1.4868090999999999,1.6754818499999999,1.8594406000000001,"retained_best_so_far=max(best_score,seed_source_fitness)",eval-allcriteria.sim,eval-allcriteria-mini.sim;deterministic.sim;sample-period-2.sim;only-body.sim,jobs/gpu/*.csv; jobs/gpu/*.history.csv; jobs/gpu/*.details.json,final_benchmark.csv; final_benchmark.history.csv; jobs/cpu/*.details.json,cross-configuration descriptive contrast; not a controlled method effect
transformer_lso,TransformerVAE-90 + latent EA,13700,150,1.4868090999999999,1.6754818499999999,1.8594406000000001,"retained_best_so_far=max(best_score,seed_source_fitness)",eval-allcriteria.sim,eval-allcriteria-mini.sim;deterministic.sim;sample-period-2.sim;only-body.sim,jobs/gpu/*.csv; jobs/gpu/*.history.csv; jobs/gpu/*.details.json,final_benchmark.csv; final_benchmark.history.csv; jobs/cpu/*.details.json,cross-configuration descriptive contrast; not a controlled method effect
transformer_lso,TransformerVAE-90 + latent EA,13800,150,1.4868090999999999,1.6754818499999999,1.8594406000000001,"retained_best_so_far=max(best_score,seed_source_fitness)",eval-allcriteria.sim,eval-allcriteria-mini.sim;deterministic.sim;sample-period-2.sim;only-body.sim,jobs/gpu/*.csv; jobs/gpu/*.history.csv; jobs/gpu/*.details.json,final_benchmark.csv; final_benchmark.history.csv; jobs/cpu/*.details.json,cross-configuration descriptive contrast; not a controlled method effect
transformer_lso,TransformerVAE-90 + latent EA,13900,150,1.4868090999999999,1.6754818499999999,1.8594406000000001,"retained_best_so_far=max(best_score,seed_source_fitness)",eval-allcriteria.sim,eval-allcriteria-mini.sim;deterministic.sim;sample-period-2.sim;only-body.sim,jobs/gpu/*.csv; jobs/gpu/*.history.csv; jobs/gpu/*.details.json,final_benchmark.csv; final_benchmark.history.csv; jobs/cpu/*.details.json,cross-configuration descriptive contrast; not a controlled method effect
transformer_lso,TransformerVAE-90 + latent EA,14000,150,1.4868090999999999,1.67863615,1.8594406000000001,"retained_best_so_far=max(best_score,seed_source_fitness)",eval-allcriteria.sim,eval-allcriteria-mini.sim;deterministic.sim;sample-period-2.sim;only-body.sim,jobs/gpu/*.csv; jobs/gpu/*.history.csv; jobs/gpu/*.details.json,final_benchmark.csv; final_benchmark.history.csv; jobs/cpu/*.details.json,cross-configuration descriptive contrast; not a controlled method effect
transformer_lso,TransformerVAE-90 + latent EA,14100,150,1.4868090999999999,1.6798223999999999,1.8594406000000001,"retained_best_so_far=max(best_score,seed_source_fitness)",eval-allcriteria.sim,eval-allcriteria-mini.sim;deterministic.sim;sample-period-2.sim;only-body.sim,jobs/gpu/*.csv; jobs/gpu/*.history.csv; jobs/gpu/*.details.json,final_benchmark.csv; final_benchmark.history.csv; jobs/cpu/*.details.json,cross-configuration descriptive contrast; not a controlled method effect
transformer_lso,TransformerVAE-90 + latent EA,14200,150,1.49089205,1.6798223999999999,1.8605173000000002,"retained_best_so_far=max(best_score,seed_source_fitness)",eval-allcriteria.sim,eval-allcriteria-mini.sim;deterministic.sim;sample-period-2.sim;only-body.sim,jobs/gpu/*.csv; jobs/gpu/*.history.csv; jobs/gpu/*.details.json,final_benchmark.csv; final_benchmark.history.csv; jobs/cpu/*.details.json,cross-configuration descriptive contrast; not a controlled method effect
transformer_lso,TransformerVAE-90 + latent EA,14300,150,1.4961852499999999,1.68140135,1.8605173000000002,"retained_best_so_far=max(best_score,seed_source_fitness)",eval-allcriteria.sim,eval-allcriteria-mini.sim;deterministic.sim;sample-period-2.sim;only-body.sim,jobs/gpu/*.csv; jobs/gpu/*.history.csv; jobs/gpu/*.details.json,final_benchmark.csv; final_benchmark.history.csv; jobs/cpu/*.details.json,cross-configuration descriptive contrast; not a controlled method effect
transformer_lso,TransformerVAE-90 + latent EA,14400,150,1.4961852499999999,1.68140135,1.86079705,"retained_best_so_far=max(best_score,seed_source_fitness)",eval-allcriteria.sim,eval-allcriteria-mini.sim;deterministic.sim;sample-period-2.sim;only-body.sim,jobs/gpu/*.csv; jobs/gpu/*.history.csv; jobs/gpu/*.details.json,final_benchmark.csv; final_benchmark.history.csv; jobs/cpu/*.details.json,cross-configuration descriptive contrast; not a controlled method effect
transformer_lso,TransformerVAE-90 + latent EA,14500,150,1.4961852499999999,1.68140135,1.86079705,"retained_best_so_far=max(best_score,seed_source_fitness)",eval-allcriteria.sim,eval-allcriteria-mini.sim;deterministic.sim;sample-period-2.sim;only-body.sim,jobs/gpu/*.csv; jobs/gpu/*.history.csv; jobs/gpu/*.details.json,final_benchmark.csv; final_benchmark.history.csv; jobs/cpu/*.details.json,cross-configuration descriptive contrast; not a controlled method effect
transformer_lso,TransformerVAE-90 + latent EA,14600,150,1.4961852499999999,1.68140135,1.8625557750000001,"retained_best_so_far=max(best_score,seed_source_fitness)",eval-allcriteria.sim,eval-allcriteria-mini.sim;deterministic.sim;sample-period-2.sim;only-body.sim,jobs/gpu/*.csv; jobs/gpu/*.history.csv; jobs/gpu/*.details.json,final_benchmark.csv; final_benchmark.history.csv; jobs/cpu/*.details.json,cross-configuration descriptive contrast; not a controlled method effect
transformer_lso,TransformerVAE-90 + latent EA,14700,150,1.5014396750000001,1.6833778499999998,1.8625557750000001,"retained_best_so_far=max(best_score,seed_source_fitness)",eval-allcriteria.sim,eval-allcriteria-mini.sim;deterministic.sim;sample-period-2.sim;only-body.sim,jobs/gpu/*.csv; jobs/gpu/*.history.csv; jobs/gpu/*.details.json,final_benchmark.csv; final_benchmark.history.csv; jobs/cpu/*.details.json,cross-configuration descriptive contrast; not a controlled method effect
transformer_lso,TransformerVAE-90 + latent EA,14800,150,1.5014396750000001,1.6888927,1.86265025,"retained_best_so_far=max(best_score,seed_source_fitness)",eval-allcriteria.sim,eval-allcriteria-mini.sim;deterministic.sim;sample-period-2.sim;only-body.sim,jobs/gpu/*.csv; jobs/gpu/*.history.csv; jobs/gpu/*.details.json,final_benchmark.csv; final_benchmark.history.csv; jobs/cpu/*.details.json,cross-configuration descriptive contrast; not a controlled method effect
transformer_lso,TransformerVAE-90 + latent EA,14900,150,1.5014396750000001,1.6888927,1.8673419249999998,"retained_best_so_far=max(best_score,seed_source_fitness)",eval-allcriteria.sim,eval-allcriteria-mini.sim;deterministic.sim;sample-period-2.sim;only-body.sim,jobs/gpu/*.csv; jobs/gpu/*.history.csv; jobs/gpu/*.details.json,final_benchmark.csv; final_benchmark.history.csv; jobs/cpu/*.details.json,cross-configuration descriptive contrast; not a controlled method effect
transformer_lso,TransformerVAE-90 + latent EA,15000,150,1.5014396750000001,1.6888927,1.8673419249999998,"retained_best_so_far=max(best_score,seed_source_fitness)",eval-allcriteria.sim,eval-allcriteria-mini.sim;deterministic.sim;sample-period-2.sim;only-body.sim,jobs/gpu/*.csv; jobs/gpu/*.history.csv; jobs/gpu/*.details.json,final_benchmark.csv; final_benchmark.history.csv; jobs/cpu/*.details.json,cross-configuration descriptive contrast; not a controlled method effect
transformer_lso,TransformerVAE-90 + latent EA,15100,150,1.5014396750000001,1.6888927,1.8673419249999998,"retained_best_so_far=max(best_score,seed_source_fitness)",eval-allcriteria.sim,eval-allcriteria-mini.sim;deterministic.sim;sample-period-2.sim;only-body.sim,jobs/gpu/*.csv; jobs/gpu/*.history.csv; jobs/gpu/*.details.json,final_benchmark.csv; final_benchmark.history.csv; jobs/cpu/*.details.json,cross-configuration descriptive contrast; not a controlled method effect
transformer_lso,TransformerVAE-90 + latent EA,15200,150,1.5141883249999999,1.6888927,1.8673419249999998,"retained_best_so_far=max(best_score,seed_source_fitness)",eval-allcriteria.sim,eval-allcriteria-mini.sim;deterministic.sim;sample-period-2.sim;only-body.sim,jobs/gpu/*.csv; jobs/gpu/*.history.csv; jobs/gpu/*.details.json,final_benchmark.csv; final_benchmark.history.csv; jobs/cpu/*.details.json,cross-configuration descriptive contrast; not a controlled method effect
transformer_lso,TransformerVAE-90 + latent EA,15300,150,1.5141883249999999,1.6888927,1.8697614499999999,"retained_best_so_far=max(best_score,seed_source_fitness)",eval-allcriteria.sim,eval-allcriteria-mini.sim;deterministic.sim;sample-period-2.sim;only-body.sim,jobs/gpu/*.csv; jobs/gpu/*.history.csv; jobs/gpu/*.details.json,final_benchmark.csv; final_benchmark.history.csv; jobs/cpu/*.details.json,cross-configuration descriptive contrast; not a controlled method effect
transformer_lso,TransformerVAE-90 + latent EA,15400,150,1.5148076749999999,1.6888927,1.8697614499999999,"retained_best_so_far=max(best_score,seed_source_fitness)",eval-allcriteria.sim,eval-allcriteria-mini.sim;deterministic.sim;sample-period-2.sim;only-body.sim,jobs/gpu/*.csv; jobs/gpu/*.history.csv; jobs/gpu/*.details.json,final_benchmark.csv; final_benchmark.history.csv; jobs/cpu/*.details.json,cross-configuration descriptive contrast; not a controlled method effect
transformer_lso,TransformerVAE-90 + latent EA,15500,150,1.51637245,1.6946180000000002,1.8697614499999999,"retained_best_so_far=max(best_score,seed_source_fitness)",eval-allcriteria.sim,eval-allcriteria-mini.sim;deterministic.sim;sample-period-2.sim;only-body.sim,jobs/gpu/*.csv; jobs/gpu/*.history.csv; jobs/gpu/*.details.json,final_benchmark.csv; final_benchmark.history.csv; jobs/cpu/*.details.json,cross-configuration descriptive contrast; not a controlled method effect
transformer_lso,TransformerVAE-90 + latent EA,15600,150,1.51637245,1.69896165,1.8697614499999999,"retained_best_so_far=max(best_score,seed_source_fitness)",eval-allcriteria.sim,eval-allcriteria-mini.sim;deterministic.sim;sample-period-2.sim;only-body.sim,jobs/gpu/*.csv; jobs/gpu/*.history.csv; jobs/gpu/*.details.json,final_benchmark.csv; final_benchmark.history.csv; jobs/cpu/*.details.json,cross-configuration descriptive contrast; not a controlled method effect
transformer_lso,TransformerVAE-90 + latent EA,15700,150,1.5186150500000002,1.69896165,1.8701588,"retained_best_so_far=max(best_score,seed_source_fitness)",eval-allcriteria.sim,eval-allcriteria-mini.sim;deterministic.sim;sample-period-2.sim;only-body.sim,jobs/gpu/*.csv; jobs/gpu/*.history.csv; jobs/gpu/*.details.json,final_benchmark.csv; final_benchmark.history.csv; jobs/cpu/*.details.json,cross-configuration descriptive contrast; not a controlled method effect
transformer_lso,TransformerVAE-90 + latent EA,15800,150,1.5186150500000002,1.69896165,1.8701588,"retained_best_so_far=max(best_score,seed_source_fitness)",eval-allcriteria.sim,eval-allcriteria-mini.sim;deterministic.sim;sample-period-2.sim;only-body.sim,jobs/gpu/*.csv; jobs/gpu/*.history.csv; jobs/gpu/*.details.json,final_benchmark.csv; final_benchmark.history.csv; jobs/cpu/*.details.json,cross-configuration descriptive contrast; not a controlled method effect
transformer_lso,TransformerVAE-90 + latent EA,15900,150,1.5186150500000002,1.69896165,1.8701588,"retained_best_so_far=max(best_score,seed_source_fitness)",eval-allcriteria.sim,eval-allcriteria-mini.sim;deterministic.sim;sample-period-2.sim;only-body.sim,jobs/gpu/*.csv; jobs/gpu/*.history.csv; jobs/gpu/*.details.json,final_benchmark.csv; final_benchmark.history.csv; jobs/cpu/*.details.json,cross-configuration descriptive contrast; not a controlled method effect
transformer_lso,TransformerVAE-90 + latent EA,16000,150,1.5186150500000002,1.69896165,1.8737855749999999,"retained_best_so_far=max(best_score,seed_source_fitness)",eval-allcriteria.sim,eval-allcriteria-mini.sim;deterministic.sim;sample-period-2.sim;only-body.sim,jobs/gpu/*.csv; jobs/gpu/*.history.csv; jobs/gpu/*.details.json,final_benchmark.csv; final_benchmark.history.csv; jobs/cpu/*.details.json,cross-configuration descriptive contrast; not a controlled method effect
transformer_lso,TransformerVAE-90 + latent EA,16100,150,1.5186150500000002,1.69896165,1.8765101749999999,"retained_best_so_far=max(best_score,seed_source_fitness)",eval-allcriteria.sim,eval-allcriteria-mini.sim;deterministic.sim;sample-period-2.sim;only-body.sim,jobs/gpu/*.csv; jobs/gpu/*.history.csv; jobs/gpu/*.details.json,final_benchmark.csv; final_benchmark.history.csv; jobs/cpu/*.details.json,cross-configuration descriptive contrast; not a controlled method effect
transformer_lso,TransformerVAE-90 + latent EA,16200,150,1.5186150500000002,1.7076867499999999,1.8765101749999999,"retained_best_so_far=max(best_score,seed_source_fitness)",eval-allcriteria.sim,eval-allcriteria-mini.sim;deterministic.sim;sample-period-2.sim;only-body.sim,jobs/gpu/*.csv; jobs/gpu/*.history.csv; jobs/gpu/*.details.json,final_benchmark.csv; final_benchmark.history.csv; jobs/cpu/*.details.json,cross-configuration descriptive contrast; not a controlled method effect
transformer_lso,TransformerVAE-90 + latent EA,16300,150,1.5186150500000002,1.7076867499999999,1.8765101749999999,"retained_best_so_far=max(best_score,seed_source_fitness)",eval-allcriteria.sim,eval-allcriteria-mini.sim;deterministic.sim;sample-period-2.sim;only-body.sim,jobs/gpu/*.csv; jobs/gpu/*.history.csv; jobs/gpu/*.details.json,final_benchmark.csv; final_benchmark.history.csv; jobs/cpu/*.details.json,cross-configuration descriptive contrast; not a controlled method effect
transformer_lso,TransformerVAE-90 + latent EA,16400,150,1.5186150500000002,1.7149597000000001,1.8765101749999999,"retained_best_so_far=max(best_score,seed_source_fitness)",eval-allcriteria.sim,eval-allcriteria-mini.sim;deterministic.sim;sample-period-2.sim;only-body.sim,jobs/gpu/*.csv; jobs/gpu/*.history.csv; jobs/gpu/*.details.json,final_benchmark.csv; final_benchmark.history.csv; jobs/cpu/*.details.json,cross-configuration descriptive contrast; not a controlled method effect
transformer_lso,TransformerVAE-90 + latent EA,16500,150,1.5186150500000002,1.7149597000000001,1.876579475,"retained_best_so_far=max(best_score,seed_source_fitness)",eval-allcriteria.sim,eval-allcriteria-mini.sim;deterministic.sim;sample-period-2.sim;only-body.sim,jobs/gpu/*.csv; jobs/gpu/*.history.csv; jobs/gpu/*.details.json,final_benchmark.csv; final_benchmark.history.csv; jobs/cpu/*.details.json,cross-configuration descriptive contrast; not a controlled method effect
transformer_lso,TransformerVAE-90 + latent EA,16600,150,1.5186150500000002,1.7173173500000001,1.8783289249999999,"retained_best_so_far=max(best_score,seed_source_fitness)",eval-allcriteria.sim,eval-allcriteria-mini.sim;deterministic.sim;sample-period-2.sim;only-body.sim,jobs/gpu/*.csv; jobs/gpu/*.history.csv; jobs/gpu/*.details.json,final_benchmark.csv; final_benchmark.history.csv; jobs/cpu/*.details.json,cross-configuration descriptive contrast; not a controlled method effect
transformer_lso,TransformerVAE-90 + latent EA,16700,150,1.5186150500000002,1.7173173500000001,1.8783289249999999,"retained_best_so_far=max(best_score,seed_source_fitness)",eval-allcriteria.sim,eval-allcriteria-mini.sim;deterministic.sim;sample-period-2.sim;only-body.sim,jobs/gpu/*.csv; jobs/gpu/*.history.csv; jobs/gpu/*.details.json,final_benchmark.csv; final_benchmark.history.csv; jobs/cpu/*.details.json,cross-configuration descriptive contrast; not a controlled method effect
transformer_lso,TransformerVAE-90 + latent EA,16800,150,1.5186150500000002,1.7173173500000001,1.8783289249999999,"retained_best_so_far=max(best_score,seed_source_fitness)",eval-allcriteria.sim,eval-allcriteria-mini.sim;deterministic.sim;sample-period-2.sim;only-body.sim,jobs/gpu/*.csv; jobs/gpu/*.history.csv; jobs/gpu/*.details.json,final_benchmark.csv; final_benchmark.history.csv; jobs/cpu/*.details.json,cross-configuration descriptive contrast; not a controlled method effect
transformer_lso,TransformerVAE-90 + latent EA,16900,150,1.5200625250000002,1.7173173500000001,1.8833241249999999,"retained_best_so_far=max(best_score,seed_source_fitness)",eval-allcriteria.sim,eval-allcriteria-mini.sim;deterministic.sim;sample-period-2.sim;only-body.sim,jobs/gpu/*.csv; jobs/gpu/*.history.csv; jobs/gpu/*.details.json,final_benchmark.csv; final_benchmark.history.csv; jobs/cpu/*.details.json,cross-configuration descriptive contrast; not a controlled method effect
transformer_lso,TransformerVAE-90 + latent EA,17000,150,1.5200625250000002,1.7173173500000001,1.8833241249999999,"retained_best_so_far=max(best_score,seed_source_fitness)",eval-allcriteria.sim,eval-allcriteria-mini.sim;deterministic.sim;sample-period-2.sim;only-body.sim,jobs/gpu/*.csv; jobs/gpu/*.history.csv; jobs/gpu/*.details.json,final_benchmark.csv; final_benchmark.history.csv; jobs/cpu/*.details.json,cross-configuration descriptive contrast; not a controlled method effect
transformer_lso,TransformerVAE-90 + latent EA,17100,150,1.5200625250000002,1.7173173500000001,1.8833241249999999,"retained_best_so_far=max(best_score,seed_source_fitness)",eval-allcriteria.sim,eval-allcriteria-mini.sim;deterministic.sim;sample-period-2.sim;only-body.sim,jobs/gpu/*.csv; jobs/gpu/*.history.csv; jobs/gpu/*.details.json,final_benchmark.csv; final_benchmark.history.csv; jobs/cpu/*.details.json,cross-configuration descriptive contrast; not a controlled method effect
transformer_lso,TransformerVAE-90 + latent EA,17200,150,1.5200625250000002,1.7173173500000001,1.8840859749999999,"retained_best_so_far=max(best_score,seed_source_fitness)",eval-allcriteria.sim,eval-allcriteria-mini.sim;deterministic.sim;sample-period-2.sim;only-body.sim,jobs/gpu/*.csv; jobs/gpu/*.history.csv; jobs/gpu/*.details.json,final_benchmark.csv; final_benchmark.history.csv; jobs/cpu/*.details.json,cross-configuration descriptive contrast; not a controlled method effect
transformer_lso,TransformerVAE-90 + latent EA,17300,150,1.5200625250000002,1.7173173500000001,1.8846676499999999,"retained_best_so_far=max(best_score,seed_source_fitness)",eval-allcriteria.sim,eval-allcriteria-mini.sim;deterministic.sim;sample-period-2.sim;only-body.sim,jobs/gpu/*.csv; jobs/gpu/*.history.csv; jobs/gpu/*.details.json,final_benchmark.csv; final_benchmark.history.csv; jobs/cpu/*.details.json,cross-configuration descriptive contrast; not a controlled method effect
transformer_lso,TransformerVAE-90 + latent EA,17400,150,1.5200625250000002,1.7173173500000001,1.8846676499999999,"retained_best_so_far=max(best_score,seed_source_fitness)",eval-allcriteria.sim,eval-allcriteria-mini.sim;deterministic.sim;sample-period-2.sim;only-body.sim,jobs/gpu/*.csv; jobs/gpu/*.history.csv; jobs/gpu/*.details.json,final_benchmark.csv; final_benchmark.history.csv; jobs/cpu/*.details.json,cross-configuration descriptive contrast; not a controlled method effect
transformer_lso,TransformerVAE-90 + latent EA,17500,150,1.5200625250000002,1.7173173500000001,1.8846676499999999,"retained_best_so_far=max(best_score,seed_source_fitness)",eval-allcriteria.sim,eval-allcriteria-mini.sim;deterministic.sim;sample-period-2.sim;only-body.sim,jobs/gpu/*.csv; jobs/gpu/*.history.csv; jobs/gpu/*.details.json,final_benchmark.csv; final_benchmark.history.csv; jobs/cpu/*.details.json,cross-configuration descriptive contrast; not a controlled method effect
transformer_lso,TransformerVAE-90 + latent EA,17600,150,1.5200625250000002,1.7173173500000001,1.8847023999999999,"retained_best_so_far=max(best_score,seed_source_fitness)",eval-allcriteria.sim,eval-allcriteria-mini.sim;deterministic.sim;sample-period-2.sim;only-body.sim,jobs/gpu/*.csv; jobs/gpu/*.history.csv; jobs/gpu/*.details.json,final_benchmark.csv; final_benchmark.history.csv; jobs/cpu/*.details.json,cross-configuration descriptive contrast; not a controlled method effect
transformer_lso,TransformerVAE-90 + latent EA,17700,150,1.5200625250000002,1.7223709,1.8880916249999999,"retained_best_so_far=max(best_score,seed_source_fitness)",eval-allcriteria.sim,eval-allcriteria-mini.sim;deterministic.sim;sample-period-2.sim;only-body.sim,jobs/gpu/*.csv; jobs/gpu/*.history.csv; jobs/gpu/*.details.json,final_benchmark.csv; final_benchmark.history.csv; jobs/cpu/*.details.json,cross-configuration descriptive contrast; not a controlled method effect
transformer_lso,TransformerVAE-90 + latent EA,17800,150,1.5234765749999999,1.7223709,1.8894638000000001,"retained_best_so_far=max(best_score,seed_source_fitness)",eval-allcriteria.sim,eval-allcriteria-mini.sim;deterministic.sim;sample-period-2.sim;only-body.sim,jobs/gpu/*.csv; jobs/gpu/*.history.csv; jobs/gpu/*.details.json,final_benchmark.csv; final_benchmark.history.csv; jobs/cpu/*.details.json,cross-configuration descriptive contrast; not a controlled method effect
transformer_lso,TransformerVAE-90 + latent EA,17900,150,1.5234765749999999,1.7223709,1.8894638000000001,"retained_best_so_far=max(best_score,seed_source_fitness)",eval-allcriteria.sim,eval-allcriteria-mini.sim;deterministic.sim;sample-period-2.sim;only-body.sim,jobs/gpu/*.csv; jobs/gpu/*.history.csv; jobs/gpu/*.details.json,final_benchmark.csv; final_benchmark.history.csv; jobs/cpu/*.details.json,cross-configuration descriptive contrast; not a controlled method effect
transformer_lso,TransformerVAE-90 + latent EA,18000,150,1.5234765749999999,1.7297848,1.8894873000000001,"retained_best_so_far=max(best_score,seed_source_fitness)",eval-allcriteria.sim,eval-allcriteria-mini.sim;deterministic.sim;sample-period-2.sim;only-body.sim,jobs/gpu/*.csv; jobs/gpu/*.history.csv; jobs/gpu/*.details.json,final_benchmark.csv; final_benchmark.history.csv; jobs/cpu/*.details.json,cross-configuration descriptive contrast; not a controlled method effect
transformer_lso,TransformerVAE-90 + latent EA,18100,150,1.5234765749999999,1.7297848,1.8894873000000001,"retained_best_so_far=max(best_score,seed_source_fitness)",eval-allcriteria.sim,eval-allcriteria-mini.sim;deterministic.sim;sample-period-2.sim;only-body.sim,jobs/gpu/*.csv; jobs/gpu/*.history.csv; jobs/gpu/*.details.json,final_benchmark.csv; final_benchmark.history.csv; jobs/cpu/*.details.json,cross-configuration descriptive contrast; not a controlled method effect
transformer_lso,TransformerVAE-90 + latent EA,18200,150,1.5295525999999999,1.7297848,1.8895436249999999,"retained_best_so_far=max(best_score,seed_source_fitness)",eval-allcriteria.sim,eval-allcriteria-mini.sim;deterministic.sim;sample-period-2.sim;only-body.sim,jobs/gpu/*.csv; jobs/gpu/*.history.csv; jobs/gpu/*.details.json,final_benchmark.csv; final_benchmark.history.csv; jobs/cpu/*.details.json,cross-configuration descriptive contrast; not a controlled method effect
transformer_lso,TransformerVAE-90 + latent EA,18300,150,1.5440802,1.73578885,1.8895436249999999,"retained_best_so_far=max(best_score,seed_source_fitness)",eval-allcriteria.sim,eval-allcriteria-mini.sim;deterministic.sim;sample-period-2.sim;only-body.sim,jobs/gpu/*.csv; jobs/gpu/*.history.csv; jobs/gpu/*.details.json,final_benchmark.csv; final_benchmark.history.csv; jobs/cpu/*.details.json,cross-configuration descriptive contrast; not a controlled method effect
transformer_lso,TransformerVAE-90 + latent EA,18400,150,1.5440802,1.7389782,1.8895436249999999,"retained_best_so_far=max(best_score,seed_source_fitness)",eval-allcriteria.sim,eval-allcriteria-mini.sim;deterministic.sim;sample-period-2.sim;only-body.sim,jobs/gpu/*.csv; jobs/gpu/*.history.csv; jobs/gpu/*.details.json,final_benchmark.csv; final_benchmark.history.csv; jobs/cpu/*.details.json,cross-configuration descriptive contrast; not a controlled method effect
transformer_lso,TransformerVAE-90 + latent EA,18500,150,1.5440802,1.7389782,1.8895436249999999,"retained_best_so_far=max(best_score,seed_source_fitness)",eval-allcriteria.sim,eval-allcriteria-mini.sim;deterministic.sim;sample-period-2.sim;only-body.sim,jobs/gpu/*.csv; jobs/gpu/*.history.csv; jobs/gpu/*.details.json,final_benchmark.csv; final_benchmark.history.csv; jobs/cpu/*.details.json,cross-configuration descriptive contrast; not a controlled method effect
transformer_lso,TransformerVAE-90 + latent EA,18600,150,1.5440802,1.7389782,1.8896004,"retained_best_so_far=max(best_score,seed_source_fitness)",eval-allcriteria.sim,eval-allcriteria-mini.sim;deterministic.sim;sample-period-2.sim;only-body.sim,jobs/gpu/*.csv; jobs/gpu/*.history.csv; jobs/gpu/*.details.json,final_benchmark.csv; final_benchmark.history.csv; jobs/cpu/*.details.json,cross-configuration descriptive contrast; not a controlled method effect
transformer_lso,TransformerVAE-90 + latent EA,18700,150,1.551327425,1.739697,1.8896004,"retained_best_so_far=max(best_score,seed_source_fitness)",eval-allcriteria.sim,eval-allcriteria-mini.sim;deterministic.sim;sample-period-2.sim;only-body.sim,jobs/gpu/*.csv; jobs/gpu/*.history.csv; jobs/gpu/*.details.json,final_benchmark.csv; final_benchmark.history.csv; jobs/cpu/*.details.json,cross-configuration descriptive contrast; not a controlled method effect
transformer_lso,TransformerVAE-90 + latent EA,18800,150,1.551327425,1.739697,1.8896004,"retained_best_so_far=max(best_score,seed_source_fitness)",eval-allcriteria.sim,eval-allcriteria-mini.sim;deterministic.sim;sample-period-2.sim;only-body.sim,jobs/gpu/*.csv; jobs/gpu/*.history.csv; jobs/gpu/*.details.json,final_benchmark.csv; final_benchmark.history.csv; jobs/cpu/*.details.json,cross-configuration descriptive contrast; not a controlled method effect
transformer_lso,TransformerVAE-90 + latent EA,18900,150,1.551327425,1.7406323000000001,1.8896004,"retained_best_so_far=max(best_score,seed_source_fitness)",eval-allcriteria.sim,eval-allcriteria-mini.sim;deterministic.sim;sample-period-2.sim;only-body.sim,jobs/gpu/*.csv; jobs/gpu/*.history.csv; jobs/gpu/*.details.json,final_benchmark.csv; final_benchmark.history.csv; jobs/cpu/*.details.json,cross-configuration descriptive contrast; not a controlled method effect
transformer_lso,TransformerVAE-90 + latent EA,19000,150,1.551327425,1.7454869,1.8896004,"retained_best_so_far=max(best_score,seed_source_fitness)",eval-allcriteria.sim,eval-allcriteria-mini.sim;deterministic.sim;sample-period-2.sim;only-body.sim,jobs/gpu/*.csv; jobs/gpu/*.history.csv; jobs/gpu/*.details.json,final_benchmark.csv; final_benchmark.history.csv; jobs/cpu/*.details.json,cross-configuration descriptive contrast; not a controlled method effect
transformer_lso,TransformerVAE-90 + latent EA,19100,150,1.5641082750000002,1.7454869,1.8896004,"retained_best_so_far=max(best_score,seed_source_fitness)",eval-allcriteria.sim,eval-allcriteria-mini.sim;deterministic.sim;sample-period-2.sim;only-body.sim,jobs/gpu/*.csv; jobs/gpu/*.history.csv; jobs/gpu/*.details.json,final_benchmark.csv; final_benchmark.history.csv; jobs/cpu/*.details.json,cross-configuration descriptive contrast; not a controlled method effect
transformer_lso,TransformerVAE-90 + latent EA,19200,150,1.5641082750000002,1.7454869,1.8896004,"retained_best_so_far=max(best_score,seed_source_fitness)",eval-allcriteria.sim,eval-allcriteria-mini.sim;deterministic.sim;sample-period-2.sim;only-body.sim,jobs/gpu/*.csv; jobs/gpu/*.history.csv; jobs/gpu/*.details.json,final_benchmark.csv; final_benchmark.history.csv; jobs/cpu/*.details.json,cross-configuration descriptive contrast; not a controlled method effect
transformer_lso,TransformerVAE-90 + latent EA,19300,150,1.5641082750000002,1.7454869,1.8896004,"retained_best_so_far=max(best_score,seed_source_fitness)",eval-allcriteria.sim,eval-allcriteria-mini.sim;deterministic.sim;sample-period-2.sim;only-body.sim,jobs/gpu/*.csv; jobs/gpu/*.history.csv; jobs/gpu/*.details.json,final_benchmark.csv; final_benchmark.history.csv; jobs/cpu/*.details.json,cross-configuration descriptive contrast; not a controlled method effect
transformer_lso,TransformerVAE-90 + latent EA,19400,150,1.570488975,1.75044975,1.890973375,"retained_best_so_far=max(best_score,seed_source_fitness)",eval-allcriteria.sim,eval-allcriteria-mini.sim;deterministic.sim;sample-period-2.sim;only-body.sim,jobs/gpu/*.csv; jobs/gpu/*.history.csv; jobs/gpu/*.details.json,final_benchmark.csv; final_benchmark.history.csv; jobs/cpu/*.details.json,cross-configuration descriptive contrast; not a controlled method effect
transformer_lso,TransformerVAE-90 + latent EA,19500,150,1.570488975,1.75044975,1.890973375,"retained_best_so_far=max(best_score,seed_source_fitness)",eval-allcriteria.sim,eval-allcriteria-mini.sim;deterministic.sim;sample-period-2.sim;only-body.sim,jobs/gpu/*.csv; jobs/gpu/*.history.csv; jobs/gpu/*.details.json,final_benchmark.csv; final_benchmark.history.csv; jobs/cpu/*.details.json,cross-configuration descriptive contrast; not a controlled method effect
transformer_lso,TransformerVAE-90 + latent EA,19600,150,1.570488975,1.75044975,1.890973375,"retained_best_so_far=max(best_score,seed_source_fitness)",eval-allcriteria.sim,eval-allcriteria-mini.sim;deterministic.sim;sample-period-2.sim;only-body.sim,jobs/gpu/*.csv; jobs/gpu/*.history.csv; jobs/gpu/*.details.json,final_benchmark.csv; final_benchmark.history.csv; jobs/cpu/*.details.json,cross-configuration descriptive contrast; not a controlled method effect
transformer_lso,TransformerVAE-90 + latent EA,19700,150,1.570488975,1.7511085500000001,1.8930894,"retained_best_so_far=max(best_score,seed_source_fitness)",eval-allcriteria.sim,eval-allcriteria-mini.sim;deterministic.sim;sample-period-2.sim;only-body.sim,jobs/gpu/*.csv; jobs/gpu/*.history.csv; jobs/gpu/*.details.json,final_benchmark.csv; final_benchmark.history.csv; jobs/cpu/*.details.json,cross-configuration descriptive contrast; not a controlled method effect
transformer_lso,TransformerVAE-90 + latent EA,19800,150,1.570488975,1.7531466,1.8939879749999999,"retained_best_so_far=max(best_score,seed_source_fitness)",eval-allcriteria.sim,eval-allcriteria-mini.sim;deterministic.sim;sample-period-2.sim;only-body.sim,jobs/gpu/*.csv; jobs/gpu/*.history.csv; jobs/gpu/*.details.json,final_benchmark.csv; final_benchmark.history.csv; jobs/cpu/*.details.json,cross-configuration descriptive contrast; not a controlled method effect
transformer_lso,TransformerVAE-90 + latent EA,19900,150,1.570488975,1.7531466,1.8939879749999999,"retained_best_so_far=max(best_score,seed_source_fitness)",eval-allcriteria.sim,eval-allcriteria-mini.sim;deterministic.sim;sample-period-2.sim;only-body.sim,jobs/gpu/*.csv; jobs/gpu/*.history.csv; jobs/gpu/*.details.json,final_benchmark.csv; final_benchmark.history.csv; jobs/cpu/*.details.json,cross-configuration descriptive contrast; not a controlled method effect
transformer_lso,TransformerVAE-90 + latent EA,20000,150,1.5714660250000001,1.7531466,1.8939879749999999,"retained_best_so_far=max(best_score,seed_source_fitness)",eval-allcriteria.sim,eval-allcriteria-mini.sim;deterministic.sim;sample-period-2.sim;only-body.sim,jobs/gpu/*.csv; jobs/gpu/*.history.csv; jobs/gpu/*.details.json,final_benchmark.csv; final_benchmark.history.csv; jobs/cpu/*.details.json,cross-configuration descriptive contrast; not a controlled method effect
transformer_lso,TransformerVAE-90 + latent EA,20100,150,1.5714660250000001,1.7531466,1.8964733499999999,"retained_best_so_far=max(best_score,seed_source_fitness)",eval-allcriteria.sim,eval-allcriteria-mini.sim;deterministic.sim;sample-period-2.sim;only-body.sim,jobs/gpu/*.csv; jobs/gpu/*.history.csv; jobs/gpu/*.details.json,final_benchmark.csv; final_benchmark.history.csv; jobs/cpu/*.details.json,cross-configuration descriptive contrast; not a controlled method effect
transformer_lso,TransformerVAE-90 + latent EA,20200,150,1.5714660250000001,1.7531466,1.8964733499999999,"retained_best_so_far=max(best_score,seed_source_fitness)",eval-allcriteria.sim,eval-allcriteria-mini.sim;deterministic.sim;sample-period-2.sim;only-body.sim,jobs/gpu/*.csv; jobs/gpu/*.history.csv; jobs/gpu/*.details.json,final_benchmark.csv; final_benchmark.history.csv; jobs/cpu/*.details.json,cross-configuration descriptive contrast; not a controlled method effect
transformer_lso,TransformerVAE-90 + latent EA,20300,150,1.5714660250000001,1.7531466,1.8965017,"retained_best_so_far=max(best_score,seed_source_fitness)",eval-allcriteria.sim,eval-allcriteria-mini.sim;deterministic.sim;sample-period-2.sim;only-body.sim,jobs/gpu/*.csv; jobs/gpu/*.history.csv; jobs/gpu/*.details.json,final_benchmark.csv; final_benchmark.history.csv; jobs/cpu/*.details.json,cross-configuration descriptive contrast; not a controlled method effect
transformer_lso,TransformerVAE-90 + latent EA,20400,150,1.5714660250000001,1.7620108000000001,1.8965017,"retained_best_so_far=max(best_score,seed_source_fitness)",eval-allcriteria.sim,eval-allcriteria-mini.sim;deterministic.sim;sample-period-2.sim;only-body.sim,jobs/gpu/*.csv; jobs/gpu/*.history.csv; jobs/gpu/*.details.json,final_benchmark.csv; final_benchmark.history.csv; jobs/cpu/*.details.json,cross-configuration descriptive contrast; not a controlled method effect
transformer_lso,TransformerVAE-90 + latent EA,20500,150,1.5714660250000001,1.7620108000000001,1.897696525,"retained_best_so_far=max(best_score,seed_source_fitness)",eval-allcriteria.sim,eval-allcriteria-mini.sim;deterministic.sim;sample-period-2.sim;only-body.sim,jobs/gpu/*.csv; jobs/gpu/*.history.csv; jobs/gpu/*.details.json,final_benchmark.csv; final_benchmark.history.csv; jobs/cpu/*.details.json,cross-configuration descriptive contrast; not a controlled method effect
transformer_lso,TransformerVAE-90 + latent EA,20600,150,1.5714660250000001,1.7620108000000001,1.897771825,"retained_best_so_far=max(best_score,seed_source_fitness)",eval-allcriteria.sim,eval-allcriteria-mini.sim;deterministic.sim;sample-period-2.sim;only-body.sim,jobs/gpu/*.csv; jobs/gpu/*.history.csv; jobs/gpu/*.details.json,final_benchmark.csv; final_benchmark.history.csv; jobs/cpu/*.details.json,cross-configuration descriptive contrast; not a controlled method effect
transformer_lso,TransformerVAE-90 + latent EA,20700,150,1.5714660250000001,1.7620108000000001,1.897771825,"retained_best_so_far=max(best_score,seed_source_fitness)",eval-allcriteria.sim,eval-allcriteria-mini.sim;deterministic.sim;sample-period-2.sim;only-body.sim,jobs/gpu/*.csv; jobs/gpu/*.history.csv; jobs/gpu/*.details.json,final_benchmark.csv; final_benchmark.history.csv; jobs/cpu/*.details.json,cross-configuration descriptive contrast; not a controlled method effect
transformer_lso,TransformerVAE-90 + latent EA,20800,150,1.5714660250000001,1.7620108000000001,1.897771825,"retained_best_so_far=max(best_score,seed_source_fitness)",eval-allcriteria.sim,eval-allcriteria-mini.sim;deterministic.sim;sample-period-2.sim;only-body.sim,jobs/gpu/*.csv; jobs/gpu/*.history.csv; jobs/gpu/*.details.json,final_benchmark.csv; final_benchmark.history.csv; jobs/cpu/*.details.json,cross-configuration descriptive contrast; not a controlled method effect
transformer_lso,TransformerVAE-90 + latent EA,20900,150,1.5814581000000001,1.7701216,1.897771825,"retained_best_so_far=max(best_score,seed_source_fitness)",eval-allcriteria.sim,eval-allcriteria-mini.sim;deterministic.sim;sample-period-2.sim;only-body.sim,jobs/gpu/*.csv; jobs/gpu/*.history.csv; jobs/gpu/*.details.json,final_benchmark.csv; final_benchmark.history.csv; jobs/cpu/*.details.json,cross-configuration descriptive contrast; not a controlled method effect
transformer_lso,TransformerVAE-90 + latent EA,21000,150,1.5814581000000001,1.7701216,1.897771825,"retained_best_so_far=max(best_score,seed_source_fitness)",eval-allcriteria.sim,eval-allcriteria-mini.sim;deterministic.sim;sample-period-2.sim;only-body.sim,jobs/gpu/*.csv; jobs/gpu/*.history.csv; jobs/gpu/*.details.json,final_benchmark.csv; final_benchmark.history.csv; jobs/cpu/*.details.json,cross-configuration descriptive contrast; not a controlled method effect
transformer_lso,TransformerVAE-90 + latent EA,21100,150,1.5814581000000001,1.7701216,1.8992797749999999,"retained_best_so_far=max(best_score,seed_source_fitness)",eval-allcriteria.sim,eval-allcriteria-mini.sim;deterministic.sim;sample-period-2.sim;only-body.sim,jobs/gpu/*.csv; jobs/gpu/*.history.csv; jobs/gpu/*.details.json,final_benchmark.csv; final_benchmark.history.csv; jobs/cpu/*.details.json,cross-configuration descriptive contrast; not a controlled method effect
transformer_lso,TransformerVAE-90 + latent EA,21200,150,1.58624195,1.7701216,1.8992797749999999,"retained_best_so_far=max(best_score,seed_source_fitness)",eval-allcriteria.sim,eval-allcriteria-mini.sim;deterministic.sim;sample-period-2.sim;only-body.sim,jobs/gpu/*.csv; jobs/gpu/*.history.csv; jobs/gpu/*.details.json,final_benchmark.csv; final_benchmark.history.csv; jobs/cpu/*.details.json,cross-configuration descriptive contrast; not a controlled method effect
transformer_lso,TransformerVAE-90 + latent EA,21300,150,1.58624195,1.7701216,1.8992797749999999,"retained_best_so_far=max(best_score,seed_source_fitness)",eval-allcriteria.sim,eval-allcriteria-mini.sim;deterministic.sim;sample-period-2.sim;only-body.sim,jobs/gpu/*.csv; jobs/gpu/*.history.csv; jobs/gpu/*.details.json,final_benchmark.csv; final_benchmark.history.csv; jobs/cpu/*.details.json,cross-configuration descriptive contrast; not a controlled method effect
transformer_lso,TransformerVAE-90 + latent EA,21400,150,1.58624195,1.7701216,1.8992797749999999,"retained_best_so_far=max(best_score,seed_source_fitness)",eval-allcriteria.sim,eval-allcriteria-mini.sim;deterministic.sim;sample-period-2.sim;only-body.sim,jobs/gpu/*.csv; jobs/gpu/*.history.csv; jobs/gpu/*.details.json,final_benchmark.csv; final_benchmark.history.csv; jobs/cpu/*.details.json,cross-configuration descriptive contrast; not a controlled method effect
transformer_lso,TransformerVAE-90 + latent EA,21500,150,1.58624195,1.7701216,1.8992797749999999,"retained_best_so_far=max(best_score,seed_source_fitness)",eval-allcriteria.sim,eval-allcriteria-mini.sim;deterministic.sim;sample-period-2.sim;only-body.sim,jobs/gpu/*.csv; jobs/gpu/*.history.csv; jobs/gpu/*.details.json,final_benchmark.csv; final_benchmark.history.csv; jobs/cpu/*.details.json,cross-configuration descriptive contrast; not a controlled method effect
transformer_lso,TransformerVAE-90 + latent EA,21600,150,1.58624195,1.7701216,1.8992797749999999,"retained_best_so_far=max(best_score,seed_source_fitness)",eval-allcriteria.sim,eval-allcriteria-mini.sim;deterministic.sim;sample-period-2.sim;only-body.sim,jobs/gpu/*.csv; jobs/gpu/*.history.csv; jobs/gpu/*.details.json,final_benchmark.csv; final_benchmark.history.csv; jobs/cpu/*.details.json,cross-configuration descriptive contrast; not a controlled method effect
transformer_lso,TransformerVAE-90 + latent EA,21700,150,1.58624195,1.7701216,1.9046680999999999,"retained_best_so_far=max(best_score,seed_source_fitness)",eval-allcriteria.sim,eval-allcriteria-mini.sim;deterministic.sim;sample-period-2.sim;only-body.sim,jobs/gpu/*.csv; jobs/gpu/*.history.csv; jobs/gpu/*.details.json,final_benchmark.csv; final_benchmark.history.csv; jobs/cpu/*.details.json,cross-configuration descriptive contrast; not a controlled method effect
transformer_lso,TransformerVAE-90 + latent EA,21800,150,1.5926776249999999,1.7701216,1.9046680999999999,"retained_best_so_far=max(best_score,seed_source_fitness)",eval-allcriteria.sim,eval-allcriteria-mini.sim;deterministic.sim;sample-period-2.sim;only-body.sim,jobs/gpu/*.csv; jobs/gpu/*.history.csv; jobs/gpu/*.details.json,final_benchmark.csv; final_benchmark.history.csv; jobs/cpu/*.details.json,cross-configuration descriptive contrast; not a controlled method effect
transformer_lso,TransformerVAE-90 + latent EA,21900,150,1.5926776249999999,1.7701216,1.9046680999999999,"retained_best_so_far=max(best_score,seed_source_fitness)",eval-allcriteria.sim,eval-allcriteria-mini.sim;deterministic.sim;sample-period-2.sim;only-body.sim,jobs/gpu/*.csv; jobs/gpu/*.history.csv; jobs/gpu/*.details.json,final_benchmark.csv; final_benchmark.history.csv; jobs/cpu/*.details.json,cross-configuration descriptive contrast; not a controlled method effect
transformer_lso,TransformerVAE-90 + latent EA,22000,150,1.5926776249999999,1.7701216,1.9046680999999999,"retained_best_so_far=max(best_score,seed_source_fitness)",eval-allcriteria.sim,eval-allcriteria-mini.sim;deterministic.sim;sample-period-2.sim;only-body.sim,jobs/gpu/*.csv; jobs/gpu/*.history.csv; jobs/gpu/*.details.json,final_benchmark.csv; final_benchmark.history.csv; jobs/cpu/*.details.json,cross-configuration descriptive contrast; not a controlled method effect
transformer_lso,TransformerVAE-90 + latent EA,22100,150,1.5926776249999999,1.7701216,1.9046680999999999,"retained_best_so_far=max(best_score,seed_source_fitness)",eval-allcriteria.sim,eval-allcriteria-mini.sim;deterministic.sim;sample-period-2.sim;only-body.sim,jobs/gpu/*.csv; jobs/gpu/*.history.csv; jobs/gpu/*.details.json,final_benchmark.csv; final_benchmark.history.csv; jobs/cpu/*.details.json,cross-configuration descriptive contrast; not a controlled method effect
transformer_lso,TransformerVAE-90 + latent EA,22200,150,1.5926776249999999,1.7701216,1.9046680999999999,"retained_best_so_far=max(best_score,seed_source_fitness)",eval-allcriteria.sim,eval-allcriteria-mini.sim;deterministic.sim;sample-period-2.sim;only-body.sim,jobs/gpu/*.csv; jobs/gpu/*.history.csv; jobs/gpu/*.details.json,final_benchmark.csv; final_benchmark.history.csv; jobs/cpu/*.details.json,cross-configuration descriptive contrast; not a controlled method effect
transformer_lso,TransformerVAE-90 + latent EA,22300,150,1.5926776249999999,1.7701216,1.9046680999999999,"retained_best_so_far=max(best_score,seed_source_fitness)",eval-allcriteria.sim,eval-allcriteria-mini.sim;deterministic.sim;sample-period-2.sim;only-body.sim,jobs/gpu/*.csv; jobs/gpu/*.history.csv; jobs/gpu/*.details.json,final_benchmark.csv; final_benchmark.history.csv; jobs/cpu/*.details.json,cross-configuration descriptive contrast; not a controlled method effect
transformer_lso,TransformerVAE-90 + latent EA,22400,150,1.5926776249999999,1.7701216,1.9046680999999999,"retained_best_so_far=max(best_score,seed_source_fitness)",eval-allcriteria.sim,eval-allcriteria-mini.sim;deterministic.sim;sample-period-2.sim;only-body.sim,jobs/gpu/*.csv; jobs/gpu/*.history.csv; jobs/gpu/*.details.json,final_benchmark.csv; final_benchmark.history.csv; jobs/cpu/*.details.json,cross-configuration descriptive contrast; not a controlled method effect
transformer_lso,TransformerVAE-90 + latent EA,22500,150,1.5988546750000001,1.7701216,1.9046680999999999,"retained_best_so_far=max(best_score,seed_source_fitness)",eval-allcriteria.sim,eval-allcriteria-mini.sim;deterministic.sim;sample-period-2.sim;only-body.sim,jobs/gpu/*.csv; jobs/gpu/*.history.csv; jobs/gpu/*.details.json,final_benchmark.csv; final_benchmark.history.csv; jobs/cpu/*.details.json,cross-configuration descriptive contrast; not a controlled method effect
transformer_lso,TransformerVAE-90 + latent EA,22600,150,1.5988546750000001,1.7701216,1.9046680999999999,"retained_best_so_far=max(best_score,seed_source_fitness)",eval-allcriteria.sim,eval-allcriteria-mini.sim;deterministic.sim;sample-period-2.sim;only-body.sim,jobs/gpu/*.csv; jobs/gpu/*.history.csv; jobs/gpu/*.details.json,final_benchmark.csv; final_benchmark.history.csv; jobs/cpu/*.details.json,cross-configuration descriptive contrast; not a controlled method effect
transformer_lso,TransformerVAE-90 + latent EA,22700,150,1.5988546750000001,1.7701216,1.9046680999999999,"retained_best_so_far=max(best_score,seed_source_fitness)",eval-allcriteria.sim,eval-allcriteria-mini.sim;deterministic.sim;sample-period-2.sim;only-body.sim,jobs/gpu/*.csv; jobs/gpu/*.history.csv; jobs/gpu/*.details.json,final_benchmark.csv; final_benchmark.history.csv; jobs/cpu/*.details.json,cross-configuration descriptive contrast; not a controlled method effect
transformer_lso,TransformerVAE-90 + latent EA,22800,150,1.5988546750000001,1.7701216,1.9046680999999999,"retained_best_so_far=max(best_score,seed_source_fitness)",eval-allcriteria.sim,eval-allcriteria-mini.sim;deterministic.sim;sample-period-2.sim;only-body.sim,jobs/gpu/*.csv; jobs/gpu/*.history.csv; jobs/gpu/*.details.json,final_benchmark.csv; final_benchmark.history.csv; jobs/cpu/*.details.json,cross-configuration descriptive contrast; not a controlled method effect
transformer_lso,TransformerVAE-90 + latent EA,22900,150,1.5988546750000001,1.7783113500000001,1.90625935,"retained_best_so_far=max(best_score,seed_source_fitness)",eval-allcriteria.sim,eval-allcriteria-mini.sim;deterministic.sim;sample-period-2.sim;only-body.sim,jobs/gpu/*.csv; jobs/gpu/*.history.csv; jobs/gpu/*.details.json,final_benchmark.csv; final_benchmark.history.csv; jobs/cpu/*.details.json,cross-configuration descriptive contrast; not a controlled method effect
transformer_lso,TransformerVAE-90 + latent EA,23000,150,1.5988546750000001,1.7783113500000001,1.90625935,"retained_best_so_far=max(best_score,seed_source_fitness)",eval-allcriteria.sim,eval-allcriteria-mini.sim;deterministic.sim;sample-period-2.sim;only-body.sim,jobs/gpu/*.csv; jobs/gpu/*.history.csv; jobs/gpu/*.details.json,final_benchmark.csv; final_benchmark.history.csv; jobs/cpu/*.details.json,cross-configuration descriptive contrast; not a controlled method effect
transformer_lso,TransformerVAE-90 + latent EA,23100,150,1.5988546750000001,1.7783113500000001,1.90625935,"retained_best_so_far=max(best_score,seed_source_fitness)",eval-allcriteria.sim,eval-allcriteria-mini.sim;deterministic.sim;sample-period-2.sim;only-body.sim,jobs/gpu/*.csv; jobs/gpu/*.history.csv; jobs/gpu/*.details.json,final_benchmark.csv; final_benchmark.history.csv; jobs/cpu/*.details.json,cross-configuration descriptive contrast; not a controlled method effect
transformer_lso,TransformerVAE-90 + latent EA,23200,150,1.5988546750000001,1.7783113500000001,1.90625935,"retained_best_so_far=max(best_score,seed_source_fitness)",eval-allcriteria.sim,eval-allcriteria-mini.sim;deterministic.sim;sample-period-2.sim;only-body.sim,jobs/gpu/*.csv; jobs/gpu/*.history.csv; jobs/gpu/*.details.json,final_benchmark.csv; final_benchmark.history.csv; jobs/cpu/*.details.json,cross-configuration descriptive contrast; not a controlled method effect
transformer_lso,TransformerVAE-90 + latent EA,23300,150,1.6062089500000001,1.7789655999999998,1.90625935,"retained_best_so_far=max(best_score,seed_source_fitness)",eval-allcriteria.sim,eval-allcriteria-mini.sim;deterministic.sim;sample-period-2.sim;only-body.sim,jobs/gpu/*.csv; jobs/gpu/*.history.csv; jobs/gpu/*.details.json,final_benchmark.csv; final_benchmark.history.csv; jobs/cpu/*.details.json,cross-configuration descriptive contrast; not a controlled method effect
transformer_lso,TransformerVAE-90 + latent EA,23400,150,1.6062089500000001,1.7789655999999998,1.90625935,"retained_best_so_far=max(best_score,seed_source_fitness)",eval-allcriteria.sim,eval-allcriteria-mini.sim;deterministic.sim;sample-period-2.sim;only-body.sim,jobs/gpu/*.csv; jobs/gpu/*.history.csv; jobs/gpu/*.details.json,final_benchmark.csv; final_benchmark.history.csv; jobs/cpu/*.details.json,cross-configuration descriptive contrast; not a controlled method effect
transformer_lso,TransformerVAE-90 + latent EA,23500,150,1.6062089500000001,1.7789655999999998,1.90625935,"retained_best_so_far=max(best_score,seed_source_fitness)",eval-allcriteria.sim,eval-allcriteria-mini.sim;deterministic.sim;sample-period-2.sim;only-body.sim,jobs/gpu/*.csv; jobs/gpu/*.history.csv; jobs/gpu/*.details.json,final_benchmark.csv; final_benchmark.history.csv; jobs/cpu/*.details.json,cross-configuration descriptive contrast; not a controlled method effect
transformer_lso,TransformerVAE-90 + latent EA,23600,150,1.6062089500000001,1.7789655999999998,1.90625935,"retained_best_so_far=max(best_score,seed_source_fitness)",eval-allcriteria.sim,eval-allcriteria-mini.sim;deterministic.sim;sample-period-2.sim;only-body.sim,jobs/gpu/*.csv; jobs/gpu/*.history.csv; jobs/gpu/*.details.json,final_benchmark.csv; final_benchmark.history.csv; jobs/cpu/*.details.json,cross-configuration descriptive contrast; not a controlled method effect
transformer_lso,TransformerVAE-90 + latent EA,23700,150,1.6062089500000001,1.7789655999999998,1.90625935,"retained_best_so_far=max(best_score,seed_source_fitness)",eval-allcriteria.sim,eval-allcriteria-mini.sim;deterministic.sim;sample-period-2.sim;only-body.sim,jobs/gpu/*.csv; jobs/gpu/*.history.csv; jobs/gpu/*.details.json,final_benchmark.csv; final_benchmark.history.csv; jobs/cpu/*.details.json,cross-configuration descriptive contrast; not a controlled method effect
transformer_lso,TransformerVAE-90 + latent EA,23800,150,1.6062089500000001,1.7789655999999998,1.90625935,"retained_best_so_far=max(best_score,seed_source_fitness)",eval-allcriteria.sim,eval-allcriteria-mini.sim;deterministic.sim;sample-period-2.sim;only-body.sim,jobs/gpu/*.csv; jobs/gpu/*.history.csv; jobs/gpu/*.details.json,final_benchmark.csv; final_benchmark.history.csv; jobs/cpu/*.details.json,cross-configuration descriptive contrast; not a controlled method effect
transformer_lso,TransformerVAE-90 + latent EA,23900,150,1.6062089500000001,1.7910371999999999,1.90625935,"retained_best_so_far=max(best_score,seed_source_fitness)",eval-allcriteria.sim,eval-allcriteria-mini.sim;deterministic.sim;sample-period-2.sim;only-body.sim,jobs/gpu/*.csv; jobs/gpu/*.history.csv; jobs/gpu/*.details.json,final_benchmark.csv; final_benchmark.history.csv; jobs/cpu/*.details.json,cross-configuration descriptive contrast; not a controlled method effect
transformer_lso,TransformerVAE-90 + latent EA,24000,150,1.6062089500000001,1.7910371999999999,1.90625935,"retained_best_so_far=max(best_score,seed_source_fitness)",eval-allcriteria.sim,eval-allcriteria-mini.sim;deterministic.sim;sample-period-2.sim;only-body.sim,jobs/gpu/*.csv; jobs/gpu/*.history.csv; jobs/gpu/*.details.json,final_benchmark.csv; final_benchmark.history.csv; jobs/cpu/*.details.json,cross-configuration descriptive contrast; not a controlled method effect
transformer_lso,TransformerVAE-90 + latent EA,24100,150,1.6062089500000001,1.79318435,1.90625935,"retained_best_so_far=max(best_score,seed_source_fitness)",eval-allcriteria.sim,eval-allcriteria-mini.sim;deterministic.sim;sample-period-2.sim;only-body.sim,jobs/gpu/*.csv; jobs/gpu/*.history.csv; jobs/gpu/*.details.json,final_benchmark.csv; final_benchmark.history.csv; jobs/cpu/*.details.json,cross-configuration descriptive contrast; not a controlled method effect
transformer_lso,TransformerVAE-90 + latent EA,24200,150,1.6062089500000001,1.79318435,1.90625935,"retained_best_so_far=max(best_score,seed_source_fitness)",eval-allcriteria.sim,eval-allcriteria-mini.sim;deterministic.sim;sample-period-2.sim;only-body.sim,jobs/gpu/*.csv; jobs/gpu/*.history.csv; jobs/gpu/*.details.json,final_benchmark.csv; final_benchmark.history.csv; jobs/cpu/*.details.json,cross-configuration descriptive contrast; not a controlled method effect
transformer_lso,TransformerVAE-90 + latent EA,24300,150,1.6062089500000001,1.79318435,1.90625935,"retained_best_so_far=max(best_score,seed_source_fitness)",eval-allcriteria.sim,eval-allcriteria-mini.sim;deterministic.sim;sample-period-2.sim;only-body.sim,jobs/gpu/*.csv; jobs/gpu/*.history.csv; jobs/gpu/*.details.json,final_benchmark.csv; final_benchmark.history.csv; jobs/cpu/*.details.json,cross-configuration descriptive contrast; not a controlled method effect
transformer_lso,TransformerVAE-90 + latent EA,24400,150,1.6062089500000001,1.79318435,1.90625935,"retained_best_so_far=max(best_score,seed_source_fitness)",eval-allcriteria.sim,eval-allcriteria-mini.sim;deterministic.sim;sample-period-2.sim;only-body.sim,jobs/gpu/*.csv; jobs/gpu/*.history.csv; jobs/gpu/*.details.json,final_benchmark.csv; final_benchmark.history.csv; jobs/cpu/*.details.json,cross-configuration descriptive contrast; not a controlled method effect
transformer_lso,TransformerVAE-90 + latent EA,24500,150,1.6062089500000001,1.79318435,1.90625935,"retained_best_so_far=max(best_score,seed_source_fitness)",eval-allcriteria.sim,eval-allcriteria-mini.sim;deterministic.sim;sample-period-2.sim;only-body.sim,jobs/gpu/*.csv; jobs/gpu/*.history.csv; jobs/gpu/*.details.json,final_benchmark.csv; final_benchmark.history.csv; jobs/cpu/*.details.json,cross-configuration descriptive contrast; not a controlled method effect
transformer_lso,TransformerVAE-90 + latent EA,24600,150,1.6062089500000001,1.79318435,1.90625935,"retained_best_so_far=max(best_score,seed_source_fitness)",eval-allcriteria.sim,eval-allcriteria-mini.sim;deterministic.sim;sample-period-2.sim;only-body.sim,jobs/gpu/*.csv; jobs/gpu/*.history.csv; jobs/gpu/*.details.json,final_benchmark.csv; final_benchmark.history.csv; jobs/cpu/*.details.json,cross-configuration descriptive contrast; not a controlled method effect
transformer_lso,TransformerVAE-90 + latent EA,24700,150,1.6062089500000001,1.80381495,1.90625935,"retained_best_so_far=max(best_score,seed_source_fitness)",eval-allcriteria.sim,eval-allcriteria-mini.sim;deterministic.sim;sample-period-2.sim;only-body.sim,jobs/gpu/*.csv; jobs/gpu/*.history.csv; jobs/gpu/*.details.json,final_benchmark.csv; final_benchmark.history.csv; jobs/cpu/*.details.json,cross-configuration descriptive contrast; not a controlled method effect
transformer_lso,TransformerVAE-90 + latent EA,24800,150,1.6062089500000001,1.80381495,1.907063425,"retained_best_so_far=max(best_score,seed_source_fitness)",eval-allcriteria.sim,eval-allcriteria-mini.sim;deterministic.sim;sample-period-2.sim;only-body.sim,jobs/gpu/*.csv; jobs/gpu/*.history.csv; jobs/gpu/*.details.json,final_benchmark.csv; final_benchmark.history.csv; jobs/cpu/*.details.json,cross-configuration descriptive contrast; not a controlled method effect
transformer_lso,TransformerVAE-90 + latent EA,24900,150,1.6062089500000001,1.80381495,1.907063425,"retained_best_so_far=max(best_score,seed_source_fitness)",eval-allcriteria.sim,eval-allcriteria-mini.sim;deterministic.sim;sample-period-2.sim;only-body.sim,jobs/gpu/*.csv; jobs/gpu/*.history.csv; jobs/gpu/*.details.json,final_benchmark.csv; final_benchmark.history.csv; jobs/cpu/*.details.json,cross-configuration descriptive contrast; not a controlled method effect
transformer_lso,TransformerVAE-90 + latent EA,25000,150,1.6062089500000001,1.80381495,1.907063425,"retained_best_so_far=max(best_score,seed_source_fitness)",eval-allcriteria.sim,eval-allcriteria-mini.sim;deterministic.sim;sample-period-2.sim;only-body.sim,jobs/gpu/*.csv; jobs/gpu/*.history.csv; jobs/gpu/*.details.json,final_benchmark.csv; final_benchmark.history.csv; jobs/cpu/*.details.json,cross-configuration descriptive contrast; not a controlled method effect
transformer_lso,TransformerVAE-90 + latent EA,25100,150,1.6139214500000001,1.80381495,1.907063425,"retained_best_so_far=max(best_score,seed_source_fitness)",eval-allcriteria.sim,eval-allcriteria-mini.sim;deterministic.sim;sample-period-2.sim;only-body.sim,jobs/gpu/*.csv; jobs/gpu/*.history.csv; jobs/gpu/*.details.json,final_benchmark.csv; final_benchmark.history.csv; jobs/cpu/*.details.json,cross-configuration descriptive contrast; not a controlled method effect
transformer_lso,TransformerVAE-90 + latent EA,25200,150,1.6139214500000001,1.80381495,1.907063425,"retained_best_so_far=max(best_score,seed_source_fitness)",eval-allcriteria.sim,eval-allcriteria-mini.sim;deterministic.sim;sample-period-2.sim;only-body.sim,jobs/gpu/*.csv; jobs/gpu/*.history.csv; jobs/gpu/*.details.json,final_benchmark.csv; final_benchmark.history.csv; jobs/cpu/*.details.json,cross-configuration descriptive contrast; not a controlled method effect
transformer_lso,TransformerVAE-90 + latent EA,25300,150,1.6139214500000001,1.80381495,1.907063425,"retained_best_so_far=max(best_score,seed_source_fitness)",eval-allcriteria.sim,eval-allcriteria-mini.sim;deterministic.sim;sample-period-2.sim;only-body.sim,jobs/gpu/*.csv; jobs/gpu/*.history.csv; jobs/gpu/*.details.json,final_benchmark.csv; final_benchmark.history.csv; jobs/cpu/*.details.json,cross-configuration descriptive contrast; not a controlled method effect
transformer_lso,TransformerVAE-90 + latent EA,25400,150,1.6139214500000001,1.8101012000000001,1.907063425,"retained_best_so_far=max(best_score,seed_source_fitness)",eval-allcriteria.sim,eval-allcriteria-mini.sim;deterministic.sim;sample-period-2.sim;only-body.sim,jobs/gpu/*.csv; jobs/gpu/*.history.csv; jobs/gpu/*.details.json,final_benchmark.csv; final_benchmark.history.csv; jobs/cpu/*.details.json,cross-configuration descriptive contrast; not a controlled method effect
transformer_lso,TransformerVAE-90 + latent EA,25500,150,1.6139214500000001,1.8101012000000001,1.907063425,"retained_best_so_far=max(best_score,seed_source_fitness)",eval-allcriteria.sim,eval-allcriteria-mini.sim;deterministic.sim;sample-period-2.sim;only-body.sim,jobs/gpu/*.csv; jobs/gpu/*.history.csv; jobs/gpu/*.details.json,final_benchmark.csv; final_benchmark.history.csv; jobs/cpu/*.details.json,cross-configuration descriptive contrast; not a controlled method effect
transformer_lso,TransformerVAE-90 + latent EA,25600,150,1.6139214500000001,1.8101012000000001,1.907063425,"retained_best_so_far=max(best_score,seed_source_fitness)",eval-allcriteria.sim,eval-allcriteria-mini.sim;deterministic.sim;sample-period-2.sim;only-body.sim,jobs/gpu/*.csv; jobs/gpu/*.history.csv; jobs/gpu/*.details.json,final_benchmark.csv; final_benchmark.history.csv; jobs/cpu/*.details.json,cross-configuration descriptive contrast; not a controlled method effect
transformer_lso,TransformerVAE-90 + latent EA,25700,150,1.6139214500000001,1.8101012000000001,1.907063425,"retained_best_so_far=max(best_score,seed_source_fitness)",eval-allcriteria.sim,eval-allcriteria-mini.sim;deterministic.sim;sample-period-2.sim;only-body.sim,jobs/gpu/*.csv; jobs/gpu/*.history.csv; jobs/gpu/*.details.json,final_benchmark.csv; final_benchmark.history.csv; jobs/cpu/*.details.json,cross-configuration descriptive contrast; not a controlled method effect
transformer_lso,TransformerVAE-90 + latent EA,25800,150,1.617521,1.8101012000000001,1.907063425,"retained_best_so_far=max(best_score,seed_source_fitness)",eval-allcriteria.sim,eval-allcriteria-mini.sim;deterministic.sim;sample-period-2.sim;only-body.sim,jobs/gpu/*.csv; jobs/gpu/*.history.csv; jobs/gpu/*.details.json,final_benchmark.csv; final_benchmark.history.csv; jobs/cpu/*.details.json,cross-configuration descriptive contrast; not a controlled method effect
transformer_lso,TransformerVAE-90 + latent EA,25900,150,1.617521,1.8101012000000001,1.907063425,"retained_best_so_far=max(best_score,seed_source_fitness)",eval-allcriteria.sim,eval-allcriteria-mini.sim;deterministic.sim;sample-period-2.sim;only-body.sim,jobs/gpu/*.csv; jobs/gpu/*.history.csv; jobs/gpu/*.details.json,final_benchmark.csv; final_benchmark.history.csv; jobs/cpu/*.details.json,cross-configuration descriptive contrast; not a controlled method effect
transformer_lso,TransformerVAE-90 + latent EA,26000,150,1.617521,1.8101012000000001,1.907063425,"retained_best_so_far=max(best_score,seed_source_fitness)",eval-allcriteria.sim,eval-allcriteria-mini.sim;deterministic.sim;sample-period-2.sim;only-body.sim,jobs/gpu/*.csv; jobs/gpu/*.history.csv; jobs/gpu/*.details.json,final_benchmark.csv; final_benchmark.history.csv; jobs/cpu/*.details.json,cross-configuration descriptive contrast; not a controlled method effect
transformer_lso,TransformerVAE-90 + latent EA,26100,150,1.617521,1.8101012000000001,1.907063425,"retained_best_so_far=max(best_score,seed_source_fitness)",eval-allcriteria.sim,eval-allcriteria-mini.sim;deterministic.sim;sample-period-2.sim;only-body.sim,jobs/gpu/*.csv; jobs/gpu/*.history.csv; jobs/gpu/*.details.json,final_benchmark.csv; final_benchmark.history.csv; jobs/cpu/*.details.json,cross-configuration descriptive contrast; not a controlled method effect
transformer_lso,TransformerVAE-90 + latent EA,26200,150,1.617521,1.8101012000000001,1.907063425,"retained_best_so_far=max(best_score,seed_source_fitness)",eval-allcriteria.sim,eval-allcriteria-mini.sim;deterministic.sim;sample-period-2.sim;only-body.sim,jobs/gpu/*.csv; jobs/gpu/*.history.csv; jobs/gpu/*.details.json,final_benchmark.csv; final_benchmark.history.csv; jobs/cpu/*.details.json,cross-configuration descriptive contrast; not a controlled method effect
transformer_lso,TransformerVAE-90 + latent EA,26300,150,1.617521,1.8101012000000001,1.907063425,"retained_best_so_far=max(best_score,seed_source_fitness)",eval-allcriteria.sim,eval-allcriteria-mini.sim;deterministic.sim;sample-period-2.sim;only-body.sim,jobs/gpu/*.csv; jobs/gpu/*.history.csv; jobs/gpu/*.details.json,final_benchmark.csv; final_benchmark.history.csv; jobs/cpu/*.details.json,cross-configuration descriptive contrast; not a controlled method effect
transformer_lso,TransformerVAE-90 + latent EA,26400,150,1.617521,1.8101012000000001,1.907063425,"retained_best_so_far=max(best_score,seed_source_fitness)",eval-allcriteria.sim,eval-allcriteria-mini.sim;deterministic.sim;sample-period-2.sim;only-body.sim,jobs/gpu/*.csv; jobs/gpu/*.history.csv; jobs/gpu/*.details.json,final_benchmark.csv; final_benchmark.history.csv; jobs/cpu/*.details.json,cross-configuration descriptive contrast; not a controlled method effect
transformer_lso,TransformerVAE-90 + latent EA,26500,150,1.617521,1.8101012000000001,1.907063425,"retained_best_so_far=max(best_score,seed_source_fitness)",eval-allcriteria.sim,eval-allcriteria-mini.sim;deterministic.sim;sample-period-2.sim;only-body.sim,jobs/gpu/*.csv; jobs/gpu/*.history.csv; jobs/gpu/*.details.json,final_benchmark.csv; final_benchmark.history.csv; jobs/cpu/*.details.json,cross-configuration descriptive contrast; not a controlled method effect
transformer_lso,TransformerVAE-90 + latent EA,26600,150,1.617521,1.8101012000000001,1.907063425,"retained_best_so_far=max(best_score,seed_source_fitness)",eval-allcriteria.sim,eval-allcriteria-mini.sim;deterministic.sim;sample-period-2.sim;only-body.sim,jobs/gpu/*.csv; jobs/gpu/*.history.csv; jobs/gpu/*.details.json,final_benchmark.csv; final_benchmark.history.csv; jobs/cpu/*.details.json,cross-configuration descriptive contrast; not a controlled method effect
transformer_lso,TransformerVAE-90 + latent EA,26700,150,1.6197891500000001,1.8101012000000001,1.907063425,"retained_best_so_far=max(best_score,seed_source_fitness)",eval-allcriteria.sim,eval-allcriteria-mini.sim;deterministic.sim;sample-period-2.sim;only-body.sim,jobs/gpu/*.csv; jobs/gpu/*.history.csv; jobs/gpu/*.details.json,final_benchmark.csv; final_benchmark.history.csv; jobs/cpu/*.details.json,cross-configuration descriptive contrast; not a controlled method effect
transformer_lso,TransformerVAE-90 + latent EA,26800,150,1.6197891500000001,1.8101012000000001,1.9096864,"retained_best_so_far=max(best_score,seed_source_fitness)",eval-allcriteria.sim,eval-allcriteria-mini.sim;deterministic.sim;sample-period-2.sim;only-body.sim,jobs/gpu/*.csv; jobs/gpu/*.history.csv; jobs/gpu/*.details.json,final_benchmark.csv; final_benchmark.history.csv; jobs/cpu/*.details.json,cross-configuration descriptive contrast; not a controlled method effect
transformer_lso,TransformerVAE-90 + latent EA,26900,150,1.6197891500000001,1.8182746999999999,1.9096864,"retained_best_so_far=max(best_score,seed_source_fitness)",eval-allcriteria.sim,eval-allcriteria-mini.sim;deterministic.sim;sample-period-2.sim;only-body.sim,jobs/gpu/*.csv; jobs/gpu/*.history.csv; jobs/gpu/*.details.json,final_benchmark.csv; final_benchmark.history.csv; jobs/cpu/*.details.json,cross-configuration descriptive contrast; not a controlled method effect
transformer_lso,TransformerVAE-90 + latent EA,27000,150,1.6197891500000001,1.8246595999999999,1.9096864,"retained_best_so_far=max(best_score,seed_source_fitness)",eval-allcriteria.sim,eval-allcriteria-mini.sim;deterministic.sim;sample-period-2.sim;only-body.sim,jobs/gpu/*.csv; jobs/gpu/*.history.csv; jobs/gpu/*.details.json,final_benchmark.csv; final_benchmark.history.csv; jobs/cpu/*.details.json,cross-configuration descriptive contrast; not a controlled method effect
transformer_lso,TransformerVAE-90 + latent EA,27100,150,1.6197891500000001,1.8246595999999999,1.9096864,"retained_best_so_far=max(best_score,seed_source_fitness)",eval-allcriteria.sim,eval-allcriteria-mini.sim;deterministic.sim;sample-period-2.sim;only-body.sim,jobs/gpu/*.csv; jobs/gpu/*.history.csv; jobs/gpu/*.details.json,final_benchmark.csv; final_benchmark.history.csv; jobs/cpu/*.details.json,cross-configuration descriptive contrast; not a controlled method effect
transformer_lso,TransformerVAE-90 + latent EA,27200,150,1.6197891500000001,1.8246595999999999,1.9096864,"retained_best_so_far=max(best_score,seed_source_fitness)",eval-allcriteria.sim,eval-allcriteria-mini.sim;deterministic.sim;sample-period-2.sim;only-body.sim,jobs/gpu/*.csv; jobs/gpu/*.history.csv; jobs/gpu/*.details.json,final_benchmark.csv; final_benchmark.history.csv; jobs/cpu/*.details.json,cross-configuration descriptive contrast; not a controlled method effect
transformer_lso,TransformerVAE-90 + latent EA,27300,150,1.6197891500000001,1.8269773499999999,1.9103288,"retained_best_so_far=max(best_score,seed_source_fitness)",eval-allcriteria.sim,eval-allcriteria-mini.sim;deterministic.sim;sample-period-2.sim;only-body.sim,jobs/gpu/*.csv; jobs/gpu/*.history.csv; jobs/gpu/*.details.json,final_benchmark.csv; final_benchmark.history.csv; jobs/cpu/*.details.json,cross-configuration descriptive contrast; not a controlled method effect
transformer_lso,TransformerVAE-90 + latent EA,27400,150,1.6197891500000001,1.8294280000000001,1.9107458500000001,"retained_best_so_far=max(best_score,seed_source_fitness)",eval-allcriteria.sim,eval-allcriteria-mini.sim;deterministic.sim;sample-period-2.sim;only-body.sim,jobs/gpu/*.csv; jobs/gpu/*.history.csv; jobs/gpu/*.details.json,final_benchmark.csv; final_benchmark.history.csv; jobs/cpu/*.details.json,cross-configuration descriptive contrast; not a controlled method effect
transformer_lso,TransformerVAE-90 + latent EA,27500,150,1.6197891500000001,1.8294280000000001,1.9107458500000001,"retained_best_so_far=max(best_score,seed_source_fitness)",eval-allcriteria.sim,eval-allcriteria-mini.sim;deterministic.sim;sample-period-2.sim;only-body.sim,jobs/gpu/*.csv; jobs/gpu/*.history.csv; jobs/gpu/*.details.json,final_benchmark.csv; final_benchmark.history.csv; jobs/cpu/*.details.json,cross-configuration descriptive contrast; not a controlled method effect
transformer_lso,TransformerVAE-90 + latent EA,27600,150,1.6197891500000001,1.8294280000000001,1.9107458500000001,"retained_best_so_far=max(best_score,seed_source_fitness)",eval-allcriteria.sim,eval-allcriteria-mini.sim;deterministic.sim;sample-period-2.sim;only-body.sim,jobs/gpu/*.csv; jobs/gpu/*.history.csv; jobs/gpu/*.details.json,final_benchmark.csv; final_benchmark.history.csv; jobs/cpu/*.details.json,cross-configuration descriptive contrast; not a controlled method effect
transformer_lso,TransformerVAE-90 + latent EA,27700,150,1.6197891500000001,1.8294280000000001,1.9107458500000001,"retained_best_so_far=max(best_score,seed_source_fitness)",eval-allcriteria.sim,eval-allcriteria-mini.sim;deterministic.sim;sample-period-2.sim;only-body.sim,jobs/gpu/*.csv; jobs/gpu/*.history.csv; jobs/gpu/*.details.json,final_benchmark.csv; final_benchmark.history.csv; jobs/cpu/*.details.json,cross-configuration descriptive contrast; not a controlled method effect
transformer_lso,TransformerVAE-90 + latent EA,27800,150,1.6197891500000001,1.8294280000000001,1.9107458500000001,"retained_best_so_far=max(best_score,seed_source_fitness)",eval-allcriteria.sim,eval-allcriteria-mini.sim;deterministic.sim;sample-period-2.sim;only-body.sim,jobs/gpu/*.csv; jobs/gpu/*.history.csv; jobs/gpu/*.details.json,final_benchmark.csv; final_benchmark.history.csv; jobs/cpu/*.details.json,cross-configuration descriptive contrast; not a controlled method effect
transformer_lso,TransformerVAE-90 + latent EA,27900,150,1.6272633249999999,1.8294280000000001,1.9107458500000001,"retained_best_so_far=max(best_score,seed_source_fitness)",eval-allcriteria.sim,eval-allcriteria-mini.sim;deterministic.sim;sample-period-2.sim;only-body.sim,jobs/gpu/*.csv; jobs/gpu/*.history.csv; jobs/gpu/*.details.json,final_benchmark.csv; final_benchmark.history.csv; jobs/cpu/*.details.json,cross-configuration descriptive contrast; not a controlled method effect
transformer_lso,TransformerVAE-90 + latent EA,28000,150,1.6272633249999999,1.8295838500000001,1.9107458500000001,"retained_best_so_far=max(best_score,seed_source_fitness)",eval-allcriteria.sim,eval-allcriteria-mini.sim;deterministic.sim;sample-period-2.sim;only-body.sim,jobs/gpu/*.csv; jobs/gpu/*.history.csv; jobs/gpu/*.details.json,final_benchmark.csv; final_benchmark.history.csv; jobs/cpu/*.details.json,cross-configuration descriptive contrast; not a controlled method effect
transformer_lso,TransformerVAE-90 + latent EA,28100,150,1.6272633249999999,1.8295838500000001,1.9107458500000001,"retained_best_so_far=max(best_score,seed_source_fitness)",eval-allcriteria.sim,eval-allcriteria-mini.sim;deterministic.sim;sample-period-2.sim;only-body.sim,jobs/gpu/*.csv; jobs/gpu/*.history.csv; jobs/gpu/*.details.json,final_benchmark.csv; final_benchmark.history.csv; jobs/cpu/*.details.json,cross-configuration descriptive contrast; not a controlled method effect
transformer_lso,TransformerVAE-90 + latent EA,28200,150,1.6272633249999999,1.8295838500000001,1.9107458500000001,"retained_best_so_far=max(best_score,seed_source_fitness)",eval-allcriteria.sim,eval-allcriteria-mini.sim;deterministic.sim;sample-period-2.sim;only-body.sim,jobs/gpu/*.csv; jobs/gpu/*.history.csv; jobs/gpu/*.details.json,final_benchmark.csv; final_benchmark.history.csv; jobs/cpu/*.details.json,cross-configuration descriptive contrast; not a controlled method effect
transformer_lso,TransformerVAE-90 + latent EA,28300,150,1.6272633249999999,1.8295838500000001,1.9107458500000001,"retained_best_so_far=max(best_score,seed_source_fitness)",eval-allcriteria.sim,eval-allcriteria-mini.sim;deterministic.sim;sample-period-2.sim;only-body.sim,jobs/gpu/*.csv; jobs/gpu/*.history.csv; jobs/gpu/*.details.json,final_benchmark.csv; final_benchmark.history.csv; jobs/cpu/*.details.json,cross-configuration descriptive contrast; not a controlled method effect
transformer_lso,TransformerVAE-90 + latent EA,28400,150,1.6272633249999999,1.8299831,1.9107458500000001,"retained_best_so_far=max(best_score,seed_source_fitness)",eval-allcriteria.sim,eval-allcriteria-mini.sim;deterministic.sim;sample-period-2.sim;only-body.sim,jobs/gpu/*.csv; jobs/gpu/*.history.csv; jobs/gpu/*.details.json,final_benchmark.csv; final_benchmark.history.csv; jobs/cpu/*.details.json,cross-configuration descriptive contrast; not a controlled method effect
transformer_lso,TransformerVAE-90 + latent EA,28500,150,1.6272633249999999,1.8299831,1.9107458500000001,"retained_best_so_far=max(best_score,seed_source_fitness)",eval-allcriteria.sim,eval-allcriteria-mini.sim;deterministic.sim;sample-period-2.sim;only-body.sim,jobs/gpu/*.csv; jobs/gpu/*.history.csv; jobs/gpu/*.details.json,final_benchmark.csv; final_benchmark.history.csv; jobs/cpu/*.details.json,cross-configuration descriptive contrast; not a controlled method effect
transformer_lso,TransformerVAE-90 + latent EA,28600,150,1.6272633249999999,1.8299831,1.9109634,"retained_best_so_far=max(best_score,seed_source_fitness)",eval-allcriteria.sim,eval-allcriteria-mini.sim;deterministic.sim;sample-period-2.sim;only-body.sim,jobs/gpu/*.csv; jobs/gpu/*.history.csv; jobs/gpu/*.details.json,final_benchmark.csv; final_benchmark.history.csv; jobs/cpu/*.details.json,cross-configuration descriptive contrast; not a controlled method effect
transformer_lso,TransformerVAE-90 + latent EA,28700,150,1.6272633249999999,1.8300364500000001,1.9111518750000001,"retained_best_so_far=max(best_score,seed_source_fitness)",eval-allcriteria.sim,eval-allcriteria-mini.sim;deterministic.sim;sample-period-2.sim;only-body.sim,jobs/gpu/*.csv; jobs/gpu/*.history.csv; jobs/gpu/*.details.json,final_benchmark.csv; final_benchmark.history.csv; jobs/cpu/*.details.json,cross-configuration descriptive contrast; not a controlled method effect
transformer_lso,TransformerVAE-90 + latent EA,28800,150,1.6272633249999999,1.8300364500000001,1.9111518750000001,"retained_best_so_far=max(best_score,seed_source_fitness)",eval-allcriteria.sim,eval-allcriteria-mini.sim;deterministic.sim;sample-period-2.sim;only-body.sim,jobs/gpu/*.csv; jobs/gpu/*.history.csv; jobs/gpu/*.details.json,final_benchmark.csv; final_benchmark.history.csv; jobs/cpu/*.details.json,cross-configuration descriptive contrast; not a controlled method effect
transformer_lso,TransformerVAE-90 + latent EA,28900,150,1.6438490750000001,1.8300364500000001,1.9119687750000001,"retained_best_so_far=max(best_score,seed_source_fitness)",eval-allcriteria.sim,eval-allcriteria-mini.sim;deterministic.sim;sample-period-2.sim;only-body.sim,jobs/gpu/*.csv; jobs/gpu/*.history.csv; jobs/gpu/*.details.json,final_benchmark.csv; final_benchmark.history.csv; jobs/cpu/*.details.json,cross-configuration descriptive contrast; not a controlled method effect
transformer_lso,TransformerVAE-90 + latent EA,29000,150,1.6438490750000001,1.8300364500000001,1.9129450750000001,"retained_best_so_far=max(best_score,seed_source_fitness)",eval-allcriteria.sim,eval-allcriteria-mini.sim;deterministic.sim;sample-period-2.sim;only-body.sim,jobs/gpu/*.csv; jobs/gpu/*.history.csv; jobs/gpu/*.details.json,final_benchmark.csv; final_benchmark.history.csv; jobs/cpu/*.details.json,cross-configuration descriptive contrast; not a controlled method effect
transformer_lso,TransformerVAE-90 + latent EA,29100,150,1.6438490750000001,1.8300364500000001,1.9140658749999999,"retained_best_so_far=max(best_score,seed_source_fitness)",eval-allcriteria.sim,eval-allcriteria-mini.sim;deterministic.sim;sample-period-2.sim;only-body.sim,jobs/gpu/*.csv; jobs/gpu/*.history.csv; jobs/gpu/*.details.json,final_benchmark.csv; final_benchmark.history.csv; jobs/cpu/*.details.json,cross-configuration descriptive contrast; not a controlled method effect
transformer_lso,TransformerVAE-90 + latent EA,29200,150,1.6450702500000001,1.8349022499999998,1.9147700750000001,"retained_best_so_far=max(best_score,seed_source_fitness)",eval-allcriteria.sim,eval-allcriteria-mini.sim;deterministic.sim;sample-period-2.sim;only-body.sim,jobs/gpu/*.csv; jobs/gpu/*.history.csv; jobs/gpu/*.details.json,final_benchmark.csv; final_benchmark.history.csv; jobs/cpu/*.details.json,cross-configuration descriptive contrast; not a controlled method effect
transformer_lso,TransformerVAE-90 + latent EA,29300,150,1.6450811750000001,1.8431161,1.914930625,"retained_best_so_far=max(best_score,seed_source_fitness)",eval-allcriteria.sim,eval-allcriteria-mini.sim;deterministic.sim;sample-period-2.sim;only-body.sim,jobs/gpu/*.csv; jobs/gpu/*.history.csv; jobs/gpu/*.details.json,final_benchmark.csv; final_benchmark.history.csv; jobs/cpu/*.details.json,cross-configuration descriptive contrast; not a controlled method effect
transformer_lso,TransformerVAE-90 + latent EA,29400,150,1.6450811750000001,1.8431161,1.9165187750000001,"retained_best_so_far=max(best_score,seed_source_fitness)",eval-allcriteria.sim,eval-allcriteria-mini.sim;deterministic.sim;sample-period-2.sim;only-body.sim,jobs/gpu/*.csv; jobs/gpu/*.history.csv; jobs/gpu/*.details.json,final_benchmark.csv; final_benchmark.history.csv; jobs/cpu/*.details.json,cross-configuration descriptive contrast; not a controlled method effect
transformer_lso,TransformerVAE-90 + latent EA,29500,150,1.6450811750000001,1.8431161,1.9165187750000001,"retained_best_so_far=max(best_score,seed_source_fitness)",eval-allcriteria.sim,eval-allcriteria-mini.sim;deterministic.sim;sample-period-2.sim;only-body.sim,jobs/gpu/*.csv; jobs/gpu/*.history.csv; jobs/gpu/*.details.json,final_benchmark.csv; final_benchmark.history.csv; jobs/cpu/*.details.json,cross-configuration descriptive contrast; not a controlled method effect
transformer_lso,TransformerVAE-90 + latent EA,29600,150,1.6450811750000001,1.8431161,1.9181748000000001,"retained_best_so_far=max(best_score,seed_source_fitness)",eval-allcriteria.sim,eval-allcriteria-mini.sim;deterministic.sim;sample-period-2.sim;only-body.sim,jobs/gpu/*.csv; jobs/gpu/*.history.csv; jobs/gpu/*.details.json,final_benchmark.csv; final_benchmark.history.csv; jobs/cpu/*.details.json,cross-configuration descriptive contrast; not a controlled method effect
transformer_lso,TransformerVAE-90 + latent EA,29700,150,1.6450811750000001,1.8431161,1.9202955000000002,"retained_best_so_far=max(best_score,seed_source_fitness)",eval-allcriteria.sim,eval-allcriteria-mini.sim;deterministic.sim;sample-period-2.sim;only-body.sim,jobs/gpu/*.csv; jobs/gpu/*.history.csv; jobs/gpu/*.details.json,final_benchmark.csv; final_benchmark.history.csv; jobs/cpu/*.details.json,cross-configuration descriptive contrast; not a controlled method effect
transformer_lso,TransformerVAE-90 + latent EA,29800,150,1.6450811750000001,1.8431161,1.9202955000000002,"retained_best_so_far=max(best_score,seed_source_fitness)",eval-allcriteria.sim,eval-allcriteria-mini.sim;deterministic.sim;sample-period-2.sim;only-body.sim,jobs/gpu/*.csv; jobs/gpu/*.history.csv; jobs/gpu/*.details.json,final_benchmark.csv; final_benchmark.history.csv; jobs/cpu/*.details.json,cross-configuration descriptive contrast; not a controlled method effect
transformer_lso,TransformerVAE-90 + latent EA,29900,150,1.6450811750000001,1.8431161,1.9202955000000002,"retained_best_so_far=max(best_score,seed_source_fitness)",eval-allcriteria.sim,eval-allcriteria-mini.sim;deterministic.sim;sample-period-2.sim;only-body.sim,jobs/gpu/*.csv; jobs/gpu/*.history.csv; jobs/gpu/*.details.json,final_benchmark.csv; final_benchmark.history.csv; jobs/cpu/*.details.json,cross-configuration descriptive contrast; not a controlled method effect
transformer_lso,TransformerVAE-90 + latent EA,30000,150,1.6450811750000001,1.8431161,1.9202955000000002,"retained_best_so_far=max(best_score,seed_source_fitness)",eval-allcriteria.sim,eval-allcriteria-mini.sim;deterministic.sim;sample-period-2.sim;only-body.sim,jobs/gpu/*.csv; jobs/gpu/*.history.csv; jobs/gpu/*.details.json,final_benchmark.csv; final_benchmark.history.csv; jobs/cpu/*.details.json,cross-configuration descriptive contrast; not a controlled method effect
mini_ea,Mini Framsticks EA,100,150,0.74877442249999993,1.0722491000000001,1.3306358999999999,"retained_best_so_far=max(best_score,seed_source_fitness)",eval-allcriteria.sim,eval-allcriteria-mini.sim;deterministic.sim;sample-period-2.sim;only-body.sim,jobs/gpu/*.csv; jobs/gpu/*.history.csv; jobs/gpu/*.details.json,final_benchmark.csv; final_benchmark.history.csv; jobs/cpu/*.details.json,cross-configuration descriptive contrast; not a controlled method effect
mini_ea,Mini Framsticks EA,200,150,0.78335440000000001,1.0791882500000001,1.3414457500000001,"retained_best_so_far=max(best_score,seed_source_fitness)",eval-allcriteria.sim,eval-allcriteria-mini.sim;deterministic.sim;sample-period-2.sim;only-body.sim,jobs/gpu/*.csv; jobs/gpu/*.history.csv; jobs/gpu/*.details.json,final_benchmark.csv; final_benchmark.history.csv; jobs/cpu/*.details.json,cross-configuration descriptive contrast; not a controlled method effect
mini_ea,Mini Framsticks EA,300,150,0.80522861750000008,1.0882143,1.3440604500000002,"retained_best_so_far=max(best_score,seed_source_fitness)",eval-allcriteria.sim,eval-allcriteria-mini.sim;deterministic.sim;sample-period-2.sim;only-body.sim,jobs/gpu/*.csv; jobs/gpu/*.history.csv; jobs/gpu/*.details.json,final_benchmark.csv; final_benchmark.history.csv; jobs/cpu/*.details.json,cross-configuration descriptive contrast; not a controlled method effect
mini_ea,Mini Framsticks EA,400,150,0.82452167749999994,1.0899058500000001,1.3541247249999999,"retained_best_so_far=max(best_score,seed_source_fitness)",eval-allcriteria.sim,eval-allcriteria-mini.sim;deterministic.sim;sample-period-2.sim;only-body.sim,jobs/gpu/*.csv; jobs/gpu/*.history.csv; jobs/gpu/*.details.json,final_benchmark.csv; final_benchmark.history.csv; jobs/cpu/*.details.json,cross-configuration descriptive contrast; not a controlled method effect
mini_ea,Mini Framsticks EA,500,150,0.83452038250000005,1.1044415999999999,1.3649927499999999,"retained_best_so_far=max(best_score,seed_source_fitness)",eval-allcriteria.sim,eval-allcriteria-mini.sim;deterministic.sim;sample-period-2.sim;only-body.sim,jobs/gpu/*.csv; jobs/gpu/*.history.csv; jobs/gpu/*.details.json,final_benchmark.csv; final_benchmark.history.csv; jobs/cpu/*.details.json,cross-configuration descriptive contrast; not a controlled method effect
mini_ea,Mini Framsticks EA,600,150,0.84248253500000003,1.1100146,1.372525725,"retained_best_so_far=max(best_score,seed_source_fitness)",eval-allcriteria.sim,eval-allcriteria-mini.sim;deterministic.sim;sample-period-2.sim;only-body.sim,jobs/gpu/*.csv; jobs/gpu/*.history.csv; jobs/gpu/*.details.json,final_benchmark.csv; final_benchmark.history.csv; jobs/cpu/*.details.json,cross-configuration descriptive contrast; not a controlled method effect
mini_ea,Mini Framsticks EA,700,150,0.86668508250000009,1.12745495,1.372525725,"retained_best_so_far=max(best_score,seed_source_fitness)",eval-allcriteria.sim,eval-allcriteria-mini.sim;deterministic.sim;sample-period-2.sim;only-body.sim,jobs/gpu/*.csv; jobs/gpu/*.history.csv; jobs/gpu/*.details.json,final_benchmark.csv; final_benchmark.history.csv; jobs/cpu/*.details.json,cross-configuration descriptive contrast; not a controlled method effect
mini_ea,Mini Framsticks EA,800,150,0.8863147174999999,1.13441485,1.372525725,"retained_best_so_far=max(best_score,seed_source_fitness)",eval-allcriteria.sim,eval-allcriteria-mini.sim;deterministic.sim;sample-period-2.sim;only-body.sim,jobs/gpu/*.csv; jobs/gpu/*.history.csv; jobs/gpu/*.details.json,final_benchmark.csv; final_benchmark.history.csv; jobs/cpu/*.details.json,cross-configuration descriptive contrast; not a controlled method effect
mini_ea,Mini Framsticks EA,900,150,0.9060047,1.1534761499999999,1.393188825,"retained_best_so_far=max(best_score,seed_source_fitness)",eval-allcriteria.sim,eval-allcriteria-mini.sim;deterministic.sim;sample-period-2.sim;only-body.sim,jobs/gpu/*.csv; jobs/gpu/*.history.csv; jobs/gpu/*.details.json,final_benchmark.csv; final_benchmark.history.csv; jobs/cpu/*.details.json,cross-configuration descriptive contrast; not a controlled method effect
mini_ea,Mini Framsticks EA,1000,150,0.9154697624999999,1.16205325,1.393188825,"retained_best_so_far=max(best_score,seed_source_fitness)",eval-allcriteria.sim,eval-allcriteria-mini.sim;deterministic.sim;sample-period-2.sim;only-body.sim,jobs/gpu/*.csv; jobs/gpu/*.history.csv; jobs/gpu/*.details.json,final_benchmark.csv; final_benchmark.history.csv; jobs/cpu/*.details.json,cross-configuration descriptive contrast; not a controlled method effect
mini_ea,Mini Framsticks EA,1100,150,0.94024794,1.1781817999999999,1.3963266750000001,"retained_best_so_far=max(best_score,seed_source_fitness)",eval-allcriteria.sim,eval-allcriteria-mini.sim;deterministic.sim;sample-period-2.sim;only-body.sim,jobs/gpu/*.csv; jobs/gpu/*.history.csv; jobs/gpu/*.details.json,final_benchmark.csv; final_benchmark.history.csv; jobs/cpu/*.details.json,cross-configuration descriptive contrast; not a controlled method effect
mini_ea,Mini Framsticks EA,1200,150,0.97633757749999994,1.1826154999999998,1.4038948,"retained_best_so_far=max(best_score,seed_source_fitness)",eval-allcriteria.sim,eval-allcriteria-mini.sim;deterministic.sim;sample-period-2.sim;only-body.sim,jobs/gpu/*.csv; jobs/gpu/*.history.csv; jobs/gpu/*.details.json,final_benchmark.csv; final_benchmark.history.csv; jobs/cpu/*.details.json,cross-configuration descriptive contrast; not a controlled method effect
mini_ea,Mini Framsticks EA,1300,150,0.98539889750000009,1.20108605,1.4347888750000002,"retained_best_so_far=max(best_score,seed_source_fitness)",eval-allcriteria.sim,eval-allcriteria-mini.sim;deterministic.sim;sample-period-2.sim;only-body.sim,jobs/gpu/*.csv; jobs/gpu/*.history.csv; jobs/gpu/*.details.json,final_benchmark.csv; final_benchmark.history.csv; jobs/cpu/*.details.json,cross-configuration descriptive contrast; not a controlled method effect
mini_ea,Mini Framsticks EA,1400,150,1.0014604249999999,1.2146684999999999,1.47236375,"retained_best_so_far=max(best_score,seed_source_fitness)",eval-allcriteria.sim,eval-allcriteria-mini.sim;deterministic.sim;sample-period-2.sim;only-body.sim,jobs/gpu/*.csv; jobs/gpu/*.history.csv; jobs/gpu/*.details.json,final_benchmark.csv; final_benchmark.history.csv; jobs/cpu/*.details.json,cross-configuration descriptive contrast; not a controlled method effect
mini_ea,Mini Framsticks EA,1500,150,1.0046362500000001,1.2197129,1.47236375,"retained_best_so_far=max(best_score,seed_source_fitness)",eval-allcriteria.sim,eval-allcriteria-mini.sim;deterministic.sim;sample-period-2.sim;only-body.sim,jobs/gpu/*.csv; jobs/gpu/*.history.csv; jobs/gpu/*.details.json,final_benchmark.csv; final_benchmark.history.csv; jobs/cpu/*.details.json,cross-configuration descriptive contrast; not a controlled method effect
mini_ea,Mini Framsticks EA,1600,150,1.0080128749999999,1.2317194499999999,1.47236375,"retained_best_so_far=max(best_score,seed_source_fitness)",eval-allcriteria.sim,eval-allcriteria-mini.sim;deterministic.sim;sample-period-2.sim;only-body.sim,jobs/gpu/*.csv; jobs/gpu/*.history.csv; jobs/gpu/*.details.json,final_benchmark.csv; final_benchmark.history.csv; jobs/cpu/*.details.json,cross-configuration descriptive contrast; not a controlled method effect
mini_ea,Mini Framsticks EA,1700,150,1.0149827,1.2491655499999998,1.481412325,"retained_best_so_far=max(best_score,seed_source_fitness)",eval-allcriteria.sim,eval-allcriteria-mini.sim;deterministic.sim;sample-period-2.sim;only-body.sim,jobs/gpu/*.csv; jobs/gpu/*.history.csv; jobs/gpu/*.details.json,final_benchmark.csv; final_benchmark.history.csv; jobs/cpu/*.details.json,cross-configuration descriptive contrast; not a controlled method effect
mini_ea,Mini Framsticks EA,1800,150,1.0412145500000001,1.2513146499999999,1.5053520499999999,"retained_best_so_far=max(best_score,seed_source_fitness)",eval-allcriteria.sim,eval-allcriteria-mini.sim;deterministic.sim;sample-period-2.sim;only-body.sim,jobs/gpu/*.csv; jobs/gpu/*.history.csv; jobs/gpu/*.details.json,final_benchmark.csv; final_benchmark.history.csv; jobs/cpu/*.details.json,cross-configuration descriptive contrast; not a controlled method effect
mini_ea,Mini Framsticks EA,1900,150,1.0598828250000001,1.28555445,1.50642345,"retained_best_so_far=max(best_score,seed_source_fitness)",eval-allcriteria.sim,eval-allcriteria-mini.sim;deterministic.sim;sample-period-2.sim;only-body.sim,jobs/gpu/*.csv; jobs/gpu/*.history.csv; jobs/gpu/*.details.json,final_benchmark.csv; final_benchmark.history.csv; jobs/cpu/*.details.json,cross-configuration descriptive contrast; not a controlled method effect
mini_ea,Mini Framsticks EA,2000,150,1.06068495,1.29133005,1.5223653749999999,"retained_best_so_far=max(best_score,seed_source_fitness)",eval-allcriteria.sim,eval-allcriteria-mini.sim;deterministic.sim;sample-period-2.sim;only-body.sim,jobs/gpu/*.csv; jobs/gpu/*.history.csv; jobs/gpu/*.details.json,final_benchmark.csv; final_benchmark.history.csv; jobs/cpu/*.details.json,cross-configuration descriptive contrast; not a controlled method effect
mini_ea,Mini Framsticks EA,2100,150,1.0659974249999999,1.3077828499999999,1.54297635,"retained_best_so_far=max(best_score,seed_source_fitness)",eval-allcriteria.sim,eval-allcriteria-mini.sim;deterministic.sim;sample-period-2.sim;only-body.sim,jobs/gpu/*.csv; jobs/gpu/*.history.csv; jobs/gpu/*.details.json,final_benchmark.csv; final_benchmark.history.csv; jobs/cpu/*.details.json,cross-configuration descriptive contrast; not a controlled method effect
mini_ea,Mini Framsticks EA,2200,150,1.087856825,1.3179386499999999,1.54297635,"retained_best_so_far=max(best_score,seed_source_fitness)",eval-allcriteria.sim,eval-allcriteria-mini.sim;deterministic.sim;sample-period-2.sim;only-body.sim,jobs/gpu/*.csv; jobs/gpu/*.history.csv; jobs/gpu/*.details.json,final_benchmark.csv; final_benchmark.history.csv; jobs/cpu/*.details.json,cross-configuration descriptive contrast; not a controlled method effect
mini_ea,Mini Framsticks EA,2300,150,1.102437025,1.3320373999999999,1.551345325,"retained_best_so_far=max(best_score,seed_source_fitness)",eval-allcriteria.sim,eval-allcriteria-mini.sim;deterministic.sim;sample-period-2.sim;only-body.sim,jobs/gpu/*.csv; jobs/gpu/*.history.csv; jobs/gpu/*.details.json,final_benchmark.csv; final_benchmark.history.csv; jobs/cpu/*.details.json,cross-configuration descriptive contrast; not a controlled method effect
mini_ea,Mini Framsticks EA,2400,150,1.1284722,1.3526888000000001,1.5618611499999999,"retained_best_so_far=max(best_score,seed_source_fitness)",eval-allcriteria.sim,eval-allcriteria-mini.sim;deterministic.sim;sample-period-2.sim;only-body.sim,jobs/gpu/*.csv; jobs/gpu/*.history.csv; jobs/gpu/*.details.json,final_benchmark.csv; final_benchmark.history.csv; jobs/cpu/*.details.json,cross-configuration descriptive contrast; not a controlled method effect
mini_ea,Mini Framsticks EA,2500,150,1.1370838750000001,1.35740375,1.5637323750000001,"retained_best_so_far=max(best_score,seed_source_fitness)",eval-allcriteria.sim,eval-allcriteria-mini.sim;deterministic.sim;sample-period-2.sim;only-body.sim,jobs/gpu/*.csv; jobs/gpu/*.history.csv; jobs/gpu/*.details.json,final_benchmark.csv; final_benchmark.history.csv; jobs/cpu/*.details.json,cross-configuration descriptive contrast; not a controlled method effect
mini_ea,Mini Framsticks EA,2600,150,1.13784905,1.3651840000000002,1.5639752,"retained_best_so_far=max(best_score,seed_source_fitness)",eval-allcriteria.sim,eval-allcriteria-mini.sim;deterministic.sim;sample-period-2.sim;only-body.sim,jobs/gpu/*.csv; jobs/gpu/*.history.csv; jobs/gpu/*.details.json,final_benchmark.csv; final_benchmark.history.csv; jobs/cpu/*.details.json,cross-configuration descriptive contrast; not a controlled method effect
mini_ea,Mini Framsticks EA,2700,150,1.1443387250000001,1.3713639500000001,1.5777538500000001,"retained_best_so_far=max(best_score,seed_source_fitness)",eval-allcriteria.sim,eval-allcriteria-mini.sim;deterministic.sim;sample-period-2.sim;only-body.sim,jobs/gpu/*.csv; jobs/gpu/*.history.csv; jobs/gpu/*.details.json,final_benchmark.csv; final_benchmark.history.csv; jobs/cpu/*.details.json,cross-configuration descriptive contrast; not a controlled method effect
mini_ea,Mini Framsticks EA,2800,150,1.1545385749999999,1.3958387999999999,1.5986309750000001,"retained_best_so_far=max(best_score,seed_source_fitness)",eval-allcriteria.sim,eval-allcriteria-mini.sim;deterministic.sim;sample-period-2.sim;only-body.sim,jobs/gpu/*.csv; jobs/gpu/*.history.csv; jobs/gpu/*.details.json,final_benchmark.csv; final_benchmark.history.csv; jobs/cpu/*.details.json,cross-configuration descriptive contrast; not a controlled method effect
mini_ea,Mini Framsticks EA,2900,150,1.1633898249999999,1.3995177000000001,1.6165075,"retained_best_so_far=max(best_score,seed_source_fitness)",eval-allcriteria.sim,eval-allcriteria-mini.sim;deterministic.sim;sample-period-2.sim;only-body.sim,jobs/gpu/*.csv; jobs/gpu/*.history.csv; jobs/gpu/*.details.json,final_benchmark.csv; final_benchmark.history.csv; jobs/cpu/*.details.json,cross-configuration descriptive contrast; not a controlled method effect
mini_ea,Mini Framsticks EA,3000,150,1.1633898249999999,1.40210225,1.61904385,"retained_best_so_far=max(best_score,seed_source_fitness)",eval-allcriteria.sim,eval-allcriteria-mini.sim;deterministic.sim;sample-period-2.sim;only-body.sim,jobs/gpu/*.csv; jobs/gpu/*.history.csv; jobs/gpu/*.details.json,final_benchmark.csv; final_benchmark.history.csv; jobs/cpu/*.details.json,cross-configuration descriptive contrast; not a controlled method effect
mini_ea,Mini Framsticks EA,3100,150,1.1645953499999999,1.4120227999999999,1.6288432749999999,"retained_best_so_far=max(best_score,seed_source_fitness)",eval-allcriteria.sim,eval-allcriteria-mini.sim;deterministic.sim;sample-period-2.sim;only-body.sim,jobs/gpu/*.csv; jobs/gpu/*.history.csv; jobs/gpu/*.details.json,final_benchmark.csv; final_benchmark.history.csv; jobs/cpu/*.details.json,cross-configuration descriptive contrast; not a controlled method effect
mini_ea,Mini Framsticks EA,3200,150,1.169884975,1.4270154499999999,1.636606775,"retained_best_so_far=max(best_score,seed_source_fitness)",eval-allcriteria.sim,eval-allcriteria-mini.sim;deterministic.sim;sample-period-2.sim;only-body.sim,jobs/gpu/*.csv; jobs/gpu/*.history.csv; jobs/gpu/*.details.json,final_benchmark.csv; final_benchmark.history.csv; jobs/cpu/*.details.json,cross-configuration descriptive contrast; not a controlled method effect
mini_ea,Mini Framsticks EA,3300,150,1.1721829000000001,1.4306127499999999,1.6371936999999999,"retained_best_so_far=max(best_score,seed_source_fitness)",eval-allcriteria.sim,eval-allcriteria-mini.sim;deterministic.sim;sample-period-2.sim;only-body.sim,jobs/gpu/*.csv; jobs/gpu/*.history.csv; jobs/gpu/*.details.json,final_benchmark.csv; final_benchmark.history.csv; jobs/cpu/*.details.json,cross-configuration descriptive contrast; not a controlled method effect
mini_ea,Mini Framsticks EA,3400,150,1.177735975,1.4334039999999999,1.6373001249999999,"retained_best_so_far=max(best_score,seed_source_fitness)",eval-allcriteria.sim,eval-allcriteria-mini.sim;deterministic.sim;sample-period-2.sim;only-body.sim,jobs/gpu/*.csv; jobs/gpu/*.history.csv; jobs/gpu/*.details.json,final_benchmark.csv; final_benchmark.history.csv; jobs/cpu/*.details.json,cross-configuration descriptive contrast; not a controlled method effect
mini_ea,Mini Framsticks EA,3500,150,1.177738825,1.4334039999999999,1.6449877500000001,"retained_best_so_far=max(best_score,seed_source_fitness)",eval-allcriteria.sim,eval-allcriteria-mini.sim;deterministic.sim;sample-period-2.sim;only-body.sim,jobs/gpu/*.csv; jobs/gpu/*.history.csv; jobs/gpu/*.details.json,final_benchmark.csv; final_benchmark.history.csv; jobs/cpu/*.details.json,cross-configuration descriptive contrast; not a controlled method effect
mini_ea,Mini Framsticks EA,3600,150,1.1831479,1.4334039999999999,1.6476805999999999,"retained_best_so_far=max(best_score,seed_source_fitness)",eval-allcriteria.sim,eval-allcriteria-mini.sim;deterministic.sim;sample-period-2.sim;only-body.sim,jobs/gpu/*.csv; jobs/gpu/*.history.csv; jobs/gpu/*.details.json,final_benchmark.csv; final_benchmark.history.csv; jobs/cpu/*.details.json,cross-configuration descriptive contrast; not a controlled method effect
mini_ea,Mini Framsticks EA,3700,150,1.1899148249999998,1.4372585999999998,1.652717475,"retained_best_so_far=max(best_score,seed_source_fitness)",eval-allcriteria.sim,eval-allcriteria-mini.sim;deterministic.sim;sample-period-2.sim;only-body.sim,jobs/gpu/*.csv; jobs/gpu/*.history.csv; jobs/gpu/*.details.json,final_benchmark.csv; final_benchmark.history.csv; jobs/cpu/*.details.json,cross-configuration descriptive contrast; not a controlled method effect
mini_ea,Mini Framsticks EA,3800,150,1.193181925,1.4374902999999999,1.652717475,"retained_best_so_far=max(best_score,seed_source_fitness)",eval-allcriteria.sim,eval-allcriteria-mini.sim;deterministic.sim;sample-period-2.sim;only-body.sim,jobs/gpu/*.csv; jobs/gpu/*.history.csv; jobs/gpu/*.details.json,final_benchmark.csv; final_benchmark.history.csv; jobs/cpu/*.details.json,cross-configuration descriptive contrast; not a controlled method effect
mini_ea,Mini Framsticks EA,3900,150,1.201706025,1.4401679500000002,1.6586007249999999,"retained_best_so_far=max(best_score,seed_source_fitness)",eval-allcriteria.sim,eval-allcriteria-mini.sim;deterministic.sim;sample-period-2.sim;only-body.sim,jobs/gpu/*.csv; jobs/gpu/*.history.csv; jobs/gpu/*.details.json,final_benchmark.csv; final_benchmark.history.csv; jobs/cpu/*.details.json,cross-configuration descriptive contrast; not a controlled method effect
mini_ea,Mini Framsticks EA,4000,150,1.2254173000000002,1.4401679500000002,1.6594901499999999,"retained_best_so_far=max(best_score,seed_source_fitness)",eval-allcriteria.sim,eval-allcriteria-mini.sim;deterministic.sim;sample-period-2.sim;only-body.sim,jobs/gpu/*.csv; jobs/gpu/*.history.csv; jobs/gpu/*.details.json,final_benchmark.csv; final_benchmark.history.csv; jobs/cpu/*.details.json,cross-configuration descriptive contrast; not a controlled method effect
mini_ea,Mini Framsticks EA,4100,150,1.2254173000000002,1.44290165,1.671027925,"retained_best_so_far=max(best_score,seed_source_fitness)",eval-allcriteria.sim,eval-allcriteria-mini.sim;deterministic.sim;sample-period-2.sim;only-body.sim,jobs/gpu/*.csv; jobs/gpu/*.history.csv; jobs/gpu/*.details.json,final_benchmark.csv; final_benchmark.history.csv; jobs/cpu/*.details.json,cross-configuration descriptive contrast; not a controlled method effect
mini_ea,Mini Framsticks EA,4200,150,1.2341926750000001,1.44790565,1.676568125,"retained_best_so_far=max(best_score,seed_source_fitness)",eval-allcriteria.sim,eval-allcriteria-mini.sim;deterministic.sim;sample-period-2.sim;only-body.sim,jobs/gpu/*.csv; jobs/gpu/*.history.csv; jobs/gpu/*.details.json,final_benchmark.csv; final_benchmark.history.csv; jobs/cpu/*.details.json,cross-configuration descriptive contrast; not a controlled method effect
mini_ea,Mini Framsticks EA,4300,150,1.23972975,1.4565557,1.6777208749999999,"retained_best_so_far=max(best_score,seed_source_fitness)",eval-allcriteria.sim,eval-allcriteria-mini.sim;deterministic.sim;sample-period-2.sim;only-body.sim,jobs/gpu/*.csv; jobs/gpu/*.history.csv; jobs/gpu/*.details.json,final_benchmark.csv; final_benchmark.history.csv; jobs/cpu/*.details.json,cross-configuration descriptive contrast; not a controlled method effect
mini_ea,Mini Framsticks EA,4400,150,1.2431928249999999,1.4593410499999999,1.6830486,"retained_best_so_far=max(best_score,seed_source_fitness)",eval-allcriteria.sim,eval-allcriteria-mini.sim;deterministic.sim;sample-period-2.sim;only-body.sim,jobs/gpu/*.csv; jobs/gpu/*.history.csv; jobs/gpu/*.details.json,final_benchmark.csv; final_benchmark.history.csv; jobs/cpu/*.details.json,cross-configuration descriptive contrast; not a controlled method effect
mini_ea,Mini Framsticks EA,4500,150,1.2462538249999999,1.4674738999999999,1.697218425,"retained_best_so_far=max(best_score,seed_source_fitness)",eval-allcriteria.sim,eval-allcriteria-mini.sim;deterministic.sim;sample-period-2.sim;only-body.sim,jobs/gpu/*.csv; jobs/gpu/*.history.csv; jobs/gpu/*.details.json,final_benchmark.csv; final_benchmark.history.csv; jobs/cpu/*.details.json,cross-configuration descriptive contrast; not a controlled method effect
mini_ea,Mini Framsticks EA,4600,150,1.2479577749999999,1.46932795,1.7009465000000001,"retained_best_so_far=max(best_score,seed_source_fitness)",eval-allcriteria.sim,eval-allcriteria-mini.sim;deterministic.sim;sample-period-2.sim;only-body.sim,jobs/gpu/*.csv; jobs/gpu/*.history.csv; jobs/gpu/*.details.json,final_benchmark.csv; final_benchmark.history.csv; jobs/cpu/*.details.json,cross-configuration descriptive contrast; not a controlled method effect
mini_ea,Mini Framsticks EA,4700,150,1.2495876749999999,1.4764375000000001,1.706966075,"retained_best_so_far=max(best_score,seed_source_fitness)",eval-allcriteria.sim,eval-allcriteria-mini.sim;deterministic.sim;sample-period-2.sim;only-body.sim,jobs/gpu/*.csv; jobs/gpu/*.history.csv; jobs/gpu/*.details.json,final_benchmark.csv; final_benchmark.history.csv; jobs/cpu/*.details.json,cross-configuration descriptive contrast; not a controlled method effect
mini_ea,Mini Framsticks EA,4800,150,1.249588825,1.4797693000000001,1.7129578999999999,"retained_best_so_far=max(best_score,seed_source_fitness)",eval-allcriteria.sim,eval-allcriteria-mini.sim;deterministic.sim;sample-period-2.sim;only-body.sim,jobs/gpu/*.csv; jobs/gpu/*.history.csv; jobs/gpu/*.details.json,final_benchmark.csv; final_benchmark.history.csv; jobs/cpu/*.details.json,cross-configuration descriptive contrast; not a controlled method effect
mini_ea,Mini Framsticks EA,4900,150,1.25078885,1.4797693000000001,1.725389075,"retained_best_so_far=max(best_score,seed_source_fitness)",eval-allcriteria.sim,eval-allcriteria-mini.sim;deterministic.sim;sample-period-2.sim;only-body.sim,jobs/gpu/*.csv; jobs/gpu/*.history.csv; jobs/gpu/*.details.json,final_benchmark.csv; final_benchmark.history.csv; jobs/cpu/*.details.json,cross-configuration descriptive contrast; not a controlled method effect
mini_ea,Mini Framsticks EA,5000,150,1.250864725,1.4797693000000001,1.7278702000000001,"retained_best_so_far=max(best_score,seed_source_fitness)",eval-allcriteria.sim,eval-allcriteria-mini.sim;deterministic.sim;sample-period-2.sim;only-body.sim,jobs/gpu/*.csv; jobs/gpu/*.history.csv; jobs/gpu/*.details.json,final_benchmark.csv; final_benchmark.history.csv; jobs/cpu/*.details.json,cross-configuration descriptive contrast; not a controlled method effect
mini_ea,Mini Framsticks EA,5100,150,1.25550585,1.4927872500000001,1.7466229500000001,"retained_best_so_far=max(best_score,seed_source_fitness)",eval-allcriteria.sim,eval-allcriteria-mini.sim;deterministic.sim;sample-period-2.sim;only-body.sim,jobs/gpu/*.csv; jobs/gpu/*.history.csv; jobs/gpu/*.details.json,final_benchmark.csv; final_benchmark.history.csv; jobs/cpu/*.details.json,cross-configuration descriptive contrast; not a controlled method effect
mini_ea,Mini Framsticks EA,5200,150,1.2562310999999999,1.5006946000000001,1.7466527250000001,"retained_best_so_far=max(best_score,seed_source_fitness)",eval-allcriteria.sim,eval-allcriteria-mini.sim;deterministic.sim;sample-period-2.sim;only-body.sim,jobs/gpu/*.csv; jobs/gpu/*.history.csv; jobs/gpu/*.details.json,final_benchmark.csv; final_benchmark.history.csv; jobs/cpu/*.details.json,cross-configuration descriptive contrast; not a controlled method effect
mini_ea,Mini Framsticks EA,5300,150,1.26484175,1.50655355,1.747893025,"retained_best_so_far=max(best_score,seed_source_fitness)",eval-allcriteria.sim,eval-allcriteria-mini.sim;deterministic.sim;sample-period-2.sim;only-body.sim,jobs/gpu/*.csv; jobs/gpu/*.history.csv; jobs/gpu/*.details.json,final_benchmark.csv; final_benchmark.history.csv; jobs/cpu/*.details.json,cross-configuration descriptive contrast; not a controlled method effect
mini_ea,Mini Framsticks EA,5400,150,1.265395925,1.5216257,1.747893025,"retained_best_so_far=max(best_score,seed_source_fitness)",eval-allcriteria.sim,eval-allcriteria-mini.sim;deterministic.sim;sample-period-2.sim;only-body.sim,jobs/gpu/*.csv; jobs/gpu/*.history.csv; jobs/gpu/*.details.json,final_benchmark.csv; final_benchmark.history.csv; jobs/cpu/*.details.json,cross-configuration descriptive contrast; not a controlled method effect
mini_ea,Mini Framsticks EA,5500,150,1.26666765,1.5264207999999999,1.747893025,"retained_best_so_far=max(best_score,seed_source_fitness)",eval-allcriteria.sim,eval-allcriteria-mini.sim;deterministic.sim;sample-period-2.sim;only-body.sim,jobs/gpu/*.csv; jobs/gpu/*.history.csv; jobs/gpu/*.details.json,final_benchmark.csv; final_benchmark.history.csv; jobs/cpu/*.details.json,cross-configuration descriptive contrast; not a controlled method effect
mini_ea,Mini Framsticks EA,5600,150,1.2684413999999999,1.5265290500000002,1.7551542500000001,"retained_best_so_far=max(best_score,seed_source_fitness)",eval-allcriteria.sim,eval-allcriteria-mini.sim;deterministic.sim;sample-period-2.sim;only-body.sim,jobs/gpu/*.csv; jobs/gpu/*.history.csv; jobs/gpu/*.details.json,final_benchmark.csv; final_benchmark.history.csv; jobs/cpu/*.details.json,cross-configuration descriptive contrast; not a controlled method effect
mini_ea,Mini Framsticks EA,5700,150,1.268461225,1.53378455,1.7657163250000001,"retained_best_so_far=max(best_score,seed_source_fitness)",eval-allcriteria.sim,eval-allcriteria-mini.sim;deterministic.sim;sample-period-2.sim;only-body.sim,jobs/gpu/*.csv; jobs/gpu/*.history.csv; jobs/gpu/*.details.json,final_benchmark.csv; final_benchmark.history.csv; jobs/cpu/*.details.json,cross-configuration descriptive contrast; not a controlled method effect
mini_ea,Mini Framsticks EA,5800,150,1.2689305,1.5346438999999998,1.7657163250000001,"retained_best_so_far=max(best_score,seed_source_fitness)",eval-allcriteria.sim,eval-allcriteria-mini.sim;deterministic.sim;sample-period-2.sim;only-body.sim,jobs/gpu/*.csv; jobs/gpu/*.history.csv; jobs/gpu/*.details.json,final_benchmark.csv; final_benchmark.history.csv; jobs/cpu/*.details.json,cross-configuration descriptive contrast; not a controlled method effect
mini_ea,Mini Framsticks EA,5900,150,1.2764567250000001,1.53464735,1.7780821250000001,"retained_best_so_far=max(best_score,seed_source_fitness)",eval-allcriteria.sim,eval-allcriteria-mini.sim;deterministic.sim;sample-period-2.sim;only-body.sim,jobs/gpu/*.csv; jobs/gpu/*.history.csv; jobs/gpu/*.details.json,final_benchmark.csv; final_benchmark.history.csv; jobs/cpu/*.details.json,cross-configuration descriptive contrast; not a controlled method effect
mini_ea,Mini Framsticks EA,6000,150,1.2887517749999999,1.53464735,1.784225175,"retained_best_so_far=max(best_score,seed_source_fitness)",eval-allcriteria.sim,eval-allcriteria-mini.sim;deterministic.sim;sample-period-2.sim;only-body.sim,jobs/gpu/*.csv; jobs/gpu/*.history.csv; jobs/gpu/*.details.json,final_benchmark.csv; final_benchmark.history.csv; jobs/cpu/*.details.json,cross-configuration descriptive contrast; not a controlled method effect
mini_ea,Mini Framsticks EA,6100,150,1.2903445499999999,1.5422978000000001,1.7870067249999999,"retained_best_so_far=max(best_score,seed_source_fitness)",eval-allcriteria.sim,eval-allcriteria-mini.sim;deterministic.sim;sample-period-2.sim;only-body.sim,jobs/gpu/*.csv; jobs/gpu/*.history.csv; jobs/gpu/*.details.json,final_benchmark.csv; final_benchmark.history.csv; jobs/cpu/*.details.json,cross-configuration descriptive contrast; not a controlled method effect
mini_ea,Mini Framsticks EA,6200,150,1.298681325,1.54909575,1.7870067249999999,"retained_best_so_far=max(best_score,seed_source_fitness)",eval-allcriteria.sim,eval-allcriteria-mini.sim;deterministic.sim;sample-period-2.sim;only-body.sim,jobs/gpu/*.csv; jobs/gpu/*.history.csv; jobs/gpu/*.details.json,final_benchmark.csv; final_benchmark.history.csv; jobs/cpu/*.details.json,cross-configuration descriptive contrast; not a controlled method effect
mini_ea,Mini Framsticks EA,6300,150,1.3015952499999999,1.5531660999999999,1.7878383250000001,"retained_best_so_far=max(best_score,seed_source_fitness)",eval-allcriteria.sim,eval-allcriteria-mini.sim;deterministic.sim;sample-period-2.sim;only-body.sim,jobs/gpu/*.csv; jobs/gpu/*.history.csv; jobs/gpu/*.details.json,final_benchmark.csv; final_benchmark.history.csv; jobs/cpu/*.details.json,cross-configuration descriptive contrast; not a controlled method effect
mini_ea,Mini Framsticks EA,6400,150,1.3030542249999999,1.55567155,1.792287575,"retained_best_so_far=max(best_score,seed_source_fitness)",eval-allcriteria.sim,eval-allcriteria-mini.sim;deterministic.sim;sample-period-2.sim;only-body.sim,jobs/gpu/*.csv; jobs/gpu/*.history.csv; jobs/gpu/*.details.json,final_benchmark.csv; final_benchmark.history.csv; jobs/cpu/*.details.json,cross-configuration descriptive contrast; not a controlled method effect
mini_ea,Mini Framsticks EA,6500,150,1.3041429499999999,1.55567155,1.805967925,"retained_best_so_far=max(best_score,seed_source_fitness)",eval-allcriteria.sim,eval-allcriteria-mini.sim;deterministic.sim;sample-period-2.sim;only-body.sim,jobs/gpu/*.csv; jobs/gpu/*.history.csv; jobs/gpu/*.details.json,final_benchmark.csv; final_benchmark.history.csv; jobs/cpu/*.details.json,cross-configuration descriptive contrast; not a controlled method effect
mini_ea,Mini Framsticks EA,6600,150,1.3086018500000001,1.55567155,1.80647435,"retained_best_so_far=max(best_score,seed_source_fitness)",eval-allcriteria.sim,eval-allcriteria-mini.sim;deterministic.sim;sample-period-2.sim;only-body.sim,jobs/gpu/*.csv; jobs/gpu/*.history.csv; jobs/gpu/*.details.json,final_benchmark.csv; final_benchmark.history.csv; jobs/cpu/*.details.json,cross-configuration descriptive contrast; not a controlled method effect
mini_ea,Mini Framsticks EA,6700,150,1.3086018500000001,1.5580163,1.8070801750000001,"retained_best_so_far=max(best_score,seed_source_fitness)",eval-allcriteria.sim,eval-allcriteria-mini.sim;deterministic.sim;sample-period-2.sim;only-body.sim,jobs/gpu/*.csv; jobs/gpu/*.history.csv; jobs/gpu/*.details.json,final_benchmark.csv; final_benchmark.history.csv; jobs/cpu/*.details.json,cross-configuration descriptive contrast; not a controlled method effect
mini_ea,Mini Framsticks EA,6800,150,1.31483255,1.5586586,1.813231775,"retained_best_so_far=max(best_score,seed_source_fitness)",eval-allcriteria.sim,eval-allcriteria-mini.sim;deterministic.sim;sample-period-2.sim;only-body.sim,jobs/gpu/*.csv; jobs/gpu/*.history.csv; jobs/gpu/*.details.json,final_benchmark.csv; final_benchmark.history.csv; jobs/cpu/*.details.json,cross-configuration descriptive contrast; not a controlled method effect
mini_ea,Mini Framsticks EA,6900,150,1.3192658750000001,1.5599000000000001,1.818115975,"retained_best_so_far=max(best_score,seed_source_fitness)",eval-allcriteria.sim,eval-allcriteria-mini.sim;deterministic.sim;sample-period-2.sim;only-body.sim,jobs/gpu/*.csv; jobs/gpu/*.history.csv; jobs/gpu/*.details.json,final_benchmark.csv; final_benchmark.history.csv; jobs/cpu/*.details.json,cross-configuration descriptive contrast; not a controlled method effect
mini_ea,Mini Framsticks EA,7000,150,1.3192658750000001,1.5600713499999999,1.8197643999999999,"retained_best_so_far=max(best_score,seed_source_fitness)",eval-allcriteria.sim,eval-allcriteria-mini.sim;deterministic.sim;sample-period-2.sim;only-body.sim,jobs/gpu/*.csv; jobs/gpu/*.history.csv; jobs/gpu/*.details.json,final_benchmark.csv; final_benchmark.history.csv; jobs/cpu/*.details.json,cross-configuration descriptive contrast; not a controlled method effect
mini_ea,Mini Framsticks EA,7100,150,1.3218764749999998,1.5600713499999999,1.820668825,"retained_best_so_far=max(best_score,seed_source_fitness)",eval-allcriteria.sim,eval-allcriteria-mini.sim;deterministic.sim;sample-period-2.sim;only-body.sim,jobs/gpu/*.csv; jobs/gpu/*.history.csv; jobs/gpu/*.details.json,final_benchmark.csv; final_benchmark.history.csv; jobs/cpu/*.details.json,cross-configuration descriptive contrast; not a controlled method effect
mini_ea,Mini Framsticks EA,7200,150,1.333678175,1.5603775,1.8222902750000001,"retained_best_so_far=max(best_score,seed_source_fitness)",eval-allcriteria.sim,eval-allcriteria-mini.sim;deterministic.sim;sample-period-2.sim;only-body.sim,jobs/gpu/*.csv; jobs/gpu/*.history.csv; jobs/gpu/*.details.json,final_benchmark.csv; final_benchmark.history.csv; jobs/cpu/*.details.json,cross-configuration descriptive contrast; not a controlled method effect
mini_ea,Mini Framsticks EA,7300,150,1.3337128999999999,1.56178185,1.8222902750000001,"retained_best_so_far=max(best_score,seed_source_fitness)",eval-allcriteria.sim,eval-allcriteria-mini.sim;deterministic.sim;sample-period-2.sim;only-body.sim,jobs/gpu/*.csv; jobs/gpu/*.history.csv; jobs/gpu/*.details.json,final_benchmark.csv; final_benchmark.history.csv; jobs/cpu/*.details.json,cross-configuration descriptive contrast; not a controlled method effect
mini_ea,Mini Framsticks EA,7400,150,1.3375173999999999,1.56178185,1.8290429500000001,"retained_best_so_far=max(best_score,seed_source_fitness)",eval-allcriteria.sim,eval-allcriteria-mini.sim;deterministic.sim;sample-period-2.sim;only-body.sim,jobs/gpu/*.csv; jobs/gpu/*.history.csv; jobs/gpu/*.details.json,final_benchmark.csv; final_benchmark.history.csv; jobs/cpu/*.details.json,cross-configuration descriptive contrast; not a controlled method effect
mini_ea,Mini Framsticks EA,7500,150,1.33875565,1.56178185,1.829044125,"retained_best_so_far=max(best_score,seed_source_fitness)",eval-allcriteria.sim,eval-allcriteria-mini.sim;deterministic.sim;sample-period-2.sim;only-body.sim,jobs/gpu/*.csv; jobs/gpu/*.history.csv; jobs/gpu/*.details.json,final_benchmark.csv; final_benchmark.history.csv; jobs/cpu/*.details.json,cross-configuration descriptive contrast; not a controlled method effect
mini_ea,Mini Framsticks EA,7600,150,1.33875565,1.5642942,1.8345320000000001,"retained_best_so_far=max(best_score,seed_source_fitness)",eval-allcriteria.sim,eval-allcriteria-mini.sim;deterministic.sim;sample-period-2.sim;only-body.sim,jobs/gpu/*.csv; jobs/gpu/*.history.csv; jobs/gpu/*.details.json,final_benchmark.csv; final_benchmark.history.csv; jobs/cpu/*.details.json,cross-configuration descriptive contrast; not a controlled method effect
mini_ea,Mini Framsticks EA,7700,150,1.33875565,1.5642942,1.84140495,"retained_best_so_far=max(best_score,seed_source_fitness)",eval-allcriteria.sim,eval-allcriteria-mini.sim;deterministic.sim;sample-period-2.sim;only-body.sim,jobs/gpu/*.csv; jobs/gpu/*.history.csv; jobs/gpu/*.details.json,final_benchmark.csv; final_benchmark.history.csv; jobs/cpu/*.details.json,cross-configuration descriptive contrast; not a controlled method effect
mini_ea,Mini Framsticks EA,7800,150,1.3416117999999999,1.5642942,1.8450501749999999,"retained_best_so_far=max(best_score,seed_source_fitness)",eval-allcriteria.sim,eval-allcriteria-mini.sim;deterministic.sim;sample-period-2.sim;only-body.sim,jobs/gpu/*.csv; jobs/gpu/*.history.csv; jobs/gpu/*.details.json,final_benchmark.csv; final_benchmark.history.csv; jobs/cpu/*.details.json,cross-configuration descriptive contrast; not a controlled method effect
mini_ea,Mini Framsticks EA,7900,150,1.3419926500000001,1.5642942,1.84771895,"retained_best_so_far=max(best_score,seed_source_fitness)",eval-allcriteria.sim,eval-allcriteria-mini.sim;deterministic.sim;sample-period-2.sim;only-body.sim,jobs/gpu/*.csv; jobs/gpu/*.history.csv; jobs/gpu/*.details.json,final_benchmark.csv; final_benchmark.history.csv; jobs/cpu/*.details.json,cross-configuration descriptive contrast; not a controlled method effect
mini_ea,Mini Framsticks EA,8000,150,1.3419926500000001,1.5642942,1.8492830250000001,"retained_best_so_far=max(best_score,seed_source_fitness)",eval-allcriteria.sim,eval-allcriteria-mini.sim;deterministic.sim;sample-period-2.sim;only-body.sim,jobs/gpu/*.csv; jobs/gpu/*.history.csv; jobs/gpu/*.details.json,final_benchmark.csv; final_benchmark.history.csv; jobs/cpu/*.details.json,cross-configuration descriptive contrast; not a controlled method effect
mini_ea,Mini Framsticks EA,8100,150,1.3419926500000001,1.5642942,1.8551390250000002,"retained_best_so_far=max(best_score,seed_source_fitness)",eval-allcriteria.sim,eval-allcriteria-mini.sim;deterministic.sim;sample-period-2.sim;only-body.sim,jobs/gpu/*.csv; jobs/gpu/*.history.csv; jobs/gpu/*.details.json,final_benchmark.csv; final_benchmark.history.csv; jobs/cpu/*.details.json,cross-configuration descriptive contrast; not a controlled method effect
mini_ea,Mini Framsticks EA,8200,150,1.3423802500000002,1.5642942,1.8593482000000001,"retained_best_so_far=max(best_score,seed_source_fitness)",eval-allcriteria.sim,eval-allcriteria-mini.sim;deterministic.sim;sample-period-2.sim;only-body.sim,jobs/gpu/*.csv; jobs/gpu/*.history.csv; jobs/gpu/*.details.json,final_benchmark.csv; final_benchmark.history.csv; jobs/cpu/*.details.json,cross-configuration descriptive contrast; not a controlled method effect
mini_ea,Mini Framsticks EA,8300,150,1.3423802500000002,1.5649716499999999,1.8604244250000002,"retained_best_so_far=max(best_score,seed_source_fitness)",eval-allcriteria.sim,eval-allcriteria-mini.sim;deterministic.sim;sample-period-2.sim;only-body.sim,jobs/gpu/*.csv; jobs/gpu/*.history.csv; jobs/gpu/*.details.json,final_benchmark.csv; final_benchmark.history.csv; jobs/cpu/*.details.json,cross-configuration descriptive contrast; not a controlled method effect
mini_ea,Mini Framsticks EA,8400,150,1.3442234749999999,1.5649716499999999,1.8654035499999999,"retained_best_so_far=max(best_score,seed_source_fitness)",eval-allcriteria.sim,eval-allcriteria-mini.sim;deterministic.sim;sample-period-2.sim;only-body.sim,jobs/gpu/*.csv; jobs/gpu/*.history.csv; jobs/gpu/*.details.json,final_benchmark.csv; final_benchmark.history.csv; jobs/cpu/*.details.json,cross-configuration descriptive contrast; not a controlled method effect
mini_ea,Mini Framsticks EA,8500,150,1.3442234749999999,1.5650119999999998,1.8678659500000001,"retained_best_so_far=max(best_score,seed_source_fitness)",eval-allcriteria.sim,eval-allcriteria-mini.sim;deterministic.sim;sample-period-2.sim;only-body.sim,jobs/gpu/*.csv; jobs/gpu/*.history.csv; jobs/gpu/*.details.json,final_benchmark.csv; final_benchmark.history.csv; jobs/cpu/*.details.json,cross-configuration descriptive contrast; not a controlled method effect
mini_ea,Mini Framsticks EA,8600,150,1.3442234749999999,1.5650119999999998,1.8684535,"retained_best_so_far=max(best_score,seed_source_fitness)",eval-allcriteria.sim,eval-allcriteria-mini.sim;deterministic.sim;sample-period-2.sim;only-body.sim,jobs/gpu/*.csv; jobs/gpu/*.history.csv; jobs/gpu/*.details.json,final_benchmark.csv; final_benchmark.history.csv; jobs/cpu/*.details.json,cross-configuration descriptive contrast; not a controlled method effect
mini_ea,Mini Framsticks EA,8700,150,1.3442234749999999,1.5650247500000001,1.8714125749999999,"retained_best_so_far=max(best_score,seed_source_fitness)",eval-allcriteria.sim,eval-allcriteria-mini.sim;deterministic.sim;sample-period-2.sim;only-body.sim,jobs/gpu/*.csv; jobs/gpu/*.history.csv; jobs/gpu/*.details.json,final_benchmark.csv; final_benchmark.history.csv; jobs/cpu/*.details.json,cross-configuration descriptive contrast; not a controlled method effect
mini_ea,Mini Framsticks EA,8800,150,1.3461386000000002,1.5650247500000001,1.8737055499999999,"retained_best_so_far=max(best_score,seed_source_fitness)",eval-allcriteria.sim,eval-allcriteria-mini.sim;deterministic.sim;sample-period-2.sim;only-body.sim,jobs/gpu/*.csv; jobs/gpu/*.history.csv; jobs/gpu/*.details.json,final_benchmark.csv; final_benchmark.history.csv; jobs/cpu/*.details.json,cross-configuration descriptive contrast; not a controlled method effect
mini_ea,Mini Framsticks EA,8900,150,1.3461386000000002,1.5673433000000001,1.874921675,"retained_best_so_far=max(best_score,seed_source_fitness)",eval-allcriteria.sim,eval-allcriteria-mini.sim;deterministic.sim;sample-period-2.sim;only-body.sim,jobs/gpu/*.csv; jobs/gpu/*.history.csv; jobs/gpu/*.details.json,final_benchmark.csv; final_benchmark.history.csv; jobs/cpu/*.details.json,cross-configuration descriptive contrast; not a controlled method effect
mini_ea,Mini Framsticks EA,9000,150,1.3486094500000001,1.56734745,1.8776775250000002,"retained_best_so_far=max(best_score,seed_source_fitness)",eval-allcriteria.sim,eval-allcriteria-mini.sim;deterministic.sim;sample-period-2.sim;only-body.sim,jobs/gpu/*.csv; jobs/gpu/*.history.csv; jobs/gpu/*.details.json,final_benchmark.csv; final_benchmark.history.csv; jobs/cpu/*.details.json,cross-configuration descriptive contrast; not a controlled method effect
mini_ea,Mini Framsticks EA,9100,150,1.3486094500000001,1.56878195,1.8781793500000001,"retained_best_so_far=max(best_score,seed_source_fitness)",eval-allcriteria.sim,eval-allcriteria-mini.sim;deterministic.sim;sample-period-2.sim;only-body.sim,jobs/gpu/*.csv; jobs/gpu/*.history.csv; jobs/gpu/*.details.json,final_benchmark.csv; final_benchmark.history.csv; jobs/cpu/*.details.json,cross-configuration descriptive contrast; not a controlled method effect
mini_ea,Mini Framsticks EA,9200,150,1.3486094500000001,1.5687871499999999,1.8832778999999999,"retained_best_so_far=max(best_score,seed_source_fitness)",eval-allcriteria.sim,eval-allcriteria-mini.sim;deterministic.sim;sample-period-2.sim;only-body.sim,jobs/gpu/*.csv; jobs/gpu/*.history.csv; jobs/gpu/*.details.json,final_benchmark.csv; final_benchmark.history.csv; jobs/cpu/*.details.json,cross-configuration descriptive contrast; not a controlled method effect
mini_ea,Mini Framsticks EA,9300,150,1.3486094500000001,1.5687871499999999,1.8838765500000001,"retained_best_so_far=max(best_score,seed_source_fitness)",eval-allcriteria.sim,eval-allcriteria-mini.sim;deterministic.sim;sample-period-2.sim;only-body.sim,jobs/gpu/*.csv; jobs/gpu/*.history.csv; jobs/gpu/*.details.json,final_benchmark.csv; final_benchmark.history.csv; jobs/cpu/*.details.json,cross-configuration descriptive contrast; not a controlled method effect
mini_ea,Mini Framsticks EA,9400,150,1.3486094500000001,1.5740155,1.8841434000000001,"retained_best_so_far=max(best_score,seed_source_fitness)",eval-allcriteria.sim,eval-allcriteria-mini.sim;deterministic.sim;sample-period-2.sim;only-body.sim,jobs/gpu/*.csv; jobs/gpu/*.history.csv; jobs/gpu/*.details.json,final_benchmark.csv; final_benchmark.history.csv; jobs/cpu/*.details.json,cross-configuration descriptive contrast; not a controlled method effect
mini_ea,Mini Framsticks EA,9500,150,1.351130425,1.5740155,1.8867223000000002,"retained_best_so_far=max(best_score,seed_source_fitness)",eval-allcriteria.sim,eval-allcriteria-mini.sim;deterministic.sim;sample-period-2.sim;only-body.sim,jobs/gpu/*.csv; jobs/gpu/*.history.csv; jobs/gpu/*.details.json,final_benchmark.csv; final_benchmark.history.csv; jobs/cpu/*.details.json,cross-configuration descriptive contrast; not a controlled method effect
mini_ea,Mini Framsticks EA,9600,150,1.3516023499999998,1.5740155,1.8892519249999999,"retained_best_so_far=max(best_score,seed_source_fitness)",eval-allcriteria.sim,eval-allcriteria-mini.sim;deterministic.sim;sample-period-2.sim;only-body.sim,jobs/gpu/*.csv; jobs/gpu/*.history.csv; jobs/gpu/*.details.json,final_benchmark.csv; final_benchmark.history.csv; jobs/cpu/*.details.json,cross-configuration descriptive contrast; not a controlled method effect
mini_ea,Mini Framsticks EA,9700,150,1.3516023499999998,1.5740155,1.8896705499999999,"retained_best_so_far=max(best_score,seed_source_fitness)",eval-allcriteria.sim,eval-allcriteria-mini.sim;deterministic.sim;sample-period-2.sim;only-body.sim,jobs/gpu/*.csv; jobs/gpu/*.history.csv; jobs/gpu/*.details.json,final_benchmark.csv; final_benchmark.history.csv; jobs/cpu/*.details.json,cross-configuration descriptive contrast; not a controlled method effect
mini_ea,Mini Framsticks EA,9800,150,1.3516023499999998,1.5762041,1.89374585,"retained_best_so_far=max(best_score,seed_source_fitness)",eval-allcriteria.sim,eval-allcriteria-mini.sim;deterministic.sim;sample-period-2.sim;only-body.sim,jobs/gpu/*.csv; jobs/gpu/*.history.csv; jobs/gpu/*.details.json,final_benchmark.csv; final_benchmark.history.csv; jobs/cpu/*.details.json,cross-configuration descriptive contrast; not a controlled method effect
mini_ea,Mini Framsticks EA,9900,150,1.3518493999999999,1.5762041,1.8943061750000001,"retained_best_so_far=max(best_score,seed_source_fitness)",eval-allcriteria.sim,eval-allcriteria-mini.sim;deterministic.sim;sample-period-2.sim;only-body.sim,jobs/gpu/*.csv; jobs/gpu/*.history.csv; jobs/gpu/*.details.json,final_benchmark.csv; final_benchmark.history.csv; jobs/cpu/*.details.json,cross-configuration descriptive contrast; not a controlled method effect
mini_ea,Mini Framsticks EA,10000,150,1.3527063500000001,1.57676335,1.8943061750000001,"retained_best_so_far=max(best_score,seed_source_fitness)",eval-allcriteria.sim,eval-allcriteria-mini.sim;deterministic.sim;sample-period-2.sim;only-body.sim,jobs/gpu/*.csv; jobs/gpu/*.history.csv; jobs/gpu/*.details.json,final_benchmark.csv; final_benchmark.history.csv; jobs/cpu/*.details.json,cross-configuration descriptive contrast; not a controlled method effect
mini_ea,Mini Framsticks EA,10100,150,1.3527063500000001,1.57676335,1.8944051000000002,"retained_best_so_far=max(best_score,seed_source_fitness)",eval-allcriteria.sim,eval-allcriteria-mini.sim;deterministic.sim;sample-period-2.sim;only-body.sim,jobs/gpu/*.csv; jobs/gpu/*.history.csv; jobs/gpu/*.details.json,final_benchmark.csv; final_benchmark.history.csv; jobs/cpu/*.details.json,cross-configuration descriptive contrast; not a controlled method effect
mini_ea,Mini Framsticks EA,10200,150,1.35292915,1.5777871000000001,1.8963021250000001,"retained_best_so_far=max(best_score,seed_source_fitness)",eval-allcriteria.sim,eval-allcriteria-mini.sim;deterministic.sim;sample-period-2.sim;only-body.sim,jobs/gpu/*.csv; jobs/gpu/*.history.csv; jobs/gpu/*.details.json,final_benchmark.csv; final_benchmark.history.csv; jobs/cpu/*.details.json,cross-configuration descriptive contrast; not a controlled method effect
mini_ea,Mini Framsticks EA,10300,150,1.35292915,1.58341785,1.8963021250000001,"retained_best_so_far=max(best_score,seed_source_fitness)",eval-allcriteria.sim,eval-allcriteria-mini.sim;deterministic.sim;sample-period-2.sim;only-body.sim,jobs/gpu/*.csv; jobs/gpu/*.history.csv; jobs/gpu/*.details.json,final_benchmark.csv; final_benchmark.history.csv; jobs/cpu/*.details.json,cross-configuration descriptive contrast; not a controlled method effect
mini_ea,Mini Framsticks EA,10400,150,1.354334425,1.5834599,1.9011403499999999,"retained_best_so_far=max(best_score,seed_source_fitness)",eval-allcriteria.sim,eval-allcriteria-mini.sim;deterministic.sim;sample-period-2.sim;only-body.sim,jobs/gpu/*.csv; jobs/gpu/*.history.csv; jobs/gpu/*.details.json,final_benchmark.csv; final_benchmark.history.csv; jobs/cpu/*.details.json,cross-configuration descriptive contrast; not a controlled method effect
mini_ea,Mini Framsticks EA,10500,150,1.3544149000000001,1.5850879500000001,1.9032414,"retained_best_so_far=max(best_score,seed_source_fitness)",eval-allcriteria.sim,eval-allcriteria-mini.sim;deterministic.sim;sample-period-2.sim;only-body.sim,jobs/gpu/*.csv; jobs/gpu/*.history.csv; jobs/gpu/*.details.json,final_benchmark.csv; final_benchmark.history.csv; jobs/cpu/*.details.json,cross-configuration descriptive contrast; not a controlled method effect
mini_ea,Mini Framsticks EA,10600,150,1.3561732000000002,1.5850879500000001,1.9148236249999999,"retained_best_so_far=max(best_score,seed_source_fitness)",eval-allcriteria.sim,eval-allcriteria-mini.sim;deterministic.sim;sample-period-2.sim;only-body.sim,jobs/gpu/*.csv; jobs/gpu/*.history.csv; jobs/gpu/*.details.json,final_benchmark.csv; final_benchmark.history.csv; jobs/cpu/*.details.json,cross-configuration descriptive contrast; not a controlled method effect
mini_ea,Mini Framsticks EA,10700,150,1.3561732000000002,1.5850879500000001,1.9148236249999999,"retained_best_so_far=max(best_score,seed_source_fitness)",eval-allcriteria.sim,eval-allcriteria-mini.sim;deterministic.sim;sample-period-2.sim;only-body.sim,jobs/gpu/*.csv; jobs/gpu/*.history.csv; jobs/gpu/*.details.json,final_benchmark.csv; final_benchmark.history.csv; jobs/cpu/*.details.json,cross-configuration descriptive contrast; not a controlled method effect
mini_ea,Mini Framsticks EA,10800,150,1.358943775,1.5850879500000001,1.9148408749999999,"retained_best_so_far=max(best_score,seed_source_fitness)",eval-allcriteria.sim,eval-allcriteria-mini.sim;deterministic.sim;sample-period-2.sim;only-body.sim,jobs/gpu/*.csv; jobs/gpu/*.history.csv; jobs/gpu/*.details.json,final_benchmark.csv; final_benchmark.history.csv; jobs/cpu/*.details.json,cross-configuration descriptive contrast; not a controlled method effect
mini_ea,Mini Framsticks EA,10900,150,1.358943775,1.5850879500000001,1.9148408749999999,"retained_best_so_far=max(best_score,seed_source_fitness)",eval-allcriteria.sim,eval-allcriteria-mini.sim;deterministic.sim;sample-period-2.sim;only-body.sim,jobs/gpu/*.csv; jobs/gpu/*.history.csv; jobs/gpu/*.details.json,final_benchmark.csv; final_benchmark.history.csv; jobs/cpu/*.details.json,cross-configuration descriptive contrast; not a controlled method effect
mini_ea,Mini Framsticks EA,11000,150,1.358943775,1.58606465,1.91827605,"retained_best_so_far=max(best_score,seed_source_fitness)",eval-allcriteria.sim,eval-allcriteria-mini.sim;deterministic.sim;sample-period-2.sim;only-body.sim,jobs/gpu/*.csv; jobs/gpu/*.history.csv; jobs/gpu/*.details.json,final_benchmark.csv; final_benchmark.history.csv; jobs/cpu/*.details.json,cross-configuration descriptive contrast; not a controlled method effect
mini_ea,Mini Framsticks EA,11100,150,1.3589451000000001,1.58606465,1.91827605,"retained_best_so_far=max(best_score,seed_source_fitness)",eval-allcriteria.sim,eval-allcriteria-mini.sim;deterministic.sim;sample-period-2.sim;only-body.sim,jobs/gpu/*.csv; jobs/gpu/*.history.csv; jobs/gpu/*.details.json,final_benchmark.csv; final_benchmark.history.csv; jobs/cpu/*.details.json,cross-configuration descriptive contrast; not a controlled method effect
mini_ea,Mini Framsticks EA,11200,150,1.3589451000000001,1.58606465,1.91827605,"retained_best_so_far=max(best_score,seed_source_fitness)",eval-allcriteria.sim,eval-allcriteria-mini.sim;deterministic.sim;sample-period-2.sim;only-body.sim,jobs/gpu/*.csv; jobs/gpu/*.history.csv; jobs/gpu/*.details.json,final_benchmark.csv; final_benchmark.history.csv; jobs/cpu/*.details.json,cross-configuration descriptive contrast; not a controlled method effect
mini_ea,Mini Framsticks EA,11300,150,1.35895465,1.5861189499999999,1.923094275,"retained_best_so_far=max(best_score,seed_source_fitness)",eval-allcriteria.sim,eval-allcriteria-mini.sim;deterministic.sim;sample-period-2.sim;only-body.sim,jobs/gpu/*.csv; jobs/gpu/*.history.csv; jobs/gpu/*.details.json,final_benchmark.csv; final_benchmark.history.csv; jobs/cpu/*.details.json,cross-configuration descriptive contrast; not a controlled method effect
mini_ea,Mini Framsticks EA,11400,150,1.36036135,1.5861189499999999,1.923094275,"retained_best_so_far=max(best_score,seed_source_fitness)",eval-allcriteria.sim,eval-allcriteria-mini.sim;deterministic.sim;sample-period-2.sim;only-body.sim,jobs/gpu/*.csv; jobs/gpu/*.history.csv; jobs/gpu/*.details.json,final_benchmark.csv; final_benchmark.history.csv; jobs/cpu/*.details.json,cross-configuration descriptive contrast; not a controlled method effect
mini_ea,Mini Framsticks EA,11500,150,1.3702767,1.5867691499999999,1.9237368000000001,"retained_best_so_far=max(best_score,seed_source_fitness)",eval-allcriteria.sim,eval-allcriteria-mini.sim;deterministic.sim;sample-period-2.sim;only-body.sim,jobs/gpu/*.csv; jobs/gpu/*.history.csv; jobs/gpu/*.details.json,final_benchmark.csv; final_benchmark.history.csv; jobs/cpu/*.details.json,cross-configuration descriptive contrast; not a controlled method effect
mini_ea,Mini Framsticks EA,11600,150,1.3702767,1.5884642499999999,1.924209375,"retained_best_so_far=max(best_score,seed_source_fitness)",eval-allcriteria.sim,eval-allcriteria-mini.sim;deterministic.sim;sample-period-2.sim;only-body.sim,jobs/gpu/*.csv; jobs/gpu/*.history.csv; jobs/gpu/*.details.json,final_benchmark.csv; final_benchmark.history.csv; jobs/cpu/*.details.json,cross-configuration descriptive contrast; not a controlled method effect
mini_ea,Mini Framsticks EA,11700,150,1.3702767,1.5900924500000002,1.9251567999999999,"retained_best_so_far=max(best_score,seed_source_fitness)",eval-allcriteria.sim,eval-allcriteria-mini.sim;deterministic.sim;sample-period-2.sim;only-body.sim,jobs/gpu/*.csv; jobs/gpu/*.history.csv; jobs/gpu/*.details.json,final_benchmark.csv; final_benchmark.history.csv; jobs/cpu/*.details.json,cross-configuration descriptive contrast; not a controlled method effect
mini_ea,Mini Framsticks EA,11800,150,1.3703098,1.5900924500000002,1.9269379,"retained_best_so_far=max(best_score,seed_source_fitness)",eval-allcriteria.sim,eval-allcriteria-mini.sim;deterministic.sim;sample-period-2.sim;only-body.sim,jobs/gpu/*.csv; jobs/gpu/*.history.csv; jobs/gpu/*.details.json,final_benchmark.csv; final_benchmark.history.csv; jobs/cpu/*.details.json,cross-configuration descriptive contrast; not a controlled method effect
mini_ea,Mini Framsticks EA,11900,150,1.3703180750000001,1.5900924500000002,1.9269381000000001,"retained_best_so_far=max(best_score,seed_source_fitness)",eval-allcriteria.sim,eval-allcriteria-mini.sim;deterministic.sim;sample-period-2.sim;only-body.sim,jobs/gpu/*.csv; jobs/gpu/*.history.csv; jobs/gpu/*.details.json,final_benchmark.csv; final_benchmark.history.csv; jobs/cpu/*.details.json,cross-configuration descriptive contrast; not a controlled method effect
mini_ea,Mini Framsticks EA,12000,150,1.3703180750000001,1.5900924500000002,1.9269387,"retained_best_so_far=max(best_score,seed_source_fitness)",eval-allcriteria.sim,eval-allcriteria-mini.sim;deterministic.sim;sample-period-2.sim;only-body.sim,jobs/gpu/*.csv; jobs/gpu/*.history.csv; jobs/gpu/*.details.json,final_benchmark.csv; final_benchmark.history.csv; jobs/cpu/*.details.json,cross-configuration descriptive contrast; not a controlled method effect
mini_ea,Mini Framsticks EA,12100,150,1.37032625,1.5900924500000002,1.927687425,"retained_best_so_far=max(best_score,seed_source_fitness)",eval-allcriteria.sim,eval-allcriteria-mini.sim;deterministic.sim;sample-period-2.sim;only-body.sim,jobs/gpu/*.csv; jobs/gpu/*.history.csv; jobs/gpu/*.details.json,final_benchmark.csv; final_benchmark.history.csv; jobs/cpu/*.details.json,cross-configuration descriptive contrast; not a controlled method effect
mini_ea,Mini Framsticks EA,12200,150,1.37034375,1.5931278500000001,1.931651475,"retained_best_so_far=max(best_score,seed_source_fitness)",eval-allcriteria.sim,eval-allcriteria-mini.sim;deterministic.sim;sample-period-2.sim;only-body.sim,jobs/gpu/*.csv; jobs/gpu/*.history.csv; jobs/gpu/*.details.json,final_benchmark.csv; final_benchmark.history.csv; jobs/cpu/*.details.json,cross-configuration descriptive contrast; not a controlled method effect
mini_ea,Mini Framsticks EA,12300,150,1.37034375,1.6111149499999999,1.9341203249999999,"retained_best_so_far=max(best_score,seed_source_fitness)",eval-allcriteria.sim,eval-allcriteria-mini.sim;deterministic.sim;sample-period-2.sim;only-body.sim,jobs/gpu/*.csv; jobs/gpu/*.history.csv; jobs/gpu/*.details.json,final_benchmark.csv; final_benchmark.history.csv; jobs/cpu/*.details.json,cross-configuration descriptive contrast; not a controlled method effect
mini_ea,Mini Framsticks EA,12400,150,1.3741359000000002,1.61184215,1.9341203249999999,"retained_best_so_far=max(best_score,seed_source_fitness)",eval-allcriteria.sim,eval-allcriteria-mini.sim;deterministic.sim;sample-period-2.sim;only-body.sim,jobs/gpu/*.csv; jobs/gpu/*.history.csv; jobs/gpu/*.details.json,final_benchmark.csv; final_benchmark.history.csv; jobs/cpu/*.details.json,cross-configuration descriptive contrast; not a controlled method effect
mini_ea,Mini Framsticks EA,12500,150,1.3741359000000002,1.6119612000000001,1.9342005,"retained_best_so_far=max(best_score,seed_source_fitness)",eval-allcriteria.sim,eval-allcriteria-mini.sim;deterministic.sim;sample-period-2.sim;only-body.sim,jobs/gpu/*.csv; jobs/gpu/*.history.csv; jobs/gpu/*.details.json,final_benchmark.csv; final_benchmark.history.csv; jobs/cpu/*.details.json,cross-configuration descriptive contrast; not a controlled method effect
mini_ea,Mini Framsticks EA,12600,150,1.3741359000000002,1.6119612000000001,1.9363007750000001,"retained_best_so_far=max(best_score,seed_source_fitness)",eval-allcriteria.sim,eval-allcriteria-mini.sim;deterministic.sim;sample-period-2.sim;only-body.sim,jobs/gpu/*.csv; jobs/gpu/*.history.csv; jobs/gpu/*.details.json,final_benchmark.csv; final_benchmark.history.csv; jobs/cpu/*.details.json,cross-configuration descriptive contrast; not a controlled method effect
mini_ea,Mini Framsticks EA,12700,150,1.374136225,1.6119612000000001,1.936383475,"retained_best_so_far=max(best_score,seed_source_fitness)",eval-allcriteria.sim,eval-allcriteria-mini.sim;deterministic.sim;sample-period-2.sim;only-body.sim,jobs/gpu/*.csv; jobs/gpu/*.history.csv; jobs/gpu/*.details.json,final_benchmark.csv; final_benchmark.history.csv; jobs/cpu/*.details.json,cross-configuration descriptive contrast; not a controlled method effect
mini_ea,Mini Framsticks EA,12800,150,1.3741365750000001,1.6135049499999998,1.9390780249999999,"retained_best_so_far=max(best_score,seed_source_fitness)",eval-allcriteria.sim,eval-allcriteria-mini.sim;deterministic.sim;sample-period-2.sim;only-body.sim,jobs/gpu/*.csv; jobs/gpu/*.history.csv; jobs/gpu/*.details.json,final_benchmark.csv; final_benchmark.history.csv; jobs/cpu/*.details.json,cross-configuration descriptive contrast; not a controlled method effect
mini_ea,Mini Framsticks EA,12900,150,1.3741365750000001,1.6144889999999998,1.9392928249999999,"retained_best_so_far=max(best_score,seed_source_fitness)",eval-allcriteria.sim,eval-allcriteria-mini.sim;deterministic.sim;sample-period-2.sim;only-body.sim,jobs/gpu/*.csv; jobs/gpu/*.history.csv; jobs/gpu/*.details.json,final_benchmark.csv; final_benchmark.history.csv; jobs/cpu/*.details.json,cross-configuration descriptive contrast; not a controlled method effect
mini_ea,Mini Framsticks EA,13000,150,1.374137275,1.6295023500000001,1.9396393000000001,"retained_best_so_far=max(best_score,seed_source_fitness)",eval-allcriteria.sim,eval-allcriteria-mini.sim;deterministic.sim;sample-period-2.sim;only-body.sim,jobs/gpu/*.csv; jobs/gpu/*.history.csv; jobs/gpu/*.details.json,final_benchmark.csv; final_benchmark.history.csv; jobs/cpu/*.details.json,cross-configuration descriptive contrast; not a controlled method effect
mini_ea,Mini Framsticks EA,13100,150,1.374137275,1.6295023500000001,1.9396393000000001,"retained_best_so_far=max(best_score,seed_source_fitness)",eval-allcriteria.sim,eval-allcriteria-mini.sim;deterministic.sim;sample-period-2.sim;only-body.sim,jobs/gpu/*.csv; jobs/gpu/*.history.csv; jobs/gpu/*.details.json,final_benchmark.csv; final_benchmark.history.csv; jobs/cpu/*.details.json,cross-configuration descriptive contrast; not a controlled method effect
mini_ea,Mini Framsticks EA,13200,150,1.374137275,1.62950295,1.9396393000000001,"retained_best_so_far=max(best_score,seed_source_fitness)",eval-allcriteria.sim,eval-allcriteria-mini.sim;deterministic.sim;sample-period-2.sim;only-body.sim,jobs/gpu/*.csv; jobs/gpu/*.history.csv; jobs/gpu/*.details.json,final_benchmark.csv; final_benchmark.history.csv; jobs/cpu/*.details.json,cross-configuration descriptive contrast; not a controlled method effect
mini_ea,Mini Framsticks EA,13300,150,1.3746859499999999,1.62950295,1.939744675,"retained_best_so_far=max(best_score,seed_source_fitness)",eval-allcriteria.sim,eval-allcriteria-mini.sim;deterministic.sim;sample-period-2.sim;only-body.sim,jobs/gpu/*.csv; jobs/gpu/*.history.csv; jobs/gpu/*.details.json,final_benchmark.csv; final_benchmark.history.csv; jobs/cpu/*.details.json,cross-configuration descriptive contrast; not a controlled method effect
mini_ea,Mini Framsticks EA,13400,150,1.3746859499999999,1.6369508000000002,1.939744675,"retained_best_so_far=max(best_score,seed_source_fitness)",eval-allcriteria.sim,eval-allcriteria-mini.sim;deterministic.sim;sample-period-2.sim;only-body.sim,jobs/gpu/*.csv; jobs/gpu/*.history.csv; jobs/gpu/*.details.json,final_benchmark.csv; final_benchmark.history.csv; jobs/cpu/*.details.json,cross-configuration descriptive contrast; not a controlled method effect
mini_ea,Mini Framsticks EA,13500,150,1.3746859499999999,1.6369508000000002,1.939744675,"retained_best_so_far=max(best_score,seed_source_fitness)",eval-allcriteria.sim,eval-allcriteria-mini.sim;deterministic.sim;sample-period-2.sim;only-body.sim,jobs/gpu/*.csv; jobs/gpu/*.history.csv; jobs/gpu/*.details.json,final_benchmark.csv; final_benchmark.history.csv; jobs/cpu/*.details.json,cross-configuration descriptive contrast; not a controlled method effect
mini_ea,Mini Framsticks EA,13600,150,1.3746859499999999,1.6369609999999999,1.939744675,"retained_best_so_far=max(best_score,seed_source_fitness)",eval-allcriteria.sim,eval-allcriteria-mini.sim;deterministic.sim;sample-period-2.sim;only-body.sim,jobs/gpu/*.csv; jobs/gpu/*.history.csv; jobs/gpu/*.details.json,final_benchmark.csv; final_benchmark.history.csv; jobs/cpu/*.details.json,cross-configuration descriptive contrast; not a controlled method effect
mini_ea,Mini Framsticks EA,13700,150,1.37510815,1.6369609999999999,1.9398184249999999,"retained_best_so_far=max(best_score,seed_source_fitness)",eval-allcriteria.sim,eval-allcriteria-mini.sim;deterministic.sim;sample-period-2.sim;only-body.sim,jobs/gpu/*.csv; jobs/gpu/*.history.csv; jobs/gpu/*.details.json,final_benchmark.csv; final_benchmark.history.csv; jobs/cpu/*.details.json,cross-configuration descriptive contrast; not a controlled method effect
mini_ea,Mini Framsticks EA,13800,150,1.37510815,1.6427272500000001,1.9399264000000001,"retained_best_so_far=max(best_score,seed_source_fitness)",eval-allcriteria.sim,eval-allcriteria-mini.sim;deterministic.sim;sample-period-2.sim;only-body.sim,jobs/gpu/*.csv; jobs/gpu/*.history.csv; jobs/gpu/*.details.json,final_benchmark.csv; final_benchmark.history.csv; jobs/cpu/*.details.json,cross-configuration descriptive contrast; not a controlled method effect
mini_ea,Mini Framsticks EA,13900,150,1.375108225,1.642728,1.9399265749999999,"retained_best_so_far=max(best_score,seed_source_fitness)",eval-allcriteria.sim,eval-allcriteria-mini.sim;deterministic.sim;sample-period-2.sim;only-body.sim,jobs/gpu/*.csv; jobs/gpu/*.history.csv; jobs/gpu/*.details.json,final_benchmark.csv; final_benchmark.history.csv; jobs/cpu/*.details.json,cross-configuration descriptive contrast; not a controlled method effect
mini_ea,Mini Framsticks EA,14000,150,1.3751086749999999,1.64273925,1.9399265749999999,"retained_best_so_far=max(best_score,seed_source_fitness)",eval-allcriteria.sim,eval-allcriteria-mini.sim;deterministic.sim;sample-period-2.sim;only-body.sim,jobs/gpu/*.csv; jobs/gpu/*.history.csv; jobs/gpu/*.details.json,final_benchmark.csv; final_benchmark.history.csv; jobs/cpu/*.details.json,cross-configuration descriptive contrast; not a controlled method effect
mini_ea,Mini Framsticks EA,14100,150,1.3769882,1.64273925,1.9399265749999999,"retained_best_so_far=max(best_score,seed_source_fitness)",eval-allcriteria.sim,eval-allcriteria-mini.sim;deterministic.sim;sample-period-2.sim;only-body.sim,jobs/gpu/*.csv; jobs/gpu/*.history.csv; jobs/gpu/*.details.json,final_benchmark.csv; final_benchmark.history.csv; jobs/cpu/*.details.json,cross-configuration descriptive contrast; not a controlled method effect
mini_ea,Mini Framsticks EA,14200,150,1.3769882,1.6427426999999999,1.9399265749999999,"retained_best_so_far=max(best_score,seed_source_fitness)",eval-allcriteria.sim,eval-allcriteria-mini.sim;deterministic.sim;sample-period-2.sim;only-body.sim,jobs/gpu/*.csv; jobs/gpu/*.history.csv; jobs/gpu/*.details.json,final_benchmark.csv; final_benchmark.history.csv; jobs/cpu/*.details.json,cross-configuration descriptive contrast; not a controlled method effect
mini_ea,Mini Framsticks EA,14300,150,1.3769882,1.64285645,1.9400024249999999,"retained_best_so_far=max(best_score,seed_source_fitness)",eval-allcriteria.sim,eval-allcriteria-mini.sim;deterministic.sim;sample-period-2.sim;only-body.sim,jobs/gpu/*.csv; jobs/gpu/*.history.csv; jobs/gpu/*.details.json,final_benchmark.csv; final_benchmark.history.csv; jobs/cpu/*.details.json,cross-configuration descriptive contrast; not a controlled method effect
mini_ea,Mini Framsticks EA,14400,150,1.3769882,1.64285645,1.9516694999999999,"retained_best_so_far=max(best_score,seed_source_fitness)",eval-allcriteria.sim,eval-allcriteria-mini.sim;deterministic.sim;sample-period-2.sim;only-body.sim,jobs/gpu/*.csv; jobs/gpu/*.history.csv; jobs/gpu/*.details.json,final_benchmark.csv; final_benchmark.history.csv; jobs/cpu/*.details.json,cross-configuration descriptive contrast; not a controlled method effect
mini_ea,Mini Framsticks EA,14500,150,1.3769882,1.64285645,1.9524151000000001,"retained_best_so_far=max(best_score,seed_source_fitness)",eval-allcriteria.sim,eval-allcriteria-mini.sim;deterministic.sim;sample-period-2.sim;only-body.sim,jobs/gpu/*.csv; jobs/gpu/*.history.csv; jobs/gpu/*.details.json,final_benchmark.csv; final_benchmark.history.csv; jobs/cpu/*.details.json,cross-configuration descriptive contrast; not a controlled method effect
mini_ea,Mini Framsticks EA,14600,150,1.3811967250000001,1.6429010499999999,1.95243685,"retained_best_so_far=max(best_score,seed_source_fitness)",eval-allcriteria.sim,eval-allcriteria-mini.sim;deterministic.sim;sample-period-2.sim;only-body.sim,jobs/gpu/*.csv; jobs/gpu/*.history.csv; jobs/gpu/*.details.json,final_benchmark.csv; final_benchmark.history.csv; jobs/cpu/*.details.json,cross-configuration descriptive contrast; not a controlled method effect
mini_ea,Mini Framsticks EA,14700,150,1.3811967250000001,1.6429010499999999,1.95243685,"retained_best_so_far=max(best_score,seed_source_fitness)",eval-allcriteria.sim,eval-allcriteria-mini.sim;deterministic.sim;sample-period-2.sim;only-body.sim,jobs/gpu/*.csv; jobs/gpu/*.history.csv; jobs/gpu/*.details.json,final_benchmark.csv; final_benchmark.history.csv; jobs/cpu/*.details.json,cross-configuration descriptive contrast; not a controlled method effect
mini_ea,Mini Framsticks EA,14800,150,1.3811967250000001,1.6429010499999999,1.95243685,"retained_best_so_far=max(best_score,seed_source_fitness)",eval-allcriteria.sim,eval-allcriteria-mini.sim;deterministic.sim;sample-period-2.sim;only-body.sim,jobs/gpu/*.csv; jobs/gpu/*.history.csv; jobs/gpu/*.details.json,final_benchmark.csv; final_benchmark.history.csv; jobs/cpu/*.details.json,cross-configuration descriptive contrast; not a controlled method effect
mini_ea,Mini Framsticks EA,14900,150,1.3811967250000001,1.6429098999999998,1.952439925,"retained_best_so_far=max(best_score,seed_source_fitness)",eval-allcriteria.sim,eval-allcriteria-mini.sim;deterministic.sim;sample-period-2.sim;only-body.sim,jobs/gpu/*.csv; jobs/gpu/*.history.csv; jobs/gpu/*.details.json,final_benchmark.csv; final_benchmark.history.csv; jobs/cpu/*.details.json,cross-configuration descriptive contrast; not a controlled method effect
mini_ea,Mini Framsticks EA,15000,150,1.381917775,1.6429098999999998,1.952439925,"retained_best_so_far=max(best_score,seed_source_fitness)",eval-allcriteria.sim,eval-allcriteria-mini.sim;deterministic.sim;sample-period-2.sim;only-body.sim,jobs/gpu/*.csv; jobs/gpu/*.history.csv; jobs/gpu/*.details.json,final_benchmark.csv; final_benchmark.history.csv; jobs/cpu/*.details.json,cross-configuration descriptive contrast; not a controlled method effect
mini_ea,Mini Framsticks EA,15100,150,1.381917775,1.64292215,1.952439925,"retained_best_so_far=max(best_score,seed_source_fitness)",eval-allcriteria.sim,eval-allcriteria-mini.sim;deterministic.sim;sample-period-2.sim;only-body.sim,jobs/gpu/*.csv; jobs/gpu/*.history.csv; jobs/gpu/*.details.json,final_benchmark.csv; final_benchmark.history.csv; jobs/cpu/*.details.json,cross-configuration descriptive contrast; not a controlled method effect
mini_ea,Mini Framsticks EA,15200,150,1.381917775,1.64292215,1.952439925,"retained_best_so_far=max(best_score,seed_source_fitness)",eval-allcriteria.sim,eval-allcriteria-mini.sim;deterministic.sim;sample-period-2.sim;only-body.sim,jobs/gpu/*.csv; jobs/gpu/*.history.csv; jobs/gpu/*.details.json,final_benchmark.csv; final_benchmark.history.csv; jobs/cpu/*.details.json,cross-configuration descriptive contrast; not a controlled method effect
mini_ea,Mini Framsticks EA,15300,150,1.381917775,1.64292525,1.9524778,"retained_best_so_far=max(best_score,seed_source_fitness)",eval-allcriteria.sim,eval-allcriteria-mini.sim;deterministic.sim;sample-period-2.sim;only-body.sim,jobs/gpu/*.csv; jobs/gpu/*.history.csv; jobs/gpu/*.details.json,final_benchmark.csv; final_benchmark.history.csv; jobs/cpu/*.details.json,cross-configuration descriptive contrast; not a controlled method effect
mini_ea,Mini Framsticks EA,15400,150,1.3830684,1.64292525,1.9524778,"retained_best_so_far=max(best_score,seed_source_fitness)",eval-allcriteria.sim,eval-allcriteria-mini.sim;deterministic.sim;sample-period-2.sim;only-body.sim,jobs/gpu/*.csv; jobs/gpu/*.history.csv; jobs/gpu/*.details.json,final_benchmark.csv; final_benchmark.history.csv; jobs/cpu/*.details.json,cross-configuration descriptive contrast; not a controlled method effect
mini_ea,Mini Framsticks EA,15500,150,1.383174675,1.6429389999999999,1.9524778,"retained_best_so_far=max(best_score,seed_source_fitness)",eval-allcriteria.sim,eval-allcriteria-mini.sim;deterministic.sim;sample-period-2.sim;only-body.sim,jobs/gpu/*.csv; jobs/gpu/*.history.csv; jobs/gpu/*.details.json,final_benchmark.csv; final_benchmark.history.csv; jobs/cpu/*.details.json,cross-configuration descriptive contrast; not a controlled method effect
mini_ea,Mini Framsticks EA,15600,150,1.383174675,1.6429805499999999,1.9524778,"retained_best_so_far=max(best_score,seed_source_fitness)",eval-allcriteria.sim,eval-allcriteria-mini.sim;deterministic.sim;sample-period-2.sim;only-body.sim,jobs/gpu/*.csv; jobs/gpu/*.history.csv; jobs/gpu/*.details.json,final_benchmark.csv; final_benchmark.history.csv; jobs/cpu/*.details.json,cross-configuration descriptive contrast; not a controlled method effect
mini_ea,Mini Framsticks EA,15700,150,1.383184875,1.6429873500000001,1.9524778,"retained_best_so_far=max(best_score,seed_source_fitness)",eval-allcriteria.sim,eval-allcriteria-mini.sim;deterministic.sim;sample-period-2.sim;only-body.sim,jobs/gpu/*.csv; jobs/gpu/*.history.csv; jobs/gpu/*.details.json,final_benchmark.csv; final_benchmark.history.csv; jobs/cpu/*.details.json,cross-configuration descriptive contrast; not a controlled method effect
mini_ea,Mini Framsticks EA,15800,150,1.38344445,1.6429873500000001,1.9525272499999999,"retained_best_so_far=max(best_score,seed_source_fitness)",eval-allcriteria.sim,eval-allcriteria-mini.sim;deterministic.sim;sample-period-2.sim;only-body.sim,jobs/gpu/*.csv; jobs/gpu/*.history.csv; jobs/gpu/*.details.json,final_benchmark.csv; final_benchmark.history.csv; jobs/cpu/*.details.json,cross-configuration descriptive contrast; not a controlled method effect
mini_ea,Mini Framsticks EA,15900,150,1.3837793249999999,1.6429873500000001,1.952568375,"retained_best_so_far=max(best_score,seed_source_fitness)",eval-allcriteria.sim,eval-allcriteria-mini.sim;deterministic.sim;sample-period-2.sim;only-body.sim,jobs/gpu/*.csv; jobs/gpu/*.history.csv; jobs/gpu/*.details.json,final_benchmark.csv; final_benchmark.history.csv; jobs/cpu/*.details.json,cross-configuration descriptive contrast; not a controlled method effect
mini_ea,Mini Framsticks EA,16000,150,1.3837793249999999,1.6429908,1.952568375,"retained_best_so_far=max(best_score,seed_source_fitness)",eval-allcriteria.sim,eval-allcriteria-mini.sim;deterministic.sim;sample-period-2.sim;only-body.sim,jobs/gpu/*.csv; jobs/gpu/*.history.csv; jobs/gpu/*.details.json,final_benchmark.csv; final_benchmark.history.csv; jobs/cpu/*.details.json,cross-configuration descriptive contrast; not a controlled method effect
mini_ea,Mini Framsticks EA,16100,150,1.38378545,1.6430350499999999,1.952568375,"retained_best_so_far=max(best_score,seed_source_fitness)",eval-allcriteria.sim,eval-allcriteria-mini.sim;deterministic.sim;sample-period-2.sim;only-body.sim,jobs/gpu/*.csv; jobs/gpu/*.history.csv; jobs/gpu/*.details.json,final_benchmark.csv; final_benchmark.history.csv; jobs/cpu/*.details.json,cross-configuration descriptive contrast; not a controlled method effect
mini_ea,Mini Framsticks EA,16200,150,1.3838028,1.6430396,1.95260045,"retained_best_so_far=max(best_score,seed_source_fitness)",eval-allcriteria.sim,eval-allcriteria-mini.sim;deterministic.sim;sample-period-2.sim;only-body.sim,jobs/gpu/*.csv; jobs/gpu/*.history.csv; jobs/gpu/*.details.json,final_benchmark.csv; final_benchmark.history.csv; jobs/cpu/*.details.json,cross-configuration descriptive contrast; not a controlled method effect
mini_ea,Mini Framsticks EA,16300,150,1.385321925,1.6430719499999999,1.95260045,"retained_best_so_far=max(best_score,seed_source_fitness)",eval-allcriteria.sim,eval-allcriteria-mini.sim;deterministic.sim;sample-period-2.sim;only-body.sim,jobs/gpu/*.csv; jobs/gpu/*.history.csv; jobs/gpu/*.details.json,final_benchmark.csv; final_benchmark.history.csv; jobs/cpu/*.details.json,cross-configuration descriptive contrast; not a controlled method effect
mini_ea,Mini Framsticks EA,16400,150,1.3858709249999999,1.6430719499999999,1.9526076250000002,"retained_best_so_far=max(best_score,seed_source_fitness)",eval-allcriteria.sim,eval-allcriteria-mini.sim;deterministic.sim;sample-period-2.sim;only-body.sim,jobs/gpu/*.csv; jobs/gpu/*.history.csv; jobs/gpu/*.details.json,final_benchmark.csv; final_benchmark.history.csv; jobs/cpu/*.details.json,cross-configuration descriptive contrast; not a controlled method effect
mini_ea,Mini Framsticks EA,16500,150,1.3858709249999999,1.6430719499999999,1.95263575,"retained_best_so_far=max(best_score,seed_source_fitness)",eval-allcriteria.sim,eval-allcriteria-mini.sim;deterministic.sim;sample-period-2.sim;only-body.sim,jobs/gpu/*.csv; jobs/gpu/*.history.csv; jobs/gpu/*.details.json,final_benchmark.csv; final_benchmark.history.csv; jobs/cpu/*.details.json,cross-configuration descriptive contrast; not a controlled method effect
mini_ea,Mini Framsticks EA,16600,150,1.3858851999999999,1.6430719499999999,1.952651425,"retained_best_so_far=max(best_score,seed_source_fitness)",eval-allcriteria.sim,eval-allcriteria-mini.sim;deterministic.sim;sample-period-2.sim;only-body.sim,jobs/gpu/*.csv; jobs/gpu/*.history.csv; jobs/gpu/*.details.json,final_benchmark.csv; final_benchmark.history.csv; jobs/cpu/*.details.json,cross-configuration descriptive contrast; not a controlled method effect
mini_ea,Mini Framsticks EA,16700,150,1.3858851999999999,1.6430719499999999,1.952651425,"retained_best_so_far=max(best_score,seed_source_fitness)",eval-allcriteria.sim,eval-allcriteria-mini.sim;deterministic.sim;sample-period-2.sim;only-body.sim,jobs/gpu/*.csv; jobs/gpu/*.history.csv; jobs/gpu/*.details.json,final_benchmark.csv; final_benchmark.history.csv; jobs/cpu/*.details.json,cross-configuration descriptive contrast; not a controlled method effect
mini_ea,Mini Framsticks EA,16800,150,1.3858899499999999,1.6437279,1.952651425,"retained_best_so_far=max(best_score,seed_source_fitness)",eval-allcriteria.sim,eval-allcriteria-mini.sim;deterministic.sim;sample-period-2.sim;only-body.sim,jobs/gpu/*.csv; jobs/gpu/*.history.csv; jobs/gpu/*.details.json,final_benchmark.csv; final_benchmark.history.csv; jobs/cpu/*.details.json,cross-configuration descriptive contrast; not a controlled method effect
mini_ea,Mini Framsticks EA,16900,150,1.392869675,1.6437279,1.952651425,"retained_best_so_far=max(best_score,seed_source_fitness)",eval-allcriteria.sim,eval-allcriteria-mini.sim;deterministic.sim;sample-period-2.sim;only-body.sim,jobs/gpu/*.csv; jobs/gpu/*.history.csv; jobs/gpu/*.details.json,final_benchmark.csv; final_benchmark.history.csv; jobs/cpu/*.details.json,cross-configuration descriptive contrast; not a controlled method effect
mini_ea,Mini Framsticks EA,17000,150,1.3930039750000001,1.6437775000000001,1.9526768000000001,"retained_best_so_far=max(best_score,seed_source_fitness)",eval-allcriteria.sim,eval-allcriteria-mini.sim;deterministic.sim;sample-period-2.sim;only-body.sim,jobs/gpu/*.csv; jobs/gpu/*.history.csv; jobs/gpu/*.details.json,final_benchmark.csv; final_benchmark.history.csv; jobs/cpu/*.details.json,cross-configuration descriptive contrast; not a controlled method effect
mini_ea,Mini Framsticks EA,17100,150,1.3930039750000001,1.6437794999999999,1.9526835499999999,"retained_best_so_far=max(best_score,seed_source_fitness)",eval-allcriteria.sim,eval-allcriteria-mini.sim;deterministic.sim;sample-period-2.sim;only-body.sim,jobs/gpu/*.csv; jobs/gpu/*.history.csv; jobs/gpu/*.details.json,final_benchmark.csv; final_benchmark.history.csv; jobs/cpu/*.details.json,cross-configuration descriptive contrast; not a controlled method effect
mini_ea,Mini Framsticks EA,17200,150,1.3937450249999999,1.6437811,1.9526964,"retained_best_so_far=max(best_score,seed_source_fitness)",eval-allcriteria.sim,eval-allcriteria-mini.sim;deterministic.sim;sample-period-2.sim;only-body.sim,jobs/gpu/*.csv; jobs/gpu/*.history.csv; jobs/gpu/*.details.json,final_benchmark.csv; final_benchmark.history.csv; jobs/cpu/*.details.json,cross-configuration descriptive contrast; not a controlled method effect
mini_ea,Mini Framsticks EA,17300,150,1.3937450249999999,1.6437811,1.952696625,"retained_best_so_far=max(best_score,seed_source_fitness)",eval-allcriteria.sim,eval-allcriteria-mini.sim;deterministic.sim;sample-period-2.sim;only-body.sim,jobs/gpu/*.csv; jobs/gpu/*.history.csv; jobs/gpu/*.details.json,final_benchmark.csv; final_benchmark.history.csv; jobs/cpu/*.details.json,cross-configuration descriptive contrast; not a controlled method effect
mini_ea,Mini Framsticks EA,17400,150,1.3937450249999999,1.6437823499999999,1.952696625,"retained_best_so_far=max(best_score,seed_source_fitness)",eval-allcriteria.sim,eval-allcriteria-mini.sim;deterministic.sim;sample-period-2.sim;only-body.sim,jobs/gpu/*.csv; jobs/gpu/*.history.csv; jobs/gpu/*.details.json,final_benchmark.csv; final_benchmark.history.csv; jobs/cpu/*.details.json,cross-configuration descriptive contrast; not a controlled method effect
mini_ea,Mini Framsticks EA,17500,150,1.3937450249999999,1.6438123499999999,1.952726875,"retained_best_so_far=max(best_score,seed_source_fitness)",eval-allcriteria.sim,eval-allcriteria-mini.sim;deterministic.sim;sample-period-2.sim;only-body.sim,jobs/gpu/*.csv; jobs/gpu/*.history.csv; jobs/gpu/*.details.json,final_benchmark.csv; final_benchmark.history.csv; jobs/cpu/*.details.json,cross-configuration descriptive contrast; not a controlled method effect
mini_ea,Mini Framsticks EA,17600,150,1.393805325,1.64381245,1.9527588,"retained_best_so_far=max(best_score,seed_source_fitness)",eval-allcriteria.sim,eval-allcriteria-mini.sim;deterministic.sim;sample-period-2.sim;only-body.sim,jobs/gpu/*.csv; jobs/gpu/*.history.csv; jobs/gpu/*.details.json,final_benchmark.csv; final_benchmark.history.csv; jobs/cpu/*.details.json,cross-configuration descriptive contrast; not a controlled method effect
mini_ea,Mini Framsticks EA,17700,150,1.3939046500000001,1.64381245,1.9527588,"retained_best_so_far=max(best_score,seed_source_fitness)",eval-allcriteria.sim,eval-allcriteria-mini.sim;deterministic.sim;sample-period-2.sim;only-body.sim,jobs/gpu/*.csv; jobs/gpu/*.history.csv; jobs/gpu/*.details.json,final_benchmark.csv; final_benchmark.history.csv; jobs/cpu/*.details.json,cross-configuration descriptive contrast; not a controlled method effect
mini_ea,Mini Framsticks EA,17800,150,1.3939046500000001,1.64383265,1.9527588,"retained_best_so_far=max(best_score,seed_source_fitness)",eval-allcriteria.sim,eval-allcriteria-mini.sim;deterministic.sim;sample-period-2.sim;only-body.sim,jobs/gpu/*.csv; jobs/gpu/*.history.csv; jobs/gpu/*.details.json,final_benchmark.csv; final_benchmark.history.csv; jobs/cpu/*.details.json,cross-configuration descriptive contrast; not a controlled method effect
mini_ea,Mini Framsticks EA,17900,150,1.3939046500000001,1.643834,1.9527747,"retained_best_so_far=max(best_score,seed_source_fitness)",eval-allcriteria.sim,eval-allcriteria-mini.sim;deterministic.sim;sample-period-2.sim;only-body.sim,jobs/gpu/*.csv; jobs/gpu/*.history.csv; jobs/gpu/*.details.json,final_benchmark.csv; final_benchmark.history.csv; jobs/cpu/*.details.json,cross-configuration descriptive contrast; not a controlled method effect
mini_ea,Mini Framsticks EA,18000,150,1.3945412500000001,1.643834,1.9527752999999999,"retained_best_so_far=max(best_score,seed_source_fitness)",eval-allcriteria.sim,eval-allcriteria-mini.sim;deterministic.sim;sample-period-2.sim;only-body.sim,jobs/gpu/*.csv; jobs/gpu/*.history.csv; jobs/gpu/*.details.json,final_benchmark.csv; final_benchmark.history.csv; jobs/cpu/*.details.json,cross-configuration descriptive contrast; not a controlled method effect
mini_ea,Mini Framsticks EA,18100,150,1.395765975,1.643834,1.9527752999999999,"retained_best_so_far=max(best_score,seed_source_fitness)",eval-allcriteria.sim,eval-allcriteria-mini.sim;deterministic.sim;sample-period-2.sim;only-body.sim,jobs/gpu/*.csv; jobs/gpu/*.history.csv; jobs/gpu/*.details.json,final_benchmark.csv; final_benchmark.history.csv; jobs/cpu/*.details.json,cross-configuration descriptive contrast; not a controlled method effect
mini_ea,Mini Framsticks EA,18200,150,1.39584705,1.643834,1.952777175,"retained_best_so_far=max(best_score,seed_source_fitness)",eval-allcriteria.sim,eval-allcriteria-mini.sim;deterministic.sim;sample-period-2.sim;only-body.sim,jobs/gpu/*.csv; jobs/gpu/*.history.csv; jobs/gpu/*.details.json,final_benchmark.csv; final_benchmark.history.csv; jobs/cpu/*.details.json,cross-configuration descriptive contrast; not a controlled method effect
mini_ea,Mini Framsticks EA,18300,150,1.39584705,1.6438570000000001,1.952796725,"retained_best_so_far=max(best_score,seed_source_fitness)",eval-allcriteria.sim,eval-allcriteria-mini.sim;deterministic.sim;sample-period-2.sim;only-body.sim,jobs/gpu/*.csv; jobs/gpu/*.history.csv; jobs/gpu/*.details.json,final_benchmark.csv; final_benchmark.history.csv; jobs/cpu/*.details.json,cross-configuration descriptive contrast; not a controlled method effect
mini_ea,Mini Framsticks EA,18400,150,1.39584705,1.6438570000000001,1.9528004000000001,"retained_best_so_far=max(best_score,seed_source_fitness)",eval-allcriteria.sim,eval-allcriteria-mini.sim;deterministic.sim;sample-period-2.sim;only-body.sim,jobs/gpu/*.csv; jobs/gpu/*.history.csv; jobs/gpu/*.details.json,final_benchmark.csv; final_benchmark.history.csv; jobs/cpu/*.details.json,cross-configuration descriptive contrast; not a controlled method effect
mini_ea,Mini Framsticks EA,18500,150,1.39584705,1.6438570000000001,1.9528047500000001,"retained_best_so_far=max(best_score,seed_source_fitness)",eval-allcriteria.sim,eval-allcriteria-mini.sim;deterministic.sim;sample-period-2.sim;only-body.sim,jobs/gpu/*.csv; jobs/gpu/*.history.csv; jobs/gpu/*.details.json,final_benchmark.csv; final_benchmark.history.csv; jobs/cpu/*.details.json,cross-configuration descriptive contrast; not a controlled method effect
mini_ea,Mini Framsticks EA,18600,150,1.39584705,1.6438572,1.9528047500000001,"retained_best_so_far=max(best_score,seed_source_fitness)",eval-allcriteria.sim,eval-allcriteria-mini.sim;deterministic.sim;sample-period-2.sim;only-body.sim,jobs/gpu/*.csv; jobs/gpu/*.history.csv; jobs/gpu/*.details.json,final_benchmark.csv; final_benchmark.history.csv; jobs/cpu/*.details.json,cross-configuration descriptive contrast; not a controlled method effect
mini_ea,Mini Framsticks EA,18700,150,1.39584705,1.6438581999999999,1.95281255,"retained_best_so_far=max(best_score,seed_source_fitness)",eval-allcriteria.sim,eval-allcriteria-mini.sim;deterministic.sim;sample-period-2.sim;only-body.sim,jobs/gpu/*.csv; jobs/gpu/*.history.csv; jobs/gpu/*.details.json,final_benchmark.csv; final_benchmark.history.csv; jobs/cpu/*.details.json,cross-configuration descriptive contrast; not a controlled method effect
mini_ea,Mini Framsticks EA,18800,150,1.3961742749999999,1.6438591499999999,1.95281255,"retained_best_so_far=max(best_score,seed_source_fitness)",eval-allcriteria.sim,eval-allcriteria-mini.sim;deterministic.sim;sample-period-2.sim;only-body.sim,jobs/gpu/*.csv; jobs/gpu/*.history.csv; jobs/gpu/*.details.json,final_benchmark.csv; final_benchmark.history.csv; jobs/cpu/*.details.json,cross-configuration descriptive contrast; not a controlled method effect
mini_ea,Mini Framsticks EA,18900,150,1.3961742749999999,1.6438701999999998,1.952817375,"retained_best_so_far=max(best_score,seed_source_fitness)",eval-allcriteria.sim,eval-allcriteria-mini.sim;deterministic.sim;sample-period-2.sim;only-body.sim,jobs/gpu/*.csv; jobs/gpu/*.history.csv; jobs/gpu/*.details.json,final_benchmark.csv; final_benchmark.history.csv; jobs/cpu/*.details.json,cross-configuration descriptive contrast; not a controlled method effect
mini_ea,Mini Framsticks EA,19000,150,1.3961742749999999,1.6438705499999999,1.952817375,"retained_best_so_far=max(best_score,seed_source_fitness)",eval-allcriteria.sim,eval-allcriteria-mini.sim;deterministic.sim;sample-period-2.sim;only-body.sim,jobs/gpu/*.csv; jobs/gpu/*.history.csv; jobs/gpu/*.details.json,final_benchmark.csv; final_benchmark.history.csv; jobs/cpu/*.details.json,cross-configuration descriptive contrast; not a controlled method effect
mini_ea,Mini Framsticks EA,19100,150,1.3961742749999999,1.6438705499999999,1.952817375,"retained_best_so_far=max(best_score,seed_source_fitness)",eval-allcriteria.sim,eval-allcriteria-mini.sim;deterministic.sim;sample-period-2.sim;only-body.sim,jobs/gpu/*.csv; jobs/gpu/*.history.csv; jobs/gpu/*.details.json,final_benchmark.csv; final_benchmark.history.csv; jobs/cpu/*.details.json,cross-configuration descriptive contrast; not a controlled method effect
mini_ea,Mini Framsticks EA,19200,150,1.3961742749999999,1.6438705499999999,1.9528294000000002,"retained_best_so_far=max(best_score,seed_source_fitness)",eval-allcriteria.sim,eval-allcriteria-mini.sim;deterministic.sim;sample-period-2.sim;only-body.sim,jobs/gpu/*.csv; jobs/gpu/*.history.csv; jobs/gpu/*.details.json,final_benchmark.csv; final_benchmark.history.csv; jobs/cpu/*.details.json,cross-configuration descriptive contrast; not a controlled method effect
mini_ea,Mini Framsticks EA,19300,150,1.3967037,1.64387335,1.9528310750000002,"retained_best_so_far=max(best_score,seed_source_fitness)",eval-allcriteria.sim,eval-allcriteria-mini.sim;deterministic.sim;sample-period-2.sim;only-body.sim,jobs/gpu/*.csv; jobs/gpu/*.history.csv; jobs/gpu/*.details.json,final_benchmark.csv; final_benchmark.history.csv; jobs/cpu/*.details.json,cross-configuration descriptive contrast; not a controlled method effect
mini_ea,Mini Framsticks EA,19400,150,1.3967037,1.6438844500000001,1.9528426249999999,"retained_best_so_far=max(best_score,seed_source_fitness)",eval-allcriteria.sim,eval-allcriteria-mini.sim;deterministic.sim;sample-period-2.sim;only-body.sim,jobs/gpu/*.csv; jobs/gpu/*.history.csv; jobs/gpu/*.details.json,final_benchmark.csv; final_benchmark.history.csv; jobs/cpu/*.details.json,cross-configuration descriptive contrast; not a controlled method effect
mini_ea,Mini Framsticks EA,19500,150,1.3967037,1.6438967500000001,1.952846525,"retained_best_so_far=max(best_score,seed_source_fitness)",eval-allcriteria.sim,eval-allcriteria-mini.sim;deterministic.sim;sample-period-2.sim;only-body.sim,jobs/gpu/*.csv; jobs/gpu/*.history.csv; jobs/gpu/*.details.json,final_benchmark.csv; final_benchmark.history.csv; jobs/cpu/*.details.json,cross-configuration descriptive contrast; not a controlled method effect
mini_ea,Mini Framsticks EA,19600,150,1.3967037,1.6438967500000001,1.952846525,"retained_best_so_far=max(best_score,seed_source_fitness)",eval-allcriteria.sim,eval-allcriteria-mini.sim;deterministic.sim;sample-period-2.sim;only-body.sim,jobs/gpu/*.csv; jobs/gpu/*.history.csv; jobs/gpu/*.details.json,final_benchmark.csv; final_benchmark.history.csv; jobs/cpu/*.details.json,cross-configuration descriptive contrast; not a controlled method effect
mini_ea,Mini Framsticks EA,19700,150,1.3967037,1.6438967500000001,1.952846525,"retained_best_so_far=max(best_score,seed_source_fitness)",eval-allcriteria.sim,eval-allcriteria-mini.sim;deterministic.sim;sample-period-2.sim;only-body.sim,jobs/gpu/*.csv; jobs/gpu/*.history.csv; jobs/gpu/*.details.json,final_benchmark.csv; final_benchmark.history.csv; jobs/cpu/*.details.json,cross-configuration descriptive contrast; not a controlled method effect
mini_ea,Mini Framsticks EA,19800,150,1.3968235500000001,1.64389725,1.952846525,"retained_best_so_far=max(best_score,seed_source_fitness)",eval-allcriteria.sim,eval-allcriteria-mini.sim;deterministic.sim;sample-period-2.sim;only-body.sim,jobs/gpu/*.csv; jobs/gpu/*.history.csv; jobs/gpu/*.details.json,final_benchmark.csv; final_benchmark.history.csv; jobs/cpu/*.details.json,cross-configuration descriptive contrast; not a controlled method effect
mini_ea,Mini Framsticks EA,19900,150,1.3970549249999999,1.6439087999999999,1.952846525,"retained_best_so_far=max(best_score,seed_source_fitness)",eval-allcriteria.sim,eval-allcriteria-mini.sim;deterministic.sim;sample-period-2.sim;only-body.sim,jobs/gpu/*.csv; jobs/gpu/*.history.csv; jobs/gpu/*.details.json,final_benchmark.csv; final_benchmark.history.csv; jobs/cpu/*.details.json,cross-configuration descriptive contrast; not a controlled method effect
mini_ea,Mini Framsticks EA,20000,150,1.3970549249999999,1.6439087999999999,1.9528554499999999,"retained_best_so_far=max(best_score,seed_source_fitness)",eval-allcriteria.sim,eval-allcriteria-mini.sim;deterministic.sim;sample-period-2.sim;only-body.sim,jobs/gpu/*.csv; jobs/gpu/*.history.csv; jobs/gpu/*.details.json,final_benchmark.csv; final_benchmark.history.csv; jobs/cpu/*.details.json,cross-configuration descriptive contrast; not a controlled method effect
mini_ea,Mini Framsticks EA,20100,150,1.3970549249999999,1.6439093499999999,1.9528554499999999,"retained_best_so_far=max(best_score,seed_source_fitness)",eval-allcriteria.sim,eval-allcriteria-mini.sim;deterministic.sim;sample-period-2.sim;only-body.sim,jobs/gpu/*.csv; jobs/gpu/*.history.csv; jobs/gpu/*.details.json,final_benchmark.csv; final_benchmark.history.csv; jobs/cpu/*.details.json,cross-configuration descriptive contrast; not a controlled method effect
mini_ea,Mini Framsticks EA,20200,150,1.3970549249999999,1.6439093499999999,1.9528560749999999,"retained_best_so_far=max(best_score,seed_source_fitness)",eval-allcriteria.sim,eval-allcriteria-mini.sim;deterministic.sim;sample-period-2.sim;only-body.sim,jobs/gpu/*.csv; jobs/gpu/*.history.csv; jobs/gpu/*.details.json,final_benchmark.csv; final_benchmark.history.csv; jobs/cpu/*.details.json,cross-configuration descriptive contrast; not a controlled method effect
mini_ea,Mini Framsticks EA,20300,150,1.3970549249999999,1.6439153499999999,1.9528685750000001,"retained_best_so_far=max(best_score,seed_source_fitness)",eval-allcriteria.sim,eval-allcriteria-mini.sim;deterministic.sim;sample-period-2.sim;only-body.sim,jobs/gpu/*.csv; jobs/gpu/*.history.csv; jobs/gpu/*.details.json,final_benchmark.csv; final_benchmark.history.csv; jobs/cpu/*.details.json,cross-configuration descriptive contrast; not a controlled method effect
mini_ea,Mini Framsticks EA,20400,150,1.3970549249999999,1.6439191000000002,1.9528685750000001,"retained_best_so_far=max(best_score,seed_source_fitness)",eval-allcriteria.sim,eval-allcriteria-mini.sim;deterministic.sim;sample-period-2.sim;only-body.sim,jobs/gpu/*.csv; jobs/gpu/*.history.csv; jobs/gpu/*.details.json,final_benchmark.csv; final_benchmark.history.csv; jobs/cpu/*.details.json,cross-configuration descriptive contrast; not a controlled method effect
mini_ea,Mini Framsticks EA,20500,150,1.3970549249999999,1.6439284999999999,1.95286925,"retained_best_so_far=max(best_score,seed_source_fitness)",eval-allcriteria.sim,eval-allcriteria-mini.sim;deterministic.sim;sample-period-2.sim;only-body.sim,jobs/gpu/*.csv; jobs/gpu/*.history.csv; jobs/gpu/*.details.json,final_benchmark.csv; final_benchmark.history.csv; jobs/cpu/*.details.json,cross-configuration descriptive contrast; not a controlled method effect
mini_ea,Mini Framsticks EA,20600,150,1.39719075,1.6439284999999999,1.9528708749999999,"retained_best_so_far=max(best_score,seed_source_fitness)",eval-allcriteria.sim,eval-allcriteria-mini.sim;deterministic.sim;sample-period-2.sim;only-body.sim,jobs/gpu/*.csv; jobs/gpu/*.history.csv; jobs/gpu/*.details.json,final_benchmark.csv; final_benchmark.history.csv; jobs/cpu/*.details.json,cross-configuration descriptive contrast; not a controlled method effect
mini_ea,Mini Framsticks EA,20700,150,1.39719075,1.6439284999999999,1.9528738749999999,"retained_best_so_far=max(best_score,seed_source_fitness)",eval-allcriteria.sim,eval-allcriteria-mini.sim;deterministic.sim;sample-period-2.sim;only-body.sim,jobs/gpu/*.csv; jobs/gpu/*.history.csv; jobs/gpu/*.details.json,final_benchmark.csv; final_benchmark.history.csv; jobs/cpu/*.details.json,cross-configuration descriptive contrast; not a controlled method effect
mini_ea,Mini Framsticks EA,20800,150,1.39719075,1.64392885,1.95298485,"retained_best_so_far=max(best_score,seed_source_fitness)",eval-allcriteria.sim,eval-allcriteria-mini.sim;deterministic.sim;sample-period-2.sim;only-body.sim,jobs/gpu/*.csv; jobs/gpu/*.history.csv; jobs/gpu/*.details.json,final_benchmark.csv; final_benchmark.history.csv; jobs/cpu/*.details.json,cross-configuration descriptive contrast; not a controlled method effect
mini_ea,Mini Framsticks EA,20900,150,1.39719075,1.64392885,1.957109,"retained_best_so_far=max(best_score,seed_source_fitness)",eval-allcriteria.sim,eval-allcriteria-mini.sim;deterministic.sim;sample-period-2.sim;only-body.sim,jobs/gpu/*.csv; jobs/gpu/*.history.csv; jobs/gpu/*.details.json,final_benchmark.csv; final_benchmark.history.csv; jobs/cpu/*.details.json,cross-configuration descriptive contrast; not a controlled method effect
mini_ea,Mini Framsticks EA,21000,150,1.39719075,1.6439294499999999,1.957109,"retained_best_so_far=max(best_score,seed_source_fitness)",eval-allcriteria.sim,eval-allcriteria-mini.sim;deterministic.sim;sample-period-2.sim;only-body.sim,jobs/gpu/*.csv; jobs/gpu/*.history.csv; jobs/gpu/*.details.json,final_benchmark.csv; final_benchmark.history.csv; jobs/cpu/*.details.json,cross-configuration descriptive contrast; not a controlled method effect
mini_ea,Mini Framsticks EA,21100,150,1.3973605499999999,1.64392965,1.957109,"retained_best_so_far=max(best_score,seed_source_fitness)",eval-allcriteria.sim,eval-allcriteria-mini.sim;deterministic.sim;sample-period-2.sim;only-body.sim,jobs/gpu/*.csv; jobs/gpu/*.history.csv; jobs/gpu/*.details.json,final_benchmark.csv; final_benchmark.history.csv; jobs/cpu/*.details.json,cross-configuration descriptive contrast; not a controlled method effect
mini_ea,Mini Framsticks EA,21200,150,1.3973605499999999,1.6439314,1.957109,"retained_best_so_far=max(best_score,seed_source_fitness)",eval-allcriteria.sim,eval-allcriteria-mini.sim;deterministic.sim;sample-period-2.sim;only-body.sim,jobs/gpu/*.csv; jobs/gpu/*.history.csv; jobs/gpu/*.details.json,final_benchmark.csv; final_benchmark.history.csv; jobs/cpu/*.details.json,cross-configuration descriptive contrast; not a controlled method effect
mini_ea,Mini Framsticks EA,21300,150,1.3974036000000001,1.6439314,1.957109,"retained_best_so_far=max(best_score,seed_source_fitness)",eval-allcriteria.sim,eval-allcriteria-mini.sim;deterministic.sim;sample-period-2.sim;only-body.sim,jobs/gpu/*.csv; jobs/gpu/*.history.csv; jobs/gpu/*.details.json,final_benchmark.csv; final_benchmark.history.csv; jobs/cpu/*.details.json,cross-configuration descriptive contrast; not a controlled method effect
mini_ea,Mini Framsticks EA,21400,150,1.397946825,1.6439362,1.957109,"retained_best_so_far=max(best_score,seed_source_fitness)",eval-allcriteria.sim,eval-allcriteria-mini.sim;deterministic.sim;sample-period-2.sim;only-body.sim,jobs/gpu/*.csv; jobs/gpu/*.history.csv; jobs/gpu/*.details.json,final_benchmark.csv; final_benchmark.history.csv; jobs/cpu/*.details.json,cross-configuration descriptive contrast; not a controlled method effect
mini_ea,Mini Framsticks EA,21500,150,1.397946825,1.6439362,1.9571095999999999,"retained_best_so_far=max(best_score,seed_source_fitness)",eval-allcriteria.sim,eval-allcriteria-mini.sim;deterministic.sim;sample-period-2.sim;only-body.sim,jobs/gpu/*.csv; jobs/gpu/*.history.csv; jobs/gpu/*.details.json,final_benchmark.csv; final_benchmark.history.csv; jobs/cpu/*.details.json,cross-configuration descriptive contrast; not a controlled method effect
mini_ea,Mini Framsticks EA,21600,150,1.397946825,1.6439381,1.9571095999999999,"retained_best_so_far=max(best_score,seed_source_fitness)",eval-allcriteria.sim,eval-allcriteria-mini.sim;deterministic.sim;sample-period-2.sim;only-body.sim,jobs/gpu/*.csv; jobs/gpu/*.history.csv; jobs/gpu/*.details.json,final_benchmark.csv; final_benchmark.history.csv; jobs/cpu/*.details.json,cross-configuration descriptive contrast; not a controlled method effect
mini_ea,Mini Framsticks EA,21700,150,1.3981037999999999,1.6439457,1.9571100000000001,"retained_best_so_far=max(best_score,seed_source_fitness)",eval-allcriteria.sim,eval-allcriteria-mini.sim;deterministic.sim;sample-period-2.sim;only-body.sim,jobs/gpu/*.csv; jobs/gpu/*.history.csv; jobs/gpu/*.details.json,final_benchmark.csv; final_benchmark.history.csv; jobs/cpu/*.details.json,cross-configuration descriptive contrast; not a controlled method effect
mini_ea,Mini Framsticks EA,21800,150,1.398374325,1.6439457,1.9571100000000001,"retained_best_so_far=max(best_score,seed_source_fitness)",eval-allcriteria.sim,eval-allcriteria-mini.sim;deterministic.sim;sample-period-2.sim;only-body.sim,jobs/gpu/*.csv; jobs/gpu/*.history.csv; jobs/gpu/*.details.json,final_benchmark.csv; final_benchmark.history.csv; jobs/cpu/*.details.json,cross-configuration descriptive contrast; not a controlled method effect
mini_ea,Mini Framsticks EA,21900,150,1.398374325,1.6439457,1.9571100000000001,"retained_best_so_far=max(best_score,seed_source_fitness)",eval-allcriteria.sim,eval-allcriteria-mini.sim;deterministic.sim;sample-period-2.sim;only-body.sim,jobs/gpu/*.csv; jobs/gpu/*.history.csv; jobs/gpu/*.details.json,final_benchmark.csv; final_benchmark.history.csv; jobs/cpu/*.details.json,cross-configuration descriptive contrast; not a controlled method effect
mini_ea,Mini Framsticks EA,22000,150,1.398374325,1.6439462499999999,1.9590952750000001,"retained_best_so_far=max(best_score,seed_source_fitness)",eval-allcriteria.sim,eval-allcriteria-mini.sim;deterministic.sim;sample-period-2.sim;only-body.sim,jobs/gpu/*.csv; jobs/gpu/*.history.csv; jobs/gpu/*.details.json,final_benchmark.csv; final_benchmark.history.csv; jobs/cpu/*.details.json,cross-configuration descriptive contrast; not a controlled method effect
mini_ea,Mini Framsticks EA,22100,150,1.398374325,1.64394825,1.9590996999999999,"retained_best_so_far=max(best_score,seed_source_fitness)",eval-allcriteria.sim,eval-allcriteria-mini.sim;deterministic.sim;sample-period-2.sim;only-body.sim,jobs/gpu/*.csv; jobs/gpu/*.history.csv; jobs/gpu/*.details.json,final_benchmark.csv; final_benchmark.history.csv; jobs/cpu/*.details.json,cross-configuration descriptive contrast; not a controlled method effect
mini_ea,Mini Framsticks EA,22200,150,1.3997218499999999,1.64395015,1.9591038999999999,"retained_best_so_far=max(best_score,seed_source_fitness)",eval-allcriteria.sim,eval-allcriteria-mini.sim;deterministic.sim;sample-period-2.sim;only-body.sim,jobs/gpu/*.csv; jobs/gpu/*.history.csv; jobs/gpu/*.details.json,final_benchmark.csv; final_benchmark.history.csv; jobs/cpu/*.details.json,cross-configuration descriptive contrast; not a controlled method effect
mini_ea,Mini Framsticks EA,22300,150,1.3997218499999999,1.64395015,1.9591038999999999,"retained_best_so_far=max(best_score,seed_source_fitness)",eval-allcriteria.sim,eval-allcriteria-mini.sim;deterministic.sim;sample-period-2.sim;only-body.sim,jobs/gpu/*.csv; jobs/gpu/*.history.csv; jobs/gpu/*.details.json,final_benchmark.csv; final_benchmark.history.csv; jobs/cpu/*.details.json,cross-configuration descriptive contrast; not a controlled method effect
mini_ea,Mini Framsticks EA,22400,150,1.3997218499999999,1.6439508,1.9591050999999999,"retained_best_so_far=max(best_score,seed_source_fitness)",eval-allcriteria.sim,eval-allcriteria-mini.sim;deterministic.sim;sample-period-2.sim;only-body.sim,jobs/gpu/*.csv; jobs/gpu/*.history.csv; jobs/gpu/*.details.json,final_benchmark.csv; final_benchmark.history.csv; jobs/cpu/*.details.json,cross-configuration descriptive contrast; not a controlled method effect
mini_ea,Mini Framsticks EA,22500,150,1.3997218499999999,1.64829665,1.9591153750000001,"retained_best_so_far=max(best_score,seed_source_fitness)",eval-allcriteria.sim,eval-allcriteria-mini.sim;deterministic.sim;sample-period-2.sim;only-body.sim,jobs/gpu/*.csv; jobs/gpu/*.history.csv; jobs/gpu/*.details.json,final_benchmark.csv; final_benchmark.history.csv; jobs/cpu/*.details.json,cross-configuration descriptive contrast; not a controlled method effect
mini_ea,Mini Framsticks EA,22600,150,1.3997232749999999,1.64829665,1.9591153750000001,"retained_best_so_far=max(best_score,seed_source_fitness)",eval-allcriteria.sim,eval-allcriteria-mini.sim;deterministic.sim;sample-period-2.sim;only-body.sim,jobs/gpu/*.csv; jobs/gpu/*.history.csv; jobs/gpu/*.details.json,final_benchmark.csv; final_benchmark.history.csv; jobs/cpu/*.details.json,cross-configuration descriptive contrast; not a controlled method effect
mini_ea,Mini Framsticks EA,22700,150,1.4001114749999999,1.6482972500000002,1.9591153750000001,"retained_best_so_far=max(best_score,seed_source_fitness)",eval-allcriteria.sim,eval-allcriteria-mini.sim;deterministic.sim;sample-period-2.sim;only-body.sim,jobs/gpu/*.csv; jobs/gpu/*.history.csv; jobs/gpu/*.details.json,final_benchmark.csv; final_benchmark.history.csv; jobs/cpu/*.details.json,cross-configuration descriptive contrast; not a controlled method effect
mini_ea,Mini Framsticks EA,22800,150,1.405782275,1.6482979000000002,1.9591153750000001,"retained_best_so_far=max(best_score,seed_source_fitness)",eval-allcriteria.sim,eval-allcriteria-mini.sim;deterministic.sim;sample-period-2.sim;only-body.sim,jobs/gpu/*.csv; jobs/gpu/*.history.csv; jobs/gpu/*.details.json,final_benchmark.csv; final_benchmark.history.csv; jobs/cpu/*.details.json,cross-configuration descriptive contrast; not a controlled method effect
mini_ea,Mini Framsticks EA,22900,150,1.405782275,1.6482979000000002,1.95911575,"retained_best_so_far=max(best_score,seed_source_fitness)",eval-allcriteria.sim,eval-allcriteria-mini.sim;deterministic.sim;sample-period-2.sim;only-body.sim,jobs/gpu/*.csv; jobs/gpu/*.history.csv; jobs/gpu/*.details.json,final_benchmark.csv; final_benchmark.history.csv; jobs/cpu/*.details.json,cross-configuration descriptive contrast; not a controlled method effect
mini_ea,Mini Framsticks EA,23000,150,1.405782275,1.6482979000000002,1.95911575,"retained_best_so_far=max(best_score,seed_source_fitness)",eval-allcriteria.sim,eval-allcriteria-mini.sim;deterministic.sim;sample-period-2.sim;only-body.sim,jobs/gpu/*.csv; jobs/gpu/*.history.csv; jobs/gpu/*.details.json,final_benchmark.csv; final_benchmark.history.csv; jobs/cpu/*.details.json,cross-configuration descriptive contrast; not a controlled method effect
mini_ea,Mini Framsticks EA,23100,150,1.405782275,1.6482988500000002,1.959131875,"retained_best_so_far=max(best_score,seed_source_fitness)",eval-allcriteria.sim,eval-allcriteria-mini.sim;deterministic.sim;sample-period-2.sim;only-body.sim,jobs/gpu/*.csv; jobs/gpu/*.history.csv; jobs/gpu/*.details.json,final_benchmark.csv; final_benchmark.history.csv; jobs/cpu/*.details.json,cross-configuration descriptive contrast; not a controlled method effect
mini_ea,Mini Framsticks EA,23200,150,1.405782275,1.6482988500000002,1.959131875,"retained_best_so_far=max(best_score,seed_source_fitness)",eval-allcriteria.sim,eval-allcriteria-mini.sim;deterministic.sim;sample-period-2.sim;only-body.sim,jobs/gpu/*.csv; jobs/gpu/*.history.csv; jobs/gpu/*.details.json,final_benchmark.csv; final_benchmark.history.csv; jobs/cpu/*.details.json,cross-configuration descriptive contrast; not a controlled method effect
mini_ea,Mini Framsticks EA,23300,150,1.405782275,1.6482988500000002,1.959131875,"retained_best_so_far=max(best_score,seed_source_fitness)",eval-allcriteria.sim,eval-allcriteria-mini.sim;deterministic.sim;sample-period-2.sim;only-body.sim,jobs/gpu/*.csv; jobs/gpu/*.history.csv; jobs/gpu/*.details.json,final_benchmark.csv; final_benchmark.history.csv; jobs/cpu/*.details.json,cross-configuration descriptive contrast; not a controlled method effect
mini_ea,Mini Framsticks EA,23400,150,1.4057837,1.6482991500000002,1.959131875,"retained_best_so_far=max(best_score,seed_source_fitness)",eval-allcriteria.sim,eval-allcriteria-mini.sim;deterministic.sim;sample-period-2.sim;only-body.sim,jobs/gpu/*.csv; jobs/gpu/*.history.csv; jobs/gpu/*.details.json,final_benchmark.csv; final_benchmark.history.csv; jobs/cpu/*.details.json,cross-configuration descriptive contrast; not a controlled method effect
mini_ea,Mini Framsticks EA,23500,150,1.4057837,1.6482991500000002,1.959131875,"retained_best_so_far=max(best_score,seed_source_fitness)",eval-allcriteria.sim,eval-allcriteria-mini.sim;deterministic.sim;sample-period-2.sim;only-body.sim,jobs/gpu/*.csv; jobs/gpu/*.history.csv; jobs/gpu/*.details.json,final_benchmark.csv; final_benchmark.history.csv; jobs/cpu/*.details.json,cross-configuration descriptive contrast; not a controlled method effect
mini_ea,Mini Framsticks EA,23600,150,1.4057837,1.6482991500000002,1.959138625,"retained_best_so_far=max(best_score,seed_source_fitness)",eval-allcriteria.sim,eval-allcriteria-mini.sim;deterministic.sim;sample-period-2.sim;only-body.sim,jobs/gpu/*.csv; jobs/gpu/*.history.csv; jobs/gpu/*.details.json,final_benchmark.csv; final_benchmark.history.csv; jobs/cpu/*.details.json,cross-configuration descriptive contrast; not a controlled method effect
mini_ea,Mini Framsticks EA,23700,150,1.4057837,1.6482991500000002,1.959138625,"retained_best_so_far=max(best_score,seed_source_fitness)",eval-allcriteria.sim,eval-allcriteria-mini.sim;deterministic.sim;sample-period-2.sim;only-body.sim,jobs/gpu/*.csv; jobs/gpu/*.history.csv; jobs/gpu/*.details.json,final_benchmark.csv; final_benchmark.history.csv; jobs/cpu/*.details.json,cross-configuration descriptive contrast; not a controlled method effect
mini_ea,Mini Framsticks EA,23800,150,1.4057837,1.6482996000000001,1.959138625,"retained_best_so_far=max(best_score,seed_source_fitness)",eval-allcriteria.sim,eval-allcriteria-mini.sim;deterministic.sim;sample-period-2.sim;only-body.sim,jobs/gpu/*.csv; jobs/gpu/*.history.csv; jobs/gpu/*.details.json,final_benchmark.csv; final_benchmark.history.csv; jobs/cpu/*.details.json,cross-configuration descriptive contrast; not a controlled method effect
mini_ea,Mini Framsticks EA,23900,150,1.4057837,1.6482996000000001,1.959138625,"retained_best_so_far=max(best_score,seed_source_fitness)",eval-allcriteria.sim,eval-allcriteria-mini.sim;deterministic.sim;sample-period-2.sim;only-body.sim,jobs/gpu/*.csv; jobs/gpu/*.history.csv; jobs/gpu/*.details.json,final_benchmark.csv; final_benchmark.history.csv; jobs/cpu/*.details.json,cross-configuration descriptive contrast; not a controlled method effect
mini_ea,Mini Framsticks EA,24000,150,1.40578395,1.6482996000000001,1.959138625,"retained_best_so_far=max(best_score,seed_source_fitness)",eval-allcriteria.sim,eval-allcriteria-mini.sim;deterministic.sim;sample-period-2.sim;only-body.sim,jobs/gpu/*.csv; jobs/gpu/*.history.csv; jobs/gpu/*.details.json,final_benchmark.csv; final_benchmark.history.csv; jobs/cpu/*.details.json,cross-configuration descriptive contrast; not a controlled method effect
mini_ea,Mini Framsticks EA,24100,150,1.40578395,1.6482999,1.959138625,"retained_best_so_far=max(best_score,seed_source_fitness)",eval-allcriteria.sim,eval-allcriteria-mini.sim;deterministic.sim;sample-period-2.sim;only-body.sim,jobs/gpu/*.csv; jobs/gpu/*.history.csv; jobs/gpu/*.details.json,final_benchmark.csv; final_benchmark.history.csv; jobs/cpu/*.details.json,cross-configuration descriptive contrast; not a controlled method effect
mini_ea,Mini Framsticks EA,24200,150,1.405784425,1.6483004000000001,1.9591394500000001,"retained_best_so_far=max(best_score,seed_source_fitness)",eval-allcriteria.sim,eval-allcriteria-mini.sim;deterministic.sim;sample-period-2.sim;only-body.sim,jobs/gpu/*.csv; jobs/gpu/*.history.csv; jobs/gpu/*.details.json,final_benchmark.csv; final_benchmark.history.csv; jobs/cpu/*.details.json,cross-configuration descriptive contrast; not a controlled method effect
mini_ea,Mini Framsticks EA,24300,150,1.405784425,1.6483004000000001,1.9591394500000001,"retained_best_so_far=max(best_score,seed_source_fitness)",eval-allcriteria.sim,eval-allcriteria-mini.sim;deterministic.sim;sample-period-2.sim;only-body.sim,jobs/gpu/*.csv; jobs/gpu/*.history.csv; jobs/gpu/*.details.json,final_benchmark.csv; final_benchmark.history.csv; jobs/cpu/*.details.json,cross-configuration descriptive contrast; not a controlled method effect
mini_ea,Mini Framsticks EA,24400,150,1.405784425,1.6483004000000001,1.9591394500000001,"retained_best_so_far=max(best_score,seed_source_fitness)",eval-allcriteria.sim,eval-allcriteria-mini.sim;deterministic.sim;sample-period-2.sim;only-body.sim,jobs/gpu/*.csv; jobs/gpu/*.history.csv; jobs/gpu/*.details.json,final_benchmark.csv; final_benchmark.history.csv; jobs/cpu/*.details.json,cross-configuration descriptive contrast; not a controlled method effect
mini_ea,Mini Framsticks EA,24500,150,1.4057847749999999,1.6483005500000001,1.959143275,"retained_best_so_far=max(best_score,seed_source_fitness)",eval-allcriteria.sim,eval-allcriteria-mini.sim;deterministic.sim;sample-period-2.sim;only-body.sim,jobs/gpu/*.csv; jobs/gpu/*.history.csv; jobs/gpu/*.details.json,final_benchmark.csv; final_benchmark.history.csv; jobs/cpu/*.details.json,cross-configuration descriptive contrast; not a controlled method effect
mini_ea,Mini Framsticks EA,24600,150,1.4057847749999999,1.6483018500000002,1.959143275,"retained_best_so_far=max(best_score,seed_source_fitness)",eval-allcriteria.sim,eval-allcriteria-mini.sim;deterministic.sim;sample-period-2.sim;only-body.sim,jobs/gpu/*.csv; jobs/gpu/*.history.csv; jobs/gpu/*.details.json,final_benchmark.csv; final_benchmark.history.csv; jobs/cpu/*.details.json,cross-configuration descriptive contrast; not a controlled method effect
mini_ea,Mini Framsticks EA,24700,150,1.4057847749999999,1.6555329000000001,1.9591489000000002,"retained_best_so_far=max(best_score,seed_source_fitness)",eval-allcriteria.sim,eval-allcriteria-mini.sim;deterministic.sim;sample-period-2.sim;only-body.sim,jobs/gpu/*.csv; jobs/gpu/*.history.csv; jobs/gpu/*.details.json,final_benchmark.csv; final_benchmark.history.csv; jobs/cpu/*.details.json,cross-configuration descriptive contrast; not a controlled method effect
mini_ea,Mini Framsticks EA,24800,150,1.4057847749999999,1.6555329000000001,1.959151375,"retained_best_so_far=max(best_score,seed_source_fitness)",eval-allcriteria.sim,eval-allcriteria-mini.sim;deterministic.sim;sample-period-2.sim;only-body.sim,jobs/gpu/*.csv; jobs/gpu/*.history.csv; jobs/gpu/*.details.json,final_benchmark.csv; final_benchmark.history.csv; jobs/cpu/*.details.json,cross-configuration descriptive contrast; not a controlled method effect
mini_ea,Mini Framsticks EA,24900,150,1.4057847749999999,1.6555329000000001,1.959151375,"retained_best_so_far=max(best_score,seed_source_fitness)",eval-allcriteria.sim,eval-allcriteria-mini.sim;deterministic.sim;sample-period-2.sim;only-body.sim,jobs/gpu/*.csv; jobs/gpu/*.history.csv; jobs/gpu/*.details.json,final_benchmark.csv; final_benchmark.history.csv; jobs/cpu/*.details.json,cross-configuration descriptive contrast; not a controlled method effect
mini_ea,Mini Framsticks EA,25000,150,1.405785375,1.6555329000000001,1.959151375,"retained_best_so_far=max(best_score,seed_source_fitness)",eval-allcriteria.sim,eval-allcriteria-mini.sim;deterministic.sim;sample-period-2.sim;only-body.sim,jobs/gpu/*.csv; jobs/gpu/*.history.csv; jobs/gpu/*.details.json,final_benchmark.csv; final_benchmark.history.csv; jobs/cpu/*.details.json,cross-configuration descriptive contrast; not a controlled method effect
mini_ea,Mini Framsticks EA,25100,150,1.405785375,1.6555329000000001,1.959151375,"retained_best_so_far=max(best_score,seed_source_fitness)",eval-allcriteria.sim,eval-allcriteria-mini.sim;deterministic.sim;sample-period-2.sim;only-body.sim,jobs/gpu/*.csv; jobs/gpu/*.history.csv; jobs/gpu/*.details.json,final_benchmark.csv; final_benchmark.history.csv; jobs/cpu/*.details.json,cross-configuration descriptive contrast; not a controlled method effect
mini_ea,Mini Framsticks EA,25200,150,1.405786075,1.6555329000000001,1.959153175,"retained_best_so_far=max(best_score,seed_source_fitness)",eval-allcriteria.sim,eval-allcriteria-mini.sim;deterministic.sim;sample-period-2.sim;only-body.sim,jobs/gpu/*.csv; jobs/gpu/*.history.csv; jobs/gpu/*.details.json,final_benchmark.csv; final_benchmark.history.csv; jobs/cpu/*.details.json,cross-configuration descriptive contrast; not a controlled method effect
mini_ea,Mini Framsticks EA,25300,150,1.405786075,1.6555329000000001,1.959153175,"retained_best_so_far=max(best_score,seed_source_fitness)",eval-allcriteria.sim,eval-allcriteria-mini.sim;deterministic.sim;sample-period-2.sim;only-body.sim,jobs/gpu/*.csv; jobs/gpu/*.history.csv; jobs/gpu/*.details.json,final_benchmark.csv; final_benchmark.history.csv; jobs/cpu/*.details.json,cross-configuration descriptive contrast; not a controlled method effect
mini_ea,Mini Framsticks EA,25400,150,1.405786075,1.6555329000000001,1.9591533249999999,"retained_best_so_far=max(best_score,seed_source_fitness)",eval-allcriteria.sim,eval-allcriteria-mini.sim;deterministic.sim;sample-period-2.sim;only-body.sim,jobs/gpu/*.csv; jobs/gpu/*.history.csv; jobs/gpu/*.details.json,final_benchmark.csv; final_benchmark.history.csv; jobs/cpu/*.details.json,cross-configuration descriptive contrast; not a controlled method effect
mini_ea,Mini Framsticks EA,25500,150,1.405786075,1.6555329000000001,1.9591533249999999,"retained_best_so_far=max(best_score,seed_source_fitness)",eval-allcriteria.sim,eval-allcriteria-mini.sim;deterministic.sim;sample-period-2.sim;only-body.sim,jobs/gpu/*.csv; jobs/gpu/*.history.csv; jobs/gpu/*.details.json,final_benchmark.csv; final_benchmark.history.csv; jobs/cpu/*.details.json,cross-configuration descriptive contrast; not a controlled method effect
mini_ea,Mini Framsticks EA,25600,150,1.405786075,1.6555329000000001,1.9591538499999999,"retained_best_so_far=max(best_score,seed_source_fitness)",eval-allcriteria.sim,eval-allcriteria-mini.sim;deterministic.sim;sample-period-2.sim;only-body.sim,jobs/gpu/*.csv; jobs/gpu/*.history.csv; jobs/gpu/*.details.json,final_benchmark.csv; final_benchmark.history.csv; jobs/cpu/*.details.json,cross-configuration descriptive contrast; not a controlled method effect
mini_ea,Mini Framsticks EA,25700,150,1.4057861999999999,1.6555329000000001,1.9591551999999999,"retained_best_so_far=max(best_score,seed_source_fitness)",eval-allcriteria.sim,eval-allcriteria-mini.sim;deterministic.sim;sample-period-2.sim;only-body.sim,jobs/gpu/*.csv; jobs/gpu/*.history.csv; jobs/gpu/*.details.json,final_benchmark.csv; final_benchmark.history.csv; jobs/cpu/*.details.json,cross-configuration descriptive contrast; not a controlled method effect
mini_ea,Mini Framsticks EA,25800,150,1.4057861999999999,1.6555329000000001,1.9591551999999999,"retained_best_so_far=max(best_score,seed_source_fitness)",eval-allcriteria.sim,eval-allcriteria-mini.sim;deterministic.sim;sample-period-2.sim;only-body.sim,jobs/gpu/*.csv; jobs/gpu/*.history.csv; jobs/gpu/*.details.json,final_benchmark.csv; final_benchmark.history.csv; jobs/cpu/*.details.json,cross-configuration descriptive contrast; not a controlled method effect
mini_ea,Mini Framsticks EA,25900,150,1.4057861999999999,1.6555329000000001,1.9591551999999999,"retained_best_so_far=max(best_score,seed_source_fitness)",eval-allcriteria.sim,eval-allcriteria-mini.sim;deterministic.sim;sample-period-2.sim;only-body.sim,jobs/gpu/*.csv; jobs/gpu/*.history.csv; jobs/gpu/*.details.json,final_benchmark.csv; final_benchmark.history.csv; jobs/cpu/*.details.json,cross-configuration descriptive contrast; not a controlled method effect
mini_ea,Mini Framsticks EA,26000,150,1.4057861999999999,1.6555329000000001,1.9591551999999999,"retained_best_so_far=max(best_score,seed_source_fitness)",eval-allcriteria.sim,eval-allcriteria-mini.sim;deterministic.sim;sample-period-2.sim;only-body.sim,jobs/gpu/*.csv; jobs/gpu/*.history.csv; jobs/gpu/*.details.json,final_benchmark.csv; final_benchmark.history.csv; jobs/cpu/*.details.json,cross-configuration descriptive contrast; not a controlled method effect
mini_ea,Mini Framsticks EA,26100,150,1.4057861999999999,1.6555329000000001,1.9591551999999999,"retained_best_so_far=max(best_score,seed_source_fitness)",eval-allcriteria.sim,eval-allcriteria-mini.sim;deterministic.sim;sample-period-2.sim;only-body.sim,jobs/gpu/*.csv; jobs/gpu/*.history.csv; jobs/gpu/*.details.json,final_benchmark.csv; final_benchmark.history.csv; jobs/cpu/*.details.json,cross-configuration descriptive contrast; not a controlled method effect
mini_ea,Mini Framsticks EA,26200,150,1.4057861999999999,1.6555329000000001,1.9591551999999999,"retained_best_so_far=max(best_score,seed_source_fitness)",eval-allcriteria.sim,eval-allcriteria-mini.sim;deterministic.sim;sample-period-2.sim;only-body.sim,jobs/gpu/*.csv; jobs/gpu/*.history.csv; jobs/gpu/*.details.json,final_benchmark.csv; final_benchmark.history.csv; jobs/cpu/*.details.json,cross-configuration descriptive contrast; not a controlled method effect
mini_ea,Mini Framsticks EA,26300,150,1.4057861999999999,1.6555329000000001,1.9591581250000001,"retained_best_so_far=max(best_score,seed_source_fitness)",eval-allcriteria.sim,eval-allcriteria-mini.sim;deterministic.sim;sample-period-2.sim;only-body.sim,jobs/gpu/*.csv; jobs/gpu/*.history.csv; jobs/gpu/*.details.json,final_benchmark.csv; final_benchmark.history.csv; jobs/cpu/*.details.json,cross-configuration descriptive contrast; not a controlled method effect
mini_ea,Mini Framsticks EA,26400,150,1.4057861999999999,1.6555329000000001,1.9591581250000001,"retained_best_so_far=max(best_score,seed_source_fitness)",eval-allcriteria.sim,eval-allcriteria-mini.sim;deterministic.sim;sample-period-2.sim;only-body.sim,jobs/gpu/*.csv; jobs/gpu/*.history.csv; jobs/gpu/*.details.json,final_benchmark.csv; final_benchmark.history.csv; jobs/cpu/*.details.json,cross-configuration descriptive contrast; not a controlled method effect
mini_ea,Mini Framsticks EA,26500,150,1.4057861999999999,1.6555329000000001,1.9591581250000001,"retained_best_so_far=max(best_score,seed_source_fitness)",eval-allcriteria.sim,eval-allcriteria-mini.sim;deterministic.sim;sample-period-2.sim;only-body.sim,jobs/gpu/*.csv; jobs/gpu/*.history.csv; jobs/gpu/*.details.json,final_benchmark.csv; final_benchmark.history.csv; jobs/cpu/*.details.json,cross-configuration descriptive contrast; not a controlled method effect
mini_ea,Mini Framsticks EA,26600,150,1.4057861999999999,1.6555329000000001,1.9591581250000001,"retained_best_so_far=max(best_score,seed_source_fitness)",eval-allcriteria.sim,eval-allcriteria-mini.sim;deterministic.sim;sample-period-2.sim;only-body.sim,jobs/gpu/*.csv; jobs/gpu/*.history.csv; jobs/gpu/*.details.json,final_benchmark.csv; final_benchmark.history.csv; jobs/cpu/*.details.json,cross-configuration descriptive contrast; not a controlled method effect
mini_ea,Mini Framsticks EA,26700,150,1.405787025,1.6555329000000001,1.9591581250000001,"retained_best_so_far=max(best_score,seed_source_fitness)",eval-allcriteria.sim,eval-allcriteria-mini.sim;deterministic.sim;sample-period-2.sim;only-body.sim,jobs/gpu/*.csv; jobs/gpu/*.history.csv; jobs/gpu/*.details.json,final_benchmark.csv; final_benchmark.history.csv; jobs/cpu/*.details.json,cross-configuration descriptive contrast; not a controlled method effect
mini_ea,Mini Framsticks EA,26800,150,1.405787025,1.6555329000000001,1.9591581250000001,"retained_best_so_far=max(best_score,seed_source_fitness)",eval-allcriteria.sim,eval-allcriteria-mini.sim;deterministic.sim;sample-period-2.sim;only-body.sim,jobs/gpu/*.csv; jobs/gpu/*.history.csv; jobs/gpu/*.details.json,final_benchmark.csv; final_benchmark.history.csv; jobs/cpu/*.details.json,cross-configuration descriptive contrast; not a controlled method effect
mini_ea,Mini Framsticks EA,26900,150,1.405787025,1.6555329000000001,1.9591581250000001,"retained_best_so_far=max(best_score,seed_source_fitness)",eval-allcriteria.sim,eval-allcriteria-mini.sim;deterministic.sim;sample-period-2.sim;only-body.sim,jobs/gpu/*.csv; jobs/gpu/*.history.csv; jobs/gpu/*.details.json,final_benchmark.csv; final_benchmark.history.csv; jobs/cpu/*.details.json,cross-configuration descriptive contrast; not a controlled method effect
mini_ea,Mini Framsticks EA,27000,150,1.405787025,1.6555329000000001,1.9591581250000001,"retained_best_so_far=max(best_score,seed_source_fitness)",eval-allcriteria.sim,eval-allcriteria-mini.sim;deterministic.sim;sample-period-2.sim;only-body.sim,jobs/gpu/*.csv; jobs/gpu/*.history.csv; jobs/gpu/*.details.json,final_benchmark.csv; final_benchmark.history.csv; jobs/cpu/*.details.json,cross-configuration descriptive contrast; not a controlled method effect
mini_ea,Mini Framsticks EA,27100,150,1.405787025,1.6555329000000001,1.9591581250000001,"retained_best_so_far=max(best_score,seed_source_fitness)",eval-allcriteria.sim,eval-allcriteria-mini.sim;deterministic.sim;sample-period-2.sim;only-body.sim,jobs/gpu/*.csv; jobs/gpu/*.history.csv; jobs/gpu/*.details.json,final_benchmark.csv; final_benchmark.history.csv; jobs/cpu/*.details.json,cross-configuration descriptive contrast; not a controlled method effect
mini_ea,Mini Framsticks EA,27200,150,1.405787025,1.6555329000000001,1.9591581250000001,"retained_best_so_far=max(best_score,seed_source_fitness)",eval-allcriteria.sim,eval-allcriteria-mini.sim;deterministic.sim;sample-period-2.sim;only-body.sim,jobs/gpu/*.csv; jobs/gpu/*.history.csv; jobs/gpu/*.details.json,final_benchmark.csv; final_benchmark.history.csv; jobs/cpu/*.details.json,cross-configuration descriptive contrast; not a controlled method effect
mini_ea,Mini Framsticks EA,27300,150,1.405787025,1.6555329000000001,1.9591621749999999,"retained_best_so_far=max(best_score,seed_source_fitness)",eval-allcriteria.sim,eval-allcriteria-mini.sim;deterministic.sim;sample-period-2.sim;only-body.sim,jobs/gpu/*.csv; jobs/gpu/*.history.csv; jobs/gpu/*.details.json,final_benchmark.csv; final_benchmark.history.csv; jobs/cpu/*.details.json,cross-configuration descriptive contrast; not a controlled method effect
mini_ea,Mini Framsticks EA,27400,150,1.4057877249999999,1.6555329000000001,1.9591621749999999,"retained_best_so_far=max(best_score,seed_source_fitness)",eval-allcriteria.sim,eval-allcriteria-mini.sim;deterministic.sim;sample-period-2.sim;only-body.sim,jobs/gpu/*.csv; jobs/gpu/*.history.csv; jobs/gpu/*.details.json,final_benchmark.csv; final_benchmark.history.csv; jobs/cpu/*.details.json,cross-configuration descriptive contrast; not a controlled method effect
mini_ea,Mini Framsticks EA,27500,150,1.4057877249999999,1.6555329000000001,1.9591621749999999,"retained_best_so_far=max(best_score,seed_source_fitness)",eval-allcriteria.sim,eval-allcriteria-mini.sim;deterministic.sim;sample-period-2.sim;only-body.sim,jobs/gpu/*.csv; jobs/gpu/*.history.csv; jobs/gpu/*.details.json,final_benchmark.csv; final_benchmark.history.csv; jobs/cpu/*.details.json,cross-configuration descriptive contrast; not a controlled method effect
mini_ea,Mini Framsticks EA,27600,150,1.4057877249999999,1.6555329000000001,1.9591621749999999,"retained_best_so_far=max(best_score,seed_source_fitness)",eval-allcriteria.sim,eval-allcriteria-mini.sim;deterministic.sim;sample-period-2.sim;only-body.sim,jobs/gpu/*.csv; jobs/gpu/*.history.csv; jobs/gpu/*.details.json,final_benchmark.csv; final_benchmark.history.csv; jobs/cpu/*.details.json,cross-configuration descriptive contrast; not a controlled method effect
mini_ea,Mini Framsticks EA,27700,150,1.4057877249999999,1.6555329000000001,1.9591621749999999,"retained_best_so_far=max(best_score,seed_source_fitness)",eval-allcriteria.sim,eval-allcriteria-mini.sim;deterministic.sim;sample-period-2.sim;only-body.sim,jobs/gpu/*.csv; jobs/gpu/*.history.csv; jobs/gpu/*.details.json,final_benchmark.csv; final_benchmark.history.csv; jobs/cpu/*.details.json,cross-configuration descriptive contrast; not a controlled method effect
mini_ea,Mini Framsticks EA,27800,150,1.4057877249999999,1.6555329000000001,1.9591621749999999,"retained_best_so_far=max(best_score,seed_source_fitness)",eval-allcriteria.sim,eval-allcriteria-mini.sim;deterministic.sim;sample-period-2.sim;only-body.sim,jobs/gpu/*.csv; jobs/gpu/*.history.csv; jobs/gpu/*.details.json,final_benchmark.csv; final_benchmark.history.csv; jobs/cpu/*.details.json,cross-configuration descriptive contrast; not a controlled method effect
mini_ea,Mini Framsticks EA,27900,150,1.4057877249999999,1.6555329000000001,1.9591621749999999,"retained_best_so_far=max(best_score,seed_source_fitness)",eval-allcriteria.sim,eval-allcriteria-mini.sim;deterministic.sim;sample-period-2.sim;only-body.sim,jobs/gpu/*.csv; jobs/gpu/*.history.csv; jobs/gpu/*.details.json,final_benchmark.csv; final_benchmark.history.csv; jobs/cpu/*.details.json,cross-configuration descriptive contrast; not a controlled method effect
mini_ea,Mini Framsticks EA,28000,150,1.4057877249999999,1.6555329000000001,1.9591621749999999,"retained_best_so_far=max(best_score,seed_source_fitness)",eval-allcriteria.sim,eval-allcriteria-mini.sim;deterministic.sim;sample-period-2.sim;only-body.sim,jobs/gpu/*.csv; jobs/gpu/*.history.csv; jobs/gpu/*.details.json,final_benchmark.csv; final_benchmark.history.csv; jobs/cpu/*.details.json,cross-configuration descriptive contrast; not a controlled method effect
mini_ea,Mini Framsticks EA,28100,150,1.4057877249999999,1.6555329000000001,1.9591621749999999,"retained_best_so_far=max(best_score,seed_source_fitness)",eval-allcriteria.sim,eval-allcriteria-mini.sim;deterministic.sim;sample-period-2.sim;only-body.sim,jobs/gpu/*.csv; jobs/gpu/*.history.csv; jobs/gpu/*.details.json,final_benchmark.csv; final_benchmark.history.csv; jobs/cpu/*.details.json,cross-configuration descriptive contrast; not a controlled method effect
mini_ea,Mini Framsticks EA,28200,150,1.4057877249999999,1.6555329000000001,1.9591621749999999,"retained_best_so_far=max(best_score,seed_source_fitness)",eval-allcriteria.sim,eval-allcriteria-mini.sim;deterministic.sim;sample-period-2.sim;only-body.sim,jobs/gpu/*.csv; jobs/gpu/*.history.csv; jobs/gpu/*.details.json,final_benchmark.csv; final_benchmark.history.csv; jobs/cpu/*.details.json,cross-configuration descriptive contrast; not a controlled method effect
mini_ea,Mini Framsticks EA,28300,150,1.4057877249999999,1.6555329000000001,1.9591621749999999,"retained_best_so_far=max(best_score,seed_source_fitness)",eval-allcriteria.sim,eval-allcriteria-mini.sim;deterministic.sim;sample-period-2.sim;only-body.sim,jobs/gpu/*.csv; jobs/gpu/*.history.csv; jobs/gpu/*.details.json,final_benchmark.csv; final_benchmark.history.csv; jobs/cpu/*.details.json,cross-configuration descriptive contrast; not a controlled method effect
mini_ea,Mini Framsticks EA,28400,150,1.4057877249999999,1.6555329000000001,1.9591621749999999,"retained_best_so_far=max(best_score,seed_source_fitness)",eval-allcriteria.sim,eval-allcriteria-mini.sim;deterministic.sim;sample-period-2.sim;only-body.sim,jobs/gpu/*.csv; jobs/gpu/*.history.csv; jobs/gpu/*.details.json,final_benchmark.csv; final_benchmark.history.csv; jobs/cpu/*.details.json,cross-configuration descriptive contrast; not a controlled method effect
mini_ea,Mini Framsticks EA,28500,150,1.4057877249999999,1.6555329000000001,1.9591621749999999,"retained_best_so_far=max(best_score,seed_source_fitness)",eval-allcriteria.sim,eval-allcriteria-mini.sim;deterministic.sim;sample-period-2.sim;only-body.sim,jobs/gpu/*.csv; jobs/gpu/*.history.csv; jobs/gpu/*.details.json,final_benchmark.csv; final_benchmark.history.csv; jobs/cpu/*.details.json,cross-configuration descriptive contrast; not a controlled method effect
mini_ea,Mini Framsticks EA,28600,150,1.4057877249999999,1.6555329000000001,1.9591621749999999,"retained_best_so_far=max(best_score,seed_source_fitness)",eval-allcriteria.sim,eval-allcriteria-mini.sim;deterministic.sim;sample-period-2.sim;only-body.sim,jobs/gpu/*.csv; jobs/gpu/*.history.csv; jobs/gpu/*.details.json,final_benchmark.csv; final_benchmark.history.csv; jobs/cpu/*.details.json,cross-configuration descriptive contrast; not a controlled method effect
mini_ea,Mini Framsticks EA,28700,150,1.4057877249999999,1.6555329000000001,1.9591623999999999,"retained_best_so_far=max(best_score,seed_source_fitness)",eval-allcriteria.sim,eval-allcriteria-mini.sim;deterministic.sim;sample-period-2.sim;only-body.sim,jobs/gpu/*.csv; jobs/gpu/*.history.csv; jobs/gpu/*.details.json,final_benchmark.csv; final_benchmark.history.csv; jobs/cpu/*.details.json,cross-configuration descriptive contrast; not a controlled method effect
mini_ea,Mini Framsticks EA,28800,150,1.4057910999999998,1.6555329000000001,1.9591623999999999,"retained_best_so_far=max(best_score,seed_source_fitness)",eval-allcriteria.sim,eval-allcriteria-mini.sim;deterministic.sim;sample-period-2.sim;only-body.sim,jobs/gpu/*.csv; jobs/gpu/*.history.csv; jobs/gpu/*.details.json,final_benchmark.csv; final_benchmark.history.csv; jobs/cpu/*.details.json,cross-configuration descriptive contrast; not a controlled method effect
mini_ea,Mini Framsticks EA,28900,150,1.4057910999999998,1.6555329000000001,1.959162775,"retained_best_so_far=max(best_score,seed_source_fitness)",eval-allcriteria.sim,eval-allcriteria-mini.sim;deterministic.sim;sample-period-2.sim;only-body.sim,jobs/gpu/*.csv; jobs/gpu/*.history.csv; jobs/gpu/*.details.json,final_benchmark.csv; final_benchmark.history.csv; jobs/cpu/*.details.json,cross-configuration descriptive contrast; not a controlled method effect
mini_ea,Mini Framsticks EA,29000,150,1.405792025,1.6555329000000001,1.959162775,"retained_best_so_far=max(best_score,seed_source_fitness)",eval-allcriteria.sim,eval-allcriteria-mini.sim;deterministic.sim;sample-period-2.sim;only-body.sim,jobs/gpu/*.csv; jobs/gpu/*.history.csv; jobs/gpu/*.details.json,final_benchmark.csv; final_benchmark.history.csv; jobs/cpu/*.details.json,cross-configuration descriptive contrast; not a controlled method effect
mini_ea,Mini Framsticks EA,29100,150,1.405792025,1.65563255,1.959162775,"retained_best_so_far=max(best_score,seed_source_fitness)",eval-allcriteria.sim,eval-allcriteria-mini.sim;deterministic.sim;sample-period-2.sim;only-body.sim,jobs/gpu/*.csv; jobs/gpu/*.history.csv; jobs/gpu/*.details.json,final_benchmark.csv; final_benchmark.history.csv; jobs/cpu/*.details.json,cross-configuration descriptive contrast; not a controlled method effect
mini_ea,Mini Framsticks EA,29200,150,1.405792025,1.65563255,1.959162775,"retained_best_so_far=max(best_score,seed_source_fitness)",eval-allcriteria.sim,eval-allcriteria-mini.sim;deterministic.sim;sample-period-2.sim;only-body.sim,jobs/gpu/*.csv; jobs/gpu/*.history.csv; jobs/gpu/*.details.json,final_benchmark.csv; final_benchmark.history.csv; jobs/cpu/*.details.json,cross-configuration descriptive contrast; not a controlled method effect
mini_ea,Mini Framsticks EA,29300,150,1.405792025,1.65563255,1.959162775,"retained_best_so_far=max(best_score,seed_source_fitness)",eval-allcriteria.sim,eval-allcriteria-mini.sim;deterministic.sim;sample-period-2.sim;only-body.sim,jobs/gpu/*.csv; jobs/gpu/*.history.csv; jobs/gpu/*.details.json,final_benchmark.csv; final_benchmark.history.csv; jobs/cpu/*.details.json,cross-configuration descriptive contrast; not a controlled method effect
mini_ea,Mini Framsticks EA,29400,150,1.405792025,1.65563255,1.959162775,"retained_best_so_far=max(best_score,seed_source_fitness)",eval-allcriteria.sim,eval-allcriteria-mini.sim;deterministic.sim;sample-period-2.sim;only-body.sim,jobs/gpu/*.csv; jobs/gpu/*.history.csv; jobs/gpu/*.details.json,final_benchmark.csv; final_benchmark.history.csv; jobs/cpu/*.details.json,cross-configuration descriptive contrast; not a controlled method effect
mini_ea,Mini Framsticks EA,29500,150,1.405792025,1.65563255,1.959162775,"retained_best_so_far=max(best_score,seed_source_fitness)",eval-allcriteria.sim,eval-allcriteria-mini.sim;deterministic.sim;sample-period-2.sim;only-body.sim,jobs/gpu/*.csv; jobs/gpu/*.history.csv; jobs/gpu/*.details.json,final_benchmark.csv; final_benchmark.history.csv; jobs/cpu/*.details.json,cross-configuration descriptive contrast; not a controlled method effect
mini_ea,Mini Framsticks EA,29600,150,1.405792025,1.65563255,1.959162775,"retained_best_so_far=max(best_score,seed_source_fitness)",eval-allcriteria.sim,eval-allcriteria-mini.sim;deterministic.sim;sample-period-2.sim;only-body.sim,jobs/gpu/*.csv; jobs/gpu/*.history.csv; jobs/gpu/*.details.json,final_benchmark.csv; final_benchmark.history.csv; jobs/cpu/*.details.json,cross-configuration descriptive contrast; not a controlled method effect
mini_ea,Mini Framsticks EA,29700,150,1.405792025,1.65563255,1.959162775,"retained_best_so_far=max(best_score,seed_source_fitness)",eval-allcriteria.sim,eval-allcriteria-mini.sim;deterministic.sim;sample-period-2.sim;only-body.sim,jobs/gpu/*.csv; jobs/gpu/*.history.csv; jobs/gpu/*.details.json,final_benchmark.csv; final_benchmark.history.csv; jobs/cpu/*.details.json,cross-configuration descriptive contrast; not a controlled method effect
mini_ea,Mini Framsticks EA,29800,150,1.405792025,1.65563255,1.959162775,"retained_best_so_far=max(best_score,seed_source_fitness)",eval-allcriteria.sim,eval-allcriteria-mini.sim;deterministic.sim;sample-period-2.sim;only-body.sim,jobs/gpu/*.csv; jobs/gpu/*.history.csv; jobs/gpu/*.details.json,final_benchmark.csv; final_benchmark.history.csv; jobs/cpu/*.details.json,cross-configuration descriptive contrast; not a controlled method effect
mini_ea,Mini Framsticks EA,29900,150,1.405792025,1.65563255,1.959162775,"retained_best_so_far=max(best_score,seed_source_fitness)",eval-allcriteria.sim,eval-allcriteria-mini.sim;deterministic.sim;sample-period-2.sim;only-body.sim,jobs/gpu/*.csv; jobs/gpu/*.history.csv; jobs/gpu/*.details.json,final_benchmark.csv; final_benchmark.history.csv; jobs/cpu/*.details.json,cross-configuration descriptive contrast; not a controlled method effect
mini_ea,Mini Framsticks EA,30000,150,1.405792025,1.65563255,1.959162775,"retained_best_so_far=max(best_score,seed_source_fitness)",eval-allcriteria.sim,eval-allcriteria-mini.sim;deterministic.sim;sample-period-2.sim;only-body.sim,jobs/gpu/*.csv; jobs/gpu/*.history.csv; jobs/gpu/*.details.json,final_benchmark.csv; final_benchmark.history.csv; jobs/cpu/*.details.json,cross-configuration descriptive contrast; not a controlled method effect
