lso_series,lso_series_name,bucket_id,seed_rank,seed_dataset_idx,mini_retained_score,lso_retained_score,lso_minus_mini,group_n,mean_lso_minus_mini,sample_sd_lso_minus_mini,join_key,selection_policy,lso_simulation_chain,mini_simulation_chain,lso_source_artifacts,mini_source_artifacts,comparison_scope
tree_lso,TreeVAE-80 + latent EA,B1,1,2739,1.8346093000000001,1.8384319,0.0038225999999998983,150,0.07931660439999999,0.31494856410850242,"bucket_id,seed_rank,seed_dataset_idx",fixed configuration; no per-seed selection,eval-allcriteria.sim,eval-allcriteria-mini.sim;deterministic.sim;sample-period-2.sim;only-body.sim,jobs/gpu/*.csv; jobs/gpu/*.history.csv; jobs/gpu/*.details.json,final_benchmark.csv; final_benchmark.history.csv; jobs/cpu/*.details.json,cross-configuration descriptive contrast; not a controlled method effect
tree_lso,TreeVAE-80 + latent EA,B1,2,2250,2.0480260000000001,1.9410581,-0.10696790000000012,150,0.07931660439999999,0.31494856410850242,"bucket_id,seed_rank,seed_dataset_idx",fixed configuration; no per-seed selection,eval-allcriteria.sim,eval-allcriteria-mini.sim;deterministic.sim;sample-period-2.sim;only-body.sim,jobs/gpu/*.csv; jobs/gpu/*.history.csv; jobs/gpu/*.details.json,final_benchmark.csv; final_benchmark.history.csv; jobs/cpu/*.details.json,cross-configuration descriptive contrast; not a controlled method effect
tree_lso,TreeVAE-80 + latent EA,B1,3,2308,1.9376838999999999,1.9411045,0.0034206000000001069,150,0.07931660439999999,0.31494856410850242,"bucket_id,seed_rank,seed_dataset_idx",fixed configuration; no per-seed selection,eval-allcriteria.sim,eval-allcriteria-mini.sim;deterministic.sim;sample-period-2.sim;only-body.sim,jobs/gpu/*.csv; jobs/gpu/*.history.csv; jobs/gpu/*.details.json,final_benchmark.csv; final_benchmark.history.csv; jobs/cpu/*.details.json,cross-configuration descriptive contrast; not a controlled method effect
tree_lso,TreeVAE-80 + latent EA,B1,4,2448,1.505387,1.4382105999999999,-0.067176400000000136,150,0.07931660439999999,0.31494856410850242,"bucket_id,seed_rank,seed_dataset_idx",fixed configuration; no per-seed selection,eval-allcriteria.sim,eval-allcriteria-mini.sim;deterministic.sim;sample-period-2.sim;only-body.sim,jobs/gpu/*.csv; jobs/gpu/*.history.csv; jobs/gpu/*.details.json,final_benchmark.csv; final_benchmark.history.csv; jobs/cpu/*.details.json,cross-configuration descriptive contrast; not a controlled method effect
tree_lso,TreeVAE-80 + latent EA,B1,5,2457,1.9900637000000001,1.6119796,-0.37808410000000015,150,0.07931660439999999,0.31494856410850242,"bucket_id,seed_rank,seed_dataset_idx",fixed configuration; no per-seed selection,eval-allcriteria.sim,eval-allcriteria-mini.sim;deterministic.sim;sample-period-2.sim;only-body.sim,jobs/gpu/*.csv; jobs/gpu/*.history.csv; jobs/gpu/*.details.json,final_benchmark.csv; final_benchmark.history.csv; jobs/cpu/*.details.json,cross-configuration descriptive contrast; not a controlled method effect
tree_lso,TreeVAE-80 + latent EA,B1,6,1943,1.4233425,2.1170727999999999,0.69373029999999991,150,0.07931660439999999,0.31494856410850242,"bucket_id,seed_rank,seed_dataset_idx",fixed configuration; no per-seed selection,eval-allcriteria.sim,eval-allcriteria-mini.sim;deterministic.sim;sample-period-2.sim;only-body.sim,jobs/gpu/*.csv; jobs/gpu/*.history.csv; jobs/gpu/*.details.json,final_benchmark.csv; final_benchmark.history.csv; jobs/cpu/*.details.json,cross-configuration descriptive contrast; not a controlled method effect
tree_lso,TreeVAE-80 + latent EA,B1,7,2833,2.0512440999999999,1.9406528999999999,-0.1105912,150,0.07931660439999999,0.31494856410850242,"bucket_id,seed_rank,seed_dataset_idx",fixed configuration; no per-seed selection,eval-allcriteria.sim,eval-allcriteria-mini.sim;deterministic.sim;sample-period-2.sim;only-body.sim,jobs/gpu/*.csv; jobs/gpu/*.history.csv; jobs/gpu/*.details.json,final_benchmark.csv; final_benchmark.history.csv; jobs/cpu/*.details.json,cross-configuration descriptive contrast; not a controlled method effect
tree_lso,TreeVAE-80 + latent EA,B1,8,2779,1.6046134999999999,2.1123379,0.50772440000000008,150,0.07931660439999999,0.31494856410850242,"bucket_id,seed_rank,seed_dataset_idx",fixed configuration; no per-seed selection,eval-allcriteria.sim,eval-allcriteria-mini.sim;deterministic.sim;sample-period-2.sim;only-body.sim,jobs/gpu/*.csv; jobs/gpu/*.history.csv; jobs/gpu/*.details.json,final_benchmark.csv; final_benchmark.history.csv; jobs/cpu/*.details.json,cross-configuration descriptive contrast; not a controlled method effect
tree_lso,TreeVAE-80 + latent EA,B1,9,2557,1.6118614,2.0712411999999998,0.45937979999999978,150,0.07931660439999999,0.31494856410850242,"bucket_id,seed_rank,seed_dataset_idx",fixed configuration; no per-seed selection,eval-allcriteria.sim,eval-allcriteria-mini.sim;deterministic.sim;sample-period-2.sim;only-body.sim,jobs/gpu/*.csv; jobs/gpu/*.history.csv; jobs/gpu/*.details.json,final_benchmark.csv; final_benchmark.history.csv; jobs/cpu/*.details.json,cross-configuration descriptive contrast; not a controlled method effect
tree_lso,TreeVAE-80 + latent EA,B1,10,2214,2.1119891000000002,2.0133052999999999,-0.098683800000000321,150,0.07931660439999999,0.31494856410850242,"bucket_id,seed_rank,seed_dataset_idx",fixed configuration; no per-seed selection,eval-allcriteria.sim,eval-allcriteria-mini.sim;deterministic.sim;sample-period-2.sim;only-body.sim,jobs/gpu/*.csv; jobs/gpu/*.history.csv; jobs/gpu/*.details.json,final_benchmark.csv; final_benchmark.history.csv; jobs/cpu/*.details.json,cross-configuration descriptive contrast; not a controlled method effect
tree_lso,TreeVAE-80 + latent EA,B1,11,2327,1.9353326,2.0445194,0.10918680000000003,150,0.07931660439999999,0.31494856410850242,"bucket_id,seed_rank,seed_dataset_idx",fixed configuration; no per-seed selection,eval-allcriteria.sim,eval-allcriteria-mini.sim;deterministic.sim;sample-period-2.sim;only-body.sim,jobs/gpu/*.csv; jobs/gpu/*.history.csv; jobs/gpu/*.details.json,final_benchmark.csv; final_benchmark.history.csv; jobs/cpu/*.details.json,cross-configuration descriptive contrast; not a controlled method effect
tree_lso,TreeVAE-80 + latent EA,B1,12,2851,1.9384534,2.0303906999999999,0.091937299999999889,150,0.07931660439999999,0.31494856410850242,"bucket_id,seed_rank,seed_dataset_idx",fixed configuration; no per-seed selection,eval-allcriteria.sim,eval-allcriteria-mini.sim;deterministic.sim;sample-period-2.sim;only-body.sim,jobs/gpu/*.csv; jobs/gpu/*.history.csv; jobs/gpu/*.details.json,final_benchmark.csv; final_benchmark.history.csv; jobs/cpu/*.details.json,cross-configuration descriptive contrast; not a controlled method effect
tree_lso,TreeVAE-80 + latent EA,B1,13,2538,1.1599143000000001,1.7624903999999999,0.60257609999999984,150,0.07931660439999999,0.31494856410850242,"bucket_id,seed_rank,seed_dataset_idx",fixed configuration; no per-seed selection,eval-allcriteria.sim,eval-allcriteria-mini.sim;deterministic.sim;sample-period-2.sim;only-body.sim,jobs/gpu/*.csv; jobs/gpu/*.history.csv; jobs/gpu/*.details.json,final_benchmark.csv; final_benchmark.history.csv; jobs/cpu/*.details.json,cross-configuration descriptive contrast; not a controlled method effect
tree_lso,TreeVAE-80 + latent EA,B1,14,3617,1.9428277,1.9931421,0.050314399999999981,150,0.07931660439999999,0.31494856410850242,"bucket_id,seed_rank,seed_dataset_idx",fixed configuration; no per-seed selection,eval-allcriteria.sim,eval-allcriteria-mini.sim;deterministic.sim;sample-period-2.sim;only-body.sim,jobs/gpu/*.csv; jobs/gpu/*.history.csv; jobs/gpu/*.details.json,final_benchmark.csv; final_benchmark.history.csv; jobs/cpu/*.details.json,cross-configuration descriptive contrast; not a controlled method effect
tree_lso,TreeVAE-80 + latent EA,B1,15,10113,1.8945261,1.9736047000000001,0.07907860000000011,150,0.07931660439999999,0.31494856410850242,"bucket_id,seed_rank,seed_dataset_idx",fixed configuration; no per-seed selection,eval-allcriteria.sim,eval-allcriteria-mini.sim;deterministic.sim;sample-period-2.sim;only-body.sim,jobs/gpu/*.csv; jobs/gpu/*.history.csv; jobs/gpu/*.details.json,final_benchmark.csv; final_benchmark.history.csv; jobs/cpu/*.details.json,cross-configuration descriptive contrast; not a controlled method effect
tree_lso,TreeVAE-80 + latent EA,B1,16,2095,2.0328921000000002,1.4419164,-0.59097570000000021,150,0.07931660439999999,0.31494856410850242,"bucket_id,seed_rank,seed_dataset_idx",fixed configuration; no per-seed selection,eval-allcriteria.sim,eval-allcriteria-mini.sim;deterministic.sim;sample-period-2.sim;only-body.sim,jobs/gpu/*.csv; jobs/gpu/*.history.csv; jobs/gpu/*.details.json,final_benchmark.csv; final_benchmark.history.csv; jobs/cpu/*.details.json,cross-configuration descriptive contrast; not a controlled method effect
tree_lso,TreeVAE-80 + latent EA,B1,17,2156,2.2436875999999999,2.0144589000000002,-0.22922869999999973,150,0.07931660439999999,0.31494856410850242,"bucket_id,seed_rank,seed_dataset_idx",fixed configuration; no per-seed selection,eval-allcriteria.sim,eval-allcriteria-mini.sim;deterministic.sim;sample-period-2.sim;only-body.sim,jobs/gpu/*.csv; jobs/gpu/*.history.csv; jobs/gpu/*.details.json,final_benchmark.csv; final_benchmark.history.csv; jobs/cpu/*.details.json,cross-configuration descriptive contrast; not a controlled method effect
tree_lso,TreeVAE-80 + latent EA,B1,18,2147,1.8794630999999999,1.9410756,0.06161250000000007,150,0.07931660439999999,0.31494856410850242,"bucket_id,seed_rank,seed_dataset_idx",fixed configuration; no per-seed selection,eval-allcriteria.sim,eval-allcriteria-mini.sim;deterministic.sim;sample-period-2.sim;only-body.sim,jobs/gpu/*.csv; jobs/gpu/*.history.csv; jobs/gpu/*.details.json,final_benchmark.csv; final_benchmark.history.csv; jobs/cpu/*.details.json,cross-configuration descriptive contrast; not a controlled method effect
tree_lso,TreeVAE-80 + latent EA,B1,19,2021,1.5429739,1.7218553000000001,0.17888140000000008,150,0.07931660439999999,0.31494856410850242,"bucket_id,seed_rank,seed_dataset_idx",fixed configuration; no per-seed selection,eval-allcriteria.sim,eval-allcriteria-mini.sim;deterministic.sim;sample-period-2.sim;only-body.sim,jobs/gpu/*.csv; jobs/gpu/*.history.csv; jobs/gpu/*.details.json,final_benchmark.csv; final_benchmark.history.csv; jobs/cpu/*.details.json,cross-configuration descriptive contrast; not a controlled method effect
tree_lso,TreeVAE-80 + latent EA,B1,20,1911,1.0872975,1.5776862,0.49038870000000001,150,0.07931660439999999,0.31494856410850242,"bucket_id,seed_rank,seed_dataset_idx",fixed configuration; no per-seed selection,eval-allcriteria.sim,eval-allcriteria-mini.sim;deterministic.sim;sample-period-2.sim;only-body.sim,jobs/gpu/*.csv; jobs/gpu/*.history.csv; jobs/gpu/*.details.json,final_benchmark.csv; final_benchmark.history.csv; jobs/cpu/*.details.json,cross-configuration descriptive contrast; not a controlled method effect
tree_lso,TreeVAE-80 + latent EA,B1,21,9939,1.4392886,1.7364059000000001,0.29711730000000003,150,0.07931660439999999,0.31494856410850242,"bucket_id,seed_rank,seed_dataset_idx",fixed configuration; no per-seed selection,eval-allcriteria.sim,eval-allcriteria-mini.sim;deterministic.sim;sample-period-2.sim;only-body.sim,jobs/gpu/*.csv; jobs/gpu/*.history.csv; jobs/gpu/*.details.json,final_benchmark.csv; final_benchmark.history.csv; jobs/cpu/*.details.json,cross-configuration descriptive contrast; not a controlled method effect
tree_lso,TreeVAE-80 + latent EA,B1,22,2691,1.4784453,2.0146256999999999,0.53618039999999989,150,0.07931660439999999,0.31494856410850242,"bucket_id,seed_rank,seed_dataset_idx",fixed configuration; no per-seed selection,eval-allcriteria.sim,eval-allcriteria-mini.sim;deterministic.sim;sample-period-2.sim;only-body.sim,jobs/gpu/*.csv; jobs/gpu/*.history.csv; jobs/gpu/*.details.json,final_benchmark.csv; final_benchmark.history.csv; jobs/cpu/*.details.json,cross-configuration descriptive contrast; not a controlled method effect
tree_lso,TreeVAE-80 + latent EA,B1,23,2449,1.1047552,1.5217139,0.4169586999999999,150,0.07931660439999999,0.31494856410850242,"bucket_id,seed_rank,seed_dataset_idx",fixed configuration; no per-seed selection,eval-allcriteria.sim,eval-allcriteria-mini.sim;deterministic.sim;sample-period-2.sim;only-body.sim,jobs/gpu/*.csv; jobs/gpu/*.history.csv; jobs/gpu/*.details.json,final_benchmark.csv; final_benchmark.history.csv; jobs/cpu/*.details.json,cross-configuration descriptive contrast; not a controlled method effect
tree_lso,TreeVAE-80 + latent EA,B1,24,2124,1.2951846,1.3912652999999999,0.096080699999999908,150,0.07931660439999999,0.31494856410850242,"bucket_id,seed_rank,seed_dataset_idx",fixed configuration; no per-seed selection,eval-allcriteria.sim,eval-allcriteria-mini.sim;deterministic.sim;sample-period-2.sim;only-body.sim,jobs/gpu/*.csv; jobs/gpu/*.history.csv; jobs/gpu/*.details.json,final_benchmark.csv; final_benchmark.history.csv; jobs/cpu/*.details.json,cross-configuration descriptive contrast; not a controlled method effect
tree_lso,TreeVAE-80 + latent EA,B1,25,2571,1.7752764999999999,1.7170840000000001,-0.058192499999999869,150,0.07931660439999999,0.31494856410850242,"bucket_id,seed_rank,seed_dataset_idx",fixed configuration; no per-seed selection,eval-allcriteria.sim,eval-allcriteria-mini.sim;deterministic.sim;sample-period-2.sim;only-body.sim,jobs/gpu/*.csv; jobs/gpu/*.history.csv; jobs/gpu/*.details.json,final_benchmark.csv; final_benchmark.history.csv; jobs/cpu/*.details.json,cross-configuration descriptive contrast; not a controlled method effect
tree_lso,TreeVAE-80 + latent EA,B2,1,2370,2.1315957999999999,2.0825319000000002,-0.049063899999999716,150,0.07931660439999999,0.31494856410850242,"bucket_id,seed_rank,seed_dataset_idx",fixed configuration; no per-seed selection,eval-allcriteria.sim,eval-allcriteria-mini.sim;deterministic.sim;sample-period-2.sim;only-body.sim,jobs/gpu/*.csv; jobs/gpu/*.history.csv; jobs/gpu/*.details.json,final_benchmark.csv; final_benchmark.history.csv; jobs/cpu/*.details.json,cross-configuration descriptive contrast; not a controlled method effect
tree_lso,TreeVAE-80 + latent EA,B2,2,3256,2.0725304000000002,1.7503635,-0.32216690000000026,150,0.07931660439999999,0.31494856410850242,"bucket_id,seed_rank,seed_dataset_idx",fixed configuration; no per-seed selection,eval-allcriteria.sim,eval-allcriteria-mini.sim;deterministic.sim;sample-period-2.sim;only-body.sim,jobs/gpu/*.csv; jobs/gpu/*.history.csv; jobs/gpu/*.details.json,final_benchmark.csv; final_benchmark.history.csv; jobs/cpu/*.details.json,cross-configuration descriptive contrast; not a controlled method effect
tree_lso,TreeVAE-80 + latent EA,B2,3,2476,1.2708752000000001,1.4645455999999999,0.1936703999999998,150,0.07931660439999999,0.31494856410850242,"bucket_id,seed_rank,seed_dataset_idx",fixed configuration; no per-seed selection,eval-allcriteria.sim,eval-allcriteria-mini.sim;deterministic.sim;sample-period-2.sim;only-body.sim,jobs/gpu/*.csv; jobs/gpu/*.history.csv; jobs/gpu/*.details.json,final_benchmark.csv; final_benchmark.history.csv; jobs/cpu/*.details.json,cross-configuration descriptive contrast; not a controlled method effect
tree_lso,TreeVAE-80 + latent EA,B2,4,3550,1.7216676,1.6609896,-0.06067800000000001,150,0.07931660439999999,0.31494856410850242,"bucket_id,seed_rank,seed_dataset_idx",fixed configuration; no per-seed selection,eval-allcriteria.sim,eval-allcriteria-mini.sim;deterministic.sim;sample-period-2.sim;only-body.sim,jobs/gpu/*.csv; jobs/gpu/*.history.csv; jobs/gpu/*.details.json,final_benchmark.csv; final_benchmark.history.csv; jobs/cpu/*.details.json,cross-configuration descriptive contrast; not a controlled method effect
tree_lso,TreeVAE-80 + latent EA,B2,5,8198,1.3050424,1.6141266999999999,0.30908429999999987,150,0.07931660439999999,0.31494856410850242,"bucket_id,seed_rank,seed_dataset_idx",fixed configuration; no per-seed selection,eval-allcriteria.sim,eval-allcriteria-mini.sim;deterministic.sim;sample-period-2.sim;only-body.sim,jobs/gpu/*.csv; jobs/gpu/*.history.csv; jobs/gpu/*.details.json,final_benchmark.csv; final_benchmark.history.csv; jobs/cpu/*.details.json,cross-configuration descriptive contrast; not a controlled method effect
tree_lso,TreeVAE-80 + latent EA,B2,6,2002,2.0498390999999998,2.0223447000000001,-0.027494399999999697,150,0.07931660439999999,0.31494856410850242,"bucket_id,seed_rank,seed_dataset_idx",fixed configuration; no per-seed selection,eval-allcriteria.sim,eval-allcriteria-mini.sim;deterministic.sim;sample-period-2.sim;only-body.sim,jobs/gpu/*.csv; jobs/gpu/*.history.csv; jobs/gpu/*.details.json,final_benchmark.csv; final_benchmark.history.csv; jobs/cpu/*.details.json,cross-configuration descriptive contrast; not a controlled method effect
tree_lso,TreeVAE-80 + latent EA,B2,7,3180,1.9529931,1.5710769,-0.38191620000000004,150,0.07931660439999999,0.31494856410850242,"bucket_id,seed_rank,seed_dataset_idx",fixed configuration; no per-seed selection,eval-allcriteria.sim,eval-allcriteria-mini.sim;deterministic.sim;sample-period-2.sim;only-body.sim,jobs/gpu/*.csv; jobs/gpu/*.history.csv; jobs/gpu/*.details.json,final_benchmark.csv; final_benchmark.history.csv; jobs/cpu/*.details.json,cross-configuration descriptive contrast; not a controlled method effect
tree_lso,TreeVAE-80 + latent EA,B2,8,4174,1.5704997999999999,1.560894,-0.0096057999999998867,150,0.07931660439999999,0.31494856410850242,"bucket_id,seed_rank,seed_dataset_idx",fixed configuration; no per-seed selection,eval-allcriteria.sim,eval-allcriteria-mini.sim;deterministic.sim;sample-period-2.sim;only-body.sim,jobs/gpu/*.csv; jobs/gpu/*.history.csv; jobs/gpu/*.details.json,final_benchmark.csv; final_benchmark.history.csv; jobs/cpu/*.details.json,cross-configuration descriptive contrast; not a controlled method effect
tree_lso,TreeVAE-80 + latent EA,B2,9,2075,1.4387466,1.6177123,0.17896570000000001,150,0.07931660439999999,0.31494856410850242,"bucket_id,seed_rank,seed_dataset_idx",fixed configuration; no per-seed selection,eval-allcriteria.sim,eval-allcriteria-mini.sim;deterministic.sim;sample-period-2.sim;only-body.sim,jobs/gpu/*.csv; jobs/gpu/*.history.csv; jobs/gpu/*.details.json,final_benchmark.csv; final_benchmark.history.csv; jobs/cpu/*.details.json,cross-configuration descriptive contrast; not a controlled method effect
tree_lso,TreeVAE-80 + latent EA,B2,10,3584,2.0864505000000002,1.9741017000000001,-0.11234880000000014,150,0.07931660439999999,0.31494856410850242,"bucket_id,seed_rank,seed_dataset_idx",fixed configuration; no per-seed selection,eval-allcriteria.sim,eval-allcriteria-mini.sim;deterministic.sim;sample-period-2.sim;only-body.sim,jobs/gpu/*.csv; jobs/gpu/*.history.csv; jobs/gpu/*.details.json,final_benchmark.csv; final_benchmark.history.csv; jobs/cpu/*.details.json,cross-configuration descriptive contrast; not a controlled method effect
tree_lso,TreeVAE-80 + latent EA,B2,11,2780,1.6765355,1.9410727999999999,0.26453729999999998,150,0.07931660439999999,0.31494856410850242,"bucket_id,seed_rank,seed_dataset_idx",fixed configuration; no per-seed selection,eval-allcriteria.sim,eval-allcriteria-mini.sim;deterministic.sim;sample-period-2.sim;only-body.sim,jobs/gpu/*.csv; jobs/gpu/*.history.csv; jobs/gpu/*.details.json,final_benchmark.csv; final_benchmark.history.csv; jobs/cpu/*.details.json,cross-configuration descriptive contrast; not a controlled method effect
tree_lso,TreeVAE-80 + latent EA,B2,12,3082,1.8305515999999999,1.4910204,-0.33953119999999992,150,0.07931660439999999,0.31494856410850242,"bucket_id,seed_rank,seed_dataset_idx",fixed configuration; no per-seed selection,eval-allcriteria.sim,eval-allcriteria-mini.sim;deterministic.sim;sample-period-2.sim;only-body.sim,jobs/gpu/*.csv; jobs/gpu/*.history.csv; jobs/gpu/*.details.json,final_benchmark.csv; final_benchmark.history.csv; jobs/cpu/*.details.json,cross-configuration descriptive contrast; not a controlled method effect
tree_lso,TreeVAE-80 + latent EA,B2,13,2118,1.5823757000000001,1.5143679999999999,-0.068007700000000115,150,0.07931660439999999,0.31494856410850242,"bucket_id,seed_rank,seed_dataset_idx",fixed configuration; no per-seed selection,eval-allcriteria.sim,eval-allcriteria-mini.sim;deterministic.sim;sample-period-2.sim;only-body.sim,jobs/gpu/*.csv; jobs/gpu/*.history.csv; jobs/gpu/*.details.json,final_benchmark.csv; final_benchmark.history.csv; jobs/cpu/*.details.json,cross-configuration descriptive contrast; not a controlled method effect
tree_lso,TreeVAE-80 + latent EA,B2,14,3163,1.8842983,1.4578357,-0.42646260000000002,150,0.07931660439999999,0.31494856410850242,"bucket_id,seed_rank,seed_dataset_idx",fixed configuration; no per-seed selection,eval-allcriteria.sim,eval-allcriteria-mini.sim;deterministic.sim;sample-period-2.sim;only-body.sim,jobs/gpu/*.csv; jobs/gpu/*.history.csv; jobs/gpu/*.details.json,final_benchmark.csv; final_benchmark.history.csv; jobs/cpu/*.details.json,cross-configuration descriptive contrast; not a controlled method effect
tree_lso,TreeVAE-80 + latent EA,B2,15,3336,2.237047,2.0374235000000001,-0.19962349999999995,150,0.07931660439999999,0.31494856410850242,"bucket_id,seed_rank,seed_dataset_idx",fixed configuration; no per-seed selection,eval-allcriteria.sim,eval-allcriteria-mini.sim;deterministic.sim;sample-period-2.sim;only-body.sim,jobs/gpu/*.csv; jobs/gpu/*.history.csv; jobs/gpu/*.details.json,final_benchmark.csv; final_benchmark.history.csv; jobs/cpu/*.details.json,cross-configuration descriptive contrast; not a controlled method effect
tree_lso,TreeVAE-80 + latent EA,B2,16,2590,1.4119655,1.5299039999999999,0.11793849999999995,150,0.07931660439999999,0.31494856410850242,"bucket_id,seed_rank,seed_dataset_idx",fixed configuration; no per-seed selection,eval-allcriteria.sim,eval-allcriteria-mini.sim;deterministic.sim;sample-period-2.sim;only-body.sim,jobs/gpu/*.csv; jobs/gpu/*.history.csv; jobs/gpu/*.details.json,final_benchmark.csv; final_benchmark.history.csv; jobs/cpu/*.details.json,cross-configuration descriptive contrast; not a controlled method effect
tree_lso,TreeVAE-80 + latent EA,B2,17,3551,1.1000543,1.7276606000000001,0.62760630000000006,150,0.07931660439999999,0.31494856410850242,"bucket_id,seed_rank,seed_dataset_idx",fixed configuration; no per-seed selection,eval-allcriteria.sim,eval-allcriteria-mini.sim;deterministic.sim;sample-period-2.sim;only-body.sim,jobs/gpu/*.csv; jobs/gpu/*.history.csv; jobs/gpu/*.details.json,final_benchmark.csv; final_benchmark.history.csv; jobs/cpu/*.details.json,cross-configuration descriptive contrast; not a controlled method effect
tree_lso,TreeVAE-80 + latent EA,B2,18,3699,1.7935302,2.0993453,0.30581510000000001,150,0.07931660439999999,0.31494856410850242,"bucket_id,seed_rank,seed_dataset_idx",fixed configuration; no per-seed selection,eval-allcriteria.sim,eval-allcriteria-mini.sim;deterministic.sim;sample-period-2.sim;only-body.sim,jobs/gpu/*.csv; jobs/gpu/*.history.csv; jobs/gpu/*.details.json,final_benchmark.csv; final_benchmark.history.csv; jobs/cpu/*.details.json,cross-configuration descriptive contrast; not a controlled method effect
tree_lso,TreeVAE-80 + latent EA,B2,19,10220,2.3511950000000001,1.5618605000000001,-0.78933450000000005,150,0.07931660439999999,0.31494856410850242,"bucket_id,seed_rank,seed_dataset_idx",fixed configuration; no per-seed selection,eval-allcriteria.sim,eval-allcriteria-mini.sim;deterministic.sim;sample-period-2.sim;only-body.sim,jobs/gpu/*.csv; jobs/gpu/*.history.csv; jobs/gpu/*.details.json,final_benchmark.csv; final_benchmark.history.csv; jobs/cpu/*.details.json,cross-configuration descriptive contrast; not a controlled method effect
tree_lso,TreeVAE-80 + latent EA,B2,20,2114,2.1594885000000001,1.9281193000000001,-0.23136920000000005,150,0.07931660439999999,0.31494856410850242,"bucket_id,seed_rank,seed_dataset_idx",fixed configuration; no per-seed selection,eval-allcriteria.sim,eval-allcriteria-mini.sim;deterministic.sim;sample-period-2.sim;only-body.sim,jobs/gpu/*.csv; jobs/gpu/*.history.csv; jobs/gpu/*.details.json,final_benchmark.csv; final_benchmark.history.csv; jobs/cpu/*.details.json,cross-configuration descriptive contrast; not a controlled method effect
tree_lso,TreeVAE-80 + latent EA,B2,21,2979,1.6192224,1.9411502,0.3219278000000001,150,0.07931660439999999,0.31494856410850242,"bucket_id,seed_rank,seed_dataset_idx",fixed configuration; no per-seed selection,eval-allcriteria.sim,eval-allcriteria-mini.sim;deterministic.sim;sample-period-2.sim;only-body.sim,jobs/gpu/*.csv; jobs/gpu/*.history.csv; jobs/gpu/*.details.json,final_benchmark.csv; final_benchmark.history.csv; jobs/cpu/*.details.json,cross-configuration descriptive contrast; not a controlled method effect
tree_lso,TreeVAE-80 + latent EA,B2,22,2598,1.4038587,1.5646418,0.16078309999999996,150,0.07931660439999999,0.31494856410850242,"bucket_id,seed_rank,seed_dataset_idx",fixed configuration; no per-seed selection,eval-allcriteria.sim,eval-allcriteria-mini.sim;deterministic.sim;sample-period-2.sim;only-body.sim,jobs/gpu/*.csv; jobs/gpu/*.history.csv; jobs/gpu/*.details.json,final_benchmark.csv; final_benchmark.history.csv; jobs/cpu/*.details.json,cross-configuration descriptive contrast; not a controlled method effect
tree_lso,TreeVAE-80 + latent EA,B2,23,10260,1.3409925,1.6933994999999999,0.35240699999999991,150,0.07931660439999999,0.31494856410850242,"bucket_id,seed_rank,seed_dataset_idx",fixed configuration; no per-seed selection,eval-allcriteria.sim,eval-allcriteria-mini.sim;deterministic.sim;sample-period-2.sim;only-body.sim,jobs/gpu/*.csv; jobs/gpu/*.history.csv; jobs/gpu/*.details.json,final_benchmark.csv; final_benchmark.history.csv; jobs/cpu/*.details.json,cross-configuration descriptive contrast; not a controlled method effect
tree_lso,TreeVAE-80 + latent EA,B2,24,2084,1.4051849999999999,1.4388403000000001,0.033655300000000166,150,0.07931660439999999,0.31494856410850242,"bucket_id,seed_rank,seed_dataset_idx",fixed configuration; no per-seed selection,eval-allcriteria.sim,eval-allcriteria-mini.sim;deterministic.sim;sample-period-2.sim;only-body.sim,jobs/gpu/*.csv; jobs/gpu/*.history.csv; jobs/gpu/*.details.json,final_benchmark.csv; final_benchmark.history.csv; jobs/cpu/*.details.json,cross-configuration descriptive contrast; not a controlled method effect
tree_lso,TreeVAE-80 + latent EA,B2,25,3444,2.2069909000000001,2.3307837,0.12379279999999993,150,0.07931660439999999,0.31494856410850242,"bucket_id,seed_rank,seed_dataset_idx",fixed configuration; no per-seed selection,eval-allcriteria.sim,eval-allcriteria-mini.sim;deterministic.sim;sample-period-2.sim;only-body.sim,jobs/gpu/*.csv; jobs/gpu/*.history.csv; jobs/gpu/*.details.json,final_benchmark.csv; final_benchmark.history.csv; jobs/cpu/*.details.json,cross-configuration descriptive contrast; not a controlled method effect
tree_lso,TreeVAE-80 + latent EA,B3,1,9059,0.96364453999999999,1.5130170000000001,0.54937246000000006,150,0.07931660439999999,0.31494856410850242,"bucket_id,seed_rank,seed_dataset_idx",fixed configuration; no per-seed selection,eval-allcriteria.sim,eval-allcriteria-mini.sim;deterministic.sim;sample-period-2.sim;only-body.sim,jobs/gpu/*.csv; jobs/gpu/*.history.csv; jobs/gpu/*.details.json,final_benchmark.csv; final_benchmark.history.csv; jobs/cpu/*.details.json,cross-configuration descriptive contrast; not a controlled method effect
tree_lso,TreeVAE-80 + latent EA,B3,2,5976,0.92284708999999998,1.6054967,0.68264961000000002,150,0.07931660439999999,0.31494856410850242,"bucket_id,seed_rank,seed_dataset_idx",fixed configuration; no per-seed selection,eval-allcriteria.sim,eval-allcriteria-mini.sim;deterministic.sim;sample-period-2.sim;only-body.sim,jobs/gpu/*.csv; jobs/gpu/*.history.csv; jobs/gpu/*.details.json,final_benchmark.csv; final_benchmark.history.csv; jobs/cpu/*.details.json,cross-configuration descriptive contrast; not a controlled method effect
tree_lso,TreeVAE-80 + latent EA,B3,3,4673,1.6528305000000001,1.947511,0.2946804999999999,150,0.07931660439999999,0.31494856410850242,"bucket_id,seed_rank,seed_dataset_idx",fixed configuration; no per-seed selection,eval-allcriteria.sim,eval-allcriteria-mini.sim;deterministic.sim;sample-period-2.sim;only-body.sim,jobs/gpu/*.csv; jobs/gpu/*.history.csv; jobs/gpu/*.details.json,final_benchmark.csv; final_benchmark.history.csv; jobs/cpu/*.details.json,cross-configuration descriptive contrast; not a controlled method effect
tree_lso,TreeVAE-80 + latent EA,B3,4,5462,1.9931915,1.9650840000000001,-0.028107499999999952,150,0.07931660439999999,0.31494856410850242,"bucket_id,seed_rank,seed_dataset_idx",fixed configuration; no per-seed selection,eval-allcriteria.sim,eval-allcriteria-mini.sim;deterministic.sim;sample-period-2.sim;only-body.sim,jobs/gpu/*.csv; jobs/gpu/*.history.csv; jobs/gpu/*.details.json,final_benchmark.csv; final_benchmark.history.csv; jobs/cpu/*.details.json,cross-configuration descriptive contrast; not a controlled method effect
tree_lso,TreeVAE-80 + latent EA,B3,5,4395,1.3967963999999999,1.6971288,0.30033240000000005,150,0.07931660439999999,0.31494856410850242,"bucket_id,seed_rank,seed_dataset_idx",fixed configuration; no per-seed selection,eval-allcriteria.sim,eval-allcriteria-mini.sim;deterministic.sim;sample-period-2.sim;only-body.sim,jobs/gpu/*.csv; jobs/gpu/*.history.csv; jobs/gpu/*.details.json,final_benchmark.csv; final_benchmark.history.csv; jobs/cpu/*.details.json,cross-configuration descriptive contrast; not a controlled method effect
tree_lso,TreeVAE-80 + latent EA,B3,6,6787,1.1122316000000001,1.4403706999999999,0.32813909999999979,150,0.07931660439999999,0.31494856410850242,"bucket_id,seed_rank,seed_dataset_idx",fixed configuration; no per-seed selection,eval-allcriteria.sim,eval-allcriteria-mini.sim;deterministic.sim;sample-period-2.sim;only-body.sim,jobs/gpu/*.csv; jobs/gpu/*.history.csv; jobs/gpu/*.details.json,final_benchmark.csv; final_benchmark.history.csv; jobs/cpu/*.details.json,cross-configuration descriptive contrast; not a controlled method effect
tree_lso,TreeVAE-80 + latent EA,B3,7,4392,1.5910386999999999,1.4414876999999999,-0.14955099999999999,150,0.07931660439999999,0.31494856410850242,"bucket_id,seed_rank,seed_dataset_idx",fixed configuration; no per-seed selection,eval-allcriteria.sim,eval-allcriteria-mini.sim;deterministic.sim;sample-period-2.sim;only-body.sim,jobs/gpu/*.csv; jobs/gpu/*.history.csv; jobs/gpu/*.details.json,final_benchmark.csv; final_benchmark.history.csv; jobs/cpu/*.details.json,cross-configuration descriptive contrast; not a controlled method effect
tree_lso,TreeVAE-80 + latent EA,B3,8,3875,1.768635,1.6888354999999999,-0.079799500000000023,150,0.07931660439999999,0.31494856410850242,"bucket_id,seed_rank,seed_dataset_idx",fixed configuration; no per-seed selection,eval-allcriteria.sim,eval-allcriteria-mini.sim;deterministic.sim;sample-period-2.sim;only-body.sim,jobs/gpu/*.csv; jobs/gpu/*.history.csv; jobs/gpu/*.details.json,final_benchmark.csv; final_benchmark.history.csv; jobs/cpu/*.details.json,cross-configuration descriptive contrast; not a controlled method effect
tree_lso,TreeVAE-80 + latent EA,B3,9,7210,1.0394641,1.6332078999999999,0.59374379999999993,150,0.07931660439999999,0.31494856410850242,"bucket_id,seed_rank,seed_dataset_idx",fixed configuration; no per-seed selection,eval-allcriteria.sim,eval-allcriteria-mini.sim;deterministic.sim;sample-period-2.sim;only-body.sim,jobs/gpu/*.csv; jobs/gpu/*.history.csv; jobs/gpu/*.details.json,final_benchmark.csv; final_benchmark.history.csv; jobs/cpu/*.details.json,cross-configuration descriptive contrast; not a controlled method effect
tree_lso,TreeVAE-80 + latent EA,B3,10,5106,1.3269025999999999,1.6861596999999999,0.3592571,150,0.07931660439999999,0.31494856410850242,"bucket_id,seed_rank,seed_dataset_idx",fixed configuration; no per-seed selection,eval-allcriteria.sim,eval-allcriteria-mini.sim;deterministic.sim;sample-period-2.sim;only-body.sim,jobs/gpu/*.csv; jobs/gpu/*.history.csv; jobs/gpu/*.details.json,final_benchmark.csv; final_benchmark.history.csv; jobs/cpu/*.details.json,cross-configuration descriptive contrast; not a controlled method effect
tree_lso,TreeVAE-80 + latent EA,B3,11,4801,1.2703563,1.4752117,0.20485540000000002,150,0.07931660439999999,0.31494856410850242,"bucket_id,seed_rank,seed_dataset_idx",fixed configuration; no per-seed selection,eval-allcriteria.sim,eval-allcriteria-mini.sim;deterministic.sim;sample-period-2.sim;only-body.sim,jobs/gpu/*.csv; jobs/gpu/*.history.csv; jobs/gpu/*.details.json,final_benchmark.csv; final_benchmark.history.csv; jobs/cpu/*.details.json,cross-configuration descriptive contrast; not a controlled method effect
tree_lso,TreeVAE-80 + latent EA,B3,12,7066,0.91418960999999999,1.8804856000000001,0.9662959900000001,150,0.07931660439999999,0.31494856410850242,"bucket_id,seed_rank,seed_dataset_idx",fixed configuration; no per-seed selection,eval-allcriteria.sim,eval-allcriteria-mini.sim;deterministic.sim;sample-period-2.sim;only-body.sim,jobs/gpu/*.csv; jobs/gpu/*.history.csv; jobs/gpu/*.details.json,final_benchmark.csv; final_benchmark.history.csv; jobs/cpu/*.details.json,cross-configuration descriptive contrast; not a controlled method effect
tree_lso,TreeVAE-80 + latent EA,B3,13,5119,1.5815608999999999,1.9350130000000001,0.35345210000000016,150,0.07931660439999999,0.31494856410850242,"bucket_id,seed_rank,seed_dataset_idx",fixed configuration; no per-seed selection,eval-allcriteria.sim,eval-allcriteria-mini.sim;deterministic.sim;sample-period-2.sim;only-body.sim,jobs/gpu/*.csv; jobs/gpu/*.history.csv; jobs/gpu/*.details.json,final_benchmark.csv; final_benchmark.history.csv; jobs/cpu/*.details.json,cross-configuration descriptive contrast; not a controlled method effect
tree_lso,TreeVAE-80 + latent EA,B3,14,6869,1.2103046,1.494273,0.28396840000000001,150,0.07931660439999999,0.31494856410850242,"bucket_id,seed_rank,seed_dataset_idx",fixed configuration; no per-seed selection,eval-allcriteria.sim,eval-allcriteria-mini.sim;deterministic.sim;sample-period-2.sim;only-body.sim,jobs/gpu/*.csv; jobs/gpu/*.history.csv; jobs/gpu/*.details.json,final_benchmark.csv; final_benchmark.history.csv; jobs/cpu/*.details.json,cross-configuration descriptive contrast; not a controlled method effect
tree_lso,TreeVAE-80 + latent EA,B3,15,10618,1.1570685999999999,1.9324490000000001,0.77538040000000019,150,0.07931660439999999,0.31494856410850242,"bucket_id,seed_rank,seed_dataset_idx",fixed configuration; no per-seed selection,eval-allcriteria.sim,eval-allcriteria-mini.sim;deterministic.sim;sample-period-2.sim;only-body.sim,jobs/gpu/*.csv; jobs/gpu/*.history.csv; jobs/gpu/*.details.json,final_benchmark.csv; final_benchmark.history.csv; jobs/cpu/*.details.json,cross-configuration descriptive contrast; not a controlled method effect
tree_lso,TreeVAE-80 + latent EA,B3,16,4531,1.7468303000000001,1.9826994,0.23586909999999994,150,0.07931660439999999,0.31494856410850242,"bucket_id,seed_rank,seed_dataset_idx",fixed configuration; no per-seed selection,eval-allcriteria.sim,eval-allcriteria-mini.sim;deterministic.sim;sample-period-2.sim;only-body.sim,jobs/gpu/*.csv; jobs/gpu/*.history.csv; jobs/gpu/*.details.json,final_benchmark.csv; final_benchmark.history.csv; jobs/cpu/*.details.json,cross-configuration descriptive contrast; not a controlled method effect
tree_lso,TreeVAE-80 + latent EA,B3,17,6167,1.4400454,1.4752704000000001,0.035225000000000062,150,0.07931660439999999,0.31494856410850242,"bucket_id,seed_rank,seed_dataset_idx",fixed configuration; no per-seed selection,eval-allcriteria.sim,eval-allcriteria-mini.sim;deterministic.sim;sample-period-2.sim;only-body.sim,jobs/gpu/*.csv; jobs/gpu/*.history.csv; jobs/gpu/*.details.json,final_benchmark.csv; final_benchmark.history.csv; jobs/cpu/*.details.json,cross-configuration descriptive contrast; not a controlled method effect
tree_lso,TreeVAE-80 + latent EA,B3,18,5356,2.1512913,1.9411077000000001,-0.21018359999999991,150,0.07931660439999999,0.31494856410850242,"bucket_id,seed_rank,seed_dataset_idx",fixed configuration; no per-seed selection,eval-allcriteria.sim,eval-allcriteria-mini.sim;deterministic.sim;sample-period-2.sim;only-body.sim,jobs/gpu/*.csv; jobs/gpu/*.history.csv; jobs/gpu/*.details.json,final_benchmark.csv; final_benchmark.history.csv; jobs/cpu/*.details.json,cross-configuration descriptive contrast; not a controlled method effect
tree_lso,TreeVAE-80 + latent EA,B3,19,3000,1.8854367000000001,1.7756175000000001,-0.10981920000000001,150,0.07931660439999999,0.31494856410850242,"bucket_id,seed_rank,seed_dataset_idx",fixed configuration; no per-seed selection,eval-allcriteria.sim,eval-allcriteria-mini.sim;deterministic.sim;sample-period-2.sim;only-body.sim,jobs/gpu/*.csv; jobs/gpu/*.history.csv; jobs/gpu/*.details.json,final_benchmark.csv; final_benchmark.history.csv; jobs/cpu/*.details.json,cross-configuration descriptive contrast; not a controlled method effect
tree_lso,TreeVAE-80 + latent EA,B3,20,9118,1.0665020999999999,1.3730511000000001,0.30654900000000018,150,0.07931660439999999,0.31494856410850242,"bucket_id,seed_rank,seed_dataset_idx",fixed configuration; no per-seed selection,eval-allcriteria.sim,eval-allcriteria-mini.sim;deterministic.sim;sample-period-2.sim;only-body.sim,jobs/gpu/*.csv; jobs/gpu/*.history.csv; jobs/gpu/*.details.json,final_benchmark.csv; final_benchmark.history.csv; jobs/cpu/*.details.json,cross-configuration descriptive contrast; not a controlled method effect
tree_lso,TreeVAE-80 + latent EA,B3,21,4233,1.3617362,2.0173234,0.65558720000000004,150,0.07931660439999999,0.31494856410850242,"bucket_id,seed_rank,seed_dataset_idx",fixed configuration; no per-seed selection,eval-allcriteria.sim,eval-allcriteria-mini.sim;deterministic.sim;sample-period-2.sim;only-body.sim,jobs/gpu/*.csv; jobs/gpu/*.history.csv; jobs/gpu/*.details.json,final_benchmark.csv; final_benchmark.history.csv; jobs/cpu/*.details.json,cross-configuration descriptive contrast; not a controlled method effect
tree_lso,TreeVAE-80 + latent EA,B3,22,3682,1.4936209,1.9346848000000001,0.44106390000000006,150,0.07931660439999999,0.31494856410850242,"bucket_id,seed_rank,seed_dataset_idx",fixed configuration; no per-seed selection,eval-allcriteria.sim,eval-allcriteria-mini.sim;deterministic.sim;sample-period-2.sim;only-body.sim,jobs/gpu/*.csv; jobs/gpu/*.history.csv; jobs/gpu/*.details.json,final_benchmark.csv; final_benchmark.history.csv; jobs/cpu/*.details.json,cross-configuration descriptive contrast; not a controlled method effect
tree_lso,TreeVAE-80 + latent EA,B3,23,10376,1.2566314999999999,1.4382345999999999,0.18160310000000002,150,0.07931660439999999,0.31494856410850242,"bucket_id,seed_rank,seed_dataset_idx",fixed configuration; no per-seed selection,eval-allcriteria.sim,eval-allcriteria-mini.sim;deterministic.sim;sample-period-2.sim;only-body.sim,jobs/gpu/*.csv; jobs/gpu/*.history.csv; jobs/gpu/*.details.json,final_benchmark.csv; final_benchmark.history.csv; jobs/cpu/*.details.json,cross-configuration descriptive contrast; not a controlled method effect
tree_lso,TreeVAE-80 + latent EA,B3,24,4831,1.5682427999999999,2.0136592000000002,0.44541640000000027,150,0.07931660439999999,0.31494856410850242,"bucket_id,seed_rank,seed_dataset_idx",fixed configuration; no per-seed selection,eval-allcriteria.sim,eval-allcriteria-mini.sim;deterministic.sim;sample-period-2.sim;only-body.sim,jobs/gpu/*.csv; jobs/gpu/*.history.csv; jobs/gpu/*.details.json,final_benchmark.csv; final_benchmark.history.csv; jobs/cpu/*.details.json,cross-configuration descriptive contrast; not a controlled method effect
tree_lso,TreeVAE-80 + latent EA,B3,25,7635,2.3046655999999999,2.0286184,-0.27604719999999983,150,0.07931660439999999,0.31494856410850242,"bucket_id,seed_rank,seed_dataset_idx",fixed configuration; no per-seed selection,eval-allcriteria.sim,eval-allcriteria-mini.sim;deterministic.sim;sample-period-2.sim;only-body.sim,jobs/gpu/*.csv; jobs/gpu/*.history.csv; jobs/gpu/*.details.json,final_benchmark.csv; final_benchmark.history.csv; jobs/cpu/*.details.json,cross-configuration descriptive contrast; not a controlled method effect
tree_lso,TreeVAE-80 + latent EA,B4,1,9661,1.2941179,1.4877180000000001,0.19360010000000005,150,0.07931660439999999,0.31494856410850242,"bucket_id,seed_rank,seed_dataset_idx",fixed configuration; no per-seed selection,eval-allcriteria.sim,eval-allcriteria-mini.sim;deterministic.sim;sample-period-2.sim;only-body.sim,jobs/gpu/*.csv; jobs/gpu/*.history.csv; jobs/gpu/*.details.json,final_benchmark.csv; final_benchmark.history.csv; jobs/cpu/*.details.json,cross-configuration descriptive contrast; not a controlled method effect
tree_lso,TreeVAE-80 + latent EA,B4,2,5001,1.4076131000000001,1.5148686,0.10725549999999995,150,0.07931660439999999,0.31494856410850242,"bucket_id,seed_rank,seed_dataset_idx",fixed configuration; no per-seed selection,eval-allcriteria.sim,eval-allcriteria-mini.sim;deterministic.sim;sample-period-2.sim;only-body.sim,jobs/gpu/*.csv; jobs/gpu/*.history.csv; jobs/gpu/*.details.json,final_benchmark.csv; final_benchmark.history.csv; jobs/cpu/*.details.json,cross-configuration descriptive contrast; not a controlled method effect
tree_lso,TreeVAE-80 + latent EA,B4,3,7245,1.3057453999999999,1.3198415999999999,0.014096200000000003,150,0.07931660439999999,0.31494856410850242,"bucket_id,seed_rank,seed_dataset_idx",fixed configuration; no per-seed selection,eval-allcriteria.sim,eval-allcriteria-mini.sim;deterministic.sim;sample-period-2.sim;only-body.sim,jobs/gpu/*.csv; jobs/gpu/*.history.csv; jobs/gpu/*.details.json,final_benchmark.csv; final_benchmark.history.csv; jobs/cpu/*.details.json,cross-configuration descriptive contrast; not a controlled method effect
tree_lso,TreeVAE-80 + latent EA,B4,4,3980,1.2673805,1.5006383999999999,0.23325789999999991,150,0.07931660439999999,0.31494856410850242,"bucket_id,seed_rank,seed_dataset_idx",fixed configuration; no per-seed selection,eval-allcriteria.sim,eval-allcriteria-mini.sim;deterministic.sim;sample-period-2.sim;only-body.sim,jobs/gpu/*.csv; jobs/gpu/*.history.csv; jobs/gpu/*.details.json,final_benchmark.csv; final_benchmark.history.csv; jobs/cpu/*.details.json,cross-configuration descriptive contrast; not a controlled method effect
tree_lso,TreeVAE-80 + latent EA,B4,5,926,1.3638435,1.5257799999999999,0.16193649999999993,150,0.07931660439999999,0.31494856410850242,"bucket_id,seed_rank,seed_dataset_idx",fixed configuration; no per-seed selection,eval-allcriteria.sim,eval-allcriteria-mini.sim;deterministic.sim;sample-period-2.sim;only-body.sim,jobs/gpu/*.csv; jobs/gpu/*.history.csv; jobs/gpu/*.details.json,final_benchmark.csv; final_benchmark.history.csv; jobs/cpu/*.details.json,cross-configuration descriptive contrast; not a controlled method effect
tree_lso,TreeVAE-80 + latent EA,B4,6,3490,2.0489353000000001,1.9870045000000001,-0.061930800000000064,150,0.07931660439999999,0.31494856410850242,"bucket_id,seed_rank,seed_dataset_idx",fixed configuration; no per-seed selection,eval-allcriteria.sim,eval-allcriteria-mini.sim;deterministic.sim;sample-period-2.sim;only-body.sim,jobs/gpu/*.csv; jobs/gpu/*.history.csv; jobs/gpu/*.details.json,final_benchmark.csv; final_benchmark.history.csv; jobs/cpu/*.details.json,cross-configuration descriptive contrast; not a controlled method effect
tree_lso,TreeVAE-80 + latent EA,B4,7,10784,1.3979250999999999,1.6389822000000001,0.24105710000000014,150,0.07931660439999999,0.31494856410850242,"bucket_id,seed_rank,seed_dataset_idx",fixed configuration; no per-seed selection,eval-allcriteria.sim,eval-allcriteria-mini.sim;deterministic.sim;sample-period-2.sim;only-body.sim,jobs/gpu/*.csv; jobs/gpu/*.history.csv; jobs/gpu/*.details.json,final_benchmark.csv; final_benchmark.history.csv; jobs/cpu/*.details.json,cross-configuration descriptive contrast; not a controlled method effect
tree_lso,TreeVAE-80 + latent EA,B4,8,6100,1.9576057,1.8208015,-0.13680420000000004,150,0.07931660439999999,0.31494856410850242,"bucket_id,seed_rank,seed_dataset_idx",fixed configuration; no per-seed selection,eval-allcriteria.sim,eval-allcriteria-mini.sim;deterministic.sim;sample-period-2.sim;only-body.sim,jobs/gpu/*.csv; jobs/gpu/*.history.csv; jobs/gpu/*.details.json,final_benchmark.csv; final_benchmark.history.csv; jobs/cpu/*.details.json,cross-configuration descriptive contrast; not a controlled method effect
tree_lso,TreeVAE-80 + latent EA,B4,9,3946,2.6526732000000002,2.0199155000000002,-0.63275769999999998,150,0.07931660439999999,0.31494856410850242,"bucket_id,seed_rank,seed_dataset_idx",fixed configuration; no per-seed selection,eval-allcriteria.sim,eval-allcriteria-mini.sim;deterministic.sim;sample-period-2.sim;only-body.sim,jobs/gpu/*.csv; jobs/gpu/*.history.csv; jobs/gpu/*.details.json,final_benchmark.csv; final_benchmark.history.csv; jobs/cpu/*.details.json,cross-configuration descriptive contrast; not a controlled method effect
tree_lso,TreeVAE-80 + latent EA,B4,10,8498,1.2420020000000001,1.7064083000000001,0.46440630000000005,150,0.07931660439999999,0.31494856410850242,"bucket_id,seed_rank,seed_dataset_idx",fixed configuration; no per-seed selection,eval-allcriteria.sim,eval-allcriteria-mini.sim;deterministic.sim;sample-period-2.sim;only-body.sim,jobs/gpu/*.csv; jobs/gpu/*.history.csv; jobs/gpu/*.details.json,final_benchmark.csv; final_benchmark.history.csv; jobs/cpu/*.details.json,cross-configuration descriptive contrast; not a controlled method effect
tree_lso,TreeVAE-80 + latent EA,B4,11,6804,1.2722931,1.3869229000000001,0.11462980000000011,150,0.07931660439999999,0.31494856410850242,"bucket_id,seed_rank,seed_dataset_idx",fixed configuration; no per-seed selection,eval-allcriteria.sim,eval-allcriteria-mini.sim;deterministic.sim;sample-period-2.sim;only-body.sim,jobs/gpu/*.csv; jobs/gpu/*.history.csv; jobs/gpu/*.details.json,final_benchmark.csv; final_benchmark.history.csv; jobs/cpu/*.details.json,cross-configuration descriptive contrast; not a controlled method effect
tree_lso,TreeVAE-80 + latent EA,B4,12,4000,1.7926692,1.8342358000000001,0.04156660000000012,150,0.07931660439999999,0.31494856410850242,"bucket_id,seed_rank,seed_dataset_idx",fixed configuration; no per-seed selection,eval-allcriteria.sim,eval-allcriteria-mini.sim;deterministic.sim;sample-period-2.sim;only-body.sim,jobs/gpu/*.csv; jobs/gpu/*.history.csv; jobs/gpu/*.details.json,final_benchmark.csv; final_benchmark.history.csv; jobs/cpu/*.details.json,cross-configuration descriptive contrast; not a controlled method effect
tree_lso,TreeVAE-80 + latent EA,B4,13,5317,1.3745877,1.6516967,0.27710900000000005,150,0.07931660439999999,0.31494856410850242,"bucket_id,seed_rank,seed_dataset_idx",fixed configuration; no per-seed selection,eval-allcriteria.sim,eval-allcriteria-mini.sim;deterministic.sim;sample-period-2.sim;only-body.sim,jobs/gpu/*.csv; jobs/gpu/*.history.csv; jobs/gpu/*.details.json,final_benchmark.csv; final_benchmark.history.csv; jobs/cpu/*.details.json,cross-configuration descriptive contrast; not a controlled method effect
tree_lso,TreeVAE-80 + latent EA,B4,14,8956,1.2153946,1.7521051000000001,0.53671050000000009,150,0.07931660439999999,0.31494856410850242,"bucket_id,seed_rank,seed_dataset_idx",fixed configuration; no per-seed selection,eval-allcriteria.sim,eval-allcriteria-mini.sim;deterministic.sim;sample-period-2.sim;only-body.sim,jobs/gpu/*.csv; jobs/gpu/*.history.csv; jobs/gpu/*.details.json,final_benchmark.csv; final_benchmark.history.csv; jobs/cpu/*.details.json,cross-configuration descriptive contrast; not a controlled method effect
tree_lso,TreeVAE-80 + latent EA,B4,15,9114,1.8625221000000001,1.9737397999999999,0.11121769999999986,150,0.07931660439999999,0.31494856410850242,"bucket_id,seed_rank,seed_dataset_idx",fixed configuration; no per-seed selection,eval-allcriteria.sim,eval-allcriteria-mini.sim;deterministic.sim;sample-period-2.sim;only-body.sim,jobs/gpu/*.csv; jobs/gpu/*.history.csv; jobs/gpu/*.details.json,final_benchmark.csv; final_benchmark.history.csv; jobs/cpu/*.details.json,cross-configuration descriptive contrast; not a controlled method effect
tree_lso,TreeVAE-80 + latent EA,B4,16,9482,1.4754202999999999,1.4580936,-0.017326699999999917,150,0.07931660439999999,0.31494856410850242,"bucket_id,seed_rank,seed_dataset_idx",fixed configuration; no per-seed selection,eval-allcriteria.sim,eval-allcriteria-mini.sim;deterministic.sim;sample-period-2.sim;only-body.sim,jobs/gpu/*.csv; jobs/gpu/*.history.csv; jobs/gpu/*.details.json,final_benchmark.csv; final_benchmark.history.csv; jobs/cpu/*.details.json,cross-configuration descriptive contrast; not a controlled method effect
tree_lso,TreeVAE-80 + latent EA,B4,17,1622,1.3293549,1.4599420000000001,0.13058710000000007,150,0.07931660439999999,0.31494856410850242,"bucket_id,seed_rank,seed_dataset_idx",fixed configuration; no per-seed selection,eval-allcriteria.sim,eval-allcriteria-mini.sim;deterministic.sim;sample-period-2.sim;only-body.sim,jobs/gpu/*.csv; jobs/gpu/*.history.csv; jobs/gpu/*.details.json,final_benchmark.csv; final_benchmark.history.csv; jobs/cpu/*.details.json,cross-configuration descriptive contrast; not a controlled method effect
tree_lso,TreeVAE-80 + latent EA,B4,18,9410,1.2336536,2.0288051999999999,0.79515159999999985,150,0.07931660439999999,0.31494856410850242,"bucket_id,seed_rank,seed_dataset_idx",fixed configuration; no per-seed selection,eval-allcriteria.sim,eval-allcriteria-mini.sim;deterministic.sim;sample-period-2.sim;only-body.sim,jobs/gpu/*.csv; jobs/gpu/*.history.csv; jobs/gpu/*.details.json,final_benchmark.csv; final_benchmark.history.csv; jobs/cpu/*.details.json,cross-configuration descriptive contrast; not a controlled method effect
tree_lso,TreeVAE-80 + latent EA,B4,19,5807,1.4854704000000001,1.9243212000000001,0.43885079999999999,150,0.07931660439999999,0.31494856410850242,"bucket_id,seed_rank,seed_dataset_idx",fixed configuration; no per-seed selection,eval-allcriteria.sim,eval-allcriteria-mini.sim;deterministic.sim;sample-period-2.sim;only-body.sim,jobs/gpu/*.csv; jobs/gpu/*.history.csv; jobs/gpu/*.details.json,final_benchmark.csv; final_benchmark.history.csv; jobs/cpu/*.details.json,cross-configuration descriptive contrast; not a controlled method effect
tree_lso,TreeVAE-80 + latent EA,B4,20,7996,1.9446985000000001,1.8284621000000001,-0.11623640000000002,150,0.07931660439999999,0.31494856410850242,"bucket_id,seed_rank,seed_dataset_idx",fixed configuration; no per-seed selection,eval-allcriteria.sim,eval-allcriteria-mini.sim;deterministic.sim;sample-period-2.sim;only-body.sim,jobs/gpu/*.csv; jobs/gpu/*.history.csv; jobs/gpu/*.details.json,final_benchmark.csv; final_benchmark.history.csv; jobs/cpu/*.details.json,cross-configuration descriptive contrast; not a controlled method effect
tree_lso,TreeVAE-80 + latent EA,B4,21,8188,1.5763145000000001,1.7295039999999999,0.15318949999999987,150,0.07931660439999999,0.31494856410850242,"bucket_id,seed_rank,seed_dataset_idx",fixed configuration; no per-seed selection,eval-allcriteria.sim,eval-allcriteria-mini.sim;deterministic.sim;sample-period-2.sim;only-body.sim,jobs/gpu/*.csv; jobs/gpu/*.history.csv; jobs/gpu/*.details.json,final_benchmark.csv; final_benchmark.history.csv; jobs/cpu/*.details.json,cross-configuration descriptive contrast; not a controlled method effect
tree_lso,TreeVAE-80 + latent EA,B4,22,5942,1.5724089000000001,1.4483585000000001,-0.12405040000000001,150,0.07931660439999999,0.31494856410850242,"bucket_id,seed_rank,seed_dataset_idx",fixed configuration; no per-seed selection,eval-allcriteria.sim,eval-allcriteria-mini.sim;deterministic.sim;sample-period-2.sim;only-body.sim,jobs/gpu/*.csv; jobs/gpu/*.history.csv; jobs/gpu/*.details.json,final_benchmark.csv; final_benchmark.history.csv; jobs/cpu/*.details.json,cross-configuration descriptive contrast; not a controlled method effect
tree_lso,TreeVAE-80 + latent EA,B4,23,6928,1.541863,1.7617916,0.21992860000000003,150,0.07931660439999999,0.31494856410850242,"bucket_id,seed_rank,seed_dataset_idx",fixed configuration; no per-seed selection,eval-allcriteria.sim,eval-allcriteria-mini.sim;deterministic.sim;sample-period-2.sim;only-body.sim,jobs/gpu/*.csv; jobs/gpu/*.history.csv; jobs/gpu/*.details.json,final_benchmark.csv; final_benchmark.history.csv; jobs/cpu/*.details.json,cross-configuration descriptive contrast; not a controlled method effect
tree_lso,TreeVAE-80 + latent EA,B4,24,3985,1.8978189000000001,1.688337,-0.20948190000000011,150,0.07931660439999999,0.31494856410850242,"bucket_id,seed_rank,seed_dataset_idx",fixed configuration; no per-seed selection,eval-allcriteria.sim,eval-allcriteria-mini.sim;deterministic.sim;sample-period-2.sim;only-body.sim,jobs/gpu/*.csv; jobs/gpu/*.history.csv; jobs/gpu/*.details.json,final_benchmark.csv; final_benchmark.history.csv; jobs/cpu/*.details.json,cross-configuration descriptive contrast; not a controlled method effect
tree_lso,TreeVAE-80 + latent EA,B4,25,8123,1.2712482000000001,1.3264389000000001,0.055190700000000037,150,0.07931660439999999,0.31494856410850242,"bucket_id,seed_rank,seed_dataset_idx",fixed configuration; no per-seed selection,eval-allcriteria.sim,eval-allcriteria-mini.sim;deterministic.sim;sample-period-2.sim;only-body.sim,jobs/gpu/*.csv; jobs/gpu/*.history.csv; jobs/gpu/*.details.json,final_benchmark.csv; final_benchmark.history.csv; jobs/cpu/*.details.json,cross-configuration descriptive contrast; not a controlled method effect
tree_lso,TreeVAE-80 + latent EA,B5,1,6231,1.5708922999999999,1.5722716999999999,0.0013794000000000306,150,0.07931660439999999,0.31494856410850242,"bucket_id,seed_rank,seed_dataset_idx",fixed configuration; no per-seed selection,eval-allcriteria.sim,eval-allcriteria-mini.sim;deterministic.sim;sample-period-2.sim;only-body.sim,jobs/gpu/*.csv; jobs/gpu/*.history.csv; jobs/gpu/*.details.json,final_benchmark.csv; final_benchmark.history.csv; jobs/cpu/*.details.json,cross-configuration descriptive contrast; not a controlled method effect
tree_lso,TreeVAE-80 + latent EA,B5,2,8463,1.9047141999999999,1.4918624,-0.41285179999999988,150,0.07931660439999999,0.31494856410850242,"bucket_id,seed_rank,seed_dataset_idx",fixed configuration; no per-seed selection,eval-allcriteria.sim,eval-allcriteria-mini.sim;deterministic.sim;sample-period-2.sim;only-body.sim,jobs/gpu/*.csv; jobs/gpu/*.history.csv; jobs/gpu/*.details.json,final_benchmark.csv; final_benchmark.history.csv; jobs/cpu/*.details.json,cross-configuration descriptive contrast; not a controlled method effect
tree_lso,TreeVAE-80 + latent EA,B5,3,10768,1.5364325999999999,1.5364302999999999,-2.3000000000106269e-06,150,0.07931660439999999,0.31494856410850242,"bucket_id,seed_rank,seed_dataset_idx",fixed configuration; no per-seed selection,eval-allcriteria.sim,eval-allcriteria-mini.sim;deterministic.sim;sample-period-2.sim;only-body.sim,jobs/gpu/*.csv; jobs/gpu/*.history.csv; jobs/gpu/*.details.json,final_benchmark.csv; final_benchmark.history.csv; jobs/cpu/*.details.json,cross-configuration descriptive contrast; not a controlled method effect
tree_lso,TreeVAE-80 + latent EA,B5,4,8615,1.5429803,1.4553259000000001,-0.08765439999999991,150,0.07931660439999999,0.31494856410850242,"bucket_id,seed_rank,seed_dataset_idx",fixed configuration; no per-seed selection,eval-allcriteria.sim,eval-allcriteria-mini.sim;deterministic.sim;sample-period-2.sim;only-body.sim,jobs/gpu/*.csv; jobs/gpu/*.history.csv; jobs/gpu/*.details.json,final_benchmark.csv; final_benchmark.history.csv; jobs/cpu/*.details.json,cross-configuration descriptive contrast; not a controlled method effect
tree_lso,TreeVAE-80 + latent EA,B5,5,927,1.3628406,1.5848161000000001,0.2219755000000001,150,0.07931660439999999,0.31494856410850242,"bucket_id,seed_rank,seed_dataset_idx",fixed configuration; no per-seed selection,eval-allcriteria.sim,eval-allcriteria-mini.sim;deterministic.sim;sample-period-2.sim;only-body.sim,jobs/gpu/*.csv; jobs/gpu/*.history.csv; jobs/gpu/*.details.json,final_benchmark.csv; final_benchmark.history.csv; jobs/cpu/*.details.json,cross-configuration descriptive contrast; not a controlled method effect
tree_lso,TreeVAE-80 + latent EA,B5,6,1206,2.1115591,1.6467909999999999,-0.46476810000000013,150,0.07931660439999999,0.31494856410850242,"bucket_id,seed_rank,seed_dataset_idx",fixed configuration; no per-seed selection,eval-allcriteria.sim,eval-allcriteria-mini.sim;deterministic.sim;sample-period-2.sim;only-body.sim,jobs/gpu/*.csv; jobs/gpu/*.history.csv; jobs/gpu/*.details.json,final_benchmark.csv; final_benchmark.history.csv; jobs/cpu/*.details.json,cross-configuration descriptive contrast; not a controlled method effect
tree_lso,TreeVAE-80 + latent EA,B5,7,9879,1.4804193000000001,1.6436156,0.16319629999999985,150,0.07931660439999999,0.31494856410850242,"bucket_id,seed_rank,seed_dataset_idx",fixed configuration; no per-seed selection,eval-allcriteria.sim,eval-allcriteria-mini.sim;deterministic.sim;sample-period-2.sim;only-body.sim,jobs/gpu/*.csv; jobs/gpu/*.history.csv; jobs/gpu/*.details.json,final_benchmark.csv; final_benchmark.history.csv; jobs/cpu/*.details.json,cross-configuration descriptive contrast; not a controlled method effect
tree_lso,TreeVAE-80 + latent EA,B5,8,9591,1.9271617999999999,2.0509648999999999,0.12380309999999994,150,0.07931660439999999,0.31494856410850242,"bucket_id,seed_rank,seed_dataset_idx",fixed configuration; no per-seed selection,eval-allcriteria.sim,eval-allcriteria-mini.sim;deterministic.sim;sample-period-2.sim;only-body.sim,jobs/gpu/*.csv; jobs/gpu/*.history.csv; jobs/gpu/*.details.json,final_benchmark.csv; final_benchmark.history.csv; jobs/cpu/*.details.json,cross-configuration descriptive contrast; not a controlled method effect
tree_lso,TreeVAE-80 + latent EA,B5,9,1256,1.275501,1.9411612,0.66566020000000004,150,0.07931660439999999,0.31494856410850242,"bucket_id,seed_rank,seed_dataset_idx",fixed configuration; no per-seed selection,eval-allcriteria.sim,eval-allcriteria-mini.sim;deterministic.sim;sample-period-2.sim;only-body.sim,jobs/gpu/*.csv; jobs/gpu/*.history.csv; jobs/gpu/*.details.json,final_benchmark.csv; final_benchmark.history.csv; jobs/cpu/*.details.json,cross-configuration descriptive contrast; not a controlled method effect
tree_lso,TreeVAE-80 + latent EA,B5,10,8114,1.4760563,1.7562070999999999,0.28015079999999992,150,0.07931660439999999,0.31494856410850242,"bucket_id,seed_rank,seed_dataset_idx",fixed configuration; no per-seed selection,eval-allcriteria.sim,eval-allcriteria-mini.sim;deterministic.sim;sample-period-2.sim;only-body.sim,jobs/gpu/*.csv; jobs/gpu/*.history.csv; jobs/gpu/*.details.json,final_benchmark.csv; final_benchmark.history.csv; jobs/cpu/*.details.json,cross-configuration descriptive contrast; not a controlled method effect
tree_lso,TreeVAE-80 + latent EA,B5,11,5242,1.9468534,1.7929128999999999,-0.15394050000000004,150,0.07931660439999999,0.31494856410850242,"bucket_id,seed_rank,seed_dataset_idx",fixed configuration; no per-seed selection,eval-allcriteria.sim,eval-allcriteria-mini.sim;deterministic.sim;sample-period-2.sim;only-body.sim,jobs/gpu/*.csv; jobs/gpu/*.history.csv; jobs/gpu/*.details.json,final_benchmark.csv; final_benchmark.history.csv; jobs/cpu/*.details.json,cross-configuration descriptive contrast; not a controlled method effect
tree_lso,TreeVAE-80 + latent EA,B5,12,10080,1.475759,1.9325684000000001,0.45680940000000003,150,0.07931660439999999,0.31494856410850242,"bucket_id,seed_rank,seed_dataset_idx",fixed configuration; no per-seed selection,eval-allcriteria.sim,eval-allcriteria-mini.sim;deterministic.sim;sample-period-2.sim;only-body.sim,jobs/gpu/*.csv; jobs/gpu/*.history.csv; jobs/gpu/*.details.json,final_benchmark.csv; final_benchmark.history.csv; jobs/cpu/*.details.json,cross-configuration descriptive contrast; not a controlled method effect
tree_lso,TreeVAE-80 + latent EA,B5,13,6951,1.4671582000000001,1.7363801999999999,0.26922199999999985,150,0.07931660439999999,0.31494856410850242,"bucket_id,seed_rank,seed_dataset_idx",fixed configuration; no per-seed selection,eval-allcriteria.sim,eval-allcriteria-mini.sim;deterministic.sim;sample-period-2.sim;only-body.sim,jobs/gpu/*.csv; jobs/gpu/*.history.csv; jobs/gpu/*.details.json,final_benchmark.csv; final_benchmark.history.csv; jobs/cpu/*.details.json,cross-configuration descriptive contrast; not a controlled method effect
tree_lso,TreeVAE-80 + latent EA,B5,14,5357,1.7893540999999999,2.0198337999999998,0.23047969999999984,150,0.07931660439999999,0.31494856410850242,"bucket_id,seed_rank,seed_dataset_idx",fixed configuration; no per-seed selection,eval-allcriteria.sim,eval-allcriteria-mini.sim;deterministic.sim;sample-period-2.sim;only-body.sim,jobs/gpu/*.csv; jobs/gpu/*.history.csv; jobs/gpu/*.details.json,final_benchmark.csv; final_benchmark.history.csv; jobs/cpu/*.details.json,cross-configuration descriptive contrast; not a controlled method effect
tree_lso,TreeVAE-80 + latent EA,B5,15,1352,1.5298750000000001,1.5626831999999999,0.032808199999999843,150,0.07931660439999999,0.31494856410850242,"bucket_id,seed_rank,seed_dataset_idx",fixed configuration; no per-seed selection,eval-allcriteria.sim,eval-allcriteria-mini.sim;deterministic.sim;sample-period-2.sim;only-body.sim,jobs/gpu/*.csv; jobs/gpu/*.history.csv; jobs/gpu/*.details.json,final_benchmark.csv; final_benchmark.history.csv; jobs/cpu/*.details.json,cross-configuration descriptive contrast; not a controlled method effect
tree_lso,TreeVAE-80 + latent EA,B5,16,1012,1.5463581,1.7010183999999999,0.15466029999999997,150,0.07931660439999999,0.31494856410850242,"bucket_id,seed_rank,seed_dataset_idx",fixed configuration; no per-seed selection,eval-allcriteria.sim,eval-allcriteria-mini.sim;deterministic.sim;sample-period-2.sim;only-body.sim,jobs/gpu/*.csv; jobs/gpu/*.history.csv; jobs/gpu/*.details.json,final_benchmark.csv; final_benchmark.history.csv; jobs/cpu/*.details.json,cross-configuration descriptive contrast; not a controlled method effect
tree_lso,TreeVAE-80 + latent EA,B5,17,10816,1.5641864000000001,1.4840222000000001,-0.080164200000000019,150,0.07931660439999999,0.31494856410850242,"bucket_id,seed_rank,seed_dataset_idx",fixed configuration; no per-seed selection,eval-allcriteria.sim,eval-allcriteria-mini.sim;deterministic.sim;sample-period-2.sim;only-body.sim,jobs/gpu/*.csv; jobs/gpu/*.history.csv; jobs/gpu/*.details.json,final_benchmark.csv; final_benchmark.history.csv; jobs/cpu/*.details.json,cross-configuration descriptive contrast; not a controlled method effect
tree_lso,TreeVAE-80 + latent EA,B5,18,9471,1.7356764,2.0482236,0.31254720000000002,150,0.07931660439999999,0.31494856410850242,"bucket_id,seed_rank,seed_dataset_idx",fixed configuration; no per-seed selection,eval-allcriteria.sim,eval-allcriteria-mini.sim;deterministic.sim;sample-period-2.sim;only-body.sim,jobs/gpu/*.csv; jobs/gpu/*.history.csv; jobs/gpu/*.details.json,final_benchmark.csv; final_benchmark.history.csv; jobs/cpu/*.details.json,cross-configuration descriptive contrast; not a controlled method effect
tree_lso,TreeVAE-80 + latent EA,B5,19,8126,1.4705630999999999,1.56596,0.095396900000000118,150,0.07931660439999999,0.31494856410850242,"bucket_id,seed_rank,seed_dataset_idx",fixed configuration; no per-seed selection,eval-allcriteria.sim,eval-allcriteria-mini.sim;deterministic.sim;sample-period-2.sim;only-body.sim,jobs/gpu/*.csv; jobs/gpu/*.history.csv; jobs/gpu/*.details.json,final_benchmark.csv; final_benchmark.history.csv; jobs/cpu/*.details.json,cross-configuration descriptive contrast; not a controlled method effect
tree_lso,TreeVAE-80 + latent EA,B5,20,9539,1.7242265999999999,1.8839748999999999,0.15974829999999995,150,0.07931660439999999,0.31494856410850242,"bucket_id,seed_rank,seed_dataset_idx",fixed configuration; no per-seed selection,eval-allcriteria.sim,eval-allcriteria-mini.sim;deterministic.sim;sample-period-2.sim;only-body.sim,jobs/gpu/*.csv; jobs/gpu/*.history.csv; jobs/gpu/*.details.json,final_benchmark.csv; final_benchmark.history.csv; jobs/cpu/*.details.json,cross-configuration descriptive contrast; not a controlled method effect
tree_lso,TreeVAE-80 + latent EA,B5,21,1520,1.6439877000000001,1.8668781000000001,0.22289040000000004,150,0.07931660439999999,0.31494856410850242,"bucket_id,seed_rank,seed_dataset_idx",fixed configuration; no per-seed selection,eval-allcriteria.sim,eval-allcriteria-mini.sim;deterministic.sim;sample-period-2.sim;only-body.sim,jobs/gpu/*.csv; jobs/gpu/*.history.csv; jobs/gpu/*.details.json,final_benchmark.csv; final_benchmark.history.csv; jobs/cpu/*.details.json,cross-configuration descriptive contrast; not a controlled method effect
tree_lso,TreeVAE-80 + latent EA,B5,22,6841,2.2626525000000002,1.6242084999999999,-0.63844400000000023,150,0.07931660439999999,0.31494856410850242,"bucket_id,seed_rank,seed_dataset_idx",fixed configuration; no per-seed selection,eval-allcriteria.sim,eval-allcriteria-mini.sim;deterministic.sim;sample-period-2.sim;only-body.sim,jobs/gpu/*.csv; jobs/gpu/*.history.csv; jobs/gpu/*.details.json,final_benchmark.csv; final_benchmark.history.csv; jobs/cpu/*.details.json,cross-configuration descriptive contrast; not a controlled method effect
tree_lso,TreeVAE-80 + latent EA,B5,23,1103,1.3739889000000001,2.0621870000000002,0.68819810000000015,150,0.07931660439999999,0.31494856410850242,"bucket_id,seed_rank,seed_dataset_idx",fixed configuration; no per-seed selection,eval-allcriteria.sim,eval-allcriteria-mini.sim;deterministic.sim;sample-period-2.sim;only-body.sim,jobs/gpu/*.csv; jobs/gpu/*.history.csv; jobs/gpu/*.details.json,final_benchmark.csv; final_benchmark.history.csv; jobs/cpu/*.details.json,cross-configuration descriptive contrast; not a controlled method effect
tree_lso,TreeVAE-80 + latent EA,B5,24,7106,2.0202167000000002,1.7730269999999999,-0.24718970000000029,150,0.07931660439999999,0.31494856410850242,"bucket_id,seed_rank,seed_dataset_idx",fixed configuration; no per-seed selection,eval-allcriteria.sim,eval-allcriteria-mini.sim;deterministic.sim;sample-period-2.sim;only-body.sim,jobs/gpu/*.csv; jobs/gpu/*.history.csv; jobs/gpu/*.details.json,final_benchmark.csv; final_benchmark.history.csv; jobs/cpu/*.details.json,cross-configuration descriptive contrast; not a controlled method effect
tree_lso,TreeVAE-80 + latent EA,B5,25,4407,2.1676326000000001,1.6645015000000001,-0.50313110000000005,150,0.07931660439999999,0.31494856410850242,"bucket_id,seed_rank,seed_dataset_idx",fixed configuration; no per-seed selection,eval-allcriteria.sim,eval-allcriteria-mini.sim;deterministic.sim;sample-period-2.sim;only-body.sim,jobs/gpu/*.csv; jobs/gpu/*.history.csv; jobs/gpu/*.details.json,final_benchmark.csv; final_benchmark.history.csv; jobs/cpu/*.details.json,cross-configuration descriptive contrast; not a controlled method effect
tree_lso,TreeVAE-80 + latent EA,B6,1,1013,1.643985,1.6158064000000001,-0.028178599999999943,150,0.07931660439999999,0.31494856410850242,"bucket_id,seed_rank,seed_dataset_idx",fixed configuration; no per-seed selection,eval-allcriteria.sim,eval-allcriteria-mini.sim;deterministic.sim;sample-period-2.sim;only-body.sim,jobs/gpu/*.csv; jobs/gpu/*.history.csv; jobs/gpu/*.details.json,final_benchmark.csv; final_benchmark.history.csv; jobs/cpu/*.details.json,cross-configuration descriptive contrast; not a controlled method effect
tree_lso,TreeVAE-80 + latent EA,B6,2,7626,1.8686803000000001,1.8268975000000001,-0.041782800000000009,150,0.07931660439999999,0.31494856410850242,"bucket_id,seed_rank,seed_dataset_idx",fixed configuration; no per-seed selection,eval-allcriteria.sim,eval-allcriteria-mini.sim;deterministic.sim;sample-period-2.sim;only-body.sim,jobs/gpu/*.csv; jobs/gpu/*.history.csv; jobs/gpu/*.details.json,final_benchmark.csv; final_benchmark.history.csv; jobs/cpu/*.details.json,cross-configuration descriptive contrast; not a controlled method effect
tree_lso,TreeVAE-80 + latent EA,B6,3,1596,1.8504100000000001,1.7125398000000001,-0.13787020000000005,150,0.07931660439999999,0.31494856410850242,"bucket_id,seed_rank,seed_dataset_idx",fixed configuration; no per-seed selection,eval-allcriteria.sim,eval-allcriteria-mini.sim;deterministic.sim;sample-period-2.sim;only-body.sim,jobs/gpu/*.csv; jobs/gpu/*.history.csv; jobs/gpu/*.details.json,final_benchmark.csv; final_benchmark.history.csv; jobs/cpu/*.details.json,cross-configuration descriptive contrast; not a controlled method effect
tree_lso,TreeVAE-80 + latent EA,B6,4,9556,2.1711298999999999,1.7535658000000001,-0.41756409999999988,150,0.07931660439999999,0.31494856410850242,"bucket_id,seed_rank,seed_dataset_idx",fixed configuration; no per-seed selection,eval-allcriteria.sim,eval-allcriteria-mini.sim;deterministic.sim;sample-period-2.sim;only-body.sim,jobs/gpu/*.csv; jobs/gpu/*.history.csv; jobs/gpu/*.details.json,final_benchmark.csv; final_benchmark.history.csv; jobs/cpu/*.details.json,cross-configuration descriptive contrast; not a controlled method effect
tree_lso,TreeVAE-80 + latent EA,B6,5,5399,1.6584346000000001,1.6490593,-0.0093753000000000863,150,0.07931660439999999,0.31494856410850242,"bucket_id,seed_rank,seed_dataset_idx",fixed configuration; no per-seed selection,eval-allcriteria.sim,eval-allcriteria-mini.sim;deterministic.sim;sample-period-2.sim;only-body.sim,jobs/gpu/*.csv; jobs/gpu/*.history.csv; jobs/gpu/*.details.json,final_benchmark.csv; final_benchmark.history.csv; jobs/cpu/*.details.json,cross-configuration descriptive contrast; not a controlled method effect
tree_lso,TreeVAE-80 + latent EA,B6,6,1792,1.9196971,1.7102037999999999,-0.2094933000000001,150,0.07931660439999999,0.31494856410850242,"bucket_id,seed_rank,seed_dataset_idx",fixed configuration; no per-seed selection,eval-allcriteria.sim,eval-allcriteria-mini.sim;deterministic.sim;sample-period-2.sim;only-body.sim,jobs/gpu/*.csv; jobs/gpu/*.history.csv; jobs/gpu/*.details.json,final_benchmark.csv; final_benchmark.history.csv; jobs/cpu/*.details.json,cross-configuration descriptive contrast; not a controlled method effect
tree_lso,TreeVAE-80 + latent EA,B6,7,9266,2.3672032999999999,1.8759678,-0.49123549999999994,150,0.07931660439999999,0.31494856410850242,"bucket_id,seed_rank,seed_dataset_idx",fixed configuration; no per-seed selection,eval-allcriteria.sim,eval-allcriteria-mini.sim;deterministic.sim;sample-period-2.sim;only-body.sim,jobs/gpu/*.csv; jobs/gpu/*.history.csv; jobs/gpu/*.details.json,final_benchmark.csv; final_benchmark.history.csv; jobs/cpu/*.details.json,cross-configuration descriptive contrast; not a controlled method effect
tree_lso,TreeVAE-80 + latent EA,B6,8,6893,2.3658537000000002,2.1113057,-0.25454800000000022,150,0.07931660439999999,0.31494856410850242,"bucket_id,seed_rank,seed_dataset_idx",fixed configuration; no per-seed selection,eval-allcriteria.sim,eval-allcriteria-mini.sim;deterministic.sim;sample-period-2.sim;only-body.sim,jobs/gpu/*.csv; jobs/gpu/*.history.csv; jobs/gpu/*.details.json,final_benchmark.csv; final_benchmark.history.csv; jobs/cpu/*.details.json,cross-configuration descriptive contrast; not a controlled method effect
tree_lso,TreeVAE-80 + latent EA,B6,9,10029,1.9281235000000001,2.0970352999999999,0.16891179999999983,150,0.07931660439999999,0.31494856410850242,"bucket_id,seed_rank,seed_dataset_idx",fixed configuration; no per-seed selection,eval-allcriteria.sim,eval-allcriteria-mini.sim;deterministic.sim;sample-period-2.sim;only-body.sim,jobs/gpu/*.csv; jobs/gpu/*.history.csv; jobs/gpu/*.details.json,final_benchmark.csv; final_benchmark.history.csv; jobs/cpu/*.details.json,cross-configuration descriptive contrast; not a controlled method effect
tree_lso,TreeVAE-80 + latent EA,B6,10,4331,2.1700808999999999,1.6435573000000001,-0.52652359999999976,150,0.07931660439999999,0.31494856410850242,"bucket_id,seed_rank,seed_dataset_idx",fixed configuration; no per-seed selection,eval-allcriteria.sim,eval-allcriteria-mini.sim;deterministic.sim;sample-period-2.sim;only-body.sim,jobs/gpu/*.csv; jobs/gpu/*.history.csv; jobs/gpu/*.details.json,final_benchmark.csv; final_benchmark.history.csv; jobs/cpu/*.details.json,cross-configuration descriptive contrast; not a controlled method effect
tree_lso,TreeVAE-80 + latent EA,B6,11,9514,1.8192594,1.9685967,0.14933730000000001,150,0.07931660439999999,0.31494856410850242,"bucket_id,seed_rank,seed_dataset_idx",fixed configuration; no per-seed selection,eval-allcriteria.sim,eval-allcriteria-mini.sim;deterministic.sim;sample-period-2.sim;only-body.sim,jobs/gpu/*.csv; jobs/gpu/*.history.csv; jobs/gpu/*.details.json,final_benchmark.csv; final_benchmark.history.csv; jobs/cpu/*.details.json,cross-configuration descriptive contrast; not a controlled method effect
tree_lso,TreeVAE-80 + latent EA,B6,12,1231,2.0449535000000001,2.0242048000000001,-0.020748699999999953,150,0.07931660439999999,0.31494856410850242,"bucket_id,seed_rank,seed_dataset_idx",fixed configuration; no per-seed selection,eval-allcriteria.sim,eval-allcriteria-mini.sim;deterministic.sim;sample-period-2.sim;only-body.sim,jobs/gpu/*.csv; jobs/gpu/*.history.csv; jobs/gpu/*.details.json,final_benchmark.csv; final_benchmark.history.csv; jobs/cpu/*.details.json,cross-configuration descriptive contrast; not a controlled method effect
tree_lso,TreeVAE-80 + latent EA,B6,13,10859,1.7583789000000001,1.941098,0.18271909999999991,150,0.07931660439999999,0.31494856410850242,"bucket_id,seed_rank,seed_dataset_idx",fixed configuration; no per-seed selection,eval-allcriteria.sim,eval-allcriteria-mini.sim;deterministic.sim;sample-period-2.sim;only-body.sim,jobs/gpu/*.csv; jobs/gpu/*.history.csv; jobs/gpu/*.details.json,final_benchmark.csv; final_benchmark.history.csv; jobs/cpu/*.details.json,cross-configuration descriptive contrast; not a controlled method effect
tree_lso,TreeVAE-80 + latent EA,B6,14,9643,1.9747247000000001,1.9781791,0.0034543999999998576,150,0.07931660439999999,0.31494856410850242,"bucket_id,seed_rank,seed_dataset_idx",fixed configuration; no per-seed selection,eval-allcriteria.sim,eval-allcriteria-mini.sim;deterministic.sim;sample-period-2.sim;only-body.sim,jobs/gpu/*.csv; jobs/gpu/*.history.csv; jobs/gpu/*.details.json,final_benchmark.csv; final_benchmark.history.csv; jobs/cpu/*.details.json,cross-configuration descriptive contrast; not a controlled method effect
tree_lso,TreeVAE-80 + latent EA,B6,15,1854,2.0746882000000002,2.0589240000000002,-0.015764200000000006,150,0.07931660439999999,0.31494856410850242,"bucket_id,seed_rank,seed_dataset_idx",fixed configuration; no per-seed selection,eval-allcriteria.sim,eval-allcriteria-mini.sim;deterministic.sim;sample-period-2.sim;only-body.sim,jobs/gpu/*.csv; jobs/gpu/*.history.csv; jobs/gpu/*.details.json,final_benchmark.csv; final_benchmark.history.csv; jobs/cpu/*.details.json,cross-configuration descriptive contrast; not a controlled method effect
tree_lso,TreeVAE-80 + latent EA,B6,16,10877,1.9556644000000001,1.9555068,-0.000157600000000091,150,0.07931660439999999,0.31494856410850242,"bucket_id,seed_rank,seed_dataset_idx",fixed configuration; no per-seed selection,eval-allcriteria.sim,eval-allcriteria-mini.sim;deterministic.sim;sample-period-2.sim;only-body.sim,jobs/gpu/*.csv; jobs/gpu/*.history.csv; jobs/gpu/*.details.json,final_benchmark.csv; final_benchmark.history.csv; jobs/cpu/*.details.json,cross-configuration descriptive contrast; not a controlled method effect
tree_lso,TreeVAE-80 + latent EA,B6,17,6750,2.0112717999999998,2.0484247999999998,0.037152999999999992,150,0.07931660439999999,0.31494856410850242,"bucket_id,seed_rank,seed_dataset_idx",fixed configuration; no per-seed selection,eval-allcriteria.sim,eval-allcriteria-mini.sim;deterministic.sim;sample-period-2.sim;only-body.sim,jobs/gpu/*.csv; jobs/gpu/*.history.csv; jobs/gpu/*.details.json,final_benchmark.csv; final_benchmark.history.csv; jobs/cpu/*.details.json,cross-configuration descriptive contrast; not a controlled method effect
tree_lso,TreeVAE-80 + latent EA,B6,18,5838,2.2273424999999998,1.9954578000000001,-0.23188469999999972,150,0.07931660439999999,0.31494856410850242,"bucket_id,seed_rank,seed_dataset_idx",fixed configuration; no per-seed selection,eval-allcriteria.sim,eval-allcriteria-mini.sim;deterministic.sim;sample-period-2.sim;only-body.sim,jobs/gpu/*.csv; jobs/gpu/*.history.csv; jobs/gpu/*.details.json,final_benchmark.csv; final_benchmark.history.csv; jobs/cpu/*.details.json,cross-configuration descriptive contrast; not a controlled method effect
tree_lso,TreeVAE-80 + latent EA,B6,19,7514,2.0512581999999999,1.9410921999999999,-0.11016599999999999,150,0.07931660439999999,0.31494856410850242,"bucket_id,seed_rank,seed_dataset_idx",fixed configuration; no per-seed selection,eval-allcriteria.sim,eval-allcriteria-mini.sim;deterministic.sim;sample-period-2.sim;only-body.sim,jobs/gpu/*.csv; jobs/gpu/*.history.csv; jobs/gpu/*.details.json,final_benchmark.csv; final_benchmark.history.csv; jobs/cpu/*.details.json,cross-configuration descriptive contrast; not a controlled method effect
tree_lso,TreeVAE-80 + latent EA,B6,20,6020,2.1370467999999998,2.0086845000000002,-0.1283622999999996,150,0.07931660439999999,0.31494856410850242,"bucket_id,seed_rank,seed_dataset_idx",fixed configuration; no per-seed selection,eval-allcriteria.sim,eval-allcriteria-mini.sim;deterministic.sim;sample-period-2.sim;only-body.sim,jobs/gpu/*.csv; jobs/gpu/*.history.csv; jobs/gpu/*.details.json,final_benchmark.csv; final_benchmark.history.csv; jobs/cpu/*.details.json,cross-configuration descriptive contrast; not a controlled method effect
tree_lso,TreeVAE-80 + latent EA,B6,21,7121,1.9596818,1.6994172999999999,-0.26026450000000012,150,0.07931660439999999,0.31494856410850242,"bucket_id,seed_rank,seed_dataset_idx",fixed configuration; no per-seed selection,eval-allcriteria.sim,eval-allcriteria-mini.sim;deterministic.sim;sample-period-2.sim;only-body.sim,jobs/gpu/*.csv; jobs/gpu/*.history.csv; jobs/gpu/*.details.json,final_benchmark.csv; final_benchmark.history.csv; jobs/cpu/*.details.json,cross-configuration descriptive contrast; not a controlled method effect
tree_lso,TreeVAE-80 + latent EA,B6,22,7047,1.9403615999999999,1.8789494,-0.061412199999999917,150,0.07931660439999999,0.31494856410850242,"bucket_id,seed_rank,seed_dataset_idx",fixed configuration; no per-seed selection,eval-allcriteria.sim,eval-allcriteria-mini.sim;deterministic.sim;sample-period-2.sim;only-body.sim,jobs/gpu/*.csv; jobs/gpu/*.history.csv; jobs/gpu/*.details.json,final_benchmark.csv; final_benchmark.history.csv; jobs/cpu/*.details.json,cross-configuration descriptive contrast; not a controlled method effect
tree_lso,TreeVAE-80 + latent EA,B6,23,9809,2.3658190000000001,2.2071985000000001,-0.15862050000000005,150,0.07931660439999999,0.31494856410850242,"bucket_id,seed_rank,seed_dataset_idx",fixed configuration; no per-seed selection,eval-allcriteria.sim,eval-allcriteria-mini.sim;deterministic.sim;sample-period-2.sim;only-body.sim,jobs/gpu/*.csv; jobs/gpu/*.history.csv; jobs/gpu/*.details.json,final_benchmark.csv; final_benchmark.history.csv; jobs/cpu/*.details.json,cross-configuration descriptive contrast; not a controlled method effect
tree_lso,TreeVAE-80 + latent EA,B6,24,10783,2.2968937999999999,1.9924942999999999,-0.30439949999999993,150,0.07931660439999999,0.31494856410850242,"bucket_id,seed_rank,seed_dataset_idx",fixed configuration; no per-seed selection,eval-allcriteria.sim,eval-allcriteria-mini.sim;deterministic.sim;sample-period-2.sim;only-body.sim,jobs/gpu/*.csv; jobs/gpu/*.history.csv; jobs/gpu/*.details.json,final_benchmark.csv; final_benchmark.history.csv; jobs/cpu/*.details.json,cross-configuration descriptive contrast; not a controlled method effect
tree_lso,TreeVAE-80 + latent EA,B6,25,8190,2.0609239000000001,2.1922533,0.13132939999999982,150,0.07931660439999999,0.31494856410850242,"bucket_id,seed_rank,seed_dataset_idx",fixed configuration; no per-seed selection,eval-allcriteria.sim,eval-allcriteria-mini.sim;deterministic.sim;sample-period-2.sim;only-body.sim,jobs/gpu/*.csv; jobs/gpu/*.history.csv; jobs/gpu/*.details.json,final_benchmark.csv; final_benchmark.history.csv; jobs/cpu/*.details.json,cross-configuration descriptive contrast; not a controlled method effect
transformer_lso,TransformerVAE-90 + latent EA,B1,1,2739,1.8346093000000001,1.8986472999999999,0.064037999999999817,150,0.080909055066666652,0.38373467768396941,"bucket_id,seed_rank,seed_dataset_idx",fixed configuration; no per-seed selection,eval-allcriteria.sim,eval-allcriteria-mini.sim;deterministic.sim;sample-period-2.sim;only-body.sim,jobs/gpu/*.csv; jobs/gpu/*.history.csv; jobs/gpu/*.details.json,final_benchmark.csv; final_benchmark.history.csv; jobs/cpu/*.details.json,cross-configuration descriptive contrast; not a controlled method effect
transformer_lso,TransformerVAE-90 + latent EA,B1,2,2250,2.0480260000000001,1.6520283,-0.39599770000000012,150,0.080909055066666652,0.38373467768396941,"bucket_id,seed_rank,seed_dataset_idx",fixed configuration; no per-seed selection,eval-allcriteria.sim,eval-allcriteria-mini.sim;deterministic.sim;sample-period-2.sim;only-body.sim,jobs/gpu/*.csv; jobs/gpu/*.history.csv; jobs/gpu/*.details.json,final_benchmark.csv; final_benchmark.history.csv; jobs/cpu/*.details.json,cross-configuration descriptive contrast; not a controlled method effect
transformer_lso,TransformerVAE-90 + latent EA,B1,3,2308,1.9376838999999999,1.8542018,-0.083482099999999893,150,0.080909055066666652,0.38373467768396941,"bucket_id,seed_rank,seed_dataset_idx",fixed configuration; no per-seed selection,eval-allcriteria.sim,eval-allcriteria-mini.sim;deterministic.sim;sample-period-2.sim;only-body.sim,jobs/gpu/*.csv; jobs/gpu/*.history.csv; jobs/gpu/*.details.json,final_benchmark.csv; final_benchmark.history.csv; jobs/cpu/*.details.json,cross-configuration descriptive contrast; not a controlled method effect
transformer_lso,TransformerVAE-90 + latent EA,B1,4,2448,1.505387,1.4200721000000001,-0.085314899999999971,150,0.080909055066666652,0.38373467768396941,"bucket_id,seed_rank,seed_dataset_idx",fixed configuration; no per-seed selection,eval-allcriteria.sim,eval-allcriteria-mini.sim;deterministic.sim;sample-period-2.sim;only-body.sim,jobs/gpu/*.csv; jobs/gpu/*.history.csv; jobs/gpu/*.details.json,final_benchmark.csv; final_benchmark.history.csv; jobs/cpu/*.details.json,cross-configuration descriptive contrast; not a controlled method effect
transformer_lso,TransformerVAE-90 + latent EA,B1,5,2457,1.9900637000000001,2.0293182999999999,0.039254599999999806,150,0.080909055066666652,0.38373467768396941,"bucket_id,seed_rank,seed_dataset_idx",fixed configuration; no per-seed selection,eval-allcriteria.sim,eval-allcriteria-mini.sim;deterministic.sim;sample-period-2.sim;only-body.sim,jobs/gpu/*.csv; jobs/gpu/*.history.csv; jobs/gpu/*.details.json,final_benchmark.csv; final_benchmark.history.csv; jobs/cpu/*.details.json,cross-configuration descriptive contrast; not a controlled method effect
transformer_lso,TransformerVAE-90 + latent EA,B1,6,1943,1.4233425,1.7167984000000001,0.2934559000000001,150,0.080909055066666652,0.38373467768396941,"bucket_id,seed_rank,seed_dataset_idx",fixed configuration; no per-seed selection,eval-allcriteria.sim,eval-allcriteria-mini.sim;deterministic.sim;sample-period-2.sim;only-body.sim,jobs/gpu/*.csv; jobs/gpu/*.history.csv; jobs/gpu/*.details.json,final_benchmark.csv; final_benchmark.history.csv; jobs/cpu/*.details.json,cross-configuration descriptive contrast; not a controlled method effect
transformer_lso,TransformerVAE-90 + latent EA,B1,7,2833,2.0512440999999999,1.7684504999999999,-0.28279359999999998,150,0.080909055066666652,0.38373467768396941,"bucket_id,seed_rank,seed_dataset_idx",fixed configuration; no per-seed selection,eval-allcriteria.sim,eval-allcriteria-mini.sim;deterministic.sim;sample-period-2.sim;only-body.sim,jobs/gpu/*.csv; jobs/gpu/*.history.csv; jobs/gpu/*.details.json,final_benchmark.csv; final_benchmark.history.csv; jobs/cpu/*.details.json,cross-configuration descriptive contrast; not a controlled method effect
transformer_lso,TransformerVAE-90 + latent EA,B1,8,2779,1.6046134999999999,1.8806973,0.2760838000000001,150,0.080909055066666652,0.38373467768396941,"bucket_id,seed_rank,seed_dataset_idx",fixed configuration; no per-seed selection,eval-allcriteria.sim,eval-allcriteria-mini.sim;deterministic.sim;sample-period-2.sim;only-body.sim,jobs/gpu/*.csv; jobs/gpu/*.history.csv; jobs/gpu/*.details.json,final_benchmark.csv; final_benchmark.history.csv; jobs/cpu/*.details.json,cross-configuration descriptive contrast; not a controlled method effect
transformer_lso,TransformerVAE-90 + latent EA,B1,9,2557,1.6118614,1.8460122999999999,0.23415089999999994,150,0.080909055066666652,0.38373467768396941,"bucket_id,seed_rank,seed_dataset_idx",fixed configuration; no per-seed selection,eval-allcriteria.sim,eval-allcriteria-mini.sim;deterministic.sim;sample-period-2.sim;only-body.sim,jobs/gpu/*.csv; jobs/gpu/*.history.csv; jobs/gpu/*.details.json,final_benchmark.csv; final_benchmark.history.csv; jobs/cpu/*.details.json,cross-configuration descriptive contrast; not a controlled method effect
transformer_lso,TransformerVAE-90 + latent EA,B1,10,2214,2.1119891000000002,1.9808323999999999,-0.13115670000000024,150,0.080909055066666652,0.38373467768396941,"bucket_id,seed_rank,seed_dataset_idx",fixed configuration; no per-seed selection,eval-allcriteria.sim,eval-allcriteria-mini.sim;deterministic.sim;sample-period-2.sim;only-body.sim,jobs/gpu/*.csv; jobs/gpu/*.history.csv; jobs/gpu/*.details.json,final_benchmark.csv; final_benchmark.history.csv; jobs/cpu/*.details.json,cross-configuration descriptive contrast; not a controlled method effect
transformer_lso,TransformerVAE-90 + latent EA,B1,11,2327,1.9353326,1.9143656,-0.020966999999999958,150,0.080909055066666652,0.38373467768396941,"bucket_id,seed_rank,seed_dataset_idx",fixed configuration; no per-seed selection,eval-allcriteria.sim,eval-allcriteria-mini.sim;deterministic.sim;sample-period-2.sim;only-body.sim,jobs/gpu/*.csv; jobs/gpu/*.history.csv; jobs/gpu/*.details.json,final_benchmark.csv; final_benchmark.history.csv; jobs/cpu/*.details.json,cross-configuration descriptive contrast; not a controlled method effect
transformer_lso,TransformerVAE-90 + latent EA,B1,12,2851,1.9384534,1.7843960999999999,-0.15405730000000006,150,0.080909055066666652,0.38373467768396941,"bucket_id,seed_rank,seed_dataset_idx",fixed configuration; no per-seed selection,eval-allcriteria.sim,eval-allcriteria-mini.sim;deterministic.sim;sample-period-2.sim;only-body.sim,jobs/gpu/*.csv; jobs/gpu/*.history.csv; jobs/gpu/*.details.json,final_benchmark.csv; final_benchmark.history.csv; jobs/cpu/*.details.json,cross-configuration descriptive contrast; not a controlled method effect
transformer_lso,TransformerVAE-90 + latent EA,B1,13,2538,1.1599143000000001,1.6218319999999999,0.46191769999999988,150,0.080909055066666652,0.38373467768396941,"bucket_id,seed_rank,seed_dataset_idx",fixed configuration; no per-seed selection,eval-allcriteria.sim,eval-allcriteria-mini.sim;deterministic.sim;sample-period-2.sim;only-body.sim,jobs/gpu/*.csv; jobs/gpu/*.history.csv; jobs/gpu/*.details.json,final_benchmark.csv; final_benchmark.history.csv; jobs/cpu/*.details.json,cross-configuration descriptive contrast; not a controlled method effect
transformer_lso,TransformerVAE-90 + latent EA,B1,14,3617,1.9428277,1.9846858000000001,0.041858100000000009,150,0.080909055066666652,0.38373467768396941,"bucket_id,seed_rank,seed_dataset_idx",fixed configuration; no per-seed selection,eval-allcriteria.sim,eval-allcriteria-mini.sim;deterministic.sim;sample-period-2.sim;only-body.sim,jobs/gpu/*.csv; jobs/gpu/*.history.csv; jobs/gpu/*.details.json,final_benchmark.csv; final_benchmark.history.csv; jobs/cpu/*.details.json,cross-configuration descriptive contrast; not a controlled method effect
transformer_lso,TransformerVAE-90 + latent EA,B1,15,10113,1.8945261,1.8497541,-0.044772000000000034,150,0.080909055066666652,0.38373467768396941,"bucket_id,seed_rank,seed_dataset_idx",fixed configuration; no per-seed selection,eval-allcriteria.sim,eval-allcriteria-mini.sim;deterministic.sim;sample-period-2.sim;only-body.sim,jobs/gpu/*.csv; jobs/gpu/*.history.csv; jobs/gpu/*.details.json,final_benchmark.csv; final_benchmark.history.csv; jobs/cpu/*.details.json,cross-configuration descriptive contrast; not a controlled method effect
transformer_lso,TransformerVAE-90 + latent EA,B1,16,2095,2.0328921000000002,1.7326641,-0.30022800000000016,150,0.080909055066666652,0.38373467768396941,"bucket_id,seed_rank,seed_dataset_idx",fixed configuration; no per-seed selection,eval-allcriteria.sim,eval-allcriteria-mini.sim;deterministic.sim;sample-period-2.sim;only-body.sim,jobs/gpu/*.csv; jobs/gpu/*.history.csv; jobs/gpu/*.details.json,final_benchmark.csv; final_benchmark.history.csv; jobs/cpu/*.details.json,cross-configuration descriptive contrast; not a controlled method effect
transformer_lso,TransformerVAE-90 + latent EA,B1,17,2156,2.2436875999999999,2.0678717,-0.17581589999999991,150,0.080909055066666652,0.38373467768396941,"bucket_id,seed_rank,seed_dataset_idx",fixed configuration; no per-seed selection,eval-allcriteria.sim,eval-allcriteria-mini.sim;deterministic.sim;sample-period-2.sim;only-body.sim,jobs/gpu/*.csv; jobs/gpu/*.history.csv; jobs/gpu/*.details.json,final_benchmark.csv; final_benchmark.history.csv; jobs/cpu/*.details.json,cross-configuration descriptive contrast; not a controlled method effect
transformer_lso,TransformerVAE-90 + latent EA,B1,18,2147,1.8794630999999999,1.5550360999999999,-0.32442700000000002,150,0.080909055066666652,0.38373467768396941,"bucket_id,seed_rank,seed_dataset_idx",fixed configuration; no per-seed selection,eval-allcriteria.sim,eval-allcriteria-mini.sim;deterministic.sim;sample-period-2.sim;only-body.sim,jobs/gpu/*.csv; jobs/gpu/*.history.csv; jobs/gpu/*.details.json,final_benchmark.csv; final_benchmark.history.csv; jobs/cpu/*.details.json,cross-configuration descriptive contrast; not a controlled method effect
transformer_lso,TransformerVAE-90 + latent EA,B1,19,2021,1.5429739,1.7669269999999999,0.22395309999999991,150,0.080909055066666652,0.38373467768396941,"bucket_id,seed_rank,seed_dataset_idx",fixed configuration; no per-seed selection,eval-allcriteria.sim,eval-allcriteria-mini.sim;deterministic.sim;sample-period-2.sim;only-body.sim,jobs/gpu/*.csv; jobs/gpu/*.history.csv; jobs/gpu/*.details.json,final_benchmark.csv; final_benchmark.history.csv; jobs/cpu/*.details.json,cross-configuration descriptive contrast; not a controlled method effect
transformer_lso,TransformerVAE-90 + latent EA,B1,20,1911,1.0872975,1.5911767999999999,0.50387929999999992,150,0.080909055066666652,0.38373467768396941,"bucket_id,seed_rank,seed_dataset_idx",fixed configuration; no per-seed selection,eval-allcriteria.sim,eval-allcriteria-mini.sim;deterministic.sim;sample-period-2.sim;only-body.sim,jobs/gpu/*.csv; jobs/gpu/*.history.csv; jobs/gpu/*.details.json,final_benchmark.csv; final_benchmark.history.csv; jobs/cpu/*.details.json,cross-configuration descriptive contrast; not a controlled method effect
transformer_lso,TransformerVAE-90 + latent EA,B1,21,9939,1.4392886,2.0017999,0.56251129999999994,150,0.080909055066666652,0.38373467768396941,"bucket_id,seed_rank,seed_dataset_idx",fixed configuration; no per-seed selection,eval-allcriteria.sim,eval-allcriteria-mini.sim;deterministic.sim;sample-period-2.sim;only-body.sim,jobs/gpu/*.csv; jobs/gpu/*.history.csv; jobs/gpu/*.details.json,final_benchmark.csv; final_benchmark.history.csv; jobs/cpu/*.details.json,cross-configuration descriptive contrast; not a controlled method effect
transformer_lso,TransformerVAE-90 + latent EA,B1,22,2691,1.4784453,1.9110151,0.4325698,150,0.080909055066666652,0.38373467768396941,"bucket_id,seed_rank,seed_dataset_idx",fixed configuration; no per-seed selection,eval-allcriteria.sim,eval-allcriteria-mini.sim;deterministic.sim;sample-period-2.sim;only-body.sim,jobs/gpu/*.csv; jobs/gpu/*.history.csv; jobs/gpu/*.details.json,final_benchmark.csv; final_benchmark.history.csv; jobs/cpu/*.details.json,cross-configuration descriptive contrast; not a controlled method effect
transformer_lso,TransformerVAE-90 + latent EA,B1,23,2449,1.1047552,1.9346317,0.82987649999999991,150,0.080909055066666652,0.38373467768396941,"bucket_id,seed_rank,seed_dataset_idx",fixed configuration; no per-seed selection,eval-allcriteria.sim,eval-allcriteria-mini.sim;deterministic.sim;sample-period-2.sim;only-body.sim,jobs/gpu/*.csv; jobs/gpu/*.history.csv; jobs/gpu/*.details.json,final_benchmark.csv; final_benchmark.history.csv; jobs/cpu/*.details.json,cross-configuration descriptive contrast; not a controlled method effect
transformer_lso,TransformerVAE-90 + latent EA,B1,24,2124,1.2951846,1.4783769,0.18319229999999997,150,0.080909055066666652,0.38373467768396941,"bucket_id,seed_rank,seed_dataset_idx",fixed configuration; no per-seed selection,eval-allcriteria.sim,eval-allcriteria-mini.sim;deterministic.sim;sample-period-2.sim;only-body.sim,jobs/gpu/*.csv; jobs/gpu/*.history.csv; jobs/gpu/*.details.json,final_benchmark.csv; final_benchmark.history.csv; jobs/cpu/*.details.json,cross-configuration descriptive contrast; not a controlled method effect
transformer_lso,TransformerVAE-90 + latent EA,B1,25,2571,1.7752764999999999,1.8807687,0.10549220000000004,150,0.080909055066666652,0.38373467768396941,"bucket_id,seed_rank,seed_dataset_idx",fixed configuration; no per-seed selection,eval-allcriteria.sim,eval-allcriteria-mini.sim;deterministic.sim;sample-period-2.sim;only-body.sim,jobs/gpu/*.csv; jobs/gpu/*.history.csv; jobs/gpu/*.details.json,final_benchmark.csv; final_benchmark.history.csv; jobs/cpu/*.details.json,cross-configuration descriptive contrast; not a controlled method effect
transformer_lso,TransformerVAE-90 + latent EA,B2,1,2370,2.1315957999999999,1.5326865999999999,-0.59890920000000003,150,0.080909055066666652,0.38373467768396941,"bucket_id,seed_rank,seed_dataset_idx",fixed configuration; no per-seed selection,eval-allcriteria.sim,eval-allcriteria-mini.sim;deterministic.sim;sample-period-2.sim;only-body.sim,jobs/gpu/*.csv; jobs/gpu/*.history.csv; jobs/gpu/*.details.json,final_benchmark.csv; final_benchmark.history.csv; jobs/cpu/*.details.json,cross-configuration descriptive contrast; not a controlled method effect
transformer_lso,TransformerVAE-90 + latent EA,B2,2,3256,2.0725304000000002,1.3375687000000001,-0.73496170000000016,150,0.080909055066666652,0.38373467768396941,"bucket_id,seed_rank,seed_dataset_idx",fixed configuration; no per-seed selection,eval-allcriteria.sim,eval-allcriteria-mini.sim;deterministic.sim;sample-period-2.sim;only-body.sim,jobs/gpu/*.csv; jobs/gpu/*.history.csv; jobs/gpu/*.details.json,final_benchmark.csv; final_benchmark.history.csv; jobs/cpu/*.details.json,cross-configuration descriptive contrast; not a controlled method effect
transformer_lso,TransformerVAE-90 + latent EA,B2,3,2476,1.2708752000000001,1.6496527999999999,0.37877759999999983,150,0.080909055066666652,0.38373467768396941,"bucket_id,seed_rank,seed_dataset_idx",fixed configuration; no per-seed selection,eval-allcriteria.sim,eval-allcriteria-mini.sim;deterministic.sim;sample-period-2.sim;only-body.sim,jobs/gpu/*.csv; jobs/gpu/*.history.csv; jobs/gpu/*.details.json,final_benchmark.csv; final_benchmark.history.csv; jobs/cpu/*.details.json,cross-configuration descriptive contrast; not a controlled method effect
transformer_lso,TransformerVAE-90 + latent EA,B2,4,3550,1.7216676,2.1031064000000002,0.38143880000000019,150,0.080909055066666652,0.38373467768396941,"bucket_id,seed_rank,seed_dataset_idx",fixed configuration; no per-seed selection,eval-allcriteria.sim,eval-allcriteria-mini.sim;deterministic.sim;sample-period-2.sim;only-body.sim,jobs/gpu/*.csv; jobs/gpu/*.history.csv; jobs/gpu/*.details.json,final_benchmark.csv; final_benchmark.history.csv; jobs/cpu/*.details.json,cross-configuration descriptive contrast; not a controlled method effect
transformer_lso,TransformerVAE-90 + latent EA,B2,5,8198,1.3050424,1.5239098,0.21886739999999993,150,0.080909055066666652,0.38373467768396941,"bucket_id,seed_rank,seed_dataset_idx",fixed configuration; no per-seed selection,eval-allcriteria.sim,eval-allcriteria-mini.sim;deterministic.sim;sample-period-2.sim;only-body.sim,jobs/gpu/*.csv; jobs/gpu/*.history.csv; jobs/gpu/*.details.json,final_benchmark.csv; final_benchmark.history.csv; jobs/cpu/*.details.json,cross-configuration descriptive contrast; not a controlled method effect
transformer_lso,TransformerVAE-90 + latent EA,B2,6,2002,2.0498390999999998,1.6707452,-0.37909389999999976,150,0.080909055066666652,0.38373467768396941,"bucket_id,seed_rank,seed_dataset_idx",fixed configuration; no per-seed selection,eval-allcriteria.sim,eval-allcriteria-mini.sim;deterministic.sim;sample-period-2.sim;only-body.sim,jobs/gpu/*.csv; jobs/gpu/*.history.csv; jobs/gpu/*.details.json,final_benchmark.csv; final_benchmark.history.csv; jobs/cpu/*.details.json,cross-configuration descriptive contrast; not a controlled method effect
transformer_lso,TransformerVAE-90 + latent EA,B2,7,3180,1.9529931,1.3051817999999999,-0.64781130000000009,150,0.080909055066666652,0.38373467768396941,"bucket_id,seed_rank,seed_dataset_idx",fixed configuration; no per-seed selection,eval-allcriteria.sim,eval-allcriteria-mini.sim;deterministic.sim;sample-period-2.sim;only-body.sim,jobs/gpu/*.csv; jobs/gpu/*.history.csv; jobs/gpu/*.details.json,final_benchmark.csv; final_benchmark.history.csv; jobs/cpu/*.details.json,cross-configuration descriptive contrast; not a controlled method effect
transformer_lso,TransformerVAE-90 + latent EA,B2,8,4174,1.5704997999999999,1.6100429999999999,0.039543200000000001,150,0.080909055066666652,0.38373467768396941,"bucket_id,seed_rank,seed_dataset_idx",fixed configuration; no per-seed selection,eval-allcriteria.sim,eval-allcriteria-mini.sim;deterministic.sim;sample-period-2.sim;only-body.sim,jobs/gpu/*.csv; jobs/gpu/*.history.csv; jobs/gpu/*.details.json,final_benchmark.csv; final_benchmark.history.csv; jobs/cpu/*.details.json,cross-configuration descriptive contrast; not a controlled method effect
transformer_lso,TransformerVAE-90 + latent EA,B2,9,2075,1.4387466,1.6160403000000001,0.17729370000000011,150,0.080909055066666652,0.38373467768396941,"bucket_id,seed_rank,seed_dataset_idx",fixed configuration; no per-seed selection,eval-allcriteria.sim,eval-allcriteria-mini.sim;deterministic.sim;sample-period-2.sim;only-body.sim,jobs/gpu/*.csv; jobs/gpu/*.history.csv; jobs/gpu/*.details.json,final_benchmark.csv; final_benchmark.history.csv; jobs/cpu/*.details.json,cross-configuration descriptive contrast; not a controlled method effect
transformer_lso,TransformerVAE-90 + latent EA,B2,10,3584,2.0864505000000002,1.9291299,-0.15732060000000025,150,0.080909055066666652,0.38373467768396941,"bucket_id,seed_rank,seed_dataset_idx",fixed configuration; no per-seed selection,eval-allcriteria.sim,eval-allcriteria-mini.sim;deterministic.sim;sample-period-2.sim;only-body.sim,jobs/gpu/*.csv; jobs/gpu/*.history.csv; jobs/gpu/*.details.json,final_benchmark.csv; final_benchmark.history.csv; jobs/cpu/*.details.json,cross-configuration descriptive contrast; not a controlled method effect
transformer_lso,TransformerVAE-90 + latent EA,B2,11,2780,1.6765355,1.7500604,0.073524900000000004,150,0.080909055066666652,0.38373467768396941,"bucket_id,seed_rank,seed_dataset_idx",fixed configuration; no per-seed selection,eval-allcriteria.sim,eval-allcriteria-mini.sim;deterministic.sim;sample-period-2.sim;only-body.sim,jobs/gpu/*.csv; jobs/gpu/*.history.csv; jobs/gpu/*.details.json,final_benchmark.csv; final_benchmark.history.csv; jobs/cpu/*.details.json,cross-configuration descriptive contrast; not a controlled method effect
transformer_lso,TransformerVAE-90 + latent EA,B2,12,3082,1.8305515999999999,1.7409133999999999,-0.089638200000000001,150,0.080909055066666652,0.38373467768396941,"bucket_id,seed_rank,seed_dataset_idx",fixed configuration; no per-seed selection,eval-allcriteria.sim,eval-allcriteria-mini.sim;deterministic.sim;sample-period-2.sim;only-body.sim,jobs/gpu/*.csv; jobs/gpu/*.history.csv; jobs/gpu/*.details.json,final_benchmark.csv; final_benchmark.history.csv; jobs/cpu/*.details.json,cross-configuration descriptive contrast; not a controlled method effect
transformer_lso,TransformerVAE-90 + latent EA,B2,13,2118,1.5823757000000001,2.031568,0.44919229999999999,150,0.080909055066666652,0.38373467768396941,"bucket_id,seed_rank,seed_dataset_idx",fixed configuration; no per-seed selection,eval-allcriteria.sim,eval-allcriteria-mini.sim;deterministic.sim;sample-period-2.sim;only-body.sim,jobs/gpu/*.csv; jobs/gpu/*.history.csv; jobs/gpu/*.details.json,final_benchmark.csv; final_benchmark.history.csv; jobs/cpu/*.details.json,cross-configuration descriptive contrast; not a controlled method effect
transformer_lso,TransformerVAE-90 + latent EA,B2,14,3163,1.8842983,1.7413879000000001,-0.14291039999999988,150,0.080909055066666652,0.38373467768396941,"bucket_id,seed_rank,seed_dataset_idx",fixed configuration; no per-seed selection,eval-allcriteria.sim,eval-allcriteria-mini.sim;deterministic.sim;sample-period-2.sim;only-body.sim,jobs/gpu/*.csv; jobs/gpu/*.history.csv; jobs/gpu/*.details.json,final_benchmark.csv; final_benchmark.history.csv; jobs/cpu/*.details.json,cross-configuration descriptive contrast; not a controlled method effect
transformer_lso,TransformerVAE-90 + latent EA,B2,15,3336,2.237047,1.7035564999999999,-0.53349050000000009,150,0.080909055066666652,0.38373467768396941,"bucket_id,seed_rank,seed_dataset_idx",fixed configuration; no per-seed selection,eval-allcriteria.sim,eval-allcriteria-mini.sim;deterministic.sim;sample-period-2.sim;only-body.sim,jobs/gpu/*.csv; jobs/gpu/*.history.csv; jobs/gpu/*.details.json,final_benchmark.csv; final_benchmark.history.csv; jobs/cpu/*.details.json,cross-configuration descriptive contrast; not a controlled method effect
transformer_lso,TransformerVAE-90 + latent EA,B2,16,2590,1.4119655,1.4073582,-0.0046072999999999809,150,0.080909055066666652,0.38373467768396941,"bucket_id,seed_rank,seed_dataset_idx",fixed configuration; no per-seed selection,eval-allcriteria.sim,eval-allcriteria-mini.sim;deterministic.sim;sample-period-2.sim;only-body.sim,jobs/gpu/*.csv; jobs/gpu/*.history.csv; jobs/gpu/*.details.json,final_benchmark.csv; final_benchmark.history.csv; jobs/cpu/*.details.json,cross-configuration descriptive contrast; not a controlled method effect
transformer_lso,TransformerVAE-90 + latent EA,B2,17,3551,1.1000543,1.3959090999999999,0.29585479999999986,150,0.080909055066666652,0.38373467768396941,"bucket_id,seed_rank,seed_dataset_idx",fixed configuration; no per-seed selection,eval-allcriteria.sim,eval-allcriteria-mini.sim;deterministic.sim;sample-period-2.sim;only-body.sim,jobs/gpu/*.csv; jobs/gpu/*.history.csv; jobs/gpu/*.details.json,final_benchmark.csv; final_benchmark.history.csv; jobs/cpu/*.details.json,cross-configuration descriptive contrast; not a controlled method effect
transformer_lso,TransformerVAE-90 + latent EA,B2,18,3699,1.7935302,1.9155458999999999,0.12201569999999995,150,0.080909055066666652,0.38373467768396941,"bucket_id,seed_rank,seed_dataset_idx",fixed configuration; no per-seed selection,eval-allcriteria.sim,eval-allcriteria-mini.sim;deterministic.sim;sample-period-2.sim;only-body.sim,jobs/gpu/*.csv; jobs/gpu/*.history.csv; jobs/gpu/*.details.json,final_benchmark.csv; final_benchmark.history.csv; jobs/cpu/*.details.json,cross-configuration descriptive contrast; not a controlled method effect
transformer_lso,TransformerVAE-90 + latent EA,B2,19,10220,2.3511950000000001,1.5967707,-0.75442430000000016,150,0.080909055066666652,0.38373467768396941,"bucket_id,seed_rank,seed_dataset_idx",fixed configuration; no per-seed selection,eval-allcriteria.sim,eval-allcriteria-mini.sim;deterministic.sim;sample-period-2.sim;only-body.sim,jobs/gpu/*.csv; jobs/gpu/*.history.csv; jobs/gpu/*.details.json,final_benchmark.csv; final_benchmark.history.csv; jobs/cpu/*.details.json,cross-configuration descriptive contrast; not a controlled method effect
transformer_lso,TransformerVAE-90 + latent EA,B2,20,2114,2.1594885000000001,1.6871807000000001,-0.47230780000000006,150,0.080909055066666652,0.38373467768396941,"bucket_id,seed_rank,seed_dataset_idx",fixed configuration; no per-seed selection,eval-allcriteria.sim,eval-allcriteria-mini.sim;deterministic.sim;sample-period-2.sim;only-body.sim,jobs/gpu/*.csv; jobs/gpu/*.history.csv; jobs/gpu/*.details.json,final_benchmark.csv; final_benchmark.history.csv; jobs/cpu/*.details.json,cross-configuration descriptive contrast; not a controlled method effect
transformer_lso,TransformerVAE-90 + latent EA,B2,21,2979,1.6192224,1.9091159,0.28989350000000003,150,0.080909055066666652,0.38373467768396941,"bucket_id,seed_rank,seed_dataset_idx",fixed configuration; no per-seed selection,eval-allcriteria.sim,eval-allcriteria-mini.sim;deterministic.sim;sample-period-2.sim;only-body.sim,jobs/gpu/*.csv; jobs/gpu/*.history.csv; jobs/gpu/*.details.json,final_benchmark.csv; final_benchmark.history.csv; jobs/cpu/*.details.json,cross-configuration descriptive contrast; not a controlled method effect
transformer_lso,TransformerVAE-90 + latent EA,B2,22,2598,1.4038587,1.4985093,0.094650600000000029,150,0.080909055066666652,0.38373467768396941,"bucket_id,seed_rank,seed_dataset_idx",fixed configuration; no per-seed selection,eval-allcriteria.sim,eval-allcriteria-mini.sim;deterministic.sim;sample-period-2.sim;only-body.sim,jobs/gpu/*.csv; jobs/gpu/*.history.csv; jobs/gpu/*.details.json,final_benchmark.csv; final_benchmark.history.csv; jobs/cpu/*.details.json,cross-configuration descriptive contrast; not a controlled method effect
transformer_lso,TransformerVAE-90 + latent EA,B2,23,10260,1.3409925,1.8295846,0.48859209999999997,150,0.080909055066666652,0.38373467768396941,"bucket_id,seed_rank,seed_dataset_idx",fixed configuration; no per-seed selection,eval-allcriteria.sim,eval-allcriteria-mini.sim;deterministic.sim;sample-period-2.sim;only-body.sim,jobs/gpu/*.csv; jobs/gpu/*.history.csv; jobs/gpu/*.details.json,final_benchmark.csv; final_benchmark.history.csv; jobs/cpu/*.details.json,cross-configuration descriptive contrast; not a controlled method effect
transformer_lso,TransformerVAE-90 + latent EA,B2,24,2084,1.4051849999999999,1.9764276999999999,0.57124269999999999,150,0.080909055066666652,0.38373467768396941,"bucket_id,seed_rank,seed_dataset_idx",fixed configuration; no per-seed selection,eval-allcriteria.sim,eval-allcriteria-mini.sim;deterministic.sim;sample-period-2.sim;only-body.sim,jobs/gpu/*.csv; jobs/gpu/*.history.csv; jobs/gpu/*.details.json,final_benchmark.csv; final_benchmark.history.csv; jobs/cpu/*.details.json,cross-configuration descriptive contrast; not a controlled method effect
transformer_lso,TransformerVAE-90 + latent EA,B2,25,3444,2.2069909000000001,1.895346,-0.31164490000000011,150,0.080909055066666652,0.38373467768396941,"bucket_id,seed_rank,seed_dataset_idx",fixed configuration; no per-seed selection,eval-allcriteria.sim,eval-allcriteria-mini.sim;deterministic.sim;sample-period-2.sim;only-body.sim,jobs/gpu/*.csv; jobs/gpu/*.history.csv; jobs/gpu/*.details.json,final_benchmark.csv; final_benchmark.history.csv; jobs/cpu/*.details.json,cross-configuration descriptive contrast; not a controlled method effect
transformer_lso,TransformerVAE-90 + latent EA,B3,1,9059,0.96364453999999999,1.9070442999999999,0.94339975999999992,150,0.080909055066666652,0.38373467768396941,"bucket_id,seed_rank,seed_dataset_idx",fixed configuration; no per-seed selection,eval-allcriteria.sim,eval-allcriteria-mini.sim;deterministic.sim;sample-period-2.sim;only-body.sim,jobs/gpu/*.csv; jobs/gpu/*.history.csv; jobs/gpu/*.details.json,final_benchmark.csv; final_benchmark.history.csv; jobs/cpu/*.details.json,cross-configuration descriptive contrast; not a controlled method effect
transformer_lso,TransformerVAE-90 + latent EA,B3,2,5976,0.92284708999999998,1.8468405000000001,0.92399341000000013,150,0.080909055066666652,0.38373467768396941,"bucket_id,seed_rank,seed_dataset_idx",fixed configuration; no per-seed selection,eval-allcriteria.sim,eval-allcriteria-mini.sim;deterministic.sim;sample-period-2.sim;only-body.sim,jobs/gpu/*.csv; jobs/gpu/*.history.csv; jobs/gpu/*.details.json,final_benchmark.csv; final_benchmark.history.csv; jobs/cpu/*.details.json,cross-configuration descriptive contrast; not a controlled method effect
transformer_lso,TransformerVAE-90 + latent EA,B3,3,4673,1.6528305000000001,1.9033245999999999,0.25049409999999983,150,0.080909055066666652,0.38373467768396941,"bucket_id,seed_rank,seed_dataset_idx",fixed configuration; no per-seed selection,eval-allcriteria.sim,eval-allcriteria-mini.sim;deterministic.sim;sample-period-2.sim;only-body.sim,jobs/gpu/*.csv; jobs/gpu/*.history.csv; jobs/gpu/*.details.json,final_benchmark.csv; final_benchmark.history.csv; jobs/cpu/*.details.json,cross-configuration descriptive contrast; not a controlled method effect
transformer_lso,TransformerVAE-90 + latent EA,B3,4,5462,1.9931915,1.930677,-0.062514500000000028,150,0.080909055066666652,0.38373467768396941,"bucket_id,seed_rank,seed_dataset_idx",fixed configuration; no per-seed selection,eval-allcriteria.sim,eval-allcriteria-mini.sim;deterministic.sim;sample-period-2.sim;only-body.sim,jobs/gpu/*.csv; jobs/gpu/*.history.csv; jobs/gpu/*.details.json,final_benchmark.csv; final_benchmark.history.csv; jobs/cpu/*.details.json,cross-configuration descriptive contrast; not a controlled method effect
transformer_lso,TransformerVAE-90 + latent EA,B3,5,4395,1.3967963999999999,1.6719918,0.27519540000000009,150,0.080909055066666652,0.38373467768396941,"bucket_id,seed_rank,seed_dataset_idx",fixed configuration; no per-seed selection,eval-allcriteria.sim,eval-allcriteria-mini.sim;deterministic.sim;sample-period-2.sim;only-body.sim,jobs/gpu/*.csv; jobs/gpu/*.history.csv; jobs/gpu/*.details.json,final_benchmark.csv; final_benchmark.history.csv; jobs/cpu/*.details.json,cross-configuration descriptive contrast; not a controlled method effect
transformer_lso,TransformerVAE-90 + latent EA,B3,6,6787,1.1122316000000001,1.9325256,0.82029399999999986,150,0.080909055066666652,0.38373467768396941,"bucket_id,seed_rank,seed_dataset_idx",fixed configuration; no per-seed selection,eval-allcriteria.sim,eval-allcriteria-mini.sim;deterministic.sim;sample-period-2.sim;only-body.sim,jobs/gpu/*.csv; jobs/gpu/*.history.csv; jobs/gpu/*.details.json,final_benchmark.csv; final_benchmark.history.csv; jobs/cpu/*.details.json,cross-configuration descriptive contrast; not a controlled method effect
transformer_lso,TransformerVAE-90 + latent EA,B3,7,4392,1.5910386999999999,1.9131667000000001,0.32212800000000019,150,0.080909055066666652,0.38373467768396941,"bucket_id,seed_rank,seed_dataset_idx",fixed configuration; no per-seed selection,eval-allcriteria.sim,eval-allcriteria-mini.sim;deterministic.sim;sample-period-2.sim;only-body.sim,jobs/gpu/*.csv; jobs/gpu/*.history.csv; jobs/gpu/*.details.json,final_benchmark.csv; final_benchmark.history.csv; jobs/cpu/*.details.json,cross-configuration descriptive contrast; not a controlled method effect
transformer_lso,TransformerVAE-90 + latent EA,B3,8,3875,1.768635,1.6524951000000001,-0.11613989999999985,150,0.080909055066666652,0.38373467768396941,"bucket_id,seed_rank,seed_dataset_idx",fixed configuration; no per-seed selection,eval-allcriteria.sim,eval-allcriteria-mini.sim;deterministic.sim;sample-period-2.sim;only-body.sim,jobs/gpu/*.csv; jobs/gpu/*.history.csv; jobs/gpu/*.details.json,final_benchmark.csv; final_benchmark.history.csv; jobs/cpu/*.details.json,cross-configuration descriptive contrast; not a controlled method effect
transformer_lso,TransformerVAE-90 + latent EA,B3,9,7210,1.0394641,1.9053985,0.86593439999999999,150,0.080909055066666652,0.38373467768396941,"bucket_id,seed_rank,seed_dataset_idx",fixed configuration; no per-seed selection,eval-allcriteria.sim,eval-allcriteria-mini.sim;deterministic.sim;sample-period-2.sim;only-body.sim,jobs/gpu/*.csv; jobs/gpu/*.history.csv; jobs/gpu/*.details.json,final_benchmark.csv; final_benchmark.history.csv; jobs/cpu/*.details.json,cross-configuration descriptive contrast; not a controlled method effect
transformer_lso,TransformerVAE-90 + latent EA,B3,10,5106,1.3269025999999999,1.9107331000000001,0.58383050000000014,150,0.080909055066666652,0.38373467768396941,"bucket_id,seed_rank,seed_dataset_idx",fixed configuration; no per-seed selection,eval-allcriteria.sim,eval-allcriteria-mini.sim;deterministic.sim;sample-period-2.sim;only-body.sim,jobs/gpu/*.csv; jobs/gpu/*.history.csv; jobs/gpu/*.details.json,final_benchmark.csv; final_benchmark.history.csv; jobs/cpu/*.details.json,cross-configuration descriptive contrast; not a controlled method effect
transformer_lso,TransformerVAE-90 + latent EA,B3,11,4801,1.2703563,1.7480709999999999,0.47771469999999994,150,0.080909055066666652,0.38373467768396941,"bucket_id,seed_rank,seed_dataset_idx",fixed configuration; no per-seed selection,eval-allcriteria.sim,eval-allcriteria-mini.sim;deterministic.sim;sample-period-2.sim;only-body.sim,jobs/gpu/*.csv; jobs/gpu/*.history.csv; jobs/gpu/*.details.json,final_benchmark.csv; final_benchmark.history.csv; jobs/cpu/*.details.json,cross-configuration descriptive contrast; not a controlled method effect
transformer_lso,TransformerVAE-90 + latent EA,B3,12,7066,0.91418960999999999,1.7389136000000001,0.82472399000000007,150,0.080909055066666652,0.38373467768396941,"bucket_id,seed_rank,seed_dataset_idx",fixed configuration; no per-seed selection,eval-allcriteria.sim,eval-allcriteria-mini.sim;deterministic.sim;sample-period-2.sim;only-body.sim,jobs/gpu/*.csv; jobs/gpu/*.history.csv; jobs/gpu/*.details.json,final_benchmark.csv; final_benchmark.history.csv; jobs/cpu/*.details.json,cross-configuration descriptive contrast; not a controlled method effect
transformer_lso,TransformerVAE-90 + latent EA,B3,13,5119,1.5815608999999999,1.6191082000000001,0.037547300000000172,150,0.080909055066666652,0.38373467768396941,"bucket_id,seed_rank,seed_dataset_idx",fixed configuration; no per-seed selection,eval-allcriteria.sim,eval-allcriteria-mini.sim;deterministic.sim;sample-period-2.sim;only-body.sim,jobs/gpu/*.csv; jobs/gpu/*.history.csv; jobs/gpu/*.details.json,final_benchmark.csv; final_benchmark.history.csv; jobs/cpu/*.details.json,cross-configuration descriptive contrast; not a controlled method effect
transformer_lso,TransformerVAE-90 + latent EA,B3,14,6869,1.2103046,2.1053225000000002,0.89501790000000025,150,0.080909055066666652,0.38373467768396941,"bucket_id,seed_rank,seed_dataset_idx",fixed configuration; no per-seed selection,eval-allcriteria.sim,eval-allcriteria-mini.sim;deterministic.sim;sample-period-2.sim;only-body.sim,jobs/gpu/*.csv; jobs/gpu/*.history.csv; jobs/gpu/*.details.json,final_benchmark.csv; final_benchmark.history.csv; jobs/cpu/*.details.json,cross-configuration descriptive contrast; not a controlled method effect
transformer_lso,TransformerVAE-90 + latent EA,B3,15,10618,1.1570685999999999,1.4854034,0.32833480000000015,150,0.080909055066666652,0.38373467768396941,"bucket_id,seed_rank,seed_dataset_idx",fixed configuration; no per-seed selection,eval-allcriteria.sim,eval-allcriteria-mini.sim;deterministic.sim;sample-period-2.sim;only-body.sim,jobs/gpu/*.csv; jobs/gpu/*.history.csv; jobs/gpu/*.details.json,final_benchmark.csv; final_benchmark.history.csv; jobs/cpu/*.details.json,cross-configuration descriptive contrast; not a controlled method effect
transformer_lso,TransformerVAE-90 + latent EA,B3,16,4531,1.7468303000000001,1.8636595,0.11682919999999997,150,0.080909055066666652,0.38373467768396941,"bucket_id,seed_rank,seed_dataset_idx",fixed configuration; no per-seed selection,eval-allcriteria.sim,eval-allcriteria-mini.sim;deterministic.sim;sample-period-2.sim;only-body.sim,jobs/gpu/*.csv; jobs/gpu/*.history.csv; jobs/gpu/*.details.json,final_benchmark.csv; final_benchmark.history.csv; jobs/cpu/*.details.json,cross-configuration descriptive contrast; not a controlled method effect
transformer_lso,TransformerVAE-90 + latent EA,B3,17,6167,1.4400454,1.9260413999999999,0.48599599999999987,150,0.080909055066666652,0.38373467768396941,"bucket_id,seed_rank,seed_dataset_idx",fixed configuration; no per-seed selection,eval-allcriteria.sim,eval-allcriteria-mini.sim;deterministic.sim;sample-period-2.sim;only-body.sim,jobs/gpu/*.csv; jobs/gpu/*.history.csv; jobs/gpu/*.details.json,final_benchmark.csv; final_benchmark.history.csv; jobs/cpu/*.details.json,cross-configuration descriptive contrast; not a controlled method effect
transformer_lso,TransformerVAE-90 + latent EA,B3,18,5356,2.1512913,1.9816905,-0.1696008,150,0.080909055066666652,0.38373467768396941,"bucket_id,seed_rank,seed_dataset_idx",fixed configuration; no per-seed selection,eval-allcriteria.sim,eval-allcriteria-mini.sim;deterministic.sim;sample-period-2.sim;only-body.sim,jobs/gpu/*.csv; jobs/gpu/*.history.csv; jobs/gpu/*.details.json,final_benchmark.csv; final_benchmark.history.csv; jobs/cpu/*.details.json,cross-configuration descriptive contrast; not a controlled method effect
transformer_lso,TransformerVAE-90 + latent EA,B3,19,3000,1.8854367000000001,1.5372832999999999,-0.34815340000000017,150,0.080909055066666652,0.38373467768396941,"bucket_id,seed_rank,seed_dataset_idx",fixed configuration; no per-seed selection,eval-allcriteria.sim,eval-allcriteria-mini.sim;deterministic.sim;sample-period-2.sim;only-body.sim,jobs/gpu/*.csv; jobs/gpu/*.history.csv; jobs/gpu/*.details.json,final_benchmark.csv; final_benchmark.history.csv; jobs/cpu/*.details.json,cross-configuration descriptive contrast; not a controlled method effect
transformer_lso,TransformerVAE-90 + latent EA,B3,20,9118,1.0665020999999999,1.6132006000000001,0.5466985000000002,150,0.080909055066666652,0.38373467768396941,"bucket_id,seed_rank,seed_dataset_idx",fixed configuration; no per-seed selection,eval-allcriteria.sim,eval-allcriteria-mini.sim;deterministic.sim;sample-period-2.sim;only-body.sim,jobs/gpu/*.csv; jobs/gpu/*.history.csv; jobs/gpu/*.details.json,final_benchmark.csv; final_benchmark.history.csv; jobs/cpu/*.details.json,cross-configuration descriptive contrast; not a controlled method effect
transformer_lso,TransformerVAE-90 + latent EA,B3,21,4233,1.3617362,1.4133283000000001,0.051592100000000141,150,0.080909055066666652,0.38373467768396941,"bucket_id,seed_rank,seed_dataset_idx",fixed configuration; no per-seed selection,eval-allcriteria.sim,eval-allcriteria-mini.sim;deterministic.sim;sample-period-2.sim;only-body.sim,jobs/gpu/*.csv; jobs/gpu/*.history.csv; jobs/gpu/*.details.json,final_benchmark.csv; final_benchmark.history.csv; jobs/cpu/*.details.json,cross-configuration descriptive contrast; not a controlled method effect
transformer_lso,TransformerVAE-90 + latent EA,B3,22,3682,1.4936209,1.4076781,-0.085942799999999986,150,0.080909055066666652,0.38373467768396941,"bucket_id,seed_rank,seed_dataset_idx",fixed configuration; no per-seed selection,eval-allcriteria.sim,eval-allcriteria-mini.sim;deterministic.sim;sample-period-2.sim;only-body.sim,jobs/gpu/*.csv; jobs/gpu/*.history.csv; jobs/gpu/*.details.json,final_benchmark.csv; final_benchmark.history.csv; jobs/cpu/*.details.json,cross-configuration descriptive contrast; not a controlled method effect
transformer_lso,TransformerVAE-90 + latent EA,B3,23,10376,1.2566314999999999,1.9296803,0.67304880000000011,150,0.080909055066666652,0.38373467768396941,"bucket_id,seed_rank,seed_dataset_idx",fixed configuration; no per-seed selection,eval-allcriteria.sim,eval-allcriteria-mini.sim;deterministic.sim;sample-period-2.sim;only-body.sim,jobs/gpu/*.csv; jobs/gpu/*.history.csv; jobs/gpu/*.details.json,final_benchmark.csv; final_benchmark.history.csv; jobs/cpu/*.details.json,cross-configuration descriptive contrast; not a controlled method effect
transformer_lso,TransformerVAE-90 + latent EA,B3,24,4831,1.5682427999999999,1.4763052999999999,-0.091937500000000005,150,0.080909055066666652,0.38373467768396941,"bucket_id,seed_rank,seed_dataset_idx",fixed configuration; no per-seed selection,eval-allcriteria.sim,eval-allcriteria-mini.sim;deterministic.sim;sample-period-2.sim;only-body.sim,jobs/gpu/*.csv; jobs/gpu/*.history.csv; jobs/gpu/*.details.json,final_benchmark.csv; final_benchmark.history.csv; jobs/cpu/*.details.json,cross-configuration descriptive contrast; not a controlled method effect
transformer_lso,TransformerVAE-90 + latent EA,B3,25,7635,2.3046655999999999,1.7390428,-0.56562279999999987,150,0.080909055066666652,0.38373467768396941,"bucket_id,seed_rank,seed_dataset_idx",fixed configuration; no per-seed selection,eval-allcriteria.sim,eval-allcriteria-mini.sim;deterministic.sim;sample-period-2.sim;only-body.sim,jobs/gpu/*.csv; jobs/gpu/*.history.csv; jobs/gpu/*.details.json,final_benchmark.csv; final_benchmark.history.csv; jobs/cpu/*.details.json,cross-configuration descriptive contrast; not a controlled method effect
transformer_lso,TransformerVAE-90 + latent EA,B4,1,9661,1.2941179,1.9408837000000001,0.64676580000000006,150,0.080909055066666652,0.38373467768396941,"bucket_id,seed_rank,seed_dataset_idx",fixed configuration; no per-seed selection,eval-allcriteria.sim,eval-allcriteria-mini.sim;deterministic.sim;sample-period-2.sim;only-body.sim,jobs/gpu/*.csv; jobs/gpu/*.history.csv; jobs/gpu/*.details.json,final_benchmark.csv; final_benchmark.history.csv; jobs/cpu/*.details.json,cross-configuration descriptive contrast; not a controlled method effect
transformer_lso,TransformerVAE-90 + latent EA,B4,2,5001,1.4076131000000001,1.4204524999999999,0.012839399999999834,150,0.080909055066666652,0.38373467768396941,"bucket_id,seed_rank,seed_dataset_idx",fixed configuration; no per-seed selection,eval-allcriteria.sim,eval-allcriteria-mini.sim;deterministic.sim;sample-period-2.sim;only-body.sim,jobs/gpu/*.csv; jobs/gpu/*.history.csv; jobs/gpu/*.details.json,final_benchmark.csv; final_benchmark.history.csv; jobs/cpu/*.details.json,cross-configuration descriptive contrast; not a controlled method effect
transformer_lso,TransformerVAE-90 + latent EA,B4,3,7245,1.3057453999999999,1.9185513000000001,0.61280590000000013,150,0.080909055066666652,0.38373467768396941,"bucket_id,seed_rank,seed_dataset_idx",fixed configuration; no per-seed selection,eval-allcriteria.sim,eval-allcriteria-mini.sim;deterministic.sim;sample-period-2.sim;only-body.sim,jobs/gpu/*.csv; jobs/gpu/*.history.csv; jobs/gpu/*.details.json,final_benchmark.csv; final_benchmark.history.csv; jobs/cpu/*.details.json,cross-configuration descriptive contrast; not a controlled method effect
transformer_lso,TransformerVAE-90 + latent EA,B4,4,3980,1.2673805,1.8872011,0.61982059999999994,150,0.080909055066666652,0.38373467768396941,"bucket_id,seed_rank,seed_dataset_idx",fixed configuration; no per-seed selection,eval-allcriteria.sim,eval-allcriteria-mini.sim;deterministic.sim;sample-period-2.sim;only-body.sim,jobs/gpu/*.csv; jobs/gpu/*.history.csv; jobs/gpu/*.details.json,final_benchmark.csv; final_benchmark.history.csv; jobs/cpu/*.details.json,cross-configuration descriptive contrast; not a controlled method effect
transformer_lso,TransformerVAE-90 + latent EA,B4,5,926,1.3638435,1.4267483000000001,0.062904800000000094,150,0.080909055066666652,0.38373467768396941,"bucket_id,seed_rank,seed_dataset_idx",fixed configuration; no per-seed selection,eval-allcriteria.sim,eval-allcriteria-mini.sim;deterministic.sim;sample-period-2.sim;only-body.sim,jobs/gpu/*.csv; jobs/gpu/*.history.csv; jobs/gpu/*.details.json,final_benchmark.csv; final_benchmark.history.csv; jobs/cpu/*.details.json,cross-configuration descriptive contrast; not a controlled method effect
transformer_lso,TransformerVAE-90 + latent EA,B4,6,3490,2.0489353000000001,2.0084933999999999,-0.040441900000000253,150,0.080909055066666652,0.38373467768396941,"bucket_id,seed_rank,seed_dataset_idx",fixed configuration; no per-seed selection,eval-allcriteria.sim,eval-allcriteria-mini.sim;deterministic.sim;sample-period-2.sim;only-body.sim,jobs/gpu/*.csv; jobs/gpu/*.history.csv; jobs/gpu/*.details.json,final_benchmark.csv; final_benchmark.history.csv; jobs/cpu/*.details.json,cross-configuration descriptive contrast; not a controlled method effect
transformer_lso,TransformerVAE-90 + latent EA,B4,7,10784,1.3979250999999999,1.9658404,0.56791530000000012,150,0.080909055066666652,0.38373467768396941,"bucket_id,seed_rank,seed_dataset_idx",fixed configuration; no per-seed selection,eval-allcriteria.sim,eval-allcriteria-mini.sim;deterministic.sim;sample-period-2.sim;only-body.sim,jobs/gpu/*.csv; jobs/gpu/*.history.csv; jobs/gpu/*.details.json,final_benchmark.csv; final_benchmark.history.csv; jobs/cpu/*.details.json,cross-configuration descriptive contrast; not a controlled method effect
transformer_lso,TransformerVAE-90 + latent EA,B4,8,6100,1.9576057,1.9350156999999999,-0.02259000000000011,150,0.080909055066666652,0.38373467768396941,"bucket_id,seed_rank,seed_dataset_idx",fixed configuration; no per-seed selection,eval-allcriteria.sim,eval-allcriteria-mini.sim;deterministic.sim;sample-period-2.sim;only-body.sim,jobs/gpu/*.csv; jobs/gpu/*.history.csv; jobs/gpu/*.details.json,final_benchmark.csv; final_benchmark.history.csv; jobs/cpu/*.details.json,cross-configuration descriptive contrast; not a controlled method effect
transformer_lso,TransformerVAE-90 + latent EA,B4,9,3946,2.6526732000000002,1.5489261000000001,-1.1037471000000001,150,0.080909055066666652,0.38373467768396941,"bucket_id,seed_rank,seed_dataset_idx",fixed configuration; no per-seed selection,eval-allcriteria.sim,eval-allcriteria-mini.sim;deterministic.sim;sample-period-2.sim;only-body.sim,jobs/gpu/*.csv; jobs/gpu/*.history.csv; jobs/gpu/*.details.json,final_benchmark.csv; final_benchmark.history.csv; jobs/cpu/*.details.json,cross-configuration descriptive contrast; not a controlled method effect
transformer_lso,TransformerVAE-90 + latent EA,B4,10,8498,1.2420020000000001,1.9396491,0.69764709999999996,150,0.080909055066666652,0.38373467768396941,"bucket_id,seed_rank,seed_dataset_idx",fixed configuration; no per-seed selection,eval-allcriteria.sim,eval-allcriteria-mini.sim;deterministic.sim;sample-period-2.sim;only-body.sim,jobs/gpu/*.csv; jobs/gpu/*.history.csv; jobs/gpu/*.details.json,final_benchmark.csv; final_benchmark.history.csv; jobs/cpu/*.details.json,cross-configuration descriptive contrast; not a controlled method effect
transformer_lso,TransformerVAE-90 + latent EA,B4,11,6804,1.2722931,1.9296092,0.65731610000000007,150,0.080909055066666652,0.38373467768396941,"bucket_id,seed_rank,seed_dataset_idx",fixed configuration; no per-seed selection,eval-allcriteria.sim,eval-allcriteria-mini.sim;deterministic.sim;sample-period-2.sim;only-body.sim,jobs/gpu/*.csv; jobs/gpu/*.history.csv; jobs/gpu/*.details.json,final_benchmark.csv; final_benchmark.history.csv; jobs/cpu/*.details.json,cross-configuration descriptive contrast; not a controlled method effect
transformer_lso,TransformerVAE-90 + latent EA,B4,12,4000,1.7926692,1.8802045999999999,0.08753539999999993,150,0.080909055066666652,0.38373467768396941,"bucket_id,seed_rank,seed_dataset_idx",fixed configuration; no per-seed selection,eval-allcriteria.sim,eval-allcriteria-mini.sim;deterministic.sim;sample-period-2.sim;only-body.sim,jobs/gpu/*.csv; jobs/gpu/*.history.csv; jobs/gpu/*.details.json,final_benchmark.csv; final_benchmark.history.csv; jobs/cpu/*.details.json,cross-configuration descriptive contrast; not a controlled method effect
transformer_lso,TransformerVAE-90 + latent EA,B4,13,5317,1.3745877,1.7546647,0.380077,150,0.080909055066666652,0.38373467768396941,"bucket_id,seed_rank,seed_dataset_idx",fixed configuration; no per-seed selection,eval-allcriteria.sim,eval-allcriteria-mini.sim;deterministic.sim;sample-period-2.sim;only-body.sim,jobs/gpu/*.csv; jobs/gpu/*.history.csv; jobs/gpu/*.details.json,final_benchmark.csv; final_benchmark.history.csv; jobs/cpu/*.details.json,cross-configuration descriptive contrast; not a controlled method effect
transformer_lso,TransformerVAE-90 + latent EA,B4,14,8956,1.2153946,1.8894948,0.67410020000000004,150,0.080909055066666652,0.38373467768396941,"bucket_id,seed_rank,seed_dataset_idx",fixed configuration; no per-seed selection,eval-allcriteria.sim,eval-allcriteria-mini.sim;deterministic.sim;sample-period-2.sim;only-body.sim,jobs/gpu/*.csv; jobs/gpu/*.history.csv; jobs/gpu/*.details.json,final_benchmark.csv; final_benchmark.history.csv; jobs/cpu/*.details.json,cross-configuration descriptive contrast; not a controlled method effect
transformer_lso,TransformerVAE-90 + latent EA,B4,15,9114,1.8625221000000001,1.9122802000000001,0.049758100000000027,150,0.080909055066666652,0.38373467768396941,"bucket_id,seed_rank,seed_dataset_idx",fixed configuration; no per-seed selection,eval-allcriteria.sim,eval-allcriteria-mini.sim;deterministic.sim;sample-period-2.sim;only-body.sim,jobs/gpu/*.csv; jobs/gpu/*.history.csv; jobs/gpu/*.details.json,final_benchmark.csv; final_benchmark.history.csv; jobs/cpu/*.details.json,cross-configuration descriptive contrast; not a controlled method effect
transformer_lso,TransformerVAE-90 + latent EA,B4,16,9482,1.4754202999999999,1.2798942,-0.19552609999999992,150,0.080909055066666652,0.38373467768396941,"bucket_id,seed_rank,seed_dataset_idx",fixed configuration; no per-seed selection,eval-allcriteria.sim,eval-allcriteria-mini.sim;deterministic.sim;sample-period-2.sim;only-body.sim,jobs/gpu/*.csv; jobs/gpu/*.history.csv; jobs/gpu/*.details.json,final_benchmark.csv; final_benchmark.history.csv; jobs/cpu/*.details.json,cross-configuration descriptive contrast; not a controlled method effect
transformer_lso,TransformerVAE-90 + latent EA,B4,17,1622,1.3293549,1.9053985,0.57604359999999999,150,0.080909055066666652,0.38373467768396941,"bucket_id,seed_rank,seed_dataset_idx",fixed configuration; no per-seed selection,eval-allcriteria.sim,eval-allcriteria-mini.sim;deterministic.sim;sample-period-2.sim;only-body.sim,jobs/gpu/*.csv; jobs/gpu/*.history.csv; jobs/gpu/*.details.json,final_benchmark.csv; final_benchmark.history.csv; jobs/cpu/*.details.json,cross-configuration descriptive contrast; not a controlled method effect
transformer_lso,TransformerVAE-90 + latent EA,B4,18,9410,1.2336536,1.9298047,0.69615110000000002,150,0.080909055066666652,0.38373467768396941,"bucket_id,seed_rank,seed_dataset_idx",fixed configuration; no per-seed selection,eval-allcriteria.sim,eval-allcriteria-mini.sim;deterministic.sim;sample-period-2.sim;only-body.sim,jobs/gpu/*.csv; jobs/gpu/*.history.csv; jobs/gpu/*.details.json,final_benchmark.csv; final_benchmark.history.csv; jobs/cpu/*.details.json,cross-configuration descriptive contrast; not a controlled method effect
transformer_lso,TransformerVAE-90 + latent EA,B4,19,5807,1.4854704000000001,2.0137594000000001,0.52828900000000001,150,0.080909055066666652,0.38373467768396941,"bucket_id,seed_rank,seed_dataset_idx",fixed configuration; no per-seed selection,eval-allcriteria.sim,eval-allcriteria-mini.sim;deterministic.sim;sample-period-2.sim;only-body.sim,jobs/gpu/*.csv; jobs/gpu/*.history.csv; jobs/gpu/*.details.json,final_benchmark.csv; final_benchmark.history.csv; jobs/cpu/*.details.json,cross-configuration descriptive contrast; not a controlled method effect
transformer_lso,TransformerVAE-90 + latent EA,B4,20,7996,1.9446985000000001,1.9056751000000001,-0.039023400000000041,150,0.080909055066666652,0.38373467768396941,"bucket_id,seed_rank,seed_dataset_idx",fixed configuration; no per-seed selection,eval-allcriteria.sim,eval-allcriteria-mini.sim;deterministic.sim;sample-period-2.sim;only-body.sim,jobs/gpu/*.csv; jobs/gpu/*.history.csv; jobs/gpu/*.details.json,final_benchmark.csv; final_benchmark.history.csv; jobs/cpu/*.details.json,cross-configuration descriptive contrast; not a controlled method effect
transformer_lso,TransformerVAE-90 + latent EA,B4,21,8188,1.5763145000000001,1.9256884000000001,0.34937390000000001,150,0.080909055066666652,0.38373467768396941,"bucket_id,seed_rank,seed_dataset_idx",fixed configuration; no per-seed selection,eval-allcriteria.sim,eval-allcriteria-mini.sim;deterministic.sim;sample-period-2.sim;only-body.sim,jobs/gpu/*.csv; jobs/gpu/*.history.csv; jobs/gpu/*.details.json,final_benchmark.csv; final_benchmark.history.csv; jobs/cpu/*.details.json,cross-configuration descriptive contrast; not a controlled method effect
transformer_lso,TransformerVAE-90 + latent EA,B4,22,5942,1.5724089000000001,1.7708862999999999,0.1984773999999998,150,0.080909055066666652,0.38373467768396941,"bucket_id,seed_rank,seed_dataset_idx",fixed configuration; no per-seed selection,eval-allcriteria.sim,eval-allcriteria-mini.sim;deterministic.sim;sample-period-2.sim;only-body.sim,jobs/gpu/*.csv; jobs/gpu/*.history.csv; jobs/gpu/*.details.json,final_benchmark.csv; final_benchmark.history.csv; jobs/cpu/*.details.json,cross-configuration descriptive contrast; not a controlled method effect
transformer_lso,TransformerVAE-90 + latent EA,B4,23,6928,1.541863,1.4953631000000001,-0.046499899999999927,150,0.080909055066666652,0.38373467768396941,"bucket_id,seed_rank,seed_dataset_idx",fixed configuration; no per-seed selection,eval-allcriteria.sim,eval-allcriteria-mini.sim;deterministic.sim;sample-period-2.sim;only-body.sim,jobs/gpu/*.csv; jobs/gpu/*.history.csv; jobs/gpu/*.details.json,final_benchmark.csv; final_benchmark.history.csv; jobs/cpu/*.details.json,cross-configuration descriptive contrast; not a controlled method effect
transformer_lso,TransformerVAE-90 + latent EA,B4,24,3985,1.8978189000000001,1.7582247,-0.13959420000000011,150,0.080909055066666652,0.38373467768396941,"bucket_id,seed_rank,seed_dataset_idx",fixed configuration; no per-seed selection,eval-allcriteria.sim,eval-allcriteria-mini.sim;deterministic.sim;sample-period-2.sim;only-body.sim,jobs/gpu/*.csv; jobs/gpu/*.history.csv; jobs/gpu/*.details.json,final_benchmark.csv; final_benchmark.history.csv; jobs/cpu/*.details.json,cross-configuration descriptive contrast; not a controlled method effect
transformer_lso,TransformerVAE-90 + latent EA,B4,25,8123,1.2712482000000001,1.2251376,-0.046110600000000002,150,0.080909055066666652,0.38373467768396941,"bucket_id,seed_rank,seed_dataset_idx",fixed configuration; no per-seed selection,eval-allcriteria.sim,eval-allcriteria-mini.sim;deterministic.sim;sample-period-2.sim;only-body.sim,jobs/gpu/*.csv; jobs/gpu/*.history.csv; jobs/gpu/*.details.json,final_benchmark.csv; final_benchmark.history.csv; jobs/cpu/*.details.json,cross-configuration descriptive contrast; not a controlled method effect
transformer_lso,TransformerVAE-90 + latent EA,B5,1,6231,1.5708922999999999,1.5343229,-0.036569399999999863,150,0.080909055066666652,0.38373467768396941,"bucket_id,seed_rank,seed_dataset_idx",fixed configuration; no per-seed selection,eval-allcriteria.sim,eval-allcriteria-mini.sim;deterministic.sim;sample-period-2.sim;only-body.sim,jobs/gpu/*.csv; jobs/gpu/*.history.csv; jobs/gpu/*.details.json,final_benchmark.csv; final_benchmark.history.csv; jobs/cpu/*.details.json,cross-configuration descriptive contrast; not a controlled method effect
transformer_lso,TransformerVAE-90 + latent EA,B5,2,8463,1.9047141999999999,1.6759782000000001,-0.22873599999999983,150,0.080909055066666652,0.38373467768396941,"bucket_id,seed_rank,seed_dataset_idx",fixed configuration; no per-seed selection,eval-allcriteria.sim,eval-allcriteria-mini.sim;deterministic.sim;sample-period-2.sim;only-body.sim,jobs/gpu/*.csv; jobs/gpu/*.history.csv; jobs/gpu/*.details.json,final_benchmark.csv; final_benchmark.history.csv; jobs/cpu/*.details.json,cross-configuration descriptive contrast; not a controlled method effect
transformer_lso,TransformerVAE-90 + latent EA,B5,3,10768,1.5364325999999999,1.4799629999999999,-0.056469600000000009,150,0.080909055066666652,0.38373467768396941,"bucket_id,seed_rank,seed_dataset_idx",fixed configuration; no per-seed selection,eval-allcriteria.sim,eval-allcriteria-mini.sim;deterministic.sim;sample-period-2.sim;only-body.sim,jobs/gpu/*.csv; jobs/gpu/*.history.csv; jobs/gpu/*.details.json,final_benchmark.csv; final_benchmark.history.csv; jobs/cpu/*.details.json,cross-configuration descriptive contrast; not a controlled method effect
transformer_lso,TransformerVAE-90 + latent EA,B5,4,8615,1.5429803,1.8838226,0.34084230000000004,150,0.080909055066666652,0.38373467768396941,"bucket_id,seed_rank,seed_dataset_idx",fixed configuration; no per-seed selection,eval-allcriteria.sim,eval-allcriteria-mini.sim;deterministic.sim;sample-period-2.sim;only-body.sim,jobs/gpu/*.csv; jobs/gpu/*.history.csv; jobs/gpu/*.details.json,final_benchmark.csv; final_benchmark.history.csv; jobs/cpu/*.details.json,cross-configuration descriptive contrast; not a controlled method effect
transformer_lso,TransformerVAE-90 + latent EA,B5,5,927,1.3628406,1.5585313999999999,0.19569079999999994,150,0.080909055066666652,0.38373467768396941,"bucket_id,seed_rank,seed_dataset_idx",fixed configuration; no per-seed selection,eval-allcriteria.sim,eval-allcriteria-mini.sim;deterministic.sim;sample-period-2.sim;only-body.sim,jobs/gpu/*.csv; jobs/gpu/*.history.csv; jobs/gpu/*.details.json,final_benchmark.csv; final_benchmark.history.csv; jobs/cpu/*.details.json,cross-configuration descriptive contrast; not a controlled method effect
transformer_lso,TransformerVAE-90 + latent EA,B5,6,1206,2.1115591,1.8523658000000001,-0.25919329999999996,150,0.080909055066666652,0.38373467768396941,"bucket_id,seed_rank,seed_dataset_idx",fixed configuration; no per-seed selection,eval-allcriteria.sim,eval-allcriteria-mini.sim;deterministic.sim;sample-period-2.sim;only-body.sim,jobs/gpu/*.csv; jobs/gpu/*.history.csv; jobs/gpu/*.details.json,final_benchmark.csv; final_benchmark.history.csv; jobs/cpu/*.details.json,cross-configuration descriptive contrast; not a controlled method effect
transformer_lso,TransformerVAE-90 + latent EA,B5,7,9879,1.4804193000000001,1.8182887000000001,0.33786939999999999,150,0.080909055066666652,0.38373467768396941,"bucket_id,seed_rank,seed_dataset_idx",fixed configuration; no per-seed selection,eval-allcriteria.sim,eval-allcriteria-mini.sim;deterministic.sim;sample-period-2.sim;only-body.sim,jobs/gpu/*.csv; jobs/gpu/*.history.csv; jobs/gpu/*.details.json,final_benchmark.csv; final_benchmark.history.csv; jobs/cpu/*.details.json,cross-configuration descriptive contrast; not a controlled method effect
transformer_lso,TransformerVAE-90 + latent EA,B5,8,9591,1.9271617999999999,1.7002765,-0.22688529999999996,150,0.080909055066666652,0.38373467768396941,"bucket_id,seed_rank,seed_dataset_idx",fixed configuration; no per-seed selection,eval-allcriteria.sim,eval-allcriteria-mini.sim;deterministic.sim;sample-period-2.sim;only-body.sim,jobs/gpu/*.csv; jobs/gpu/*.history.csv; jobs/gpu/*.details.json,final_benchmark.csv; final_benchmark.history.csv; jobs/cpu/*.details.json,cross-configuration descriptive contrast; not a controlled method effect
transformer_lso,TransformerVAE-90 + latent EA,B5,9,1256,1.275501,1.7356631,0.46016210000000002,150,0.080909055066666652,0.38373467768396941,"bucket_id,seed_rank,seed_dataset_idx",fixed configuration; no per-seed selection,eval-allcriteria.sim,eval-allcriteria-mini.sim;deterministic.sim;sample-period-2.sim;only-body.sim,jobs/gpu/*.csv; jobs/gpu/*.history.csv; jobs/gpu/*.details.json,final_benchmark.csv; final_benchmark.history.csv; jobs/cpu/*.details.json,cross-configuration descriptive contrast; not a controlled method effect
transformer_lso,TransformerVAE-90 + latent EA,B5,10,8114,1.4760563,1.5675007000000001,0.091444400000000092,150,0.080909055066666652,0.38373467768396941,"bucket_id,seed_rank,seed_dataset_idx",fixed configuration; no per-seed selection,eval-allcriteria.sim,eval-allcriteria-mini.sim;deterministic.sim;sample-period-2.sim;only-body.sim,jobs/gpu/*.csv; jobs/gpu/*.history.csv; jobs/gpu/*.details.json,final_benchmark.csv; final_benchmark.history.csv; jobs/cpu/*.details.json,cross-configuration descriptive contrast; not a controlled method effect
transformer_lso,TransformerVAE-90 + latent EA,B5,11,5242,1.9468534,1.6875735000000001,-0.2592798999999999,150,0.080909055066666652,0.38373467768396941,"bucket_id,seed_rank,seed_dataset_idx",fixed configuration; no per-seed selection,eval-allcriteria.sim,eval-allcriteria-mini.sim;deterministic.sim;sample-period-2.sim;only-body.sim,jobs/gpu/*.csv; jobs/gpu/*.history.csv; jobs/gpu/*.details.json,final_benchmark.csv; final_benchmark.history.csv; jobs/cpu/*.details.json,cross-configuration descriptive contrast; not a controlled method effect
transformer_lso,TransformerVAE-90 + latent EA,B5,12,10080,1.475759,1.4162151000000001,-0.059543899999999983,150,0.080909055066666652,0.38373467768396941,"bucket_id,seed_rank,seed_dataset_idx",fixed configuration; no per-seed selection,eval-allcriteria.sim,eval-allcriteria-mini.sim;deterministic.sim;sample-period-2.sim;only-body.sim,jobs/gpu/*.csv; jobs/gpu/*.history.csv; jobs/gpu/*.details.json,final_benchmark.csv; final_benchmark.history.csv; jobs/cpu/*.details.json,cross-configuration descriptive contrast; not a controlled method effect
transformer_lso,TransformerVAE-90 + latent EA,B5,13,6951,1.4671582000000001,1.9736155,0.50645729999999989,150,0.080909055066666652,0.38373467768396941,"bucket_id,seed_rank,seed_dataset_idx",fixed configuration; no per-seed selection,eval-allcriteria.sim,eval-allcriteria-mini.sim;deterministic.sim;sample-period-2.sim;only-body.sim,jobs/gpu/*.csv; jobs/gpu/*.history.csv; jobs/gpu/*.details.json,final_benchmark.csv; final_benchmark.history.csv; jobs/cpu/*.details.json,cross-configuration descriptive contrast; not a controlled method effect
transformer_lso,TransformerVAE-90 + latent EA,B5,14,5357,1.7893540999999999,1.889699,0.10034490000000007,150,0.080909055066666652,0.38373467768396941,"bucket_id,seed_rank,seed_dataset_idx",fixed configuration; no per-seed selection,eval-allcriteria.sim,eval-allcriteria-mini.sim;deterministic.sim;sample-period-2.sim;only-body.sim,jobs/gpu/*.csv; jobs/gpu/*.history.csv; jobs/gpu/*.details.json,final_benchmark.csv; final_benchmark.history.csv; jobs/cpu/*.details.json,cross-configuration descriptive contrast; not a controlled method effect
transformer_lso,TransformerVAE-90 + latent EA,B5,15,1352,1.5298750000000001,1.4304220999999999,-0.099452900000000177,150,0.080909055066666652,0.38373467768396941,"bucket_id,seed_rank,seed_dataset_idx",fixed configuration; no per-seed selection,eval-allcriteria.sim,eval-allcriteria-mini.sim;deterministic.sim;sample-period-2.sim;only-body.sim,jobs/gpu/*.csv; jobs/gpu/*.history.csv; jobs/gpu/*.details.json,final_benchmark.csv; final_benchmark.history.csv; jobs/cpu/*.details.json,cross-configuration descriptive contrast; not a controlled method effect
transformer_lso,TransformerVAE-90 + latent EA,B5,16,1012,1.5463581,1.8249006999999999,0.27854259999999997,150,0.080909055066666652,0.38373467768396941,"bucket_id,seed_rank,seed_dataset_idx",fixed configuration; no per-seed selection,eval-allcriteria.sim,eval-allcriteria-mini.sim;deterministic.sim;sample-period-2.sim;only-body.sim,jobs/gpu/*.csv; jobs/gpu/*.history.csv; jobs/gpu/*.details.json,final_benchmark.csv; final_benchmark.history.csv; jobs/cpu/*.details.json,cross-configuration descriptive contrast; not a controlled method effect
transformer_lso,TransformerVAE-90 + latent EA,B5,17,10816,1.5641864000000001,1.6996396,0.13545319999999994,150,0.080909055066666652,0.38373467768396941,"bucket_id,seed_rank,seed_dataset_idx",fixed configuration; no per-seed selection,eval-allcriteria.sim,eval-allcriteria-mini.sim;deterministic.sim;sample-period-2.sim;only-body.sim,jobs/gpu/*.csv; jobs/gpu/*.history.csv; jobs/gpu/*.details.json,final_benchmark.csv; final_benchmark.history.csv; jobs/cpu/*.details.json,cross-configuration descriptive contrast; not a controlled method effect
transformer_lso,TransformerVAE-90 + latent EA,B5,18,9471,1.7356764,1.8402198999999999,0.1045434999999999,150,0.080909055066666652,0.38373467768396941,"bucket_id,seed_rank,seed_dataset_idx",fixed configuration; no per-seed selection,eval-allcriteria.sim,eval-allcriteria-mini.sim;deterministic.sim;sample-period-2.sim;only-body.sim,jobs/gpu/*.csv; jobs/gpu/*.history.csv; jobs/gpu/*.details.json,final_benchmark.csv; final_benchmark.history.csv; jobs/cpu/*.details.json,cross-configuration descriptive contrast; not a controlled method effect
transformer_lso,TransformerVAE-90 + latent EA,B5,19,8126,1.4705630999999999,1.5296577,0.059094600000000108,150,0.080909055066666652,0.38373467768396941,"bucket_id,seed_rank,seed_dataset_idx",fixed configuration; no per-seed selection,eval-allcriteria.sim,eval-allcriteria-mini.sim;deterministic.sim;sample-period-2.sim;only-body.sim,jobs/gpu/*.csv; jobs/gpu/*.history.csv; jobs/gpu/*.details.json,final_benchmark.csv; final_benchmark.history.csv; jobs/cpu/*.details.json,cross-configuration descriptive contrast; not a controlled method effect
transformer_lso,TransformerVAE-90 + latent EA,B5,20,9539,1.7242265999999999,1.7332418000000001,0.009015200000000112,150,0.080909055066666652,0.38373467768396941,"bucket_id,seed_rank,seed_dataset_idx",fixed configuration; no per-seed selection,eval-allcriteria.sim,eval-allcriteria-mini.sim;deterministic.sim;sample-period-2.sim;only-body.sim,jobs/gpu/*.csv; jobs/gpu/*.history.csv; jobs/gpu/*.details.json,final_benchmark.csv; final_benchmark.history.csv; jobs/cpu/*.details.json,cross-configuration descriptive contrast; not a controlled method effect
transformer_lso,TransformerVAE-90 + latent EA,B5,21,1520,1.6439877000000001,1.6563762,0.012388499999999913,150,0.080909055066666652,0.38373467768396941,"bucket_id,seed_rank,seed_dataset_idx",fixed configuration; no per-seed selection,eval-allcriteria.sim,eval-allcriteria-mini.sim;deterministic.sim;sample-period-2.sim;only-body.sim,jobs/gpu/*.csv; jobs/gpu/*.history.csv; jobs/gpu/*.details.json,final_benchmark.csv; final_benchmark.history.csv; jobs/cpu/*.details.json,cross-configuration descriptive contrast; not a controlled method effect
transformer_lso,TransformerVAE-90 + latent EA,B5,22,6841,2.2626525000000002,1.8292729000000001,-0.43337960000000009,150,0.080909055066666652,0.38373467768396941,"bucket_id,seed_rank,seed_dataset_idx",fixed configuration; no per-seed selection,eval-allcriteria.sim,eval-allcriteria-mini.sim;deterministic.sim;sample-period-2.sim;only-body.sim,jobs/gpu/*.csv; jobs/gpu/*.history.csv; jobs/gpu/*.details.json,final_benchmark.csv; final_benchmark.history.csv; jobs/cpu/*.details.json,cross-configuration descriptive contrast; not a controlled method effect
transformer_lso,TransformerVAE-90 + latent EA,B5,23,1103,1.3739889000000001,1.9021513999999999,0.52816249999999987,150,0.080909055066666652,0.38373467768396941,"bucket_id,seed_rank,seed_dataset_idx",fixed configuration; no per-seed selection,eval-allcriteria.sim,eval-allcriteria-mini.sim;deterministic.sim;sample-period-2.sim;only-body.sim,jobs/gpu/*.csv; jobs/gpu/*.history.csv; jobs/gpu/*.details.json,final_benchmark.csv; final_benchmark.history.csv; jobs/cpu/*.details.json,cross-configuration descriptive contrast; not a controlled method effect
transformer_lso,TransformerVAE-90 + latent EA,B5,24,7106,2.0202167000000002,1.4249938,-0.59522290000000022,150,0.080909055066666652,0.38373467768396941,"bucket_id,seed_rank,seed_dataset_idx",fixed configuration; no per-seed selection,eval-allcriteria.sim,eval-allcriteria-mini.sim;deterministic.sim;sample-period-2.sim;only-body.sim,jobs/gpu/*.csv; jobs/gpu/*.history.csv; jobs/gpu/*.details.json,final_benchmark.csv; final_benchmark.history.csv; jobs/cpu/*.details.json,cross-configuration descriptive contrast; not a controlled method effect
transformer_lso,TransformerVAE-90 + latent EA,B5,25,4407,2.1676326000000001,1.8992817,-0.26835090000000017,150,0.080909055066666652,0.38373467768396941,"bucket_id,seed_rank,seed_dataset_idx",fixed configuration; no per-seed selection,eval-allcriteria.sim,eval-allcriteria-mini.sim;deterministic.sim;sample-period-2.sim;only-body.sim,jobs/gpu/*.csv; jobs/gpu/*.history.csv; jobs/gpu/*.details.json,final_benchmark.csv; final_benchmark.history.csv; jobs/cpu/*.details.json,cross-configuration descriptive contrast; not a controlled method effect
transformer_lso,TransformerVAE-90 + latent EA,B6,1,1013,1.643985,2.0619017999999998,0.41791679999999976,150,0.080909055066666652,0.38373467768396941,"bucket_id,seed_rank,seed_dataset_idx",fixed configuration; no per-seed selection,eval-allcriteria.sim,eval-allcriteria-mini.sim;deterministic.sim;sample-period-2.sim;only-body.sim,jobs/gpu/*.csv; jobs/gpu/*.history.csv; jobs/gpu/*.details.json,final_benchmark.csv; final_benchmark.history.csv; jobs/cpu/*.details.json,cross-configuration descriptive contrast; not a controlled method effect
transformer_lso,TransformerVAE-90 + latent EA,B6,2,7626,1.8686803000000001,1.9638720000000001,0.09519169999999999,150,0.080909055066666652,0.38373467768396941,"bucket_id,seed_rank,seed_dataset_idx",fixed configuration; no per-seed selection,eval-allcriteria.sim,eval-allcriteria-mini.sim;deterministic.sim;sample-period-2.sim;only-body.sim,jobs/gpu/*.csv; jobs/gpu/*.history.csv; jobs/gpu/*.details.json,final_benchmark.csv; final_benchmark.history.csv; jobs/cpu/*.details.json,cross-configuration descriptive contrast; not a controlled method effect
transformer_lso,TransformerVAE-90 + latent EA,B6,3,1596,1.8504100000000001,1.9048305999999999,0.054420599999999819,150,0.080909055066666652,0.38373467768396941,"bucket_id,seed_rank,seed_dataset_idx",fixed configuration; no per-seed selection,eval-allcriteria.sim,eval-allcriteria-mini.sim;deterministic.sim;sample-period-2.sim;only-body.sim,jobs/gpu/*.csv; jobs/gpu/*.history.csv; jobs/gpu/*.details.json,final_benchmark.csv; final_benchmark.history.csv; jobs/cpu/*.details.json,cross-configuration descriptive contrast; not a controlled method effect
transformer_lso,TransformerVAE-90 + latent EA,B6,4,9556,2.1711298999999999,1.8295831,-0.34154679999999993,150,0.080909055066666652,0.38373467768396941,"bucket_id,seed_rank,seed_dataset_idx",fixed configuration; no per-seed selection,eval-allcriteria.sim,eval-allcriteria-mini.sim;deterministic.sim;sample-period-2.sim;only-body.sim,jobs/gpu/*.csv; jobs/gpu/*.history.csv; jobs/gpu/*.details.json,final_benchmark.csv; final_benchmark.history.csv; jobs/cpu/*.details.json,cross-configuration descriptive contrast; not a controlled method effect
transformer_lso,TransformerVAE-90 + latent EA,B6,5,5399,1.6584346000000001,1.8705754000000001,0.21214080000000002,150,0.080909055066666652,0.38373467768396941,"bucket_id,seed_rank,seed_dataset_idx",fixed configuration; no per-seed selection,eval-allcriteria.sim,eval-allcriteria-mini.sim;deterministic.sim;sample-period-2.sim;only-body.sim,jobs/gpu/*.csv; jobs/gpu/*.history.csv; jobs/gpu/*.details.json,final_benchmark.csv; final_benchmark.history.csv; jobs/cpu/*.details.json,cross-configuration descriptive contrast; not a controlled method effect
transformer_lso,TransformerVAE-90 + latent EA,B6,6,1792,1.9196971,1.9228495000000001,0.0031524000000000552,150,0.080909055066666652,0.38373467768396941,"bucket_id,seed_rank,seed_dataset_idx",fixed configuration; no per-seed selection,eval-allcriteria.sim,eval-allcriteria-mini.sim;deterministic.sim;sample-period-2.sim;only-body.sim,jobs/gpu/*.csv; jobs/gpu/*.history.csv; jobs/gpu/*.details.json,final_benchmark.csv; final_benchmark.history.csv; jobs/cpu/*.details.json,cross-configuration descriptive contrast; not a controlled method effect
transformer_lso,TransformerVAE-90 + latent EA,B6,7,9266,2.3672032999999999,1.8467838999999999,-0.52041939999999998,150,0.080909055066666652,0.38373467768396941,"bucket_id,seed_rank,seed_dataset_idx",fixed configuration; no per-seed selection,eval-allcriteria.sim,eval-allcriteria-mini.sim;deterministic.sim;sample-period-2.sim;only-body.sim,jobs/gpu/*.csv; jobs/gpu/*.history.csv; jobs/gpu/*.details.json,final_benchmark.csv; final_benchmark.history.csv; jobs/cpu/*.details.json,cross-configuration descriptive contrast; not a controlled method effect
transformer_lso,TransformerVAE-90 + latent EA,B6,8,6893,2.3658537000000002,2.0282962000000002,-0.33755749999999995,150,0.080909055066666652,0.38373467768396941,"bucket_id,seed_rank,seed_dataset_idx",fixed configuration; no per-seed selection,eval-allcriteria.sim,eval-allcriteria-mini.sim;deterministic.sim;sample-period-2.sim;only-body.sim,jobs/gpu/*.csv; jobs/gpu/*.history.csv; jobs/gpu/*.details.json,final_benchmark.csv; final_benchmark.history.csv; jobs/cpu/*.details.json,cross-configuration descriptive contrast; not a controlled method effect
transformer_lso,TransformerVAE-90 + latent EA,B6,9,10029,1.9281235000000001,1.7316114,-0.19651210000000008,150,0.080909055066666652,0.38373467768396941,"bucket_id,seed_rank,seed_dataset_idx",fixed configuration; no per-seed selection,eval-allcriteria.sim,eval-allcriteria-mini.sim;deterministic.sim;sample-period-2.sim;only-body.sim,jobs/gpu/*.csv; jobs/gpu/*.history.csv; jobs/gpu/*.details.json,final_benchmark.csv; final_benchmark.history.csv; jobs/cpu/*.details.json,cross-configuration descriptive contrast; not a controlled method effect
transformer_lso,TransformerVAE-90 + latent EA,B6,10,4331,2.1700808999999999,1.6435573000000001,-0.52652359999999976,150,0.080909055066666652,0.38373467768396941,"bucket_id,seed_rank,seed_dataset_idx",fixed configuration; no per-seed selection,eval-allcriteria.sim,eval-allcriteria-mini.sim;deterministic.sim;sample-period-2.sim;only-body.sim,jobs/gpu/*.csv; jobs/gpu/*.history.csv; jobs/gpu/*.details.json,final_benchmark.csv; final_benchmark.history.csv; jobs/cpu/*.details.json,cross-configuration descriptive contrast; not a controlled method effect
transformer_lso,TransformerVAE-90 + latent EA,B6,11,9514,1.8192594,2.0417657,0.22250630000000005,150,0.080909055066666652,0.38373467768396941,"bucket_id,seed_rank,seed_dataset_idx",fixed configuration; no per-seed selection,eval-allcriteria.sim,eval-allcriteria-mini.sim;deterministic.sim;sample-period-2.sim;only-body.sim,jobs/gpu/*.csv; jobs/gpu/*.history.csv; jobs/gpu/*.details.json,final_benchmark.csv; final_benchmark.history.csv; jobs/cpu/*.details.json,cross-configuration descriptive contrast; not a controlled method effect
transformer_lso,TransformerVAE-90 + latent EA,B6,12,1231,2.0449535000000001,1.9633357,-0.081617800000000074,150,0.080909055066666652,0.38373467768396941,"bucket_id,seed_rank,seed_dataset_idx",fixed configuration; no per-seed selection,eval-allcriteria.sim,eval-allcriteria-mini.sim;deterministic.sim;sample-period-2.sim;only-body.sim,jobs/gpu/*.csv; jobs/gpu/*.history.csv; jobs/gpu/*.details.json,final_benchmark.csv; final_benchmark.history.csv; jobs/cpu/*.details.json,cross-configuration descriptive contrast; not a controlled method effect
transformer_lso,TransformerVAE-90 + latent EA,B6,13,10859,1.7583789000000001,1.7503108999999999,-0.0080680000000001861,150,0.080909055066666652,0.38373467768396941,"bucket_id,seed_rank,seed_dataset_idx",fixed configuration; no per-seed selection,eval-allcriteria.sim,eval-allcriteria-mini.sim;deterministic.sim;sample-period-2.sim;only-body.sim,jobs/gpu/*.csv; jobs/gpu/*.history.csv; jobs/gpu/*.details.json,final_benchmark.csv; final_benchmark.history.csv; jobs/cpu/*.details.json,cross-configuration descriptive contrast; not a controlled method effect
transformer_lso,TransformerVAE-90 + latent EA,B6,14,9643,1.9747247000000001,1.5734769,-0.40124780000000015,150,0.080909055066666652,0.38373467768396941,"bucket_id,seed_rank,seed_dataset_idx",fixed configuration; no per-seed selection,eval-allcriteria.sim,eval-allcriteria-mini.sim;deterministic.sim;sample-period-2.sim;only-body.sim,jobs/gpu/*.csv; jobs/gpu/*.history.csv; jobs/gpu/*.details.json,final_benchmark.csv; final_benchmark.history.csv; jobs/cpu/*.details.json,cross-configuration descriptive contrast; not a controlled method effect
transformer_lso,TransformerVAE-90 + latent EA,B6,15,1854,2.0746882000000002,1.7693569,-0.30533130000000019,150,0.080909055066666652,0.38373467768396941,"bucket_id,seed_rank,seed_dataset_idx",fixed configuration; no per-seed selection,eval-allcriteria.sim,eval-allcriteria-mini.sim;deterministic.sim;sample-period-2.sim;only-body.sim,jobs/gpu/*.csv; jobs/gpu/*.history.csv; jobs/gpu/*.details.json,final_benchmark.csv; final_benchmark.history.csv; jobs/cpu/*.details.json,cross-configuration descriptive contrast; not a controlled method effect
transformer_lso,TransformerVAE-90 + latent EA,B6,16,10877,1.9556644000000001,1.9464669000000001,-0.0091974999999999696,150,0.080909055066666652,0.38373467768396941,"bucket_id,seed_rank,seed_dataset_idx",fixed configuration; no per-seed selection,eval-allcriteria.sim,eval-allcriteria-mini.sim;deterministic.sim;sample-period-2.sim;only-body.sim,jobs/gpu/*.csv; jobs/gpu/*.history.csv; jobs/gpu/*.details.json,final_benchmark.csv; final_benchmark.history.csv; jobs/cpu/*.details.json,cross-configuration descriptive contrast; not a controlled method effect
transformer_lso,TransformerVAE-90 + latent EA,B6,17,6750,2.0112717999999998,1.9424678,-0.068803999999999865,150,0.080909055066666652,0.38373467768396941,"bucket_id,seed_rank,seed_dataset_idx",fixed configuration; no per-seed selection,eval-allcriteria.sim,eval-allcriteria-mini.sim;deterministic.sim;sample-period-2.sim;only-body.sim,jobs/gpu/*.csv; jobs/gpu/*.history.csv; jobs/gpu/*.details.json,final_benchmark.csv; final_benchmark.history.csv; jobs/cpu/*.details.json,cross-configuration descriptive contrast; not a controlled method effect
transformer_lso,TransformerVAE-90 + latent EA,B6,18,5838,2.2273424999999998,1.9538803,-0.27346219999999977,150,0.080909055066666652,0.38373467768396941,"bucket_id,seed_rank,seed_dataset_idx",fixed configuration; no per-seed selection,eval-allcriteria.sim,eval-allcriteria-mini.sim;deterministic.sim;sample-period-2.sim;only-body.sim,jobs/gpu/*.csv; jobs/gpu/*.history.csv; jobs/gpu/*.details.json,final_benchmark.csv; final_benchmark.history.csv; jobs/cpu/*.details.json,cross-configuration descriptive contrast; not a controlled method effect
transformer_lso,TransformerVAE-90 + latent EA,B6,19,7514,2.0512581999999999,1.8884198999999999,-0.16283829999999999,150,0.080909055066666652,0.38373467768396941,"bucket_id,seed_rank,seed_dataset_idx",fixed configuration; no per-seed selection,eval-allcriteria.sim,eval-allcriteria-mini.sim;deterministic.sim;sample-period-2.sim;only-body.sim,jobs/gpu/*.csv; jobs/gpu/*.history.csv; jobs/gpu/*.details.json,final_benchmark.csv; final_benchmark.history.csv; jobs/cpu/*.details.json,cross-configuration descriptive contrast; not a controlled method effect
transformer_lso,TransformerVAE-90 + latent EA,B6,20,6020,2.1370467999999998,1.9980826,-0.13896419999999976,150,0.080909055066666652,0.38373467768396941,"bucket_id,seed_rank,seed_dataset_idx",fixed configuration; no per-seed selection,eval-allcriteria.sim,eval-allcriteria-mini.sim;deterministic.sim;sample-period-2.sim;only-body.sim,jobs/gpu/*.csv; jobs/gpu/*.history.csv; jobs/gpu/*.details.json,final_benchmark.csv; final_benchmark.history.csv; jobs/cpu/*.details.json,cross-configuration descriptive contrast; not a controlled method effect
transformer_lso,TransformerVAE-90 + latent EA,B6,21,7121,1.9596818,1.9035386999999999,-0.056143100000000112,150,0.080909055066666652,0.38373467768396941,"bucket_id,seed_rank,seed_dataset_idx",fixed configuration; no per-seed selection,eval-allcriteria.sim,eval-allcriteria-mini.sim;deterministic.sim;sample-period-2.sim;only-body.sim,jobs/gpu/*.csv; jobs/gpu/*.history.csv; jobs/gpu/*.details.json,final_benchmark.csv; final_benchmark.history.csv; jobs/cpu/*.details.json,cross-configuration descriptive contrast; not a controlled method effect
transformer_lso,TransformerVAE-90 + latent EA,B6,22,7047,1.9403615999999999,1.9149392000000001,-0.025422399999999845,150,0.080909055066666652,0.38373467768396941,"bucket_id,seed_rank,seed_dataset_idx",fixed configuration; no per-seed selection,eval-allcriteria.sim,eval-allcriteria-mini.sim;deterministic.sim;sample-period-2.sim;only-body.sim,jobs/gpu/*.csv; jobs/gpu/*.history.csv; jobs/gpu/*.details.json,final_benchmark.csv; final_benchmark.history.csv; jobs/cpu/*.details.json,cross-configuration descriptive contrast; not a controlled method effect
transformer_lso,TransformerVAE-90 + latent EA,B6,23,9809,2.3658190000000001,2.1293256,-0.23649340000000008,150,0.080909055066666652,0.38373467768396941,"bucket_id,seed_rank,seed_dataset_idx",fixed configuration; no per-seed selection,eval-allcriteria.sim,eval-allcriteria-mini.sim;deterministic.sim;sample-period-2.sim;only-body.sim,jobs/gpu/*.csv; jobs/gpu/*.history.csv; jobs/gpu/*.details.json,final_benchmark.csv; final_benchmark.history.csv; jobs/cpu/*.details.json,cross-configuration descriptive contrast; not a controlled method effect
transformer_lso,TransformerVAE-90 + latent EA,B6,24,10783,2.2968937999999999,1.9208769000000001,-0.37601689999999977,150,0.080909055066666652,0.38373467768396941,"bucket_id,seed_rank,seed_dataset_idx",fixed configuration; no per-seed selection,eval-allcriteria.sim,eval-allcriteria-mini.sim;deterministic.sim;sample-period-2.sim;only-body.sim,jobs/gpu/*.csv; jobs/gpu/*.history.csv; jobs/gpu/*.details.json,final_benchmark.csv; final_benchmark.history.csv; jobs/cpu/*.details.json,cross-configuration descriptive contrast; not a controlled method effect
transformer_lso,TransformerVAE-90 + latent EA,B6,25,8190,2.0609239000000001,1.8470550999999999,-0.21386880000000019,150,0.080909055066666652,0.38373467768396941,"bucket_id,seed_rank,seed_dataset_idx",fixed configuration; no per-seed selection,eval-allcriteria.sim,eval-allcriteria-mini.sim;deterministic.sim;sample-period-2.sim;only-body.sim,jobs/gpu/*.csv; jobs/gpu/*.history.csv; jobs/gpu/*.details.json,final_benchmark.csv; final_benchmark.history.csv; jobs/cpu/*.details.json,cross-configuration descriptive contrast; not a controlled method effect
